label;rule_score;rule_verdict;user_id;telegram_name;telegram_username;telegram_bio;site_name;profile_url;account_username;source;account_name;account_bio;notes
1;0.738;possible_same_person;384153992;번역 없음;z4tochk4;бриллианту прощаются острые грани;Bandcamp;https://www.bandcamp.com/z4tochk4;z4tochk4;snoop;;;
1;0.727;possible_same_person;384153992;번역 없음;z4tochk4;бриллианту прощаются острые грани;Forum_Airliners;https://www.airliners.net/user/z4tochk4/profile/photos;z4tochk4;snoop;;;
1;0.738;possible_same_person;384153992;번역 없음;z4tochk4;бриллианту прощаются острые грани;Forum_javaprogramming;https://www.javaprogrammingforums.com/members/z4tochk4.html;z4tochk4;snoop;;;
1;0.738;possible_same_person;384153992;번역 없음;z4tochk4;бриллианту прощаются острые грани;Paypal;https://www.paypal.com/paypalme/z4tochk4;z4tochk4;snoop;;;
1;0.738;possible_same_person;384153992;번역 없음;z4tochk4;бриллианту прощаются острые грани;Planetaexcel;https://www.planetaexcel.ru/forum/index.php?PAGE_NAME=profile_view&UID=z4tochk4;z4tochk4;snoop;;;
1;0.738;possible_same_person;384153992;번역 없음;z4tochk4;бриллианту прощаются острые грани;Radiokot;https://www.radiokot.ru/forum/search.php?keywords=&terms=all&author=z4tochk4;z4tochk4;snoop;;;
1;0.738;possible_same_person;384153992;번역 없음;z4tochk4;бриллианту прощаются острые грани;Telegram;https://t.me/z4tochk4;z4tochk4;snoop;;;
1;0.738;possible_same_person;623816738;Б̷а̷з̷и̷л̷и̷к̷;bbazilikk;;Bandcamp;https://www.bandcamp.com/bbazilikk;bbazilikk;snoop;;;
1;0.738;possible_same_person;623816738;Б̷а̷з̷и̷л̷и̷к̷;bbazilikk;;Duolingo;https://www.duolingo.com/profile/bbazilikk;bbazilikk;snoop;;;
1;0.727;possible_same_person;623816738;Б̷а̷з̷и̷л̷и̷к̷;bbazilikk;;Forum_Airliners;https://www.airliners.net/user/bbazilikk/profile/photos;bbazilikk;snoop;;;
1;0.738;possible_same_person;623816738;Б̷а̷з̷и̷л̷и̷к̷;bbazilikk;;Forum_javaprogramming;https://www.javaprogrammingforums.com/members/bbazilikk.html;bbazilikk;snoop;;;
1;0.738;possible_same_person;623816738;Б̷а̷з̷и̷л̷и̷к̷;bbazilikk;;Huggingface;https://huggingface.co/bbazilikk;bbazilikk;snoop;;;
1;0.738;possible_same_person;623816738;Б̷а̷з̷и̷л̷и̷к̷;bbazilikk;;Lichess;https://lichess.org/@/bbazilikk;bbazilikk;snoop;;;
1;0.738;possible_same_person;623816738;Б̷а̷з̷и̷л̷и̷к̷;bbazilikk;;Mail_ru_email;https://account.mail.ru/login?&fail=1&email=bbazilikk%40mail.ru;bbazilikk;snoop;;;
1;0.738;possible_same_person;623816738;Б̷а̷з̷и̷л̷и̷к̷;bbazilikk;;Paypal;https://www.paypal.com/paypalme/bbazilikk;bbazilikk;snoop;;;
0;0.738;possible_same_person;623816738;Б̷а̷з̷и̷л̷и̷к̷;bbazilikk;;Planetaexcel;https://www.planetaexcel.ru/forum/index.php?PAGE_NAME=profile_view&UID=bbazilikk;bbazilikk;snoop;;;
1;0.738;possible_same_person;623816738;Б̷а̷з̷и̷л̷и̷к̷;bbazilikk;;Radiokot;https://www.radiokot.ru/forum/search.php?keywords=&terms=all&author=bbazilikk;bbazilikk;snoop;;;
1;0.738;possible_same_person;623816738;Б̷а̷з̷и̷л̷и̷к̷;bbazilikk;;Rutracker;https://rutracker.org/forum/profile.php?mode=viewprofile&u=bbazilikk;bbazilikk;snoop;;;
1;0.738;possible_same_person;623816738;Б̷а̷з̷и̷л̷и̷к̷;bbazilikk;;Snapchat;https://www.snapchat.com/add/bbazilikk;bbazilikk;snoop;;;
1;0.738;possible_same_person;623816738;Б̷а̷з̷и̷л̷и̷к̷;bbazilikk;;Telegram;https://t.me/bbazilikk;bbazilikk;snoop;;;
1;0.7415;possible_same_person;623816738;Б̷а̷з̷и̷л̷и̷к̷;bbazilikk;;Twitter;https://x.com/bbazilikk;bbazilikk;snoop;;;
1;0.7469;possible_same_person;645646214;Chicago Bulls;bgener;;Bandcamp;https://www.bandcamp.com/bgener;bgener;snoop;;;
1;0.7469;possible_same_person;645646214;Chicago Bulls;bgener;;Cookpad;https://cookpad.com/us/users/search?q=bgener;bgener;snoop;;;
1;0.7469;possible_same_person;645646214;Chicago Bulls;bgener;;DTF;https://dtf.ru/discovery?q=bgener;bgener;snoop;;;
1;0.7469;possible_same_person;645646214;Chicago Bulls;bgener;;Dev_to;https://dev.to/bgener;bgener;snoop;;;
1;0.7359;possible_same_person;645646214;Chicago Bulls;bgener;;DeviantART;https://bgener.deviantart.com;bgener;snoop;;;
1;0.7359;possible_same_person;645646214;Chicago Bulls;bgener;;Forum_Airliners;https://www.airliners.net/user/bgener/profile/photos;bgener;snoop;;;
1;0.7469;possible_same_person;645646214;Chicago Bulls;bgener;;Forum_bits_media;https://forum.bits.media/index.php?/search/&q=bgener&quick=1&type=core_members;bgener;snoop;;;
1;0.7469;possible_same_person;645646214;Chicago Bulls;bgener;;Forum_javaprogramming;https://www.javaprogrammingforums.com/members/bgener.html;bgener;snoop;;;
1;0.8619;likely_same_person;645646214;Chicago Bulls;bgener;;GitHub;https://www.github.com/bgener;bgener;snoop;;;
1;0.8584;likely_same_person;645646214;Chicago Bulls;bgener;;GitLab;https://gitlab.com/bgener;bgener;snoop;;;
1;0.7469;possible_same_person;645646214;Chicago Bulls;bgener;;HackerRank;https://hackerrank.com/bgener;bgener;snoop;;;
0;0.7469;possible_same_person;645646214;Chicago Bulls;bgener;;Mail_ru_email;https://account.mail.ru/login?&fail=1&email=bgener%40mail.ru;bgener;snoop;;;
1;0.7623;likely_same_person;645646214;Chicago Bulls;bgener;;Medium;https://medium.com/@bgener;bgener;snoop;;;
1;0.7469;possible_same_person;645646214;Chicago Bulls;bgener;;Paypal;https://www.paypal.com/paypalme/bgener;bgener;snoop;;;
1;0.7469;possible_same_person;645646214;Chicago Bulls;bgener;;Planetaexcel;https://www.planetaexcel.ru/forum/index.php?PAGE_NAME=profile_view&UID=bgener;bgener;snoop;;;
1;0.7469;possible_same_person;645646214;Chicago Bulls;bgener;;Pypi;https://pypi.org/user/bgener;bgener;snoop;;;
0;0.7469;possible_same_person;645646214;Chicago Bulls;bgener;;Snapchat;https://www.snapchat.com/add/bgener;bgener;snoop;;;
1;0.7469;possible_same_person;645646214;Chicago Bulls;bgener;;Sports;https://www.sports.ru/search/?query=bgener;bgener;snoop;;;
0;0.7359;possible_same_person;645646214;Chicago Bulls;bgener;;Spotify_community;https://community.spotify.com/t5/forums/searchpage/tab/user?q=bgener;bgener;snoop;;;
1;0.8514;likely_same_person;645646214;Chicago Bulls;bgener;;Stackoverflow;https://stackoverflow.com/users/?search=bgener;bgener;snoop;;;
1;0.7469;possible_same_person;645646214;Chicago Bulls;bgener;;Telegram;https://t.me/bgener;bgener;snoop;;;
0;0.7469;possible_same_person;645646214;Chicago Bulls;bgener;;Threads;https://www.threads.com/@bgener;bgener;snoop;;;
1;0.7469;possible_same_person;645646214;Chicago Bulls;bgener;;VC;https://vc.ru/discovery?q=bgener;bgener;snoop;;;
1;0.7469;possible_same_person;645646214;Chicago Bulls;bgener;;Wikiloc;https://www.wikiloc.com/wikiloc/findPeople.do?name=bgener;bgener;snoop;;;
1;0.758;likely_same_person;679309151;Илья;Illia1504;https://t.me/duckmyduck_bot?start=r83473;Bandcamp;https://www.bandcamp.com/Illia1504;Illia1504;snoop;;;
1;0.758;likely_same_person;679309151;Илья;Illia1504;https://t.me/duckmyduck_bot?start=r83473;Duolingo;https://www.duolingo.com/profile/Illia1504;Illia1504;snoop;;;
0;0.747;possible_same_person;679309151;Илья;Illia1504;https://t.me/duckmyduck_bot?start=r83473;Forum_Airliners;https://www.airliners.net/user/Illia1504/profile/photos;Illia1504;snoop;;;
1;0.758;likely_same_person;679309151;Илья;Illia1504;https://t.me/duckmyduck_bot?start=r83473;Mail_ru_email;https://account.mail.ru/login?&fail=1&email=Illia1504%40mail.ru;Illia1504;snoop;;;
0;0.758;likely_same_person;679309151;Илья;Illia1504;https://t.me/duckmyduck_bot?start=r83473;Paypal;https://www.paypal.com/paypalme/Illia1504;Illia1504;snoop;;;
1;0.758;likely_same_person;679309151;Илья;Illia1504;https://t.me/duckmyduck_bot?start=r83473;Planetaexcel;https://www.planetaexcel.ru/forum/index.php?PAGE_NAME=profile_view&UID=Illia1504;Illia1504;snoop;;;
1;0.778;likely_same_person;679309151;Илья;Illia1504;https://t.me/duckmyduck_bot?start=r83473;Telegram;https://t.me/Illia1504;Illia1504;snoop;;;
0;0.758;likely_same_person;679309151;Илья;Illia1504;https://t.me/duckmyduck_bot?start=r83473;Threads;https://www.threads.com/@Illia1504;Illia1504;snoop;;;
1;0.738;possible_same_person;710949003;Виталий👑;boogeycodm;;Bandcamp;https://www.bandcamp.com/boogeycodm;boogeycodm;snoop;;;
1;0.727;possible_same_person;710949003;Виталий👑;boogeycodm;;Forum_Airliners;https://www.airliners.net/user/boogeycodm/profile/photos;boogeycodm;snoop;;;
1;0.738;possible_same_person;710949003;Виталий👑;boogeycodm;;Paypal;https://www.paypal.com/paypalme/boogeycodm;boogeycodm;snoop;;;
1;0.738;possible_same_person;710949003;Виталий👑;boogeycodm;;Planetaexcel;https://www.planetaexcel.ru/forum/index.php?PAGE_NAME=profile_view&UID=boogeycodm;boogeycodm;snoop;;;
1;0.738;possible_same_person;710949003;Виталий👑;boogeycodm;;Telegram;https://t.me/boogeycodm;boogeycodm;snoop;;;
1;0.7415;possible_same_person;710949003;Виталий👑;boogeycodm;;Twitter;https://x.com/boogeycodm;boogeycodm;snoop;;;
1;0.7671;likely_same_person;754826357;Roma;kozak85;нищие, с 5 минутной отпиской каналы, удалитесь и не позорьтесь, ваш канал и вы🤢 как раз и есть 5минутка, ТОП каналы этим не страдают;Bandcamp;https://www.bandcamp.com/mnkkkij;kozak85;snoop;;;
0;0.7561;likely_same_person;754826357;Roma;kozak85;нищие, с 5 минутной отпиской каналы, удалитесь и не позорьтесь, ваш канал и вы🤢 как раз и есть 5минутка, ТОП каналы этим не страдают;Forum_Airliners;https://www.airliners.net/user/mnkkkij/profile/photos;kozak85;snoop;;;
1;0.7671;likely_same_person;754826357;Roma;kozak85;нищие, с 5 минутной отпиской каналы, удалитесь и не позорьтесь, ваш канал и вы🤢 как раз и есть 5минутка, ТОП каналы этим не страдают;Forum_javaprogramming;https://www.javaprogrammingforums.com/members/mnkkkij.html;kozak85;snoop;;;
0;0.7671;likely_same_person;754826357;Roma;kozak85;нищие, с 5 минутной отпиской каналы, удалитесь и не позорьтесь, ваш канал и вы🤢 как раз и есть 5минутка, ТОП каналы этим не страдают;Paypal;https://www.paypal.com/paypalme/mnkkkij;kozak85;snoop;;;
0;0.7566;likely_same_person;754826357;Roma;kozak85;нищие, с 5 минутной отпиской каналы, удалитесь и не позорьтесь, ваш канал и вы🤢 как раз и есть 5минутка, ТОП каналы этим не страдают;Pinterest;https://www.pinterest.com/mnkkkij/;kozak85;snoop;;;
0;0.7671;likely_same_person;754826357;Roma;kozak85;нищие, с 5 минутной отпиской каналы, удалитесь и не позорьтесь, ваш канал и вы🤢 как раз и есть 5минутка, ТОП каналы этим не страдают;Planetaexcel;https://www.planetaexcel.ru/forum/index.php?PAGE_NAME=profile_view&UID=mnkkkij;kozak85;snoop;;;auto_label: url username differs from telegram username
0;0.7671;likely_same_person;754826357;Roma;kozak85;нищие, с 5 минутной отпиской каналы, удалитесь и не позорьтесь, ваш канал и вы🤢 как раз и есть 5минутка, ТОП каналы этим не страдают;Telegram;https://t.me/mnkkkij;kozak85;snoop;;;auto_label: url username differs from telegram username
0;0.7671;likely_same_person;754826357;Roma;kozak85;нищие, с 5 минутной отпиской каналы, удалитесь и не позорьтесь, ваш канал и вы🤢 как раз и есть 5минутка, ТОП каналы этим не страдают;Threads;https://www.threads.com/@mnkkkij;kozak85;snoop;;;auto_label: url username differs from telegram username
0;0.7636;likely_same_person;754826357;Roma;kozak85;нищие, с 5 минутной отпиской каналы, удалитесь и не позорьтесь, ваш канал и вы🤢 как раз и есть 5минутка, ТОП каналы этим не страдают;VK;https://vk.com/mnkkkij;kozak85;snoop;;;auto_label: url username differs from telegram username
;0.738;possible_same_person;780997098;Саня;sanya_33304;;Bandcamp;https://www.bandcamp.com/sanya_33304;sanya_33304;snoop;;;
;0.738;possible_same_person;780997098;Саня;sanya_33304;;Cyber_sports;https://cyber.sports.ru/search/?query=sanya_33304;sanya_33304;snoop;;;
0;0.727;possible_same_person;780997098;Саня;sanya_33304;;Forum_Airliners;https://www.airliners.net/user/sanya_33304/profile/photos;sanya_33304;snoop;;;auto_label: url username differs from telegram username
0;0.738;possible_same_person;780997098;Саня;sanya_33304;;Forum_javaprogramming;https://www.javaprogrammingforums.com/members/sanya_33304.html;sanya_33304;snoop;;;auto_label: url username differs from telegram username
;0.738;possible_same_person;780997098;Саня;sanya_33304;;Paypal;https://www.paypal.com/paypalme/sanya_33304;sanya_33304;snoop;;;
0;0.738;possible_same_person;780997098;Саня;sanya_33304;;Planetaexcel;https://www.planetaexcel.ru/forum/index.php?PAGE_NAME=profile_view&UID=sanya_33304;sanya_33304;snoop;;;auto_label: url username differs from telegram username
;0.738;possible_same_person;780997098;Саня;sanya_33304;;Radiokot;https://www.radiokot.ru/forum/search.php?keywords=&terms=all&author=sanya_33304;sanya_33304;snoop;;;
;0.738;possible_same_person;780997098;Саня;sanya_33304;;Sports;https://www.sports.ru/search/?query=sanya_33304;sanya_33304;snoop;;;
1;0.738;possible_same_person;780997098;Саня;sanya_33304;;Telegram;https://t.me/sanya_33304;sanya_33304;snoop;;;auto_label: exact Telegram username
;0.708;possible_same_person;895814549;Vadik2001;vad_22_06;;Bandcamp;https://www.bandcamp.com/vad_22_06;vad_22_06;snoop;;;
;0.708;possible_same_person;895814549;Vadik2001;vad_22_06;;Cyber_sports;https://cyber.sports.ru/search/?query=vad_22_06;vad_22_06;snoop;;;
;0.708;possible_same_person;895814549;Vadik2001;vad_22_06;;DTF;https://dtf.ru/discovery?q=vad_22_06;vad_22_06;snoop;;;
0;0.697;possible_same_person;895814549;Vadik2001;vad_22_06;;Forum_Airliners;https://www.airliners.net/user/vad_22_06/profile/photos;vad_22_06;snoop;;;auto_label: url username differs from telegram username
0;0.708;possible_same_person;895814549;Vadik2001;vad_22_06;;Forum_javaprogramming;https://www.javaprogrammingforums.com/members/vad_22_06.html;vad_22_06;snoop;;;auto_label: url username differs from telegram username
;0.708;possible_same_person;895814549;Vadik2001;vad_22_06;;Paypal;https://www.paypal.com/paypalme/vad_22_06;vad_22_06;snoop;;;
0;0.708;possible_same_person;895814549;Vadik2001;vad_22_06;;Planetaexcel;https://www.planetaexcel.ru/forum/index.php?PAGE_NAME=profile_view&UID=vad_22_06;vad_22_06;snoop;;;auto_label: url username differs from telegram username
;0.708;possible_same_person;895814549;Vadik2001;vad_22_06;;Sports;https://www.sports.ru/search/?query=vad_22_06;vad_22_06;snoop;;;
1;0.708;possible_same_person;895814549;Vadik2001;vad_22_06;;Telegram;https://t.me/vad_22_06;vad_22_06;snoop;;;auto_label: exact Telegram username
0;0.708;possible_same_person;895814549;Vadik2001;vad_22_06;;Wikiloc;https://www.wikiloc.com/wikiloc/findPeople.do?name=vad_22_06;vad_22_06;snoop;;;auto_label: url username differs from telegram username
;0.7513;likely_same_person;899841464;Bekzod;ave500;;Bandcamp;https://www.bandcamp.com/ave500;ave500;snoop;;;
;0.7513;likely_same_person;899841464;Bekzod;ave500;;DTF;https://dtf.ru/discovery?q=ave500;ave500;snoop;;;
;0.7513;likely_same_person;899841464;Bekzod;ave500;;Duolingo;https://www.duolingo.com/profile/ave500;ave500;snoop;;;
;0.7513;likely_same_person;899841464;Bekzod;ave500;;Ebay;https://www.ebay.com/usr/ave500;ave500;snoop;;;
0;0.7403;possible_same_person;899841464;Bekzod;ave500;;Forum_Airliners;https://www.airliners.net/user/ave500/profile/photos;ave500;snoop;;;auto_label: url username differs from telegram username
0;0.7513;likely_same_person;899841464;Bekzod;ave500;;Forum_javaprogramming;https://www.javaprogrammingforums.com/members/ave500.html;ave500;snoop;;;auto_label: url username differs from telegram username
0;0.7513;likely_same_person;899841464;Bekzod;ave500;;Mail_ru_email;https://account.mail.ru/login?&fail=1&email=ave500%40mail.ru;ave500;snoop;;;auto_label: url username differs from telegram username
;0.7513;likely_same_person;899841464;Bekzod;ave500;;Paypal;https://www.paypal.com/paypalme/ave500;ave500;snoop;;;
;0.7408;possible_same_person;899841464;Bekzod;ave500;;Pinterest;https://www.pinterest.com/ave500/;ave500;snoop;;;
0;0.7513;likely_same_person;899841464;Bekzod;ave500;;Planetaexcel;https://www.planetaexcel.ru/forum/index.php?PAGE_NAME=profile_view&UID=ave500;ave500;snoop;;;auto_label: url username differs from telegram username
;0.7513;likely_same_person;899841464;Bekzod;ave500;;Pornhub;https://rt.pornhub.com/users/ave500;ave500;snoop;;;
;0.7513;likely_same_person;899841464;Bekzod;ave500;;Snapchat;https://www.snapchat.com/add/ave500;ave500;snoop;;;
;0.7513;likely_same_person;899841464;Bekzod;ave500;;SportsTracker;https://www.sports-tracker.com/view_profile/ave500;ave500;snoop;;;
;0.7403;possible_same_person;899841464;Bekzod;ave500;;Spotify_community;https://community.spotify.com/t5/forums/searchpage/tab/user?q=ave500;ave500;snoop;;;
0;0.8558;likely_same_person;899841464;Bekzod;ave500;;Stackoverflow;https://stackoverflow.com/users/?search=ave500;ave500;snoop;;;auto_label: url username differs from telegram username
1;0.7513;likely_same_person;899841464;Bekzod;ave500;;Telegram;https://t.me/ave500;ave500;snoop;;;auto_label: exact Telegram username
;0.7548;likely_same_person;899841464;Bekzod;ave500;;Twitter;https://x.com/ave500;ave500;snoop;;;
;0.7513;likely_same_person;899841464;Bekzod;ave500;;VC;https://vc.ru/discovery?q=ave500;ave500;snoop;;;
;0.738;possible_same_person;920085488;𝙢;mnkkkij;;Bandcamp;https://www.bandcamp.com/mnkkkij;mnkkkij;snoop;;;
0;0.727;possible_same_person;920085488;𝙢;mnkkkij;;Forum_Airliners;https://www.airliners.net/user/mnkkkij/profile/photos;mnkkkij;snoop;;;auto_label: url username differs from telegram username
0;0.738;possible_same_person;920085488;𝙢;mnkkkij;;Forum_javaprogramming;https://www.javaprogrammingforums.com/members/mnkkkij.html;mnkkkij;snoop;;;auto_label: url username differs from telegram username
;0.738;possible_same_person;920085488;𝙢;mnkkkij;;Paypal;https://www.paypal.com/paypalme/mnkkkij;mnkkkij;snoop;;;
;0.7275;possible_same_person;920085488;𝙢;mnkkkij;;Pinterest;https://www.pinterest.com/mnkkkij/;mnkkkij;snoop;;;
0;0.738;possible_same_person;920085488;𝙢;mnkkkij;;Planetaexcel;https://www.planetaexcel.ru/forum/index.php?PAGE_NAME=profile_view&UID=mnkkkij;mnkkkij;snoop;;;auto_label: url username differs from telegram username
1;0.738;possible_same_person;920085488;𝙢;mnkkkij;;Telegram;https://t.me/mnkkkij;mnkkkij;snoop;;;auto_label: exact Telegram username
;0.738;possible_same_person;920085488;𝙢;mnkkkij;;Threads;https://www.threads.com/@mnkkkij;mnkkkij;snoop;;;
;0.7345;possible_same_person;920085488;𝙢;mnkkkij;;VK;https://vk.com/mnkkkij;mnkkkij;snoop;;;
;0.738;possible_same_person;951776683;Не Олег;Ne_OIeg;;Bandcamp;https://www.bandcamp.com/Ne_OIeg;Ne_OIeg;snoop;;;
;0.738;possible_same_person;951776683;Не Олег;Ne_OIeg;;Cyber_sports;https://cyber.sports.ru/search/?query=Ne_OIeg;Ne_OIeg;snoop;;;
;0.738;possible_same_person;951776683;Не Олег;Ne_OIeg;;DTF;https://dtf.ru/discovery?q=Ne_OIeg;Ne_OIeg;snoop;;;
0;0.727;possible_same_person;951776683;Не Олег;Ne_OIeg;;Forum_Airliners;https://www.airliners.net/user/Ne_OIeg/profile/photos;Ne_OIeg;snoop;;;auto_label: url username differs from telegram username
;0.738;possible_same_person;951776683;Не Олег;Ne_OIeg;;Paypal;https://www.paypal.com/paypalme/Ne_OIeg;Ne_OIeg;snoop;;;
0;0.738;possible_same_person;951776683;Не Олег;Ne_OIeg;;Planetaexcel;https://www.planetaexcel.ru/forum/index.php?PAGE_NAME=profile_view&UID=Ne_OIeg;Ne_OIeg;snoop;;;auto_label: url username differs from telegram username
;0.738;possible_same_person;951776683;Не Олег;Ne_OIeg;;Sports;https://www.sports.ru/search/?query=Ne_OIeg;Ne_OIeg;snoop;;;
1;0.738;possible_same_person;951776683;Не Олег;Ne_OIeg;;Telegram;https://t.me/Ne_OIeg;Ne_OIeg;snoop;;;auto_label: exact Telegram username
0;0.738;possible_same_person;951776683;Не Олег;Ne_OIeg;;Wikiloc;https://www.wikiloc.com/wikiloc/findPeople.do?name=Ne_OIeg;Ne_OIeg;snoop;;;auto_label: url username differs from telegram username
;0.738;possible_same_person;952226519;_𝕄𝕣.ℙ𝕠𝕫𝕚𝕥𝕚𝕧_;MrPozitiv_tm;;Bandcamp;https://www.bandcamp.com/MrPozitiv_tm;MrPozitiv_tm;snoop;;;
0;0.727;possible_same_person;952226519;_𝕄𝕣.ℙ𝕠𝕫𝕚𝕥𝕚𝕧_;MrPozitiv_tm;;Forum_Airliners;https://www.airliners.net/user/MrPozitiv_tm/profile/photos;MrPozitiv_tm;snoop;;;auto_label: url username differs from telegram username
0;0.738;possible_same_person;952226519;_𝕄𝕣.ℙ𝕠𝕫𝕚𝕥𝕚𝕧_;MrPozitiv_tm;;Forum_javaprogramming;https://www.javaprogrammingforums.com/members/MrPozitiv_tm.html;MrPozitiv_tm;snoop;;;auto_label: url username differs from telegram username
;0.738;possible_same_person;952226519;_𝕄𝕣.ℙ𝕠𝕫𝕚𝕥𝕚𝕧_;MrPozitiv_tm;;Paypal;https://www.paypal.com/paypalme/MrPozitiv_tm;MrPozitiv_tm;snoop;;;
0;0.738;possible_same_person;952226519;_𝕄𝕣.ℙ𝕠𝕫𝕚𝕥𝕚𝕧_;MrPozitiv_tm;;Planetaexcel;https://www.planetaexcel.ru/forum/index.php?PAGE_NAME=profile_view&UID=MrPozitiv_tm;MrPozitiv_tm;snoop;;;auto_label: url username differs from telegram username
;0.738;possible_same_person;952226519;_𝕄𝕣.ℙ𝕠𝕫𝕚𝕥𝕚𝕧_;MrPozitiv_tm;;Sports;https://www.sports.ru/search/?query=MrPozitiv_tm;MrPozitiv_tm;snoop;;;
1;0.738;possible_same_person;952226519;_𝕄𝕣.ℙ𝕠𝕫𝕚𝕥𝕚𝕧_;MrPozitiv_tm;;Telegram;https://t.me/MrPozitiv_tm;MrPozitiv_tm;snoop;;;auto_label: exact Telegram username
;0.738;possible_same_person;988191708;يمارسون;kisvichka;угрозы, спам - бан, не отвечаю - значит сплю 🧏🏽‍♀️;Bandcamp;https://www.bandcamp.com/kisvichka;kisvichka;snoop;;;
0;0.727;possible_same_person;988191708;يمارسون;kisvichka;угрозы, спам - бан, не отвечаю - значит сплю 🧏🏽‍♀️;Forum_Airliners;https://www.airliners.net/user/kisvichka/profile/photos;kisvichka;snoop;;;auto_label: url username differs from telegram username
0;0.738;possible_same_person;988191708;يمارسون;kisvichka;угрозы, спам - бан, не отвечаю - значит сплю 🧏🏽‍♀️;Forum_javaprogramming;https://www.javaprogrammingforums.com/members/kisvichka.html;kisvichka;snoop;;;auto_label: url username differs from telegram username
;0.738;possible_same_person;988191708;يمارسون;kisvichka;угрозы, спам - бан, не отвечаю - значит сплю 🧏🏽‍♀️;Paypal;https://www.paypal.com/paypalme/kisvichka;kisvichka;snoop;;;
;0.7275;possible_same_person;988191708;يمارسون;kisvichka;угрозы, спам - бан, не отвечаю - значит сплю 🧏🏽‍♀️;Pinterest;https://www.pinterest.com/kisvichka/;kisvichka;snoop;;;
0;0.738;possible_same_person;988191708;يمارسون;kisvichka;угрозы, спам - бан, не отвечаю - значит сплю 🧏🏽‍♀️;Planetaexcel;https://www.planetaexcel.ru/forum/index.php?PAGE_NAME=profile_view&UID=kisvichka;kisvichka;snoop;;;auto_label: url username differs from telegram username
1;0.738;possible_same_person;988191708;يمارسون;kisvichka;угрозы, спам - бан, не отвечаю - значит сплю 🧏🏽‍♀️;Telegram;https://t.me/kisvichka;kisvichka;snoop;;;auto_label: exact Telegram username
;0.738;possible_same_person;988191708;يمارسون;kisvichka;угрозы, спам - бан, не отвечаю - значит сплю 🧏🏽‍♀️;VC;https://vc.ru/discovery?q=kisvichka;kisvichka;snoop;;;
;0.7073;possible_same_person;990256560;ᴇgᴏrqwwkq;lozew;Привет! Я использую WhatsApp;Bandcamp;https://www.bandcamp.com/lozew;lozew;snoop;;;
;0.6963;possible_same_person;990256560;ᴇgᴏrqwwkq;lozew;Привет! Я использую WhatsApp;DeviantART;https://lozew.deviantart.com;lozew;snoop;;;
;0.7073;possible_same_person;990256560;ᴇgᴏrqwwkq;lozew;Привет! Я использую WhatsApp;Duolingo;https://www.duolingo.com/profile/lozew;lozew;snoop;;;
0;0.6963;possible_same_person;990256560;ᴇgᴏrqwwkq;lozew;Привет! Я использую WhatsApp;Forum_Airliners;https://www.airliners.net/user/lozew/profile/photos;lozew;snoop;;;auto_label: url username differs from telegram username
0;0.7073;possible_same_person;990256560;ᴇgᴏrqwwkq;lozew;Привет! Я использую WhatsApp;Forum_javaprogramming;https://www.javaprogrammingforums.com/members/lozew.html;lozew;snoop;;;auto_label: url username differs from telegram username
0;0.7073;possible_same_person;990256560;ᴇgᴏrqwwkq;lozew;Привет! Я использую WhatsApp;Geocaching;https://www.geocaching.com/profile/?u=lozew;lozew;snoop;;;auto_label: url username differs from telegram username
1;0.8223;likely_same_person;990256560;ᴇgᴏrqwwkq;lozew;Привет! Я использую WhatsApp;GitHub;https://www.github.com/lozew;lozew;snoop;;;auto_label: high-confidence exact username on reliable site
0;0.7073;possible_same_person;990256560;ᴇgᴏrqwwkq;lozew;Привет! Я использую WhatsApp;Mail_ru_email;https://account.mail.ru/login?&fail=1&email=lozew%40mail.ru;lozew;snoop;;;auto_label: url username differs from telegram username
;0.7073;possible_same_person;990256560;ᴇgᴏrqwwkq;lozew;Привет! Я использую WhatsApp;Mirtesen;https://mirtesen.ru/search/people?q=lozew;lozew;snoop;;;
;0.7073;possible_same_person;990256560;ᴇgᴏrqwwkq;lozew;Привет! Я использую WhatsApp;Paypal;https://www.paypal.com/paypalme/lozew;lozew;snoop;;;
0;0.7073;possible_same_person;990256560;ᴇgᴏrqwwkq;lozew;Привет! Я использую WhatsApp;Planetaexcel;https://www.planetaexcel.ru/forum/index.php?PAGE_NAME=profile_view&UID=lozew;lozew;snoop;;;auto_label: url username differs from telegram username
;0.7073;possible_same_person;990256560;ᴇgᴏrqwwkq;lozew;Привет! Я использую WhatsApp;Snapchat;https://www.snapchat.com/add/lozew;lozew;snoop;;;
;0.7073;possible_same_person;990256560;ᴇgᴏrqwwkq;lozew;Привет! Я использую WhatsApp;Sports;https://www.sports.ru/search/?query=lozew;lozew;snoop;;;
1;0.7073;possible_same_person;990256560;ᴇgᴏrqwwkq;lozew;Привет! Я использую WhatsApp;Telegram;https://t.me/lozew;lozew;snoop;;;auto_label: exact Telegram username
;0.7038;possible_same_person;990256560;ᴇgᴏrqwwkq;lozew;Привет! Я использую WhatsApp;VK;https://vk.com/lozew;lozew;snoop;;;
;0.658;possible_same_person;1017913869;хто я?;llll123321;;Bandcamp;https://www.bandcamp.com/llll123321;llll123321;snoop;;;
;0.647;possible_same_person;1017913869;хто я?;llll123321;;DeviantART;https://llll123321.deviantart.com;llll123321;snoop;;;
0;0.647;possible_same_person;1017913869;хто я?;llll123321;;Forum_Airliners;https://www.airliners.net/user/llll123321/profile/photos;llll123321;snoop;;;auto_label: url username differs from telegram username
0;0.658;possible_same_person;1017913869;хто я?;llll123321;;Forum_javaprogramming;https://www.javaprogrammingforums.com/members/llll123321.html;llll123321;snoop;;;auto_label: url username differs from telegram username
0;0.658;possible_same_person;1017913869;хто я?;llll123321;;Mail_ru_email;https://account.mail.ru/login?&fail=1&email=llll123321%40mail.ru;llll123321;snoop;;;auto_label: url username differs from telegram username
;0.658;possible_same_person;1017913869;хто я?;llll123321;;Paypal;https://www.paypal.com/paypalme/llll123321;llll123321;snoop;;;
;0.6475;possible_same_person;1017913869;хто я?;llll123321;;Pinterest;https://www.pinterest.com/llll123321/;llll123321;snoop;;;
0;0.658;possible_same_person;1017913869;хто я?;llll123321;;Planetaexcel;https://www.planetaexcel.ru/forum/index.php?PAGE_NAME=profile_view&UID=llll123321;llll123321;snoop;;;auto_label: url username differs from telegram username
;0.658;possible_same_person;1017913869;хто я?;llll123321;;Pornhub;https://rt.pornhub.com/users/llll123321;llll123321;snoop;;;
;0.658;possible_same_person;1017913869;хто я?;llll123321;;Telegram;https://t.me/llll123321;llll123321;snoop;;;
;0.647;possible_same_person;1017913869;хто я?;llll123321;;Tumblr;https://llll123321.tumblr.com/;llll123321;snoop;;;
;0.6615;possible_same_person;1017913869;хто я?;llll123321;;Twitter;https://x.com/llll123321;llll123321;snoop;;;
;0.738;possible_same_person;1098870126;марьям;Oaoaod;;Bandcamp;https://www.bandcamp.com/Oaoaod;Oaoaod;snoop;;;
;0.738;possible_same_person;1098870126;марьям;Oaoaod;;DTF;https://dtf.ru/discovery?q=Oaoaod;Oaoaod;snoop;;;
;0.727;possible_same_person;1098870126;марьям;Oaoaod;;DeviantART;https://Oaoaod.deviantart.com;Oaoaod;snoop;;;
0;0.727;possible_same_person;1098870126;марьям;Oaoaod;;Forum_Airliners;https://www.airliners.net/user/Oaoaod/profile/photos;Oaoaod;snoop;;;auto_label: url username differs from telegram username
0;0.738;possible_same_person;1098870126;марьям;Oaoaod;;Forum_javaprogramming;https://www.javaprogrammingforums.com/members/Oaoaod.html;Oaoaod;snoop;;;auto_label: url username differs from telegram username
0;0.738;possible_same_person;1098870126;марьям;Oaoaod;;Mail_ru_email;https://account.mail.ru/login?&fail=1&email=Oaoaod%40mail.ru;Oaoaod;snoop;;;auto_label: url username differs from telegram username
;0.738;possible_same_person;1098870126;марьям;Oaoaod;;Paypal;https://www.paypal.com/paypalme/Oaoaod;Oaoaod;snoop;;;
0;0.738;possible_same_person;1098870126;марьям;Oaoaod;;Planetaexcel;https://www.planetaexcel.ru/forum/index.php?PAGE_NAME=profile_view&UID=Oaoaod;Oaoaod;snoop;;;auto_label: url username differs from telegram username
;0.738;possible_same_person;1098870126;марьям;Oaoaod;;Radiokot;https://www.radiokot.ru/forum/search.php?keywords=&terms=all&author=Oaoaod;Oaoaod;snoop;;;
;0.738;possible_same_person;1098870126;марьям;Oaoaod;;Snapchat;https://www.snapchat.com/add/Oaoaod;Oaoaod;snoop;;;
1;0.738;possible_same_person;1098870126;марьям;Oaoaod;;Telegram;https://t.me/Oaoaod;Oaoaod;snoop;;;auto_label: exact Telegram username
;0.7415;possible_same_person;1098870126;марьям;Oaoaod;;Twitter;https://x.com/Oaoaod;Oaoaod;snoop;;;
;0.738;possible_same_person;1098870126;марьям;Oaoaod;;VC;https://vc.ru/discovery?q=Oaoaod;Oaoaod;snoop;;;
;0.738;possible_same_person;1110829666;Захар;zahar534;Winning is not everything, but the will to win is everything.;Bandcamp;https://www.bandcamp.com/zahar534;zahar534;snoop;;;
;0.738;possible_same_person;1110829666;Захар;zahar534;Winning is not everything, but the will to win is everything.;Duolingo;https://www.duolingo.com/profile/zahar534;zahar534;snoop;;;
0;0.727;possible_same_person;1110829666;Захар;zahar534;Winning is not everything, but the will to win is everything.;Forum_Airliners;https://www.airliners.net/user/zahar534/profile/photos;zahar534;snoop;;;auto_label: url username differs from telegram username
0;0.738;possible_same_person;1110829666;Захар;zahar534;Winning is not everything, but the will to win is everything.;Forum_javaprogramming;https://www.javaprogrammingforums.com/members/zahar534.html;zahar534;snoop;;;auto_label: url username differs from telegram username
0;0.738;possible_same_person;1110829666;Захар;zahar534;Winning is not everything, but the will to win is everything.;Mail_ru_email;https://account.mail.ru/login?&fail=1&email=zahar534%40mail.ru;zahar534;snoop;;;auto_label: url username differs from telegram username
;0.738;possible_same_person;1110829666;Захар;zahar534;Winning is not everything, but the will to win is everything.;Paypal;https://www.paypal.com/paypalme/zahar534;zahar534;snoop;;;
0;0.738;possible_same_person;1110829666;Захар;zahar534;Winning is not everything, but the will to win is everything.;Planetaexcel;https://www.planetaexcel.ru/forum/index.php?PAGE_NAME=profile_view&UID=zahar534;zahar534;snoop;;;auto_label: url username differs from telegram username
;0.738;possible_same_person;1110829666;Захар;zahar534;Winning is not everything, but the will to win is everything.;Radiokot;https://www.radiokot.ru/forum/search.php?keywords=&terms=all&author=zahar534;zahar534;snoop;;;
;0.738;possible_same_person;1110829666;Захар;zahar534;Winning is not everything, but the will to win is everything.;Snapchat;https://www.snapchat.com/add/zahar534;zahar534;snoop;;;
1;0.738;possible_same_person;1110829666;Захар;zahar534;Winning is not everything, but the will to win is everything.;Telegram;https://t.me/zahar534;zahar534;snoop;;;auto_label: exact Telegram username
;0.7345;possible_same_person;1110829666;Захар;zahar534;Winning is not everything, but the will to win is everything.;VK;https://vk.com/zahar534;zahar534;snoop;;;
;0.738;possible_same_person;1240815236;💠💻🧣микан🦆🙅🏻‍♀️#кицька🍎🦇𓃦;SuperBat_kanon;;Bandcamp;https://www.bandcamp.com/SuperBat_kanon;SuperBat_kanon;snoop;;;
;0.727;possible_same_person;1240815236;💠💻🧣микан🦆🙅🏻‍♀️#кицька🍎🦇𓃦;SuperBat_kanon;;Blizzard_WOW;https://us.forums.blizzard.com/en/wow/u/SuperBat_kanon;SuperBat_kanon;snoop;;;
0;0.738;possible_same_person;1240815236;💠💻🧣микан🦆🙅🏻‍♀️#кицька🍎🦇𓃦;SuperBat_kanon;;Bsky;https://bsky.app/profile/SuperBat_kanon.bsky.social;SuperBat_kanon;snoop;;;auto_label: url username differs from telegram username
;0.738;possible_same_person;1240815236;💠💻🧣микан🦆🙅🏻‍♀️#кицька🍎🦇𓃦;SuperBat_kanon;;Chitalnya;https://www.chitalnya.ru/users/SuperBat_kanon/;SuperBat_kanon;snoop;;;
;0.738;possible_same_person;1240815236;💠💻🧣микан🦆🙅🏻‍♀️#кицька🍎🦇𓃦;SuperBat_kanon;;Chpoking;https://chpoking.ru/SuperBat_kanon/;SuperBat_kanon;snoop;;;
;0.738;possible_same_person;1240815236;💠💻🧣микан🦆🙅🏻‍♀️#кицька🍎🦇𓃦;SuperBat_kanon;;Cyber_sports;https://cyber.sports.ru/search/?query=SuperBat_kanon;SuperBat_kanon;snoop;;;
0;0.727;possible_same_person;1240815236;💠💻🧣микан🦆🙅🏻‍♀️#кицька🍎🦇𓃦;SuperBat_kanon;;Forum_Airliners;https://www.airliners.net/user/SuperBat_kanon/profile/photos;SuperBat_kanon;snoop;;;auto_label: url username differs from telegram username
0;0.738;possible_same_person;1240815236;💠💻🧣микан🦆🙅🏻‍♀️#кицька🍎🦇𓃦;SuperBat_kanon;;Forum_javaprogramming;https://www.javaprogrammingforums.com/members/SuperBat_kanon.html;SuperBat_kanon;snoop;;;auto_label: url username differs from telegram username
;0.727;possible_same_person;1240815236;💠💻🧣микан🦆🙅🏻‍♀️#кицька🍎🦇𓃦;SuperBat_kanon;;LiveJournal;https://SuperBat_kanon.livejournal.com;SuperBat_kanon;snoop;;;
0;0.738;possible_same_person;1240815236;💠💻🧣микан🦆🙅🏻‍♀️#кицька🍎🦇𓃦;SuperBat_kanon;;Planetaexcel;https://www.planetaexcel.ru/forum/index.php?PAGE_NAME=profile_view&UID=SuperBat_kanon;SuperBat_kanon;snoop;;;auto_label: url username differs from telegram username
;0.738;possible_same_person;1240815236;💠💻🧣микан🦆🙅🏻‍♀️#кицька🍎🦇𓃦;SuperBat_kanon;;Radiokot;https://www.radiokot.ru/forum/search.php?keywords=&terms=all&author=SuperBat_kanon;SuperBat_kanon;snoop;;;
;0.738;possible_same_person;1240815236;💠💻🧣микан🦆🙅🏻‍♀️#кицька🍎🦇𓃦;SuperBat_kanon;;Sports;https://www.sports.ru/search/?query=SuperBat_kanon;SuperBat_kanon;snoop;;;
1;0.738;possible_same_person;1240815236;💠💻🧣микан🦆🙅🏻‍♀️#кицька🍎🦇𓃦;SuperBat_kanon;;Telegram;https://t.me/SuperBat_kanon;SuperBat_kanon;snoop;;;auto_label: exact Telegram username
;0.7054;possible_same_person;1306259757;Efferwise;y4tls;;Bandcamp;https://www.bandcamp.com/y4tls;y4tls;snoop;;;
0;0.6944;possible_same_person;1306259757;Efferwise;y4tls;;Forum_Airliners;https://www.airliners.net/user/y4tls/profile/photos;y4tls;snoop;;;auto_label: url username differs from telegram username
;0.7054;possible_same_person;1306259757;Efferwise;y4tls;;Paypal;https://www.paypal.com/paypalme/y4tls;y4tls;snoop;;;
0;0.7054;possible_same_person;1306259757;Efferwise;y4tls;;Planetaexcel;https://www.planetaexcel.ru/forum/index.php?PAGE_NAME=profile_view&UID=y4tls;y4tls;snoop;;;auto_label: url username differs from telegram username
1;0.7054;possible_same_person;1306259757;Efferwise;y4tls;;Telegram;https://t.me/y4tls;y4tls;snoop;;;auto_label: exact Telegram username
;0.738;possible_same_person;1347706624;Александр;sajat85;;Bandcamp;https://www.bandcamp.com/sajat85;sajat85;snoop;;;
0;0.727;possible_same_person;1347706624;Александр;sajat85;;Forum_Airliners;https://www.airliners.net/user/sajat85/profile/photos;sajat85;snoop;;;auto_label: url username differs from telegram username
0;0.738;possible_same_person;1347706624;Александр;sajat85;;Forum_javaprogramming;https://www.javaprogrammingforums.com/members/sajat85.html;sajat85;snoop;;;auto_label: url username differs from telegram username
0;0.738;possible_same_person;1347706624;Александр;sajat85;;Mail_ru_email;https://account.mail.ru/login?&fail=1&email=sajat85%40mail.ru;sajat85;snoop;;;auto_label: url username differs from telegram username
;0.738;possible_same_person;1347706624;Александр;sajat85;;Paypal;https://www.paypal.com/paypalme/sajat85;sajat85;snoop;;;
0;0.738;possible_same_person;1347706624;Александр;sajat85;;Planetaexcel;https://www.planetaexcel.ru/forum/index.php?PAGE_NAME=profile_view&UID=sajat85;sajat85;snoop;;;auto_label: url username differs from telegram username
;0.738;possible_same_person;1347706624;Александр;sajat85;;Pornhub;https://rt.pornhub.com/users/sajat85;sajat85;snoop;;;
1;0.738;possible_same_person;1347706624;Александр;sajat85;;Telegram;https://t.me/sajat85;sajat85;snoop;;;auto_label: exact Telegram username
;0.738;possible_same_person;1354297097;весенний;ekaiktag;bio- @bioekaik.Нфт и подарки не дарю,не тратьте мое и ваше время;Bandcamp;https://www.bandcamp.com/ekaiktag;ekaiktag;snoop;;;
0;0.727;possible_same_person;1354297097;весенний;ekaiktag;bio- @bioekaik.Нфт и подарки не дарю,не тратьте мое и ваше время;Forum_Airliners;https://www.airliners.net/user/ekaiktag/profile/photos;ekaiktag;snoop;;;auto_label: url username differs from telegram username
0;0.738;possible_same_person;1354297097;весенний;ekaiktag;bio- @bioekaik.Нфт и подарки не дарю,не тратьте мое и ваше время;Forum_javaprogramming;https://www.javaprogrammingforums.com/members/ekaiktag.html;ekaiktag;snoop;;;auto_label: url username differs from telegram username
;0.738;possible_same_person;1354297097;весенний;ekaiktag;bio- @bioekaik.Нфт и подарки не дарю,не тратьте мое и ваше время;Paypal;https://www.paypal.com/paypalme/ekaiktag;ekaiktag;snoop;;;
0;0.738;possible_same_person;1354297097;весенний;ekaiktag;bio- @bioekaik.Нфт и подарки не дарю,не тратьте мое и ваше время;Planetaexcel;https://www.planetaexcel.ru/forum/index.php?PAGE_NAME=profile_view&UID=ekaiktag;ekaiktag;snoop;;;auto_label: url username differs from telegram username
1;0.738;possible_same_person;1354297097;весенний;ekaiktag;bio- @bioekaik.Нфт и подарки не дарю,не тратьте мое и ваше время;Telegram;https://t.me/ekaiktag;ekaiktag;snoop;;;auto_label: exact Telegram username
;0.738;possible_same_person;1369518939;🎎;woxllx;★8†2★;Bandcamp;https://www.bandcamp.com/woxllx;woxllx;snoop;;;
0;0.727;possible_same_person;1369518939;🎎;woxllx;★8†2★;Forum_Airliners;https://www.airliners.net/user/woxllx/profile/photos;woxllx;snoop;;;auto_label: url username differs from telegram username
0;0.738;possible_same_person;1369518939;🎎;woxllx;★8†2★;Forum_javaprogramming;https://www.javaprogrammingforums.com/members/woxllx.html;woxllx;snoop;;;auto_label: url username differs from telegram username
;0.738;possible_same_person;1369518939;🎎;woxllx;★8†2★;Otzovik;https://otzovik.com/profile/woxllx;woxllx;snoop;;;
;0.738;possible_same_person;1369518939;🎎;woxllx;★8†2★;Paypal;https://www.paypal.com/paypalme/woxllx;woxllx;snoop;;;
;0.7275;possible_same_person;1369518939;🎎;woxllx;★8†2★;Pinterest;https://www.pinterest.com/woxllx/;woxllx;snoop;;;
0;0.738;possible_same_person;1369518939;🎎;woxllx;★8†2★;Planetaexcel;https://www.planetaexcel.ru/forum/index.php?PAGE_NAME=profile_view&UID=woxllx;woxllx;snoop;;;auto_label: url username differs from telegram username
1;0.738;possible_same_person;1369518939;🎎;woxllx;★8†2★;Telegram;https://t.me/woxllx;woxllx;snoop;;;auto_label: exact Telegram username
;0.7415;possible_same_person;1369518939;🎎;woxllx;★8†2★;Twitter;https://x.com/woxllx;woxllx;snoop;;;
;0.694;possible_same_person;1392360789;67;xmume;-и я могу тебе сказать,о том какой у неё зад Wassup! @sonixwqzz;Bandcamp;https://www.bandcamp.com/xmume;xmume;snoop;;;
0;0.683;possible_same_person;1392360789;67;xmume;-и я могу тебе сказать,о том какой у неё зад Wassup! @sonixwqzz;Forum_Airliners;https://www.airliners.net/user/xmume/profile/photos;xmume;snoop;;;auto_label: url username differs from telegram username
0;0.694;possible_same_person;1392360789;67;xmume;-и я могу тебе сказать,о том какой у неё зад Wassup! @sonixwqzz;Forum_javaprogramming;https://www.javaprogrammingforums.com/members/xmume.html;xmume;snoop;;;auto_label: url username differs from telegram username
;0.694;possible_same_person;1392360789;67;xmume;-и я могу тебе сказать,о том какой у неё зад Wassup! @sonixwqzz;Paypal;https://www.paypal.com/paypalme/xmume;xmume;snoop;;;
0;0.694;possible_same_person;1392360789;67;xmume;-и я могу тебе сказать,о том какой у неё зад Wassup! @sonixwqzz;Planetaexcel;https://www.planetaexcel.ru/forum/index.php?PAGE_NAME=profile_view&UID=xmume;xmume;snoop;;;auto_label: url username differs from telegram username
;0.694;possible_same_person;1392360789;67;xmume;-и я могу тебе сказать,о том какой у неё зад Wassup! @sonixwqzz;Telegram;https://t.me/xmume;xmume;snoop;;;
;0.6975;possible_same_person;1392360789;67;xmume;-и я могу тебе сказать,о том какой у неё зад Wassup! @sonixwqzz;Twitter;https://x.com/xmume;xmume;snoop;;;
;0.738;possible_same_person;1417919747;#свтя #мисс;ggipik;классный прикид, гуччи?;Bandcamp;https://www.bandcamp.com/ggipik;ggipik;snoop;;;
;0.738;possible_same_person;1417919747;#свтя #мисс;ggipik;классный прикид, гуччи?;DTF;https://dtf.ru/discovery?q=ggipik;ggipik;snoop;;;
0;0.727;possible_same_person;1417919747;#свтя #мисс;ggipik;классный прикид, гуччи?;Forum_Airliners;https://www.airliners.net/user/ggipik/profile/photos;ggipik;snoop;;;auto_label: url username differs from telegram username
0;0.738;possible_same_person;1417919747;#свтя #мисс;ggipik;классный прикид, гуччи?;Forum_javaprogramming;https://www.javaprogrammingforums.com/members/ggipik.html;ggipik;snoop;;;auto_label: url username differs from telegram username
;0.738;possible_same_person;1417919747;#свтя #мисс;ggipik;классный прикид, гуччи?;Paypal;https://www.paypal.com/paypalme/ggipik;ggipik;snoop;;;
;0.7275;possible_same_person;1417919747;#свтя #мисс;ggipik;классный прикид, гуччи?;Pinterest;https://www.pinterest.com/ggipik/;ggipik;snoop;;;
0;0.738;possible_same_person;1417919747;#свтя #мисс;ggipik;классный прикид, гуччи?;Planetaexcel;https://www.planetaexcel.ru/forum/index.php?PAGE_NAME=profile_view&UID=ggipik;ggipik;snoop;;;auto_label: url username differs from telegram username
;0.738;possible_same_person;1417919747;#свтя #мисс;ggipik;классный прикид, гуччи?;Radiokot;https://www.radiokot.ru/forum/search.php?keywords=&terms=all&author=ggipik;ggipik;snoop;;;
1;0.738;possible_same_person;1417919747;#свтя #мисс;ggipik;классный прикид, гуччи?;Telegram;https://t.me/ggipik;ggipik;snoop;;;auto_label: exact Telegram username
;0.7415;possible_same_person;1417919747;#свтя #мисс;ggipik;классный прикид, гуччи?;Twitter;https://x.com/ggipik;ggipik;snoop;;;
;0.738;possible_same_person;1417919747;#свтя #мисс;ggipik;классный прикид, гуччи?;VC;https://vc.ru/discovery?q=ggipik;ggipik;snoop;;;
;0.718;possible_same_person;1431583209;🫦🫦;ilikeyourreeyess;Для кого-то ангел, для кого-то сатана;Bandcamp;https://www.bandcamp.com/ilikeyourreeyess;ilikeyourreeyess;snoop;;;
0;0.707;possible_same_person;1431583209;🫦🫦;ilikeyourreeyess;Для кого-то ангел, для кого-то сатана;Forum_Airliners;https://www.airliners.net/user/ilikeyourreeyess/profile/photos;ilikeyourreeyess;snoop;;;auto_label: url username differs from telegram username
0;0.718;possible_same_person;1431583209;🫦🫦;ilikeyourreeyess;Для кого-то ангел, для кого-то сатана;Forum_javaprogramming;https://www.javaprogrammingforums.com/members/ilikeyourreeyess.html;ilikeyourreeyess;snoop;;;auto_label: url username differs from telegram username
;0.718;possible_same_person;1431583209;🫦🫦;ilikeyourreeyess;Для кого-то ангел, для кого-то сатана;Paypal;https://www.paypal.com/paypalme/ilikeyourreeyess;ilikeyourreeyess;snoop;;;
1;0.718;possible_same_person;1431583209;🫦🫦;ilikeyourreeyess;Для кого-то ангел, для кого-то сатана;Telegram;https://t.me/ilikeyourreeyess;ilikeyourreeyess;snoop;;;auto_label: exact Telegram username
;0.738;possible_same_person;1464921460;𝐀𝐫𝐭𝐞𝐥𝐢𝐬;A_Artelis;Painting – когда душа рисует, а руки лишь следуют;Bandcamp;https://www.bandcamp.com/A_Artelis;A_Artelis;snoop;;;
;0.738;possible_same_person;1464921460;𝐀𝐫𝐭𝐞𝐥𝐢𝐬;A_Artelis;Painting – когда душа рисует, а руки лишь следуют;Cookpad;https://cookpad.com/us/users/search?q=A_Artelis;A_Artelis;snoop;;;
;0.738;possible_same_person;1464921460;𝐀𝐫𝐭𝐞𝐥𝐢𝐬;A_Artelis;Painting – когда душа рисует, а руки лишь следуют;Cyber_sports;https://cyber.sports.ru/search/?query=A_Artelis;A_Artelis;snoop;;;
;0.738;possible_same_person;1464921460;𝐀𝐫𝐭𝐞𝐥𝐢𝐬;A_Artelis;Painting – когда душа рисует, а руки лишь следуют;DTF;https://dtf.ru/discovery?q=A_Artelis;A_Artelis;snoop;;;
0;0.727;possible_same_person;1464921460;𝐀𝐫𝐭𝐞𝐥𝐢𝐬;A_Artelis;Painting – когда душа рисует, а руки лишь следуют;Forum_Airliners;https://www.airliners.net/user/A_Artelis/profile/photos;A_Artelis;snoop;;;auto_label: url username differs from telegram username
0;0.738;possible_same_person;1464921460;𝐀𝐫𝐭𝐞𝐥𝐢𝐬;A_Artelis;Painting – когда душа рисует, а руки лишь следуют;Forum_javaprogramming;https://www.javaprogrammingforums.com/members/A_Artelis.html;A_Artelis;snoop;;;auto_label: url username differs from telegram username
;0.738;possible_same_person;1464921460;𝐀𝐫𝐭𝐞𝐥𝐢𝐬;A_Artelis;Painting – когда душа рисует, а руки лишь следуют;Paypal;https://www.paypal.com/paypalme/A_Artelis;A_Artelis;snoop;;;
0;0.738;possible_same_person;1464921460;𝐀𝐫𝐭𝐞𝐥𝐢𝐬;A_Artelis;Painting – когда душа рисует, а руки лишь следуют;Planetaexcel;https://www.planetaexcel.ru/forum/index.php?PAGE_NAME=profile_view&UID=A_Artelis;A_Artelis;snoop;;;auto_label: url username differs from telegram username
;0.738;possible_same_person;1464921460;𝐀𝐫𝐭𝐞𝐥𝐢𝐬;A_Artelis;Painting – когда душа рисует, а руки лишь следуют;Radiokot;https://www.radiokot.ru/forum/search.php?keywords=&terms=all&author=A_Artelis;A_Artelis;snoop;;;
;0.738;possible_same_person;1464921460;𝐀𝐫𝐭𝐞𝐥𝐢𝐬;A_Artelis;Painting – когда душа рисует, а руки лишь следуют;Sports;https://www.sports.ru/search/?query=A_Artelis;A_Artelis;snoop;;;
1;0.738;possible_same_person;1464921460;𝐀𝐫𝐭𝐞𝐥𝐢𝐬;A_Artelis;Painting – когда душа рисует, а руки лишь следуют;Telegram;https://t.me/A_Artelis;A_Artelis;snoop;;;auto_label: exact Telegram username
0;0.738;possible_same_person;1464921460;𝐀𝐫𝐭𝐞𝐥𝐢𝐬;A_Artelis;Painting – когда душа рисует, а руки лишь следуют;Wikiloc;https://www.wikiloc.com/wikiloc/findPeople.do?name=A_Artelis;A_Artelis;snoop;;;auto_label: url username differs from telegram username
;0.738;possible_same_person;1481347913;Александр;iisuskhristos;Создатель;Bandcamp;https://www.bandcamp.com/iisuskhristos;iisuskhristos;snoop;;;
0;0.727;possible_same_person;1481347913;Александр;iisuskhristos;Создатель;Forum_Airliners;https://www.airliners.net/user/iisuskhristos/profile/photos;iisuskhristos;snoop;;;auto_label: url username differs from telegram username
1;0.853;likely_same_person;1481347913;Александр;iisuskhristos;Создатель;GitHub;https://www.github.com/iisuskhristos;iisuskhristos;snoop;;;auto_label: high-confidence exact username on reliable site
;0.738;possible_same_person;1481347913;Александр;iisuskhristos;Создатель;Imgur;https://imgur.com/user/iisuskhristos;iisuskhristos;snoop;;;
0;0.738;possible_same_person;1481347913;Александр;iisuskhristos;Создатель;Mail_ru_email;https://account.mail.ru/login?&fail=1&email=iisuskhristos%40mail.ru;iisuskhristos;snoop;;;auto_label: url username differs from telegram username
;0.738;possible_same_person;1481347913;Александр;iisuskhristos;Создатель;Paypal;https://www.paypal.com/paypalme/iisuskhristos;iisuskhristos;snoop;;;
;0.738;possible_same_person;1481347913;Александр;iisuskhristos;Создатель;Periscope;https://www.periscope.tv/iisuskhristos/;iisuskhristos;snoop;;;
;0.7275;possible_same_person;1481347913;Александр;iisuskhristos;Создатель;Pinterest;https://www.pinterest.com/iisuskhristos/;iisuskhristos;snoop;;;
0;0.738;possible_same_person;1481347913;Александр;iisuskhristos;Создатель;Planetaexcel;https://www.planetaexcel.ru/forum/index.php?PAGE_NAME=profile_view&UID=iisuskhristos;iisuskhristos;snoop;;;auto_label: url username differs from telegram username
;0.738;possible_same_person;1481347913;Александр;iisuskhristos;Создатель;Radiokot;https://www.radiokot.ru/forum/search.php?keywords=&terms=all&author=iisuskhristos;iisuskhristos;snoop;;;
;0.738;possible_same_person;1481347913;Александр;iisuskhristos;Создатель;Snapchat;https://www.snapchat.com/add/iisuskhristos;iisuskhristos;snoop;;;
;0.738;possible_same_person;1481347913;Александр;iisuskhristos;Создатель;SteamGroup;https://steamcommunity.com/groups/iisuskhristos;iisuskhristos;snoop;;;
;0.738;possible_same_person;1481347913;Александр;iisuskhristos;Создатель;Steamcommunity;https://steamcommunity.com/id/iisuskhristos;iisuskhristos;snoop;;;
1;0.738;possible_same_person;1481347913;Александр;iisuskhristos;Создатель;Telegram;https://t.me/iisuskhristos;iisuskhristos;snoop;;;auto_label: exact Telegram username
;0.727;possible_same_person;1481347913;Александр;iisuskhristos;Создатель;Tumblr;https://iisuskhristos.tumblr.com/;iisuskhristos;snoop;;;
;0.7415;possible_same_person;1481347913;Александр;iisuskhristos;Создатель;Twitter;https://x.com/iisuskhristos;iisuskhristos;snoop;;;
;0.7345;possible_same_person;1481347913;Александр;iisuskhristos;Создатель;VK;https://vk.com/iisuskhristos;iisuskhristos;snoop;;;
;0.718;possible_same_person;1512964126;𝑠ℎ𝑎𝑑𝑜𝑤;KALASH_RATATATATATA;Пустота;Bandcamp;https://www.bandcamp.com/KALASH_RATATATATATA;KALASH_RATATATATATA;snoop;;;
;0.718;possible_same_person;1512964126;𝑠ℎ𝑎𝑑𝑜𝑤;KALASH_RATATATATATA;Пустота;Cyber_sports;https://cyber.sports.ru/search/?query=KALASH_RATATATATATA;KALASH_RATATATATATA;snoop;;;
0;0.707;possible_same_person;1512964126;𝑠ℎ𝑎𝑑𝑜𝑤;KALASH_RATATATATATA;Пустота;Forum_Airliners;https://www.airliners.net/user/KALASH_RATATATATATA/profile/photos;KALASH_RATATATATATA;snoop;;;auto_label: url username differs from telegram username
0;0.718;possible_same_person;1512964126;𝑠ℎ𝑎𝑑𝑜𝑤;KALASH_RATATATATATA;Пустота;Forum_javaprogramming;https://www.javaprogrammingforums.com/members/KALASH_RATATATATATA.html;KALASH_RATATATATATA;snoop;;;auto_label: url username differs from telegram username
;0.718;possible_same_person;1512964126;𝑠ℎ𝑎𝑑𝑜𝑤;KALASH_RATATATATATA;Пустота;Paypal;https://www.paypal.com/paypalme/KALASH_RATATATATATA;KALASH_RATATATATATA;snoop;;;
0;0.718;possible_same_person;1512964126;𝑠ℎ𝑎𝑑𝑜𝑤;KALASH_RATATATATATA;Пустота;Planetaexcel;https://www.planetaexcel.ru/forum/index.php?PAGE_NAME=profile_view&UID=KALASH_RATATATATATA;KALASH_RATATATATATA;snoop;;;auto_label: url username differs from telegram username
;0.718;possible_same_person;1512964126;𝑠ℎ𝑎𝑑𝑜𝑤;KALASH_RATATATATATA;Пустота;Sports;https://www.sports.ru/search/?query=KALASH_RATATATATATA;KALASH_RATATATATATA;snoop;;;
1;0.718;possible_same_person;1512964126;𝑠ℎ𝑎𝑑𝑜𝑤;KALASH_RATATATATATA;Пустота;Telegram;https://t.me/KALASH_RATATATATATA;KALASH_RATATATATATA;snoop;;;auto_label: exact Telegram username
;0.738;possible_same_person;1538871769;AD999666;c4fggg;;Bandcamp;https://www.bandcamp.com/c4fggg;c4fggg;snoop;;;
;0.738;possible_same_person;1538871769;AD999666;c4fggg;;DTF;https://dtf.ru/discovery?q=c4fggg;c4fggg;snoop;;;
0;0.727;possible_same_person;1538871769;AD999666;c4fggg;;Forum_Airliners;https://www.airliners.net/user/c4fggg/profile/photos;c4fggg;snoop;;;auto_label: url username differs from telegram username
;0.738;possible_same_person;1538871769;AD999666;c4fggg;;Paypal;https://www.paypal.com/paypalme/c4fggg;c4fggg;snoop;;;
0;0.738;possible_same_person;1538871769;AD999666;c4fggg;;Planetaexcel;https://www.planetaexcel.ru/forum/index.php?PAGE_NAME=profile_view&UID=c4fggg;c4fggg;snoop;;;auto_label: url username differs from telegram username
1;0.738;possible_same_person;1538871769;AD999666;c4fggg;;Telegram;https://t.me/c4fggg;c4fggg;snoop;;;auto_label: exact Telegram username
;0.738;possible_same_person;1538871769;AD999666;c4fggg;;VC;https://vc.ru/discovery?q=c4fggg;c4fggg;snoop;;;
;0.8138;likely_same_person;1563898421;Murzikszn2🐱;Murziksn2;;Bandcamp;https://www.bandcamp.com/Murziksn2;Murziksn2;snoop;;;
0;0.8028;likely_same_person;1563898421;Murzikszn2🐱;Murziksn2;;Forum_Airliners;https://www.airliners.net/user/Murziksn2/profile/photos;Murziksn2;snoop;;;auto_label: url username differs from telegram username
0;0.8138;likely_same_person;1563898421;Murzikszn2🐱;Murziksn2;;Forum_javaprogramming;https://www.javaprogrammingforums.com/members/Murziksn2.html;Murziksn2;snoop;;;auto_label: url username differs from telegram username
;0.8138;likely_same_person;1563898421;Murzikszn2🐱;Murziksn2;;Paypal;https://www.paypal.com/paypalme/Murziksn2;Murziksn2;snoop;;;
0;0.8138;likely_same_person;1563898421;Murzikszn2🐱;Murziksn2;;Planetaexcel;https://www.planetaexcel.ru/forum/index.php?PAGE_NAME=profile_view&UID=Murziksn2;Murziksn2;snoop;;;auto_label: url username differs from telegram username
1;0.8138;likely_same_person;1563898421;Murzikszn2🐱;Murziksn2;;Telegram;https://t.me/Murziksn2;Murziksn2;snoop;;;auto_label: high-confidence exact username on reliable site
;0.748;possible_same_person;1564892277;𝑪×𝑺 🐮 🕸️⁶⁹really?🕸️ | ˡᶜ ☾;vebxijebdk;;Bandcamp;https://www.bandcamp.com/vebxijebdk;vebxijebdk;snoop;;;
0;0.737;possible_same_person;1564892277;𝑪×𝑺 🐮 🕸️⁶⁹really?🕸️ | ˡᶜ ☾;vebxijebdk;;Forum_Airliners;https://www.airliners.net/user/vebxijebdk/profile/photos;vebxijebdk;snoop;;;auto_label: url username differs from telegram username
0;0.748;possible_same_person;1564892277;𝑪×𝑺 🐮 🕸️⁶⁹really?🕸️ | ˡᶜ ☾;vebxijebdk;;Forum_javaprogramming;https://www.javaprogrammingforums.com/members/vebxijebdk.html;vebxijebdk;snoop;;;auto_label: url username differs from telegram username
;0.748;possible_same_person;1564892277;𝑪×𝑺 🐮 🕸️⁶⁹really?🕸️ | ˡᶜ ☾;vebxijebdk;;Paypal;https://www.paypal.com/paypalme/vebxijebdk;vebxijebdk;snoop;;;
0;0.748;possible_same_person;1564892277;𝑪×𝑺 🐮 🕸️⁶⁹really?🕸️ | ˡᶜ ☾;vebxijebdk;;Planetaexcel;https://www.planetaexcel.ru/forum/index.php?PAGE_NAME=profile_view&UID=vebxijebdk;vebxijebdk;snoop;;;auto_label: url username differs from telegram username
1;0.748;possible_same_person;1564892277;𝑪×𝑺 🐮 🕸️⁶⁹really?🕸️ | ˡᶜ ☾;vebxijebdk;;Telegram;https://t.me/vebxijebdk;vebxijebdk;snoop;;;auto_label: exact Telegram username
;0.738;possible_same_person;1601289333;маня;sidikmvv;;Bandcamp;https://www.bandcamp.com/sidikmvv;sidikmvv;snoop;;;
0;0.727;possible_same_person;1601289333;маня;sidikmvv;;Forum_Airliners;https://www.airliners.net/user/sidikmvv/profile/photos;sidikmvv;snoop;;;auto_label: url username differs from telegram username
0;0.738;possible_same_person;1601289333;маня;sidikmvv;;Forum_javaprogramming;https://www.javaprogrammingforums.com/members/sidikmvv.html;sidikmvv;snoop;;;auto_label: url username differs from telegram username
;0.738;possible_same_person;1601289333;маня;sidikmvv;;Paypal;https://www.paypal.com/paypalme/sidikmvv;sidikmvv;snoop;;;
0;0.738;possible_same_person;1601289333;маня;sidikmvv;;Planetaexcel;https://www.planetaexcel.ru/forum/index.php?PAGE_NAME=profile_view&UID=sidikmvv;sidikmvv;snoop;;;auto_label: url username differs from telegram username
;0.738;possible_same_person;1601289333;маня;sidikmvv;;Radiokot;https://www.radiokot.ru/forum/search.php?keywords=&terms=all&author=sidikmvv;sidikmvv;snoop;;;
1;0.738;possible_same_person;1601289333;маня;sidikmvv;;Telegram;https://t.me/sidikmvv;sidikmvv;snoop;;;auto_label: exact Telegram username
;0.7609;likely_same_person;1606325388;Sever(⁠⁠㉨⁠⁠);solnze203;что-нибудь о себе...;Bandcamp;https://www.bandcamp.com/solnze203;solnze203;snoop;;;
0;0.7499;possible_same_person;1606325388;Sever(⁠⁠㉨⁠⁠);solnze203;что-нибудь о себе...;Forum_Airliners;https://www.airliners.net/user/solnze203/profile/photos;solnze203;snoop;;;auto_label: url username differs from telegram username
0;0.7609;likely_same_person;1606325388;Sever(⁠⁠㉨⁠⁠);solnze203;что-нибудь о себе...;Forum_javaprogramming;https://www.javaprogrammingforums.com/members/solnze203.html;solnze203;snoop;;;auto_label: url username differs from telegram username
;0.7609;likely_same_person;1606325388;Sever(⁠⁠㉨⁠⁠);solnze203;что-нибудь о себе...;Paypal;https://www.paypal.com/paypalme/solnze203;solnze203;snoop;;;
;0.7504;likely_same_person;1606325388;Sever(⁠⁠㉨⁠⁠);solnze203;что-нибудь о себе...;Pinterest;https://www.pinterest.com/solnze203/;solnze203;snoop;;;
0;0.7609;likely_same_person;1606325388;Sever(⁠⁠㉨⁠⁠);solnze203;что-нибудь о себе...;Planetaexcel;https://www.planetaexcel.ru/forum/index.php?PAGE_NAME=profile_view&UID=solnze203;solnze203;snoop;;;auto_label: url username differs from telegram username
;0.7609;likely_same_person;1606325388;Sever(⁠⁠㉨⁠⁠);solnze203;что-нибудь о себе...;Radiokot;https://www.radiokot.ru/forum/search.php?keywords=&terms=all&author=solnze203;solnze203;snoop;;;
1;0.7609;likely_same_person;1606325388;Sever(⁠⁠㉨⁠⁠);solnze203;что-нибудь о себе...;Telegram;https://t.me/solnze203;solnze203;snoop;;;auto_label: exact Telegram username
;0.7547;likely_same_person;1618761074;:v;krutiwkaa;@MyStarsX https://t.me/patrickstarsrobot?start=1618761074;Bandcamp;https://www.bandcamp.com/krutiwkaa;krutiwkaa;snoop;;;
0;0.7437;possible_same_person;1618761074;:v;krutiwkaa;@MyStarsX https://t.me/patrickstarsrobot?start=1618761074;Forum_Airliners;https://www.airliners.net/user/krutiwkaa/profile/photos;krutiwkaa;snoop;;;auto_label: url username differs from telegram username
0;0.7547;likely_same_person;1618761074;:v;krutiwkaa;@MyStarsX https://t.me/patrickstarsrobot?start=1618761074;Forum_javaprogramming;https://www.javaprogrammingforums.com/members/krutiwkaa.html;krutiwkaa;snoop;;;auto_label: url username differs from telegram username
0;0.7547;likely_same_person;1618761074;:v;krutiwkaa;@MyStarsX https://t.me/patrickstarsrobot?start=1618761074;Mail_ru_email;https://account.mail.ru/login?&fail=1&email=krutiwkaa%40mail.ru;krutiwkaa;snoop;;;auto_label: url username differs from telegram username
;0.7547;likely_same_person;1618761074;:v;krutiwkaa;@MyStarsX https://t.me/patrickstarsrobot?start=1618761074;Paypal;https://www.paypal.com/paypalme/krutiwkaa;krutiwkaa;snoop;;;
0;0.7547;likely_same_person;1618761074;:v;krutiwkaa;@MyStarsX https://t.me/patrickstarsrobot?start=1618761074;Planetaexcel;https://www.planetaexcel.ru/forum/index.php?PAGE_NAME=profile_view&UID=krutiwkaa;krutiwkaa;snoop;;;auto_label: url username differs from telegram username
;0.7547;likely_same_person;1618761074;:v;krutiwkaa;@MyStarsX https://t.me/patrickstarsrobot?start=1618761074;Radiokot;https://www.radiokot.ru/forum/search.php?keywords=&terms=all&author=krutiwkaa;krutiwkaa;snoop;;;
1;0.7713;likely_same_person;1618761074;:v;krutiwkaa;@MyStarsX https://t.me/patrickstarsrobot?start=1618761074;Telegram;https://t.me/krutiwkaa;krutiwkaa;snoop;;;auto_label: exact Telegram username
;0.738;possible_same_person;1623743117;Парен☢️;Paryadka;;Bandcamp;https://www.bandcamp.com/Paryadka;Paryadka;snoop;;;
;0.738;possible_same_person;1623743117;Парен☢️;Paryadka;;DTF;https://dtf.ru/discovery?q=Paryadka;Paryadka;snoop;;;
;0.738;possible_same_person;1623743117;Парен☢️;Paryadka;;Duolingo;https://www.duolingo.com/profile/Paryadka;Paryadka;snoop;;;
0;0.727;possible_same_person;1623743117;Парен☢️;Paryadka;;Forum_Airliners;https://www.airliners.net/user/Paryadka/profile/photos;Paryadka;snoop;;;auto_label: url username differs from telegram username
0;0.738;possible_same_person;1623743117;Парен☢️;Paryadka;;Forum_javaprogramming;https://www.javaprogrammingforums.com/members/Paryadka.html;Paryadka;snoop;;;auto_label: url username differs from telegram username
0;0.738;possible_same_person;1623743117;Парен☢️;Paryadka;;Mail_ru_email;https://account.mail.ru/login?&fail=1&email=Paryadka%40mail.ru;Paryadka;snoop;;;auto_label: url username differs from telegram username
;0.738;possible_same_person;1623743117;Парен☢️;Paryadka;;Paypal;https://www.paypal.com/paypalme/Paryadka;Paryadka;snoop;;;
0;0.738;possible_same_person;1623743117;Парен☢️;Paryadka;;Planetaexcel;https://www.planetaexcel.ru/forum/index.php?PAGE_NAME=profile_view&UID=Paryadka;Paryadka;snoop;;;auto_label: url username differs from telegram username
;0.738;possible_same_person;1623743117;Парен☢️;Paryadka;;Radiokot;https://www.radiokot.ru/forum/search.php?keywords=&terms=all&author=Paryadka;Paryadka;snoop;;;
;0.738;possible_same_person;1623743117;Парен☢️;Paryadka;;Snapchat;https://www.snapchat.com/add/Paryadka;Paryadka;snoop;;;
1;0.738;possible_same_person;1623743117;Парен☢️;Paryadka;;Telegram;https://t.me/Paryadka;Paryadka;snoop;;;auto_label: exact Telegram username
;0.738;possible_same_person;1623743117;Парен☢️;Paryadka;;VC;https://vc.ru/discovery?q=Paryadka;Paryadka;snoop;;;
;0.7513;likely_same_person;1627727512;Serop;Bylypai;Ку-ку epta;Bandcamp;https://www.bandcamp.com/Bylypai;Bylypai;snoop;;;
0;0.7403;possible_same_person;1627727512;Serop;Bylypai;Ку-ку epta;Forum_Airliners;https://www.airliners.net/user/Bylypai/profile/photos;Bylypai;snoop;;;auto_label: url username differs from telegram username
0;0.7513;likely_same_person;1627727512;Serop;Bylypai;Ку-ку epta;Forum_javaprogramming;https://www.javaprogrammingforums.com/members/Bylypai.html;Bylypai;snoop;;;auto_label: url username differs from telegram username
0;0.7513;likely_same_person;1627727512;Serop;Bylypai;Ку-ку epta;Mail_ru_email;https://account.mail.ru/login?&fail=1&email=Bylypai%40mail.ru;Bylypai;snoop;;;auto_label: url username differs from telegram username
;0.7513;likely_same_person;1627727512;Serop;Bylypai;Ку-ку epta;Paypal;https://www.paypal.com/paypalme/Bylypai;Bylypai;snoop;;;
0;0.7513;likely_same_person;1627727512;Serop;Bylypai;Ку-ку epta;Planetaexcel;https://www.planetaexcel.ru/forum/index.php?PAGE_NAME=profile_view&UID=Bylypai;Bylypai;snoop;;;auto_label: url username differs from telegram username
1;0.7513;likely_same_person;1627727512;Serop;Bylypai;Ку-ку epta;Telegram;https://t.me/Bylypai;Bylypai;snoop;;;auto_label: exact Telegram username
;0.738;possible_same_person;1635092421;ꪒꪊꪒꪊ益. 🄳🄾🅄🄱🄻🄴 12.;cmonwilli;🅺꤯꤈꤈ or 🄼🄰🅁🅁🅈 or ӄ꤯᥉🆂;Bandcamp;https://www.bandcamp.com/cmonwilli;cmonwilli;snoop;;;
0;0.727;possible_same_person;1635092421;ꪒꪊꪒꪊ益. 🄳🄾🅄🄱🄻🄴 12.;cmonwilli;🅺꤯꤈꤈ or 🄼🄰🅁🅁🅈 or ӄ꤯᥉🆂;Forum_Airliners;https://www.airliners.net/user/cmonwilli/profile/photos;cmonwilli;snoop;;;auto_label: url username differs from telegram username
0;0.738;possible_same_person;1635092421;ꪒꪊꪒꪊ益. 🄳🄾🅄🄱🄻🄴 12.;cmonwilli;🅺꤯꤈꤈ or 🄼🄰🅁🅁🅈 or ӄ꤯᥉🆂;Forum_javaprogramming;https://www.javaprogrammingforums.com/members/cmonwilli.html;cmonwilli;snoop;;;auto_label: url username differs from telegram username
0;0.738;possible_same_person;1635092421;ꪒꪊꪒꪊ益. 🄳🄾🅄🄱🄻🄴 12.;cmonwilli;🅺꤯꤈꤈ or 🄼🄰🅁🅁🅈 or ӄ꤯᥉🆂;Mail_ru_email;https://account.mail.ru/login?&fail=1&email=cmonwilli%40mail.ru;cmonwilli;snoop;;;auto_label: url username differs from telegram username
;0.738;possible_same_person;1635092421;ꪒꪊꪒꪊ益. 🄳🄾🅄🄱🄻🄴 12.;cmonwilli;🅺꤯꤈꤈ or 🄼🄰🅁🅁🅈 or ӄ꤯᥉🆂;Paypal;https://www.paypal.com/paypalme/cmonwilli;cmonwilli;snoop;;;
0;0.738;possible_same_person;1635092421;ꪒꪊꪒꪊ益. 🄳🄾🅄🄱🄻🄴 12.;cmonwilli;🅺꤯꤈꤈ or 🄼🄰🅁🅁🅈 or ӄ꤯᥉🆂;Planetaexcel;https://www.planetaexcel.ru/forum/index.php?PAGE_NAME=profile_view&UID=cmonwilli;cmonwilli;snoop;;;auto_label: url username differs from telegram username
1;0.738;possible_same_person;1635092421;ꪒꪊꪒꪊ益. 🄳🄾🅄🄱🄻🄴 12.;cmonwilli;🅺꤯꤈꤈ or 🄼🄰🅁🅁🅈 or ӄ꤯᥉🆂;Telegram;https://t.me/cmonwilli;cmonwilli;snoop;;;auto_label: exact Telegram username
;0.7415;possible_same_person;1635092421;ꪒꪊꪒꪊ益. 🄳🄾🅄🄱🄻🄴 12.;cmonwilli;🅺꤯꤈꤈ or 🄼🄰🅁🅁🅈 or ӄ꤯᥉🆂;Twitter;https://x.com/cmonwilli;cmonwilli;snoop;;;
;0.738;possible_same_person;1691921289;💅;viksterr01;;Bandcamp;https://www.bandcamp.com/viksterr01;viksterr01;snoop;;;
0;0.727;possible_same_person;1691921289;💅;viksterr01;;Forum_Airliners;https://www.airliners.net/user/viksterr01/profile/photos;viksterr01;snoop;;;auto_label: url username differs from telegram username
0;0.738;possible_same_person;1691921289;💅;viksterr01;;Forum_javaprogramming;https://www.javaprogrammingforums.com/members/viksterr01.html;viksterr01;snoop;;;auto_label: url username differs from telegram username
0;0.738;possible_same_person;1691921289;💅;viksterr01;;Mail_ru_email;https://account.mail.ru/login?&fail=1&email=viksterr01%40mail.ru;viksterr01;snoop;;;auto_label: url username differs from telegram username
;0.738;possible_same_person;1691921289;💅;viksterr01;;Paypal;https://www.paypal.com/paypalme/viksterr01;viksterr01;snoop;;;
0;0.738;possible_same_person;1691921289;💅;viksterr01;;Planetaexcel;https://www.planetaexcel.ru/forum/index.php?PAGE_NAME=profile_view&UID=viksterr01;viksterr01;snoop;;;auto_label: url username differs from telegram username
;0.738;possible_same_person;1691921289;💅;viksterr01;;Radiokot;https://www.radiokot.ru/forum/search.php?keywords=&terms=all&author=viksterr01;viksterr01;snoop;;;
1;0.738;possible_same_person;1691921289;💅;viksterr01;;Telegram;https://t.me/viksterr01;viksterr01;snoop;;;auto_label: exact Telegram username
;0.7525;likely_same_person;1707825630;vlad;Bshidow;;Bandcamp;https://www.bandcamp.com/Bshidow;Bshidow;snoop;;;
0;0.7415;possible_same_person;1707825630;vlad;Bshidow;;Forum_Airliners;https://www.airliners.net/user/Bshidow/profile/photos;Bshidow;snoop;;;auto_label: url username differs from telegram username
0;0.7525;likely_same_person;1707825630;vlad;Bshidow;;Forum_javaprogramming;https://www.javaprogrammingforums.com/members/Bshidow.html;Bshidow;snoop;;;auto_label: url username differs from telegram username
;0.7525;likely_same_person;1707825630;vlad;Bshidow;;Kwork;https://kwork.ru/user/Bshidow;Bshidow;snoop;;;
0;0.7525;likely_same_person;1707825630;vlad;Bshidow;;Mail_ru_email;https://account.mail.ru/login?&fail=1&email=Bshidow%40mail.ru;Bshidow;snoop;;;auto_label: url username differs from telegram username
;0.7525;likely_same_person;1707825630;vlad;Bshidow;;Paypal;https://www.paypal.com/paypalme/Bshidow;Bshidow;snoop;;;
0;0.7525;likely_same_person;1707825630;vlad;Bshidow;;Planetaexcel;https://www.planetaexcel.ru/forum/index.php?PAGE_NAME=profile_view&UID=Bshidow;Bshidow;snoop;;;auto_label: url username differs from telegram username
1;0.7525;likely_same_person;1707825630;vlad;Bshidow;;Telegram;https://t.me/Bshidow;Bshidow;snoop;;;auto_label: exact Telegram username
;0.756;likely_same_person;1707825630;vlad;Bshidow;;Twitter;https://x.com/Bshidow;Bshidow;snoop;;;
;0.738;possible_same_person;1716792484;ⲥⲟⲕⲟⲗёⲏⲟⲕ;Misusho;777, #子猫. — ϶ᴛᴏ ɜнᴀчиᴛ чᴛᴏ ʍнᴇ ᴛᴀᴋ ɜᴀхᴏᴛᴇᴧᴏᴄь и ничᴇᴦᴏ бᴏᴧᴇᴇ .;Bandcamp;https://www.bandcamp.com/Misusho;Misusho;snoop;;;
;0.727;possible_same_person;1716792484;ⲥⲟⲕⲟⲗёⲏⲟⲕ;Misusho;777, #子猫. — ϶ᴛᴏ ɜнᴀчиᴛ чᴛᴏ ʍнᴇ ᴛᴀᴋ ɜᴀхᴏᴛᴇᴧᴏᴄь и ничᴇᴦᴏ бᴏᴧᴇᴇ .;Blogger;https://Misusho.blogspot.com;Misusho;snoop;;;
;0.738;possible_same_person;1716792484;ⲥⲟⲕⲟⲗёⲏⲟⲕ;Misusho;777, #子猫. — ϶ᴛᴏ ɜнᴀчиᴛ чᴛᴏ ʍнᴇ ᴛᴀᴋ ɜᴀхᴏᴛᴇᴧᴏᴄь и ничᴇᴦᴏ бᴏᴧᴇᴇ .;Disqus;https://disqus.com/Misusho;Misusho;snoop;;;
;0.738;possible_same_person;1716792484;ⲥⲟⲕⲟⲗёⲏⲟⲕ;Misusho;777, #子猫. — ϶ᴛᴏ ɜнᴀчиᴛ чᴛᴏ ʍнᴇ ᴛᴀᴋ ɜᴀхᴏᴛᴇᴧᴏᴄь и ничᴇᴦᴏ бᴏᴧᴇᴇ .;Duolingo;https://www.duolingo.com/profile/Misusho;Misusho;snoop;;;
0;0.727;possible_same_person;1716792484;ⲥⲟⲕⲟⲗёⲏⲟⲕ;Misusho;777, #子猫. — ϶ᴛᴏ ɜнᴀчиᴛ чᴛᴏ ʍнᴇ ᴛᴀᴋ ɜᴀхᴏᴛᴇᴧᴏᴄь и ничᴇᴦᴏ бᴏᴧᴇᴇ .;Forum_Airliners;https://www.airliners.net/user/Misusho/profile/photos;Misusho;snoop;;;auto_label: url username differs from telegram username
0;0.738;possible_same_person;1716792484;ⲥⲟⲕⲟⲗёⲏⲟⲕ;Misusho;777, #子猫. — ϶ᴛᴏ ɜнᴀчиᴛ чᴛᴏ ʍнᴇ ᴛᴀᴋ ɜᴀхᴏᴛᴇᴧᴏᴄь и ничᴇᴦᴏ бᴏᴧᴇᴇ .;Mail_ru_email;https://account.mail.ru/login?&fail=1&email=Misusho%40mail.ru;Misusho;snoop;;;auto_label: url username differs from telegram username
;0.738;possible_same_person;1716792484;ⲥⲟⲕⲟⲗёⲏⲟⲕ;Misusho;777, #子猫. — ϶ᴛᴏ ɜнᴀчиᴛ чᴛᴏ ʍнᴇ ᴛᴀᴋ ɜᴀхᴏᴛᴇᴧᴏᴄь и ничᴇᴦᴏ бᴏᴧᴇᴇ .;Paypal;https://www.paypal.com/paypalme/Misusho;Misusho;snoop;;;
;0.7275;possible_same_person;1716792484;ⲥⲟⲕⲟⲗёⲏⲟⲕ;Misusho;777, #子猫. — ϶ᴛᴏ ɜнᴀчиᴛ чᴛᴏ ʍнᴇ ᴛᴀᴋ ɜᴀхᴏᴛᴇᴧᴏᴄь и ничᴇᴦᴏ бᴏᴧᴇᴇ .;Pinterest;https://www.pinterest.com/Misusho/;Misusho;snoop;;;
0;0.738;possible_same_person;1716792484;ⲥⲟⲕⲟⲗёⲏⲟⲕ;Misusho;777, #子猫. — ϶ᴛᴏ ɜнᴀчиᴛ чᴛᴏ ʍнᴇ ᴛᴀᴋ ɜᴀхᴏᴛᴇᴧᴏᴄь и ничᴇᴦᴏ бᴏᴧᴇᴇ .;Planetaexcel;https://www.planetaexcel.ru/forum/index.php?PAGE_NAME=profile_view&UID=Misusho;Misusho;snoop;;;auto_label: url username differs from telegram username
;0.738;possible_same_person;1716792484;ⲥⲟⲕⲟⲗёⲏⲟⲕ;Misusho;777, #子猫. — ϶ᴛᴏ ɜнᴀчиᴛ чᴛᴏ ʍнᴇ ᴛᴀᴋ ɜᴀхᴏᴛᴇᴧᴏᴄь и ничᴇᴦᴏ бᴏᴧᴇᴇ .;Radiokot;https://www.radiokot.ru/forum/search.php?keywords=&terms=all&author=Misusho;Misusho;snoop;;;
;0.738;possible_same_person;1716792484;ⲥⲟⲕⲟⲗёⲏⲟⲕ;Misusho;777, #子猫. — ϶ᴛᴏ ɜнᴀчиᴛ чᴛᴏ ʍнᴇ ᴛᴀᴋ ɜᴀхᴏᴛᴇᴧᴏᴄь и ничᴇᴦᴏ бᴏᴧᴇᴇ .;Snapchat;https://www.snapchat.com/add/Misusho;Misusho;snoop;;;
1;0.738;possible_same_person;1716792484;ⲥⲟⲕⲟⲗёⲏⲟⲕ;Misusho;777, #子猫. — ϶ᴛᴏ ɜнᴀчиᴛ чᴛᴏ ʍнᴇ ᴛᴀᴋ ɜᴀхᴏᴛᴇᴧᴏᴄь и ничᴇᴦᴏ бᴏᴧᴇᴇ .;Telegram;https://t.me/Misusho;Misusho;snoop;;;auto_label: exact Telegram username
;0.7415;possible_same_person;1716792484;ⲥⲟⲕⲟⲗёⲏⲟⲕ;Misusho;777, #子猫. — ϶ᴛᴏ ɜнᴀчиᴛ чᴛᴏ ʍнᴇ ᴛᴀᴋ ɜᴀхᴏᴛᴇᴧᴏᴄь и ничᴇᴦᴏ бᴏᴧᴇᴇ .;Twitter;https://x.com/Misusho;Misusho;snoop;;;
;0.738;possible_same_person;1716792484;ⲥⲟⲕⲟⲗёⲏⲟⲕ;Misusho;777, #子猫. — ϶ᴛᴏ ɜнᴀчиᴛ чᴛᴏ ʍнᴇ ᴛᴀᴋ ɜᴀхᴏᴛᴇᴧᴏᴄь и ничᴇᴦᴏ бᴏᴧᴇᴇ .;VC;https://vc.ru/discovery?q=Misusho;Misusho;snoop;;;
;0.738;possible_same_person;1726950785;⁬⁯⁬⁯⁬⁯⁬⁯⁬⁯⁬⁯⁬⁯⁬⁯⁬⁯⁬⁯⁬⁯⁬⁯⁬⁯⁬⁯⁬⁯⁬⁯⁬⁯⁬⁯⁬;xaxaxassq;;Bandcamp;https://www.bandcamp.com/xaxaxassq;xaxaxassq;snoop;;;
0;0.727;possible_same_person;1726950785;⁬⁯⁬⁯⁬⁯⁬⁯⁬⁯⁬⁯⁬⁯⁬⁯⁬⁯⁬⁯⁬⁯⁬⁯⁬⁯⁬⁯⁬⁯⁬⁯⁬⁯⁬⁯⁬;xaxaxassq;;Forum_Airliners;https://www.airliners.net/user/xaxaxassq/profile/photos;xaxaxassq;snoop;;;auto_label: url username differs from telegram username
0;0.738;possible_same_person;1726950785;⁬⁯⁬⁯⁬⁯⁬⁯⁬⁯⁬⁯⁬⁯⁬⁯⁬⁯⁬⁯⁬⁯⁬⁯⁬⁯⁬⁯⁬⁯⁬⁯⁬⁯⁬⁯⁬;xaxaxassq;;Mail_ru_email;https://account.mail.ru/login?&fail=1&email=xaxaxassq%40mail.ru;xaxaxassq;snoop;;;auto_label: url username differs from telegram username
;0.738;possible_same_person;1726950785;⁬⁯⁬⁯⁬⁯⁬⁯⁬⁯⁬⁯⁬⁯⁬⁯⁬⁯⁬⁯⁬⁯⁬⁯⁬⁯⁬⁯⁬⁯⁬⁯⁬⁯⁬⁯⁬;xaxaxassq;;Paypal;https://www.paypal.com/paypalme/xaxaxassq;xaxaxassq;snoop;;;
0;0.738;possible_same_person;1726950785;⁬⁯⁬⁯⁬⁯⁬⁯⁬⁯⁬⁯⁬⁯⁬⁯⁬⁯⁬⁯⁬⁯⁬⁯⁬⁯⁬⁯⁬⁯⁬⁯⁬⁯⁬⁯⁬;xaxaxassq;;Planetaexcel;https://www.planetaexcel.ru/forum/index.php?PAGE_NAME=profile_view&UID=xaxaxassq;xaxaxassq;snoop;;;auto_label: url username differs from telegram username
1;0.738;possible_same_person;1726950785;⁬⁯⁬⁯⁬⁯⁬⁯⁬⁯⁬⁯⁬⁯⁬⁯⁬⁯⁬⁯⁬⁯⁬⁯⁬⁯⁬⁯⁬⁯⁬⁯⁬⁯⁬⁯⁬;xaxaxassq;;Telegram;https://t.me/xaxaxassq;xaxaxassq;snoop;;;auto_label: exact Telegram username
;0.818;likely_same_person;1730717757;thefr0zinax;thefr0zinax;хз;Bandcamp;https://www.bandcamp.com/thefr0zinax;thefr0zinax;snoop;;;
0;0.807;likely_same_person;1730717757;thefr0zinax;thefr0zinax;хз;Forum_Airliners;https://www.airliners.net/user/thefr0zinax/profile/photos;thefr0zinax;snoop;;;auto_label: url username differs from telegram username
0;0.818;likely_same_person;1730717757;thefr0zinax;thefr0zinax;хз;Forum_javaprogramming;https://www.javaprogrammingforums.com/members/thefr0zinax.html;thefr0zinax;snoop;;;auto_label: url username differs from telegram username
0;0.818;likely_same_person;1730717757;thefr0zinax;thefr0zinax;хз;Mail_ru_email;https://account.mail.ru/login?&fail=1&email=thefr0zinax%40mail.ru;thefr0zinax;snoop;;;auto_label: url username differs from telegram username
;0.818;likely_same_person;1730717757;thefr0zinax;thefr0zinax;хз;Paypal;https://www.paypal.com/paypalme/thefr0zinax;thefr0zinax;snoop;;;
0;0.818;likely_same_person;1730717757;thefr0zinax;thefr0zinax;хз;Planetaexcel;https://www.planetaexcel.ru/forum/index.php?PAGE_NAME=profile_view&UID=thefr0zinax;thefr0zinax;snoop;;;auto_label: url username differs from telegram username
1;0.818;likely_same_person;1730717757;thefr0zinax;thefr0zinax;хз;Telegram;https://t.me/thefr0zinax;thefr0zinax;snoop;;;auto_label: high-confidence exact username on reliable site
;0.738;possible_same_person;1744139325;Азамат;Azamat_280311;;Bandcamp;https://www.bandcamp.com/Azamat_280311;Azamat_280311;snoop;;;
;0.738;possible_same_person;1744139325;Азамат;Azamat_280311;;Cyber_sports;https://cyber.sports.ru/search/?query=Azamat_280311;Azamat_280311;snoop;;;
0;0.727;possible_same_person;1744139325;Азамат;Azamat_280311;;Forum_Airliners;https://www.airliners.net/user/Azamat_280311/profile/photos;Azamat_280311;snoop;;;auto_label: url username differs from telegram username
0;0.738;possible_same_person;1744139325;Азамат;Azamat_280311;;Forum_javaprogramming;https://www.javaprogrammingforums.com/members/Azamat_280311.html;Azamat_280311;snoop;;;auto_label: url username differs from telegram username
0;0.738;possible_same_person;1744139325;Азамат;Azamat_280311;;Mail_ru_email;https://account.mail.ru/login?&fail=1&email=Azamat_280311%40mail.ru;Azamat_280311;snoop;;;auto_label: url username differs from telegram username
;0.738;possible_same_person;1744139325;Азамат;Azamat_280311;;Paypal;https://www.paypal.com/paypalme/Azamat_280311;Azamat_280311;snoop;;;
0;0.738;possible_same_person;1744139325;Азамат;Azamat_280311;;Planetaexcel;https://www.planetaexcel.ru/forum/index.php?PAGE_NAME=profile_view&UID=Azamat_280311;Azamat_280311;snoop;;;auto_label: url username differs from telegram username
;0.738;possible_same_person;1744139325;Азамат;Azamat_280311;;Radiokot;https://www.radiokot.ru/forum/search.php?keywords=&terms=all&author=Azamat_280311;Azamat_280311;snoop;;;
;0.738;possible_same_person;1744139325;Азамат;Azamat_280311;;Sports;https://www.sports.ru/search/?query=Azamat_280311;Azamat_280311;snoop;;;
1;0.738;possible_same_person;1744139325;Азамат;Azamat_280311;;Telegram;https://t.me/Azamat_280311;Azamat_280311;snoop;;;auto_label: exact Telegram username
;0.745;possible_same_person;1777346251;Unnecessary ♱;hateexisting;Maybe in another life I'll live to be 20.;Bandcamp;https://www.bandcamp.com/hateexisting;hateexisting;snoop;;;
;0.734;possible_same_person;1777346251;Unnecessary ♱;hateexisting;Maybe in another life I'll live to be 20.;DeviantART;https://hateexisting.deviantart.com;hateexisting;snoop;;;
0;0.734;possible_same_person;1777346251;Unnecessary ♱;hateexisting;Maybe in another life I'll live to be 20.;Forum_Airliners;https://www.airliners.net/user/hateexisting/profile/photos;hateexisting;snoop;;;auto_label: url username differs from telegram username
0;0.745;possible_same_person;1777346251;Unnecessary ♱;hateexisting;Maybe in another life I'll live to be 20.;Forum_javaprogramming;https://www.javaprogrammingforums.com/members/hateexisting.html;hateexisting;snoop;;;auto_label: url username differs from telegram username
;0.745;possible_same_person;1777346251;Unnecessary ♱;hateexisting;Maybe in another life I'll live to be 20.;Imgur;https://imgur.com/user/hateexisting;hateexisting;snoop;;;
0;0.745;possible_same_person;1777346251;Unnecessary ♱;hateexisting;Maybe in another life I'll live to be 20.;Mail_ru_email;https://account.mail.ru/login?&fail=1&email=hateexisting%40mail.ru;hateexisting;snoop;;;auto_label: url username differs from telegram username
;0.745;possible_same_person;1777346251;Unnecessary ♱;hateexisting;Maybe in another life I'll live to be 20.;Paypal;https://www.paypal.com/paypalme/hateexisting;hateexisting;snoop;;;
;0.7345;possible_same_person;1777346251;Unnecessary ♱;hateexisting;Maybe in another life I'll live to be 20.;Pinterest;https://www.pinterest.com/hateexisting/;hateexisting;snoop;;;
0;0.745;possible_same_person;1777346251;Unnecessary ♱;hateexisting;Maybe in another life I'll live to be 20.;Planetaexcel;https://www.planetaexcel.ru/forum/index.php?PAGE_NAME=profile_view&UID=hateexisting;hateexisting;snoop;;;auto_label: url username differs from telegram username
;0.745;possible_same_person;1777346251;Unnecessary ♱;hateexisting;Maybe in another life I'll live to be 20.;Radiokot;https://www.radiokot.ru/forum/search.php?keywords=&terms=all&author=hateexisting;hateexisting;snoop;;;
1;0.745;possible_same_person;1777346251;Unnecessary ♱;hateexisting;Maybe in another life I'll live to be 20.;Telegram;https://t.me/hateexisting;hateexisting;snoop;;;auto_label: exact Telegram username
;0.7485;possible_same_person;1777346251;Unnecessary ♱;hateexisting;Maybe in another life I'll live to be 20.;Twitter;https://x.com/hateexisting;hateexisting;snoop;;;
;0.7525;likely_same_person;1820703832;D♡;DarkKillua;Сильнее тебя я ещё не кого не любила♡ @Lizkalove21;Bandcamp;https://www.bandcamp.com/DarkKillua;DarkKillua;snoop;;;
;0.7415;possible_same_person;1820703832;D♡;DarkKillua;Сильнее тебя я ещё не кого не любила♡ @Lizkalove21;DeviantART;https://DarkKillua.deviantart.com;DarkKillua;snoop;;;
;0.7525;likely_same_person;1820703832;D♡;DarkKillua;Сильнее тебя я ещё не кого не любила♡ @Lizkalove21;Disqus;https://disqus.com/DarkKillua;DarkKillua;snoop;;;
;0.7525;likely_same_person;1820703832;D♡;DarkKillua;Сильнее тебя я ещё не кого не любила♡ @Lizkalove21;Duolingo;https://www.duolingo.com/profile/DarkKillua;DarkKillua;snoop;;;
0;0.7415;possible_same_person;1820703832;D♡;DarkKillua;Сильнее тебя я ещё не кого не любила♡ @Lizkalove21;Forum_Airliners;https://www.airliners.net/user/DarkKillua/profile/photos;DarkKillua;snoop;;;auto_label: url username differs from telegram username
;0.7525;likely_same_person;1820703832;D♡;DarkKillua;Сильнее тебя я ещё не кого не любила♡ @Lizkalove21;Imgur;https://imgur.com/user/DarkKillua;DarkKillua;snoop;;;
0;0.7525;likely_same_person;1820703832;D♡;DarkKillua;Сильнее тебя я ещё не кого не любила♡ @Lizkalove21;Mail_ru_email;https://account.mail.ru/login?&fail=1&email=DarkKillua%40mail.ru;DarkKillua;snoop;;;auto_label: url username differs from telegram username
;0.7525;likely_same_person;1820703832;D♡;DarkKillua;Сильнее тебя я ещё не кого не любила♡ @Lizkalove21;Paypal;https://www.paypal.com/paypalme/DarkKillua;DarkKillua;snoop;;;
;0.742;possible_same_person;1820703832;D♡;DarkKillua;Сильнее тебя я ещё не кого не любила♡ @Lizkalove21;Pinterest;https://www.pinterest.com/DarkKillua/;DarkKillua;snoop;;;
0;0.7525;likely_same_person;1820703832;D♡;DarkKillua;Сильнее тебя я ещё не кого не любила♡ @Lizkalove21;Planetaexcel;https://www.planetaexcel.ru/forum/index.php?PAGE_NAME=profile_view&UID=DarkKillua;DarkKillua;snoop;;;auto_label: url username differs from telegram username
;0.7525;likely_same_person;1820703832;D♡;DarkKillua;Сильнее тебя я ещё не кого не любила♡ @Lizkalove21;Pornhub;https://rt.pornhub.com/users/DarkKillua;DarkKillua;snoop;;;
;0.7525;likely_same_person;1820703832;D♡;DarkKillua;Сильнее тебя я ещё не кого не любила♡ @Lizkalove21;Radiokot;https://www.radiokot.ru/forum/search.php?keywords=&terms=all&author=DarkKillua;DarkKillua;snoop;;;
;0.7525;likely_same_person;1820703832;D♡;DarkKillua;Сильнее тебя я ещё не кого не любила♡ @Lizkalove21;Snapchat;https://www.snapchat.com/add/DarkKillua;DarkKillua;snoop;;;
;0.7525;likely_same_person;1820703832;D♡;DarkKillua;Сильнее тебя я ещё не кого не любила♡ @Lizkalove21;Steamcommunity;https://steamcommunity.com/id/DarkKillua;DarkKillua;snoop;;;
1;0.7525;likely_same_person;1820703832;D♡;DarkKillua;Сильнее тебя я ещё не кого не любила♡ @Lizkalove21;Telegram;https://t.me/DarkKillua;DarkKillua;snoop;;;auto_label: exact Telegram username
;0.7415;possible_same_person;1820703832;D♡;DarkKillua;Сильнее тебя я ещё не кого не любила♡ @Lizkalove21;Tumblr;https://DarkKillua.tumblr.com/;DarkKillua;snoop;;;
;0.756;likely_same_person;1820703832;D♡;DarkKillua;Сильнее тебя я ещё не кого не любила♡ @Lizkalove21;Twitter;https://x.com/DarkKillua;DarkKillua;snoop;;;
;0.7525;likely_same_person;1820703832;D♡;DarkKillua;Сильнее тебя я ещё не кого не любила♡ @Lizkalove21;YouTube;https://www.youtube.com/DarkKillua;DarkKillua;snoop;;;
;0.7004;possible_same_person;1836063419;darl1ixx #колесо_телеги;huuir;ПОПРОШАЙНИЧЕСТВО-ЧС❌ ПИШИТЕ ПО ДЕЛУ-ВЕРНУ ЗВЕЗДЫ ЗА СОО😁 ЕСЛИ Я ЧТО ТО ВЫИГРАЛ, ТО АДМИНАМ КАНАЛА ИЛИ ТЕМ КТО СКАЖЕТ ВЕРНУ ЗВЕЗДЫ🔥;Bandcamp;https://www.bandcamp.com/huuir;huuir;snoop;;;
;0.6894;possible_same_person;1836063419;darl1ixx #колесо_телеги;huuir;ПОПРОШАЙНИЧЕСТВО-ЧС❌ ПИШИТЕ ПО ДЕЛУ-ВЕРНУ ЗВЕЗДЫ ЗА СОО😁 ЕСЛИ Я ЧТО ТО ВЫИГРАЛ, ТО АДМИНАМ КАНАЛА ИЛИ ТЕМ КТО СКАЖЕТ ВЕРНУ ЗВЕЗДЫ🔥;Blogger;https://huuir.blogspot.com;huuir;snoop;;;
0;0.6894;possible_same_person;1836063419;darl1ixx #колесо_телеги;huuir;ПОПРОШАЙНИЧЕСТВО-ЧС❌ ПИШИТЕ ПО ДЕЛУ-ВЕРНУ ЗВЕЗДЫ ЗА СОО😁 ЕСЛИ Я ЧТО ТО ВЫИГРАЛ, ТО АДМИНАМ КАНАЛА ИЛИ ТЕМ КТО СКАЖЕТ ВЕРНУ ЗВЕЗДЫ🔥;Forum_Airliners;https://www.airliners.net/user/huuir/profile/photos;huuir;snoop;;;auto_label: url username differs from telegram username
0;0.7004;possible_same_person;1836063419;darl1ixx #колесо_телеги;huuir;ПОПРОШАЙНИЧЕСТВО-ЧС❌ ПИШИТЕ ПО ДЕЛУ-ВЕРНУ ЗВЕЗДЫ ЗА СОО😁 ЕСЛИ Я ЧТО ТО ВЫИГРАЛ, ТО АДМИНАМ КАНАЛА ИЛИ ТЕМ КТО СКАЖЕТ ВЕРНУ ЗВЕЗДЫ🔥;Forum_javaprogramming;https://www.javaprogrammingforums.com/members/huuir.html;huuir;snoop;;;auto_label: url username differs from telegram username
1;0.8154;likely_same_person;1836063419;darl1ixx #колесо_телеги;huuir;ПОПРОШАЙНИЧЕСТВО-ЧС❌ ПИШИТЕ ПО ДЕЛУ-ВЕРНУ ЗВЕЗДЫ ЗА СОО😁 ЕСЛИ Я ЧТО ТО ВЫИГРАЛ, ТО АДМИНАМ КАНАЛА ИЛИ ТЕМ КТО СКАЖЕТ ВЕРНУ ЗВЕЗДЫ🔥;GitHub;https://www.github.com/huuir;huuir;snoop;;;auto_label: high-confidence exact username on reliable site
;0.7004;possible_same_person;1836063419;darl1ixx #колесо_телеги;huuir;ПОПРОШАЙНИЧЕСТВО-ЧС❌ ПИШИТЕ ПО ДЕЛУ-ВЕРНУ ЗВЕЗДЫ ЗА СОО😁 ЕСЛИ Я ЧТО ТО ВЫИГРАЛ, ТО АДМИНАМ КАНАЛА ИЛИ ТЕМ КТО СКАЖЕТ ВЕРНУ ЗВЕЗДЫ🔥;Kwai;https://www.kwai.com/@huuir;huuir;snoop;;;
0;0.7004;possible_same_person;1836063419;darl1ixx #колесо_телеги;huuir;ПОПРОШАЙНИЧЕСТВО-ЧС❌ ПИШИТЕ ПО ДЕЛУ-ВЕРНУ ЗВЕЗДЫ ЗА СОО😁 ЕСЛИ Я ЧТО ТО ВЫИГРАЛ, ТО АДМИНАМ КАНАЛА ИЛИ ТЕМ КТО СКАЖЕТ ВЕРНУ ЗВЕЗДЫ🔥;Mail_ru_email;https://account.mail.ru/login?&fail=1&email=huuir%40mail.ru;huuir;snoop;;;auto_label: url username differs from telegram username
;0.7004;possible_same_person;1836063419;darl1ixx #колесо_телеги;huuir;ПОПРОШАЙНИЧЕСТВО-ЧС❌ ПИШИТЕ ПО ДЕЛУ-ВЕРНУ ЗВЕЗДЫ ЗА СОО😁 ЕСЛИ Я ЧТО ТО ВЫИГРАЛ, ТО АДМИНАМ КАНАЛА ИЛИ ТЕМ КТО СКАЖЕТ ВЕРНУ ЗВЕЗДЫ🔥;Paypal;https://www.paypal.com/paypalme/huuir;huuir;snoop;;;
0;0.7004;possible_same_person;1836063419;darl1ixx #колесо_телеги;huuir;ПОПРОШАЙНИЧЕСТВО-ЧС❌ ПИШИТЕ ПО ДЕЛУ-ВЕРНУ ЗВЕЗДЫ ЗА СОО😁 ЕСЛИ Я ЧТО ТО ВЫИГРАЛ, ТО АДМИНАМ КАНАЛА ИЛИ ТЕМ КТО СКАЖЕТ ВЕРНУ ЗВЕЗДЫ🔥;Planetaexcel;https://www.planetaexcel.ru/forum/index.php?PAGE_NAME=profile_view&UID=huuir;huuir;snoop;;;auto_label: url username differs from telegram username
;0.7004;possible_same_person;1836063419;darl1ixx #колесо_телеги;huuir;ПОПРОШАЙНИЧЕСТВО-ЧС❌ ПИШИТЕ ПО ДЕЛУ-ВЕРНУ ЗВЕЗДЫ ЗА СОО😁 ЕСЛИ Я ЧТО ТО ВЫИГРАЛ, ТО АДМИНАМ КАНАЛА ИЛИ ТЕМ КТО СКАЖЕТ ВЕРНУ ЗВЕЗДЫ🔥;Snapchat;https://www.snapchat.com/add/huuir;huuir;snoop;;;
1;0.7004;possible_same_person;1836063419;darl1ixx #колесо_телеги;huuir;ПОПРОШАЙНИЧЕСТВО-ЧС❌ ПИШИТЕ ПО ДЕЛУ-ВЕРНУ ЗВЕЗДЫ ЗА СОО😁 ЕСЛИ Я ЧТО ТО ВЫИГРАЛ, ТО АДМИНАМ КАНАЛА ИЛИ ТЕМ КТО СКАЖЕТ ВЕРНУ ЗВЕЗДЫ🔥;Telegram;https://t.me/huuir;huuir;snoop;;;auto_label: exact Telegram username
;0.7039;possible_same_person;1836063419;darl1ixx #колесо_телеги;huuir;ПОПРОШАЙНИЧЕСТВО-ЧС❌ ПИШИТЕ ПО ДЕЛУ-ВЕРНУ ЗВЕЗДЫ ЗА СОО😁 ЕСЛИ Я ЧТО ТО ВЫИГРАЛ, ТО АДМИНАМ КАНАЛА ИЛИ ТЕМ КТО СКАЖЕТ ВЕРНУ ЗВЕЗДЫ🔥;Twitter;https://x.com/huuir;huuir;snoop;;;
;0.8066;likely_same_person;1876991613;Kytaro;Kytaro_76;;Bandcamp;https://www.bandcamp.com/Kytaro_76;Kytaro_76;snoop;;;
;0.8066;likely_same_person;1876991613;Kytaro;Kytaro_76;;Cyber_sports;https://cyber.sports.ru/search/?query=Kytaro_76;Kytaro_76;snoop;;;
;0.8066;likely_same_person;1876991613;Kytaro;Kytaro_76;;DTF;https://dtf.ru/discovery?q=Kytaro_76;Kytaro_76;snoop;;;
0;0.7956;likely_same_person;1876991613;Kytaro;Kytaro_76;;Forum_Airliners;https://www.airliners.net/user/Kytaro_76/profile/photos;Kytaro_76;snoop;;;auto_label: url username differs from telegram username
0;0.8066;likely_same_person;1876991613;Kytaro;Kytaro_76;;Mail_ru_email;https://account.mail.ru/login?&fail=1&email=Kytaro_76%40mail.ru;Kytaro_76;snoop;;;auto_label: url username differs from telegram username
;0.8066;likely_same_person;1876991613;Kytaro;Kytaro_76;;Paypal;https://www.paypal.com/paypalme/Kytaro_76;Kytaro_76;snoop;;;
;0.7961;likely_same_person;1876991613;Kytaro;Kytaro_76;;Pinterest;https://www.pinterest.com/Kytaro_76/;Kytaro_76;snoop;;;
0;0.8066;likely_same_person;1876991613;Kytaro;Kytaro_76;;Planetaexcel;https://www.planetaexcel.ru/forum/index.php?PAGE_NAME=profile_view&UID=Kytaro_76;Kytaro_76;snoop;;;auto_label: url username differs from telegram username
;0.8066;likely_same_person;1876991613;Kytaro;Kytaro_76;;Radiokot;https://www.radiokot.ru/forum/search.php?keywords=&terms=all&author=Kytaro_76;Kytaro_76;snoop;;;
;0.8066;likely_same_person;1876991613;Kytaro;Kytaro_76;;Sports;https://www.sports.ru/search/?query=Kytaro_76;Kytaro_76;snoop;;;
1;0.8066;likely_same_person;1876991613;Kytaro;Kytaro_76;;Telegram;https://t.me/Kytaro_76;Kytaro_76;snoop;;;auto_label: high-confidence exact username on reliable site
;0.7494;possible_same_person;1877269996;. ᯏ B🅴NZZO;sknkhnt42;It's hard to place in my face no emotion;Bandcamp;https://www.bandcamp.com/sknkhnt42;sknkhnt42;snoop;;;
;0.7384;possible_same_person;1877269996;. ᯏ B🅴NZZO;sknkhnt42;It's hard to place in my face no emotion;DeviantART;https://sknkhnt42.deviantart.com;sknkhnt42;snoop;;;
0;0.7384;possible_same_person;1877269996;. ᯏ B🅴NZZO;sknkhnt42;It's hard to place in my face no emotion;Forum_Airliners;https://www.airliners.net/user/sknkhnt42/profile/photos;sknkhnt42;snoop;;;auto_label: url username differs from telegram username
0;0.7494;possible_same_person;1877269996;. ᯏ B🅴NZZO;sknkhnt42;It's hard to place in my face no emotion;Forum_javaprogramming;https://www.javaprogrammingforums.com/members/sknkhnt42.html;sknkhnt42;snoop;;;auto_label: url username differs from telegram username
1;0.8644;likely_same_person;1877269996;. ᯏ B🅴NZZO;sknkhnt42;It's hard to place in my face no emotion;GitHub;https://www.github.com/sknkhnt42;sknkhnt42;snoop;;;auto_label: high-confidence exact username on reliable site
0;0.7494;possible_same_person;1877269996;. ᯏ B🅴NZZO;sknkhnt42;It's hard to place in my face no emotion;Mail_ru_email;https://account.mail.ru/login?&fail=1&email=sknkhnt42%40mail.ru;sknkhnt42;snoop;;;auto_label: url username differs from telegram username
;0.7494;possible_same_person;1877269996;. ᯏ B🅴NZZO;sknkhnt42;It's hard to place in my face no emotion;Paypal;https://www.paypal.com/paypalme/sknkhnt42;sknkhnt42;snoop;;;
;0.7389;possible_same_person;1877269996;. ᯏ B🅴NZZO;sknkhnt42;It's hard to place in my face no emotion;Pinterest;https://www.pinterest.com/sknkhnt42/;sknkhnt42;snoop;;;
0;0.7494;possible_same_person;1877269996;. ᯏ B🅴NZZO;sknkhnt42;It's hard to place in my face no emotion;Planetaexcel;https://www.planetaexcel.ru/forum/index.php?PAGE_NAME=profile_view&UID=sknkhnt42;sknkhnt42;snoop;;;auto_label: url username differs from telegram username
;0.7494;possible_same_person;1877269996;. ᯏ B🅴NZZO;sknkhnt42;It's hard to place in my face no emotion;Pornhub;https://rt.pornhub.com/users/sknkhnt42;sknkhnt42;snoop;;;
1;0.7494;possible_same_person;1877269996;. ᯏ B🅴NZZO;sknkhnt42;It's hard to place in my face no emotion;Telegram;https://t.me/sknkhnt42;sknkhnt42;snoop;;;auto_label: exact Telegram username
0;0.59;possible_same_person;1887690689;𝔰𝔨𝔦𝔡𝔢𝔯𝔦𝔨;aph_t;;Askubuntu;https://askubuntu.com/users/filter?search=aph_t&filter=Month&tab=Reputation;aph_t;snoop;;;auto_label: url username differs from telegram username
;0.59;possible_same_person;1887690689;𝔰𝔨𝔦𝔡𝔢𝔯𝔦𝔨;aph_t;;Bandcamp;https://www.bandcamp.com/aph_t;aph_t;snoop;;;
0;0.59;possible_same_person;1887690689;𝔰𝔨𝔦𝔡𝔢𝔯𝔦𝔨;aph_t;;Bolshoyvopros;http://www.bolshoyvopros.ru/web/community.cgi?type=all&user_name=aph_t;aph_t;snoop;;;auto_label: url username differs from telegram username
;0.59;possible_same_person;1887690689;𝔰𝔨𝔦𝔡𝔢𝔯𝔦𝔨;aph_t;;Cookpad;https://cookpad.com/us/users/search?q=aph_t;aph_t;snoop;;;
;0.59;possible_same_person;1887690689;𝔰𝔨𝔦𝔡𝔢𝔯𝔦𝔨;aph_t;;Cyber_sports;https://cyber.sports.ru/search/?query=aph_t;aph_t;snoop;;;
;0.579;possible_same_person;1887690689;𝔰𝔨𝔦𝔡𝔢𝔯𝔦𝔨;aph_t;;DeviantART;https://aph_t.deviantart.com;aph_t;snoop;;;
0;0.579;possible_same_person;1887690689;𝔰𝔨𝔦𝔡𝔢𝔯𝔦𝔨;aph_t;;Forum_Airliners;https://www.airliners.net/user/aph_t/profile/photos;aph_t;snoop;;;auto_label: url username differs from telegram username
;0.59;possible_same_person;1887690689;𝔰𝔨𝔦𝔡𝔢𝔯𝔦𝔨;aph_t;;Forum_bioware;https://forum.bioware.ru/search/?q=aph_t&quick=1&type=core_members;aph_t;snoop;;;
;0.59;possible_same_person;1887690689;𝔰𝔨𝔦𝔡𝔢𝔯𝔦𝔨;aph_t;;Forum_cxem_net;https://forum.cxem.net/index.php?/search/&q=aph_t&type=core_members&quick=1&joinedDate=any;aph_t;snoop;;;
;0.59;possible_same_person;1887690689;𝔰𝔨𝔦𝔡𝔢𝔯𝔦𝔨;aph_t;;Forum_dcs;https://forum.dcs.world/search/?q=aph_t&quick=1&type=core_members;aph_t;snoop;;;
0;0.59;possible_same_person;1887690689;𝔰𝔨𝔦𝔡𝔢𝔯𝔦𝔨;aph_t;;Forum_diesel_elcat;https://diesel.elcat.kg/index.php?app=core&module=search&do=search&andor_type=&search_app_filters[members][searchInKey]=members&search_app_filters[members][members][sortKey]=date&search_term=aph_t&search_app=members&search_app_filters[members][searchInKey]=members&search_app_filters[members][members][sortKey]=date&search_app_filters[members][members][sortDir]=1;aph_t;snoop;;;auto_label: url username differs from telegram username
;0.59;possible_same_person;1887690689;𝔰𝔨𝔦𝔡𝔢𝔯𝔦𝔨;aph_t;;Forum_doomworld;https://www.doomworld.com/search/?q=aph_t&type=core_members;aph_t;snoop;;;
0;0.59;possible_same_person;1887690689;𝔰𝔨𝔦𝔡𝔢𝔯𝔦𝔨;aph_t;;Forum_javaprogramming;https://www.javaprogrammingforums.com/members/aph_t.html;aph_t;snoop;;;auto_label: url username differs from telegram username
;0.59;possible_same_person;1887690689;𝔰𝔨𝔦𝔡𝔢𝔯𝔦𝔨;aph_t;;Forum_simpleminecraft;https://f.simpleminecraft.ru/index.php?/search/&q=aph_t&quick=1&type=core_members;aph_t;snoop;;;
;0.59;possible_same_person;1887690689;𝔰𝔨𝔦𝔡𝔢𝔯𝔦𝔨;aph_t;;Forumkinopoisk;https://forumkinopoisk.ru/search/?q=aph_t&quick=1&type=core_members;aph_t;snoop;;;
0;0.59;possible_same_person;1887690689;𝔰𝔨𝔦𝔡𝔢𝔯𝔦𝔨;aph_t;;Mail_ru_email;https://account.mail.ru/login?&fail=1&email=aph_t%40mail.ru;aph_t;snoop;;;auto_label: url username differs from telegram username
;0.59;possible_same_person;1887690689;𝔰𝔨𝔦𝔡𝔢𝔯𝔦𝔨;aph_t;;Paypal;https://www.paypal.com/paypalme/aph_t;aph_t;snoop;;;
0;0.59;possible_same_person;1887690689;𝔰𝔨𝔦𝔡𝔢𝔯𝔦𝔨;aph_t;;Planetaexcel;https://www.planetaexcel.ru/forum/index.php?PAGE_NAME=profile_view&UID=aph_t;aph_t;snoop;;;auto_label: url username differs from telegram username
;0.59;possible_same_person;1887690689;𝔰𝔨𝔦𝔡𝔢𝔯𝔦𝔨;aph_t;;Prizyvnik;https://www.prizyvnik.info/search/?q=aph_t&quick=1&type=core_members;aph_t;snoop;;;
;0.59;possible_same_person;1887690689;𝔰𝔨𝔦𝔡𝔢𝔯𝔦𝔨;aph_t;;Snapchat;https://www.snapchat.com/add/aph_t;aph_t;snoop;;;
;0.59;possible_same_person;1887690689;𝔰𝔨𝔦𝔡𝔢𝔯𝔦𝔨;aph_t;;Sports;https://www.sports.ru/search/?query=aph_t;aph_t;snoop;;;
;0.579;possible_same_person;1887690689;𝔰𝔨𝔦𝔡𝔢𝔯𝔦𝔨;aph_t;;Spotify_community;https://community.spotify.com/t5/forums/searchpage/tab/user?q=aph_t;aph_t;snoop;;;
0;0.6945;possible_same_person;1887690689;𝔰𝔨𝔦𝔡𝔢𝔯𝔦𝔨;aph_t;;Stackoverflow;https://stackoverflow.com/users/?search=aph_t;aph_t;snoop;;;auto_label: url username differs from telegram username
;0.59;possible_same_person;1887690689;𝔰𝔨𝔦𝔡𝔢𝔯𝔦𝔨;aph_t;;Telegram;https://t.me/aph_t;aph_t;snoop;;;
0;0.59;possible_same_person;1887690689;𝔰𝔨𝔦𝔡𝔢𝔯𝔦𝔨;aph_t;;Wikiloc;https://www.wikiloc.com/wikiloc/findPeople.do?name=aph_t;aph_t;snoop;;;auto_label: url username differs from telegram username
;0.7913;likely_same_person;1907429629;../^pepSic0 `` #𝘬𝘪𝘴𝘴𝘭𝘢𝘬𝘬;pepsico6437;;Bandcamp;https://www.bandcamp.com/pepsico6437;pepsico6437;snoop;;;
0;0.7803;likely_same_person;1907429629;../^pepSic0 `` #𝘬𝘪𝘴𝘴𝘭𝘢𝘬𝘬;pepsico6437;;Forum_Airliners;https://www.airliners.net/user/pepsico6437/profile/photos;pepsico6437;snoop;;;auto_label: url username differs from telegram username
0;0.7913;likely_same_person;1907429629;../^pepSic0 `` #𝘬𝘪𝘴𝘴𝘭𝘢𝘬𝘬;pepsico6437;;Forum_javaprogramming;https://www.javaprogrammingforums.com/members/pepsico6437.html;pepsico6437;snoop;;;auto_label: url username differs from telegram username
0;0.7913;likely_same_person;1907429629;../^pepSic0 `` #𝘬𝘪𝘴𝘴𝘭𝘢𝘬𝘬;pepsico6437;;Mail_ru_email;https://account.mail.ru/login?&fail=1&email=pepsico6437%40mail.ru;pepsico6437;snoop;;;auto_label: url username differs from telegram username
;0.7913;likely_same_person;1907429629;../^pepSic0 `` #𝘬𝘪𝘴𝘴𝘭𝘢𝘬𝘬;pepsico6437;;Paypal;https://www.paypal.com/paypalme/pepsico6437;pepsico6437;snoop;;;
0;0.7913;likely_same_person;1907429629;../^pepSic0 `` #𝘬𝘪𝘴𝘴𝘭𝘢𝘬𝘬;pepsico6437;;Planetaexcel;https://www.planetaexcel.ru/forum/index.php?PAGE_NAME=profile_view&UID=pepsico6437;pepsico6437;snoop;;;auto_label: url username differs from telegram username
1;0.7913;likely_same_person;1907429629;../^pepSic0 `` #𝘬𝘪𝘴𝘴𝘭𝘢𝘬𝘬;pepsico6437;;Telegram;https://t.me/pepsico6437;pepsico6437;snoop;;;auto_label: high-confidence exact username on reliable site
;0.738;possible_same_person;1916461427;лана;lanrenss;заставляет жить меня этот день;Bandcamp;https://www.bandcamp.com/lanrenss;lanrenss;snoop;;;
0;0.727;possible_same_person;1916461427;лана;lanrenss;заставляет жить меня этот день;Forum_Airliners;https://www.airliners.net/user/lanrenss/profile/photos;lanrenss;snoop;;;auto_label: url username differs from telegram username
0;0.738;possible_same_person;1916461427;лана;lanrenss;заставляет жить меня этот день;Forum_javaprogramming;https://www.javaprogrammingforums.com/members/lanrenss.html;lanrenss;snoop;;;auto_label: url username differs from telegram username
;0.738;possible_same_person;1916461427;лана;lanrenss;заставляет жить меня этот день;Loveplanet;https://loveplanet.ru/page/lanrenss;lanrenss;snoop;;;
0;0.738;possible_same_person;1916461427;лана;lanrenss;заставляет жить меня этот день;Mail_ru_email;https://account.mail.ru/login?&fail=1&email=lanrenss%40mail.ru;lanrenss;snoop;;;auto_label: url username differs from telegram username
;0.738;possible_same_person;1916461427;лана;lanrenss;заставляет жить меня этот день;Paypal;https://www.paypal.com/paypalme/lanrenss;lanrenss;snoop;;;
0;0.738;possible_same_person;1916461427;лана;lanrenss;заставляет жить меня этот день;Planetaexcel;https://www.planetaexcel.ru/forum/index.php?PAGE_NAME=profile_view&UID=lanrenss;lanrenss;snoop;;;auto_label: url username differs from telegram username
;0.738;possible_same_person;1916461427;лана;lanrenss;заставляет жить меня этот день;RamblerDating;https://dating.rambler.ru/page/lanrenss;lanrenss;snoop;;;
;0.738;possible_same_person;1916461427;лана;lanrenss;заставляет жить меня этот день;Snapchat;https://www.snapchat.com/add/lanrenss;lanrenss;snoop;;;
1;0.738;possible_same_person;1916461427;лана;lanrenss;заставляет жить меня этот день;Telegram;https://t.me/lanrenss;lanrenss;snoop;;;auto_label: exact Telegram username
;0.738;possible_same_person;1934462859;﹫𝘚𝘦𝘳𝘦𝘯𝘪𝘵𝘺;S3R3N1T1;⌫︎ ︎ ︎𝒩 𝑜, 𝑖 𝑑꯭𝑜𝑛꯭'𝑡 𝑤𝑎𝑛𝑛𝑎 𝑓𝑎𝑙𝑙 𝑖𝑛 𝒍𝒐𝒗𝒆 . .;Bandcamp;https://www.bandcamp.com/S3R3N1T1;S3R3N1T1;snoop;;;
0;0.727;possible_same_person;1934462859;﹫𝘚𝘦𝘳𝘦𝘯𝘪𝘵𝘺;S3R3N1T1;⌫︎ ︎ ︎𝒩 𝑜, 𝑖 𝑑꯭𝑜𝑛꯭'𝑡 𝑤𝑎𝑛𝑛𝑎 𝑓𝑎𝑙𝑙 𝑖𝑛 𝒍𝒐𝒗𝒆 . .;Forum_Airliners;https://www.airliners.net/user/S3R3N1T1/profile/photos;S3R3N1T1;snoop;;;auto_label: url username differs from telegram username
0;0.738;possible_same_person;1934462859;﹫𝘚𝘦𝘳𝘦𝘯𝘪𝘵𝘺;S3R3N1T1;⌫︎ ︎ ︎𝒩 𝑜, 𝑖 𝑑꯭𝑜𝑛꯭'𝑡 𝑤𝑎𝑛𝑛𝑎 𝑓𝑎𝑙𝑙 𝑖𝑛 𝒍𝒐𝒗𝒆 . .;Forum_javaprogramming;https://www.javaprogrammingforums.com/members/S3R3N1T1.html;S3R3N1T1;snoop;;;auto_label: url username differs from telegram username
0;0.738;possible_same_person;1934462859;﹫𝘚𝘦𝘳𝘦𝘯𝘪𝘵𝘺;S3R3N1T1;⌫︎ ︎ ︎𝒩 𝑜, 𝑖 𝑑꯭𝑜𝑛꯭'𝑡 𝑤𝑎𝑛𝑛𝑎 𝑓𝑎𝑙𝑙 𝑖𝑛 𝒍𝒐𝒗𝒆 . .;Mail_ru_email;https://account.mail.ru/login?&fail=1&email=S3R3N1T1%40mail.ru;S3R3N1T1;snoop;;;auto_label: url username differs from telegram username
;0.738;possible_same_person;1934462859;﹫𝘚𝘦𝘳𝘦𝘯𝘪𝘵𝘺;S3R3N1T1;⌫︎ ︎ ︎𝒩 𝑜, 𝑖 𝑑꯭𝑜𝑛꯭'𝑡 𝑤𝑎𝑛𝑛𝑎 𝑓𝑎𝑙𝑙 𝑖𝑛 𝒍𝒐𝒗𝒆 . .;Paypal;https://www.paypal.com/paypalme/S3R3N1T1;S3R3N1T1;snoop;;;
;0.7275;possible_same_person;1934462859;﹫𝘚𝘦𝘳𝘦𝘯𝘪𝘵𝘺;S3R3N1T1;⌫︎ ︎ ︎𝒩 𝑜, 𝑖 𝑑꯭𝑜𝑛꯭'𝑡 𝑤𝑎𝑛𝑛𝑎 𝑓𝑎𝑙𝑙 𝑖𝑛 𝒍𝒐𝒗𝒆 . .;Pinterest;https://www.pinterest.com/S3R3N1T1/;S3R3N1T1;snoop;;;
0;0.738;possible_same_person;1934462859;﹫𝘚𝘦𝘳𝘦𝘯𝘪𝘵𝘺;S3R3N1T1;⌫︎ ︎ ︎𝒩 𝑜, 𝑖 𝑑꯭𝑜𝑛꯭'𝑡 𝑤𝑎𝑛𝑛𝑎 𝑓𝑎𝑙𝑙 𝑖𝑛 𝒍𝒐𝒗𝒆 . .;Planetaexcel;https://www.planetaexcel.ru/forum/index.php?PAGE_NAME=profile_view&UID=S3R3N1T1;S3R3N1T1;snoop;;;auto_label: url username differs from telegram username
;0.738;possible_same_person;1934462859;﹫𝘚𝘦𝘳𝘦𝘯𝘪𝘵𝘺;S3R3N1T1;⌫︎ ︎ ︎𝒩 𝑜, 𝑖 𝑑꯭𝑜𝑛꯭'𝑡 𝑤𝑎𝑛𝑛𝑎 𝑓𝑎𝑙𝑙 𝑖𝑛 𝒍𝒐𝒗𝒆 . .;Radiokot;https://www.radiokot.ru/forum/search.php?keywords=&terms=all&author=S3R3N1T1;S3R3N1T1;snoop;;;
;0.738;possible_same_person;1934462859;﹫𝘚𝘦𝘳𝘦𝘯𝘪𝘵𝘺;S3R3N1T1;⌫︎ ︎ ︎𝒩 𝑜, 𝑖 𝑑꯭𝑜𝑛꯭'𝑡 𝑤𝑎𝑛𝑛𝑎 𝑓𝑎𝑙𝑙 𝑖𝑛 𝒍𝒐𝒗𝒆 . .;Snapchat;https://www.snapchat.com/add/S3R3N1T1;S3R3N1T1;snoop;;;
1;0.738;possible_same_person;1934462859;﹫𝘚𝘦𝘳𝘦𝘯𝘪𝘵𝘺;S3R3N1T1;⌫︎ ︎ ︎𝒩 𝑜, 𝑖 𝑑꯭𝑜𝑛꯭'𝑡 𝑤𝑎𝑛𝑛𝑎 𝑓𝑎𝑙𝑙 𝑖𝑛 𝒍𝒐𝒗𝒆 . .;Telegram;https://t.me/S3R3N1T1;S3R3N1T1;snoop;;;auto_label: exact Telegram username
;0.7415;possible_same_person;1934462859;﹫𝘚𝘦𝘳𝘦𝘯𝘪𝘵𝘺;S3R3N1T1;⌫︎ ︎ ︎𝒩 𝑜, 𝑖 𝑑꯭𝑜𝑛꯭'𝑡 𝑤𝑎𝑛𝑛𝑎 𝑓𝑎𝑙𝑙 𝑖𝑛 𝒍𝒐𝒗𝒆 . .;Twitter;https://x.com/S3R3N1T1;S3R3N1T1;snoop;;;
;0.738;possible_same_person;1946517209;𝘯𝘢𝘴𝘵𝘪𝘬𝘲𝘸𝘹;nastixqwx;НФТ НЕ ПРОДАЮ❗;Bandcamp;https://www.bandcamp.com/nastixqwx;nastixqwx;snoop;;;
0;0.727;possible_same_person;1946517209;𝘯𝘢𝘴𝘵𝘪𝘬𝘲𝘸𝘹;nastixqwx;НФТ НЕ ПРОДАЮ❗;Forum_Airliners;https://www.airliners.net/user/nastixqwx/profile/photos;nastixqwx;snoop;;;auto_label: url username differs from telegram username
0;0.738;possible_same_person;1946517209;𝘯𝘢𝘴𝘵𝘪𝘬𝘲𝘸𝘹;nastixqwx;НФТ НЕ ПРОДАЮ❗;Forum_javaprogramming;https://www.javaprogrammingforums.com/members/nastixqwx.html;nastixqwx;snoop;;;auto_label: url username differs from telegram username
0;0.738;possible_same_person;1946517209;𝘯𝘢𝘴𝘵𝘪𝘬𝘲𝘸𝘹;nastixqwx;НФТ НЕ ПРОДАЮ❗;Mail_ru_email;https://account.mail.ru/login?&fail=1&email=nastixqwx%40mail.ru;nastixqwx;snoop;;;auto_label: url username differs from telegram username
;0.738;possible_same_person;1946517209;𝘯𝘢𝘴𝘵𝘪𝘬𝘲𝘸𝘹;nastixqwx;НФТ НЕ ПРОДАЮ❗;Paypal;https://www.paypal.com/paypalme/nastixqwx;nastixqwx;snoop;;;
0;0.738;possible_same_person;1946517209;𝘯𝘢𝘴𝘵𝘪𝘬𝘲𝘸𝘹;nastixqwx;НФТ НЕ ПРОДАЮ❗;Planetaexcel;https://www.planetaexcel.ru/forum/index.php?PAGE_NAME=profile_view&UID=nastixqwx;nastixqwx;snoop;;;auto_label: url username differs from telegram username
1;0.738;possible_same_person;1946517209;𝘯𝘢𝘴𝘵𝘪𝘬𝘲𝘸𝘹;nastixqwx;НФТ НЕ ПРОДАЮ❗;Telegram;https://t.me/nastixqwx;nastixqwx;snoop;;;auto_label: exact Telegram username
;0.738;possible_same_person;1946517209;𝘯𝘢𝘴𝘵𝘪𝘬𝘲𝘸𝘹;nastixqwx;НФТ НЕ ПРОДАЮ❗;Threads;https://www.threads.com/@nastixqwx;nastixqwx;snoop;;;
;0.738;possible_same_person;1970948015;𝓐𝘻𝙪𝙧𝑒.ᐟ𝜗𝜚;azuxsss;ִֶ.𓂃..₊⊹𑣲⎯ ℐ 𝘬𝙣𝑜𝘸 𝑒𝘷𝑒𝘳𝙮𝙩𝘩𝘪𝘯𝘨 𝘢𝘣𝑜𝙪𝘵 𝘺𝙤𝘶 .. @kyotaxx . .˖ ࣪⊹𓍼 ꒰ . .𝘯𝘰, 𝘮𝘺..𝘭𝘢𝘵𝘦 𝘧𝘳𝘪𝘦𝘯𝘥, @P3PEL_XD.;Bandcamp;https://www.bandcamp.com/azuxsss;azuxsss;snoop;;;
0;0.727;possible_same_person;1970948015;𝓐𝘻𝙪𝙧𝑒.ᐟ𝜗𝜚;azuxsss;ִֶ.𓂃..₊⊹𑣲⎯ ℐ 𝘬𝙣𝑜𝘸 𝑒𝘷𝑒𝘳𝙮𝙩𝘩𝘪𝘯𝘨 𝘢𝘣𝑜𝙪𝘵 𝘺𝙤𝘶 .. @kyotaxx . .˖ ࣪⊹𓍼 ꒰ . .𝘯𝘰, 𝘮𝘺..𝘭𝘢𝘵𝘦 𝘧𝘳𝘪𝘦𝘯𝘥, @P3PEL_XD.;Forum_Airliners;https://www.airliners.net/user/azuxsss/profile/photos;azuxsss;snoop;;;auto_label: url username differs from telegram username
0;0.738;possible_same_person;1970948015;𝓐𝘻𝙪𝙧𝑒.ᐟ𝜗𝜚;azuxsss;ִֶ.𓂃..₊⊹𑣲⎯ ℐ 𝘬𝙣𝑜𝘸 𝑒𝘷𝑒𝘳𝙮𝙩𝘩𝘪𝘯𝘨 𝘢𝘣𝑜𝙪𝘵 𝘺𝙤𝘶 .. @kyotaxx . .˖ ࣪⊹𓍼 ꒰ . .𝘯𝘰, 𝘮𝘺..𝘭𝘢𝘵𝘦 𝘧𝘳𝘪𝘦𝘯𝘥, @P3PEL_XD.;Forum_javaprogramming;https://www.javaprogrammingforums.com/members/azuxsss.html;azuxsss;snoop;;;auto_label: url username differs from telegram username
0;0.738;possible_same_person;1970948015;𝓐𝘻𝙪𝙧𝑒.ᐟ𝜗𝜚;azuxsss;ִֶ.𓂃..₊⊹𑣲⎯ ℐ 𝘬𝙣𝑜𝘸 𝑒𝘷𝑒𝘳𝙮𝙩𝘩𝘪𝘯𝘨 𝘢𝘣𝑜𝙪𝘵 𝘺𝙤𝘶 .. @kyotaxx . .˖ ࣪⊹𓍼 ꒰ . .𝘯𝘰, 𝘮𝘺..𝘭𝘢𝘵𝘦 𝘧𝘳𝘪𝘦𝘯𝘥, @P3PEL_XD.;Mail_ru_email;https://account.mail.ru/login?&fail=1&email=azuxsss%40mail.ru;azuxsss;snoop;;;auto_label: url username differs from telegram username
;0.738;possible_same_person;1970948015;𝓐𝘻𝙪𝙧𝑒.ᐟ𝜗𝜚;azuxsss;ִֶ.𓂃..₊⊹𑣲⎯ ℐ 𝘬𝙣𝑜𝘸 𝑒𝘷𝑒𝘳𝙮𝙩𝘩𝘪𝘯𝘨 𝘢𝘣𝑜𝙪𝘵 𝘺𝙤𝘶 .. @kyotaxx . .˖ ࣪⊹𓍼 ꒰ . .𝘯𝘰, 𝘮𝘺..𝘭𝘢𝘵𝘦 𝘧𝘳𝘪𝘦𝘯𝘥, @P3PEL_XD.;Paypal;https://www.paypal.com/paypalme/azuxsss;azuxsss;snoop;;;
0;0.738;possible_same_person;1970948015;𝓐𝘻𝙪𝙧𝑒.ᐟ𝜗𝜚;azuxsss;ִֶ.𓂃..₊⊹𑣲⎯ ℐ 𝘬𝙣𝑜𝘸 𝑒𝘷𝑒𝘳𝙮𝙩𝘩𝘪𝘯𝘨 𝘢𝘣𝑜𝙪𝘵 𝘺𝙤𝘶 .. @kyotaxx . .˖ ࣪⊹𓍼 ꒰ . .𝘯𝘰, 𝘮𝘺..𝘭𝘢𝘵𝘦 𝘧𝘳𝘪𝘦𝘯𝘥, @P3PEL_XD.;Planetaexcel;https://www.planetaexcel.ru/forum/index.php?PAGE_NAME=profile_view&UID=azuxsss;azuxsss;snoop;;;auto_label: url username differs from telegram username
;0.738;possible_same_person;1970948015;𝓐𝘻𝙪𝙧𝑒.ᐟ𝜗𝜚;azuxsss;ִֶ.𓂃..₊⊹𑣲⎯ ℐ 𝘬𝙣𝑜𝘸 𝑒𝘷𝑒𝘳𝙮𝙩𝘩𝘪𝘯𝘨 𝘢𝘣𝑜𝙪𝘵 𝘺𝙤𝘶 .. @kyotaxx . .˖ ࣪⊹𓍼 ꒰ . .𝘯𝘰, 𝘮𝘺..𝘭𝘢𝘵𝘦 𝘧𝘳𝘪𝘦𝘯𝘥, @P3PEL_XD.;Radiokot;https://www.radiokot.ru/forum/search.php?keywords=&terms=all&author=azuxsss;azuxsss;snoop;;;
1;0.738;possible_same_person;1970948015;𝓐𝘻𝙪𝙧𝑒.ᐟ𝜗𝜚;azuxsss;ִֶ.𓂃..₊⊹𑣲⎯ ℐ 𝘬𝙣𝑜𝘸 𝑒𝘷𝑒𝘳𝙮𝙩𝘩𝘪𝘯𝘨 𝘢𝘣𝑜𝙪𝘵 𝘺𝙤𝘶 .. @kyotaxx . .˖ ࣪⊹𓍼 ꒰ . .𝘯𝘰, 𝘮𝘺..𝘭𝘢𝘵𝘦 𝘧𝘳𝘪𝘦𝘯𝘥, @P3PEL_XD.;Telegram;https://t.me/azuxsss;azuxsss;snoop;;;auto_label: exact Telegram username
;0.738;possible_same_person;1979848880;Демонесса;The_Demoness_1;;Bandcamp;https://www.bandcamp.com/The_Demoness_1;The_Demoness_1;snoop;;;
;0.738;possible_same_person;1979848880;Демонесса;The_Demoness_1;;Cyber_sports;https://cyber.sports.ru/search/?query=The_Demoness_1;The_Demoness_1;snoop;;;
;0.738;possible_same_person;1979848880;Демонесса;The_Demoness_1;;DTF;https://dtf.ru/discovery?q=The_Demoness_1;The_Demoness_1;snoop;;;
0;0.727;possible_same_person;1979848880;Демонесса;The_Demoness_1;;Forum_Airliners;https://www.airliners.net/user/The_Demoness_1/profile/photos;The_Demoness_1;snoop;;;auto_label: url username differs from telegram username
0;0.738;possible_same_person;1979848880;Демонесса;The_Demoness_1;;Forum_javaprogramming;https://www.javaprogrammingforums.com/members/The_Demoness_1.html;The_Demoness_1;snoop;;;auto_label: url username differs from telegram username
0;0.738;possible_same_person;1979848880;Демонесса;The_Demoness_1;;Mail_ru_email;https://account.mail.ru/login?&fail=1&email=The_Demoness_1%40mail.ru;The_Demoness_1;snoop;;;auto_label: url username differs from telegram username
;0.738;possible_same_person;1979848880;Демонесса;The_Demoness_1;;Paypal;https://www.paypal.com/paypalme/The_Demoness_1;The_Demoness_1;snoop;;;
0;0.738;possible_same_person;1979848880;Демонесса;The_Demoness_1;;Planetaexcel;https://www.planetaexcel.ru/forum/index.php?PAGE_NAME=profile_view&UID=The_Demoness_1;The_Demoness_1;snoop;;;auto_label: url username differs from telegram username
;0.738;possible_same_person;1979848880;Демонесса;The_Demoness_1;;Sports;https://www.sports.ru/search/?query=The_Demoness_1;The_Demoness_1;snoop;;;
1;0.738;possible_same_person;1979848880;Демонесса;The_Demoness_1;;Telegram;https://t.me/The_Demoness_1;The_Demoness_1;snoop;;;auto_label: exact Telegram username
;0.7558;likely_same_person;1984428106;z🪽;zzilyyaw;;Bandcamp;https://www.bandcamp.com/zzilyyaw;zzilyyaw;snoop;;;
0;0.7448;possible_same_person;1984428106;z🪽;zzilyyaw;;Forum_Airliners;https://www.airliners.net/user/zzilyyaw/profile/photos;zzilyyaw;snoop;;;auto_label: url username differs from telegram username
0;0.7558;likely_same_person;1984428106;z🪽;zzilyyaw;;Forum_javaprogramming;https://www.javaprogrammingforums.com/members/zzilyyaw.html;zzilyyaw;snoop;;;auto_label: url username differs from telegram username
;0.7558;likely_same_person;1984428106;z🪽;zzilyyaw;;Loveplanet;https://loveplanet.ru/page/zzilyyaw;zzilyyaw;snoop;;;
0;0.7558;likely_same_person;1984428106;z🪽;zzilyyaw;;Mail_ru_email;https://account.mail.ru/login?&fail=1&email=zzilyyaw%40mail.ru;zzilyyaw;snoop;;;auto_label: url username differs from telegram username
;0.7558;likely_same_person;1984428106;z🪽;zzilyyaw;;Paypal;https://www.paypal.com/paypalme/zzilyyaw;zzilyyaw;snoop;;;
0;0.7558;likely_same_person;1984428106;z🪽;zzilyyaw;;Planetaexcel;https://www.planetaexcel.ru/forum/index.php?PAGE_NAME=profile_view&UID=zzilyyaw;zzilyyaw;snoop;;;auto_label: url username differs from telegram username
;0.7558;likely_same_person;1984428106;z🪽;zzilyyaw;;Radiokot;https://www.radiokot.ru/forum/search.php?keywords=&terms=all&author=zzilyyaw;zzilyyaw;snoop;;;
;0.7558;likely_same_person;1984428106;z🪽;zzilyyaw;;RamblerDating;https://dating.rambler.ru/page/zzilyyaw;zzilyyaw;snoop;;;
1;0.7558;likely_same_person;1984428106;z🪽;zzilyyaw;;Telegram;https://t.me/zzilyyaw;zzilyyaw;snoop;;;auto_label: exact Telegram username
;0.738;possible_same_person;1994984435;СиСиметр;sisiupbot;"Развлекательный бот для групп (чатов)

🍼 Помощь — @upbotshelpbot";Bandcamp;https://www.bandcamp.com/sisiupbot;sisiupbot;snoop;;;
0;0.727;possible_same_person;1994984435;СиСиметр;sisiupbot;"Развлекательный бот для групп (чатов)

🍼 Помощь — @upbotshelpbot";Forum_Airliners;https://www.airliners.net/user/sisiupbot/profile/photos;sisiupbot;snoop;;;auto_label: url username differs from telegram username
0;0.738;possible_same_person;1994984435;СиСиметр;sisiupbot;"Развлекательный бот для групп (чатов)

🍼 Помощь — @upbotshelpbot";Forum_javaprogramming;https://www.javaprogrammingforums.com/members/sisiupbot.html;sisiupbot;snoop;;;auto_label: url username differs from telegram username
0;0.738;possible_same_person;1994984435;СиСиметр;sisiupbot;"Развлекательный бот для групп (чатов)

🍼 Помощь — @upbotshelpbot";Mail_ru_email;https://account.mail.ru/login?&fail=1&email=sisiupbot%40mail.ru;sisiupbot;snoop;;;auto_label: url username differs from telegram username
;0.738;possible_same_person;1994984435;СиСиметр;sisiupbot;"Развлекательный бот для групп (чатов)

🍼 Помощь — @upbotshelpbot";Paypal;https://www.paypal.com/paypalme/sisiupbot;sisiupbot;snoop;;;
0;0.738;possible_same_person;1994984435;СиСиметр;sisiupbot;"Развлекательный бот для групп (чатов)

🍼 Помощь — @upbotshelpbot";Planetaexcel;https://www.planetaexcel.ru/forum/index.php?PAGE_NAME=profile_view&UID=sisiupbot;sisiupbot;snoop;;;auto_label: url username differs from telegram username
1;0.738;possible_same_person;1994984435;СиСиметр;sisiupbot;"Развлекательный бот для групп (чатов)

🍼 Помощь — @upbotshelpbot";Telegram;https://t.me/sisiupbot;sisiupbot;snoop;;;auto_label: exact Telegram username
;0.818;likely_same_person;2009252915;bywthlo ❄️;bywthlo;;Bandcamp;https://www.bandcamp.com/bywthlo;bywthlo;snoop;;;
0;0.807;likely_same_person;2009252915;bywthlo ❄️;bywthlo;;Forum_Airliners;https://www.airliners.net/user/bywthlo/profile/photos;bywthlo;snoop;;;auto_label: url username differs from telegram username
0;0.818;likely_same_person;2009252915;bywthlo ❄️;bywthlo;;Forum_javaprogramming;https://www.javaprogrammingforums.com/members/bywthlo.html;bywthlo;snoop;;;auto_label: url username differs from telegram username
1;0.933;likely_same_person;2009252915;bywthlo ❄️;bywthlo;;GitHub;https://www.github.com/bywthlo;bywthlo;snoop;;;auto_label: high-confidence exact username on reliable site
0;0.818;likely_same_person;2009252915;bywthlo ❄️;bywthlo;;Mail_ru_email;https://account.mail.ru/login?&fail=1&email=bywthlo%40mail.ru;bywthlo;snoop;;;auto_label: url username differs from telegram username
;0.818;likely_same_person;2009252915;bywthlo ❄️;bywthlo;;Paypal;https://www.paypal.com/paypalme/bywthlo;bywthlo;snoop;;;
0;0.818;likely_same_person;2009252915;bywthlo ❄️;bywthlo;;Planetaexcel;https://www.planetaexcel.ru/forum/index.php?PAGE_NAME=profile_view&UID=bywthlo;bywthlo;snoop;;;auto_label: url username differs from telegram username
;0.818;likely_same_person;2009252915;bywthlo ❄️;bywthlo;;Radiokot;https://www.radiokot.ru/forum/search.php?keywords=&terms=all&author=bywthlo;bywthlo;snoop;;;
;0.818;likely_same_person;2009252915;bywthlo ❄️;bywthlo;;Snapchat;https://www.snapchat.com/add/bywthlo;bywthlo;snoop;;;
1;0.818;likely_same_person;2009252915;bywthlo ❄️;bywthlo;;Telegram;https://t.me/bywthlo;bywthlo;snoop;;;auto_label: high-confidence exact username on reliable site
;0.818;likely_same_person;2009252915;bywthlo ❄️;bywthlo;;Threads;https://www.threads.com/@bywthlo;bywthlo;snoop;;;
;0.8215;likely_same_person;2009252915;bywthlo ❄️;bywthlo;;Twitter;https://x.com/bywthlo;bywthlo;snoop;;;
;0.738;possible_same_person;2024146741;Саймон топ;Leader_n_1;;Bandcamp;https://www.bandcamp.com/Leader_n_1;Leader_n_1;snoop;;;
;0.738;possible_same_person;2024146741;Саймон топ;Leader_n_1;;Cyber_sports;https://cyber.sports.ru/search/?query=Leader_n_1;Leader_n_1;snoop;;;
;0.738;possible_same_person;2024146741;Саймон топ;Leader_n_1;;DTF;https://dtf.ru/discovery?q=Leader_n_1;Leader_n_1;snoop;;;
0;0.727;possible_same_person;2024146741;Саймон топ;Leader_n_1;;Forum_Airliners;https://www.airliners.net/user/Leader_n_1/profile/photos;Leader_n_1;snoop;;;auto_label: url username differs from telegram username
0;0.738;possible_same_person;2024146741;Саймон топ;Leader_n_1;;Forum_javaprogramming;https://www.javaprogrammingforums.com/members/Leader_n_1.html;Leader_n_1;snoop;;;auto_label: url username differs from telegram username
0;0.738;possible_same_person;2024146741;Саймон топ;Leader_n_1;;Mail_ru_email;https://account.mail.ru/login?&fail=1&email=Leader_n_1%40mail.ru;Leader_n_1;snoop;;;auto_label: url username differs from telegram username
;0.738;possible_same_person;2024146741;Саймон топ;Leader_n_1;;Paypal;https://www.paypal.com/paypalme/Leader_n_1;Leader_n_1;snoop;;;
0;0.738;possible_same_person;2024146741;Саймон топ;Leader_n_1;;Planetaexcel;https://www.planetaexcel.ru/forum/index.php?PAGE_NAME=profile_view&UID=Leader_n_1;Leader_n_1;snoop;;;auto_label: url username differs from telegram username
;0.738;possible_same_person;2024146741;Саймон топ;Leader_n_1;;Sports;https://www.sports.ru/search/?query=Leader_n_1;Leader_n_1;snoop;;;
1;0.738;possible_same_person;2024146741;Саймон топ;Leader_n_1;;Telegram;https://t.me/Leader_n_1;Leader_n_1;snoop;;;auto_label: exact Telegram username
0;0.738;possible_same_person;2024146741;Саймон топ;Leader_n_1;;Wikiloc;https://www.wikiloc.com/wikiloc/findPeople.do?name=Leader_n_1;Leader_n_1;snoop;;;auto_label: url username differs from telegram username
;0.7355;possible_same_person;2034041241;𝓝𝓲𝔁𝓼𝔂;Flick1741;2:00PM - 6:00AM.;7Cups;https://www.7cups.com/@Flick1741;Flick1741;sherlock;;;
0;0.7245;possible_same_person;2034041241;𝓝𝓲𝔁𝓼𝔂;Flick1741;2:00PM - 6:00AM.;Airliners;https://www.airliners.net/user/Flick1741/profile/photos;Flick1741;sherlock;;;auto_label: url username differs from telegram username
;0.7355;possible_same_person;2034041241;𝓝𝓲𝔁𝓼𝔂;Flick1741;2:00PM - 6:00AM.;Apple Discussions;https://discussions.apple.com/profile/Flick1741;Flick1741;sherlock;;;
;0.7355;possible_same_person;2034041241;𝓝𝓲𝔁𝓼𝔂;Flick1741;2:00PM - 6:00AM.;Archive.org;https://archive.org/details/@Flick1741;Flick1741;sherlock;;;
;0.7355;possible_same_person;2034041241;𝓝𝓲𝔁𝓼𝔂;Flick1741;2:00PM - 6:00AM.;ArtStation;https://www.artstation.com/Flick1741;Flick1741;sherlock;;;
;0.7355;possible_same_person;2034041241;𝓝𝓲𝔁𝓼𝔂;Flick1741;2:00PM - 6:00AM.;BabyRu;https://www.baby.ru/u/Flick1741;Flick1741;sherlock;;;
;0.7355;possible_same_person;2034041241;𝓝𝓲𝔁𝓼𝔂;Flick1741;2:00PM - 6:00AM.;Bandcamp;https://www.bandcamp.com/Flick1741;Flick1741;sherlock;;;
;0.738;possible_same_person;2034041241;𝓝𝓲𝔁𝓼𝔂;Flick1741;2:00PM - 6:00AM.;Bandcamp;https://www.bandcamp.com/Flick1741;Flick1741;snoop;;;
;0.7355;possible_same_person;2034041241;𝓝𝓲𝔁𝓼𝔂;Flick1741;2:00PM - 6:00AM.;Codolio;https://codolio.com/profile/Flick1741;Flick1741;sherlock;;;
;0.7245;possible_same_person;2034041241;𝓝𝓲𝔁𝓼𝔂;Flick1741;2:00PM - 6:00AM.;Discord.bio;https://discords.com/api-v2/bio/details/Flick1741;Flick1741;sherlock;;;
;0.7355;possible_same_person;2034041241;𝓝𝓲𝔁𝓼𝔂;Flick1741;2:00PM - 6:00AM.;Envato Forum;https://forums.envato.com/u/Flick1741;Flick1741;sherlock;;;
0;0.727;possible_same_person;2034041241;𝓝𝓲𝔁𝓼𝔂;Flick1741;2:00PM - 6:00AM.;Forum_Airliners;https://www.airliners.net/user/Flick1741/profile/photos;Flick1741;snoop;;;auto_label: url username differs from telegram username
0;0.738;possible_same_person;2034041241;𝓝𝓲𝔁𝓼𝔂;Flick1741;2:00PM - 6:00AM.;Forum_javaprogramming;https://www.javaprogrammingforums.com/members/Flick1741.html;Flick1741;snoop;;;auto_label: url username differs from telegram username
;0.7355;possible_same_person;2034041241;𝓝𝓲𝔁𝓼𝔂;Flick1741;2:00PM - 6:00AM.;GeeksforGeeks;https://auth.geeksforgeeks.org/user/Flick1741;Flick1741;sherlock;;;
;0.7355;possible_same_person;2034041241;𝓝𝓲𝔁𝓼𝔂;Flick1741;2:00PM - 6:00AM.;Giphy;https://giphy.com/Flick1741;Flick1741;sherlock;;;
;0.7355;possible_same_person;2034041241;𝓝𝓲𝔁𝓼𝔂;Flick1741;2:00PM - 6:00AM.;Hashnode;https://hashnode.com/@Flick1741;Flick1741;sherlock;;;
;0.7355;possible_same_person;2034041241;𝓝𝓲𝔁𝓼𝔂;Flick1741;2:00PM - 6:00AM.;Hubski;https://hubski.com/user/Flick1741;Flick1741;sherlock;;;
;0.7355;possible_same_person;2034041241;𝓝𝓲𝔁𝓼𝔂;Flick1741;2:00PM - 6:00AM.;LessWrong;https://www.lesswrong.com/users/Flick1741;Flick1741;sherlock;;;
0;0.738;possible_same_person;2034041241;𝓝𝓲𝔁𝓼𝔂;Flick1741;2:00PM - 6:00AM.;Mail_ru_email;https://account.mail.ru/login?&fail=1&email=Flick1741%40mail.ru;Flick1741;snoop;;;auto_label: url username differs from telegram username
;0.7355;possible_same_person;2034041241;𝓝𝓲𝔁𝓼𝔂;Flick1741;2:00PM - 6:00AM.;Patched;https://patched.sh/User/Flick1741;Flick1741;sherlock;;;
;0.738;possible_same_person;2034041241;𝓝𝓲𝔁𝓼𝔂;Flick1741;2:00PM - 6:00AM.;Paypal;https://www.paypal.com/paypalme/Flick1741;Flick1741;snoop;;;
0;0.738;possible_same_person;2034041241;𝓝𝓲𝔁𝓼𝔂;Flick1741;2:00PM - 6:00AM.;Planetaexcel;https://www.planetaexcel.ru/forum/index.php?PAGE_NAME=profile_view&UID=Flick1741;Flick1741;snoop;;;auto_label: url username differs from telegram username
;0.738;possible_same_person;2034041241;𝓝𝓲𝔁𝓼𝔂;Flick1741;2:00PM - 6:00AM.;Radiokot;https://www.radiokot.ru/forum/search.php?keywords=&terms=all&author=Flick1741;Flick1741;snoop;;;
;0.7245;possible_same_person;2034041241;𝓝𝓲𝔁𝓼𝔂;Flick1741;2:00PM - 6:00AM.;Rarible;https://rarible.com/marketplace/api/v4/urls/Flick1741;Flick1741;sherlock;;;
;0.7355;possible_same_person;2034041241;𝓝𝓲𝔁𝓼𝔂;Flick1741;2:00PM - 6:00AM.;Realmeye;https://www.realmeye.com/player/Flick1741;Flick1741;sherlock;;;
;0.7341;possible_same_person;2034041241;𝓝𝓲𝔁𝓼𝔂;Flick1741;2:00PM - 6:00AM.;Reddit;https://www.reddit.com/user/Flick1741;Flick1741;sherlock;;;
;0.7355;possible_same_person;2034041241;𝓝𝓲𝔁𝓼𝔂;Flick1741;2:00PM - 6:00AM.;Scribd;https://www.scribd.com/Flick1741;Flick1741;sherlock;;;
;0.7355;possible_same_person;2034041241;𝓝𝓲𝔁𝓼𝔂;Flick1741;2:00PM - 6:00AM.;Shelf;https://www.shelf.im/Flick1741;Flick1741;sherlock;;;
;0.7355;possible_same_person;2034041241;𝓝𝓲𝔁𝓼𝔂;Flick1741;2:00PM - 6:00AM.;SlideShare;https://slideshare.net/Flick1741;Flick1741;sherlock;;;
;0.7355;possible_same_person;2034041241;𝓝𝓲𝔁𝓼𝔂;Flick1741;2:00PM - 6:00AM.;Smule;https://www.smule.com/Flick1741;Flick1741;sherlock;;;
;0.7355;possible_same_person;2034041241;𝓝𝓲𝔁𝓼𝔂;Flick1741;2:00PM - 6:00AM.;Splice;https://splice.com/Flick1741;Flick1741;sherlock;;;
;0.7355;possible_same_person;2034041241;𝓝𝓲𝔁𝓼𝔂;Flick1741;2:00PM - 6:00AM.;Spotify;https://open.spotify.com/user/Flick1741;Flick1741;sherlock;;;
1;0.7355;possible_same_person;2034041241;𝓝𝓲𝔁𝓼𝔂;Flick1741;2:00PM - 6:00AM.;Telegram;https://t.me/Flick1741;Flick1741;sherlock;;;auto_label: exact Telegram username
1;0.738;possible_same_person;2034041241;𝓝𝓲𝔁𝓼𝔂;Flick1741;2:00PM - 6:00AM.;Telegram;https://t.me/Flick1741;Flick1741;snoop;;;auto_label: exact Telegram username
;0.7355;possible_same_person;2034041241;𝓝𝓲𝔁𝓼𝔂;Flick1741;2:00PM - 6:00AM.;TryHackMe;https://tryhackme.com/p/Flick1741;Flick1741;sherlock;;;
;0.7415;possible_same_person;2034041241;𝓝𝓲𝔁𝓼𝔂;Flick1741;2:00PM - 6:00AM.;Twitter;https://x.com/Flick1741;Flick1741;snoop;;;
0;0.7355;possible_same_person;2034041241;𝓝𝓲𝔁𝓼𝔂;Flick1741;2:00PM - 6:00AM.;Velomania;https://forum.velomania.ru/member.php?username=Flick1741;Flick1741;sherlock;;;auto_label: url username differs from telegram username
;0.7355;possible_same_person;2034041241;𝓝𝓲𝔁𝓼𝔂;Flick1741;2:00PM - 6:00AM.;Weblate;https://hosted.weblate.org/user/Flick1741/;Flick1741;sherlock;;;
;0.7355;possible_same_person;2034041241;𝓝𝓲𝔁𝓼𝔂;Flick1741;2:00PM - 6:00AM.;Wikipedia;https://en.wikipedia.org/wiki/Special:CentralAuth/Flick1741?uselang=qqx;Flick1741;sherlock;;;
0;0.7355;possible_same_person;2034041241;𝓝𝓲𝔁𝓼𝔂;Flick1741;2:00PM - 6:00AM.;YandexMusic;https://music.yandex/users/Flick1741/playlists;Flick1741;sherlock;;;auto_label: url username differs from telegram username
;0.7355;possible_same_person;2034041241;𝓝𝓲𝔁𝓼𝔂;Flick1741;2:00PM - 6:00AM.;YouTube;https://www.youtube.com/@Flick1741;Flick1741;sherlock;;;
;0.7355;possible_same_person;2034041241;𝓝𝓲𝔁𝓼𝔂;Flick1741;2:00PM - 6:00AM.;dailykos;https://www.dailykos.com/user/Flick1741;Flick1741;sherlock;;;
0;0.7355;possible_same_person;2034041241;𝓝𝓲𝔁𝓼𝔂;Flick1741;2:00PM - 6:00AM.;igromania;http://forum.igromania.ru/member.php?username=Flick1741;Flick1741;sherlock;;;auto_label: url username differs from telegram username
;0.7355;possible_same_person;2034041241;𝓝𝓲𝔁𝓼𝔂;Flick1741;2:00PM - 6:00AM.;interpals;https://www.interpals.net/Flick1741;Flick1741;sherlock;;;
;0.7355;possible_same_person;2034041241;𝓝𝓲𝔁𝓼𝔂;Flick1741;2:00PM - 6:00AM.;mercadolivre;https://www.mercadolivre.com.br/perfil/Flick1741;Flick1741;sherlock;;;
;0.7355;possible_same_person;2034041241;𝓝𝓲𝔁𝓼𝔂;Flick1741;2:00PM - 6:00AM.;opennet;https://www.opennet.ru/~Flick1741;Flick1741;sherlock;;;
0;0.7355;possible_same_person;2034041241;𝓝𝓲𝔁𝓼𝔂;Flick1741;2:00PM - 6:00AM.;phpRU;https://php.ru/forum/members/?username=Flick1741;Flick1741;sherlock;;;auto_label: url username differs from telegram username
;0.7355;possible_same_person;2034041241;𝓝𝓲𝔁𝓼𝔂;Flick1741;2:00PM - 6:00AM.;svidbook;https://www.svidbook.ru/user/Flick1741;Flick1741;sherlock;;;
;0.7355;possible_same_person;2067607395;чᴇᴩникᴀ #𝗺𝗻𝘃 #bliss #KTN;pzzdd4x;ᴛᴇʟʟ ᴍᴇ, ʟᴏᴠᴇʀ ᴅᴏ ʏᴏᴜ ʟᴏᴠᴇ ᴍᴇ? ᴅᴇᴀᴛʜ ɪs ᴀʟᴡᴀʏs ɴᴇᴀʀ ᴍᴇ, ᴡᴀᴛᴄʜɪɴɢ | #LE;7Cups;https://www.7cups.com/@pzzdd4x;pzzdd4x;sherlock;;;
0;0.7245;possible_same_person;2067607395;чᴇᴩникᴀ #𝗺𝗻𝘃 #bliss #KTN;pzzdd4x;ᴛᴇʟʟ ᴍᴇ, ʟᴏᴠᴇʀ ᴅᴏ ʏᴏᴜ ʟᴏᴠᴇ ᴍᴇ? ᴅᴇᴀᴛʜ ɪs ᴀʟᴡᴀʏs ɴᴇᴀʀ ᴍᴇ, ᴡᴀᴛᴄʜɪɴɢ | #LE;Airliners;https://www.airliners.net/user/pzzdd4x/profile/photos;pzzdd4x;sherlock;;;auto_label: url username differs from telegram username
;0.7355;possible_same_person;2067607395;чᴇᴩникᴀ #𝗺𝗻𝘃 #bliss #KTN;pzzdd4x;ᴛᴇʟʟ ᴍᴇ, ʟᴏᴠᴇʀ ᴅᴏ ʏᴏᴜ ʟᴏᴠᴇ ᴍᴇ? ᴅᴇᴀᴛʜ ɪs ᴀʟᴡᴀʏs ɴᴇᴀʀ ᴍᴇ, ᴡᴀᴛᴄʜɪɴɢ | #LE;Apple Discussions;https://discussions.apple.com/profile/pzzdd4x;pzzdd4x;sherlock;;;
;0.7355;possible_same_person;2067607395;чᴇᴩникᴀ #𝗺𝗻𝘃 #bliss #KTN;pzzdd4x;ᴛᴇʟʟ ᴍᴇ, ʟᴏᴠᴇʀ ᴅᴏ ʏᴏᴜ ʟᴏᴠᴇ ᴍᴇ? ᴅᴇᴀᴛʜ ɪs ᴀʟᴡᴀʏs ɴᴇᴀʀ ᴍᴇ, ᴡᴀᴛᴄʜɪɴɢ | #LE;Archive.org;https://archive.org/details/@pzzdd4x;pzzdd4x;sherlock;;;
;0.7355;possible_same_person;2067607395;чᴇᴩникᴀ #𝗺𝗻𝘃 #bliss #KTN;pzzdd4x;ᴛᴇʟʟ ᴍᴇ, ʟᴏᴠᴇʀ ᴅᴏ ʏᴏᴜ ʟᴏᴠᴇ ᴍᴇ? ᴅᴇᴀᴛʜ ɪs ᴀʟᴡᴀʏs ɴᴇᴀʀ ᴍᴇ, ᴡᴀᴛᴄʜɪɴɢ | #LE;ArtStation;https://www.artstation.com/pzzdd4x;pzzdd4x;sherlock;;;
;0.7355;possible_same_person;2067607395;чᴇᴩникᴀ #𝗺𝗻𝘃 #bliss #KTN;pzzdd4x;ᴛᴇʟʟ ᴍᴇ, ʟᴏᴠᴇʀ ᴅᴏ ʏᴏᴜ ʟᴏᴠᴇ ᴍᴇ? ᴅᴇᴀᴛʜ ɪs ᴀʟᴡᴀʏs ɴᴇᴀʀ ᴍᴇ, ᴡᴀᴛᴄʜɪɴɢ | #LE;BabyRu;https://www.baby.ru/u/pzzdd4x;pzzdd4x;sherlock;;;
;0.7355;possible_same_person;2067607395;чᴇᴩникᴀ #𝗺𝗻𝘃 #bliss #KTN;pzzdd4x;ᴛᴇʟʟ ᴍᴇ, ʟᴏᴠᴇʀ ᴅᴏ ʏᴏᴜ ʟᴏᴠᴇ ᴍᴇ? ᴅᴇᴀᴛʜ ɪs ᴀʟᴡᴀʏs ɴᴇᴀʀ ᴍᴇ, ᴡᴀᴛᴄʜɪɴɢ | #LE;Bandcamp;https://www.bandcamp.com/pzzdd4x;pzzdd4x;sherlock;;;
;0.738;possible_same_person;2067607395;чᴇᴩникᴀ #𝗺𝗻𝘃 #bliss #KTN;pzzdd4x;ᴛᴇʟʟ ᴍᴇ, ʟᴏᴠᴇʀ ᴅᴏ ʏᴏᴜ ʟᴏᴠᴇ ᴍᴇ? ᴅᴇᴀᴛʜ ɪs ᴀʟᴡᴀʏs ɴᴇᴀʀ ᴍᴇ, ᴡᴀᴛᴄʜɪɴɢ | #LE;Bandcamp;https://www.bandcamp.com/pzzdd4x;pzzdd4x;snoop;;;
;0.7355;possible_same_person;2067607395;чᴇᴩникᴀ #𝗺𝗻𝘃 #bliss #KTN;pzzdd4x;ᴛᴇʟʟ ᴍᴇ, ʟᴏᴠᴇʀ ᴅᴏ ʏᴏᴜ ʟᴏᴠᴇ ᴍᴇ? ᴅᴇᴀᴛʜ ɪs ᴀʟᴡᴀʏs ɴᴇᴀʀ ᴍᴇ, ᴡᴀᴛᴄʜɪɴɢ | #LE;Codolio;https://codolio.com/profile/pzzdd4x;pzzdd4x;sherlock;;;
;0.7245;possible_same_person;2067607395;чᴇᴩникᴀ #𝗺𝗻𝘃 #bliss #KTN;pzzdd4x;ᴛᴇʟʟ ᴍᴇ, ʟᴏᴠᴇʀ ᴅᴏ ʏᴏᴜ ʟᴏᴠᴇ ᴍᴇ? ᴅᴇᴀᴛʜ ɪs ᴀʟᴡᴀʏs ɴᴇᴀʀ ᴍᴇ, ᴡᴀᴛᴄʜɪɴɢ | #LE;Discord.bio;https://discords.com/api-v2/bio/details/pzzdd4x;pzzdd4x;sherlock;;;
;0.7355;possible_same_person;2067607395;чᴇᴩникᴀ #𝗺𝗻𝘃 #bliss #KTN;pzzdd4x;ᴛᴇʟʟ ᴍᴇ, ʟᴏᴠᴇʀ ᴅᴏ ʏᴏᴜ ʟᴏᴠᴇ ᴍᴇ? ᴅᴇᴀᴛʜ ɪs ᴀʟᴡᴀʏs ɴᴇᴀʀ ᴍᴇ, ᴡᴀᴛᴄʜɪɴɢ | #LE;Envato Forum;https://forums.envato.com/u/pzzdd4x;pzzdd4x;sherlock;;;
0;0.727;possible_same_person;2067607395;чᴇᴩникᴀ #𝗺𝗻𝘃 #bliss #KTN;pzzdd4x;ᴛᴇʟʟ ᴍᴇ, ʟᴏᴠᴇʀ ᴅᴏ ʏᴏᴜ ʟᴏᴠᴇ ᴍᴇ? ᴅᴇᴀᴛʜ ɪs ᴀʟᴡᴀʏs ɴᴇᴀʀ ᴍᴇ, ᴡᴀᴛᴄʜɪɴɢ | #LE;Forum_Airliners;https://www.airliners.net/user/pzzdd4x/profile/photos;pzzdd4x;snoop;;;auto_label: url username differs from telegram username
0;0.738;possible_same_person;2067607395;чᴇᴩникᴀ #𝗺𝗻𝘃 #bliss #KTN;pzzdd4x;ᴛᴇʟʟ ᴍᴇ, ʟᴏᴠᴇʀ ᴅᴏ ʏᴏᴜ ʟᴏᴠᴇ ᴍᴇ? ᴅᴇᴀᴛʜ ɪs ᴀʟᴡᴀʏs ɴᴇᴀʀ ᴍᴇ, ᴡᴀᴛᴄʜɪɴɢ | #LE;Forum_javaprogramming;https://www.javaprogrammingforums.com/members/pzzdd4x.html;pzzdd4x;snoop;;;auto_label: url username differs from telegram username
;0.7355;possible_same_person;2067607395;чᴇᴩникᴀ #𝗺𝗻𝘃 #bliss #KTN;pzzdd4x;ᴛᴇʟʟ ᴍᴇ, ʟᴏᴠᴇʀ ᴅᴏ ʏᴏᴜ ʟᴏᴠᴇ ᴍᴇ? ᴅᴇᴀᴛʜ ɪs ᴀʟᴡᴀʏs ɴᴇᴀʀ ᴍᴇ, ᴡᴀᴛᴄʜɪɴɢ | #LE;GeeksforGeeks;https://auth.geeksforgeeks.org/user/pzzdd4x;pzzdd4x;sherlock;;;
;0.7355;possible_same_person;2067607395;чᴇᴩникᴀ #𝗺𝗻𝘃 #bliss #KTN;pzzdd4x;ᴛᴇʟʟ ᴍᴇ, ʟᴏᴠᴇʀ ᴅᴏ ʏᴏᴜ ʟᴏᴠᴇ ᴍᴇ? ᴅᴇᴀᴛʜ ɪs ᴀʟᴡᴀʏs ɴᴇᴀʀ ᴍᴇ, ᴡᴀᴛᴄʜɪɴɢ | #LE;Giphy;https://giphy.com/pzzdd4x;pzzdd4x;sherlock;;;
;0.7355;possible_same_person;2067607395;чᴇᴩникᴀ #𝗺𝗻𝘃 #bliss #KTN;pzzdd4x;ᴛᴇʟʟ ᴍᴇ, ʟᴏᴠᴇʀ ᴅᴏ ʏᴏᴜ ʟᴏᴠᴇ ᴍᴇ? ᴅᴇᴀᴛʜ ɪs ᴀʟᴡᴀʏs ɴᴇᴀʀ ᴍᴇ, ᴡᴀᴛᴄʜɪɴɢ | #LE;Hashnode;https://hashnode.com/@pzzdd4x;pzzdd4x;sherlock;;;
;0.7355;possible_same_person;2067607395;чᴇᴩникᴀ #𝗺𝗻𝘃 #bliss #KTN;pzzdd4x;ᴛᴇʟʟ ᴍᴇ, ʟᴏᴠᴇʀ ᴅᴏ ʏᴏᴜ ʟᴏᴠᴇ ᴍᴇ? ᴅᴇᴀᴛʜ ɪs ᴀʟᴡᴀʏs ɴᴇᴀʀ ᴍᴇ, ᴡᴀᴛᴄʜɪɴɢ | #LE;Hubski;https://hubski.com/user/pzzdd4x;pzzdd4x;sherlock;;;
;0.7355;possible_same_person;2067607395;чᴇᴩникᴀ #𝗺𝗻𝘃 #bliss #KTN;pzzdd4x;ᴛᴇʟʟ ᴍᴇ, ʟᴏᴠᴇʀ ᴅᴏ ʏᴏᴜ ʟᴏᴠᴇ ᴍᴇ? ᴅᴇᴀᴛʜ ɪs ᴀʟᴡᴀʏs ɴᴇᴀʀ ᴍᴇ, ᴡᴀᴛᴄʜɪɴɢ | #LE;LessWrong;https://www.lesswrong.com/users/pzzdd4x;pzzdd4x;sherlock;;;
0;0.738;possible_same_person;2067607395;чᴇᴩникᴀ #𝗺𝗻𝘃 #bliss #KTN;pzzdd4x;ᴛᴇʟʟ ᴍᴇ, ʟᴏᴠᴇʀ ᴅᴏ ʏᴏᴜ ʟᴏᴠᴇ ᴍᴇ? ᴅᴇᴀᴛʜ ɪs ᴀʟᴡᴀʏs ɴᴇᴀʀ ᴍᴇ, ᴡᴀᴛᴄʜɪɴɢ | #LE;Mail_ru_email;https://account.mail.ru/login?&fail=1&email=pzzdd4x%40mail.ru;pzzdd4x;snoop;;;auto_label: url username differs from telegram username
;0.7355;possible_same_person;2067607395;чᴇᴩникᴀ #𝗺𝗻𝘃 #bliss #KTN;pzzdd4x;ᴛᴇʟʟ ᴍᴇ, ʟᴏᴠᴇʀ ᴅᴏ ʏᴏᴜ ʟᴏᴠᴇ ᴍᴇ? ᴅᴇᴀᴛʜ ɪs ᴀʟᴡᴀʏs ɴᴇᴀʀ ᴍᴇ, ᴡᴀᴛᴄʜɪɴɢ | #LE;Patched;https://patched.sh/User/pzzdd4x;pzzdd4x;sherlock;;;
;0.738;possible_same_person;2067607395;чᴇᴩникᴀ #𝗺𝗻𝘃 #bliss #KTN;pzzdd4x;ᴛᴇʟʟ ᴍᴇ, ʟᴏᴠᴇʀ ᴅᴏ ʏᴏᴜ ʟᴏᴠᴇ ᴍᴇ? ᴅᴇᴀᴛʜ ɪs ᴀʟᴡᴀʏs ɴᴇᴀʀ ᴍᴇ, ᴡᴀᴛᴄʜɪɴɢ | #LE;Paypal;https://www.paypal.com/paypalme/pzzdd4x;pzzdd4x;snoop;;;
0;0.738;possible_same_person;2067607395;чᴇᴩникᴀ #𝗺𝗻𝘃 #bliss #KTN;pzzdd4x;ᴛᴇʟʟ ᴍᴇ, ʟᴏᴠᴇʀ ᴅᴏ ʏᴏᴜ ʟᴏᴠᴇ ᴍᴇ? ᴅᴇᴀᴛʜ ɪs ᴀʟᴡᴀʏs ɴᴇᴀʀ ᴍᴇ, ᴡᴀᴛᴄʜɪɴɢ | #LE;Planetaexcel;https://www.planetaexcel.ru/forum/index.php?PAGE_NAME=profile_view&UID=pzzdd4x;pzzdd4x;snoop;;;auto_label: url username differs from telegram username
;0.7245;possible_same_person;2067607395;чᴇᴩникᴀ #𝗺𝗻𝘃 #bliss #KTN;pzzdd4x;ᴛᴇʟʟ ᴍᴇ, ʟᴏᴠᴇʀ ᴅᴏ ʏᴏᴜ ʟᴏᴠᴇ ᴍᴇ? ᴅᴇᴀᴛʜ ɪs ᴀʟᴡᴀʏs ɴᴇᴀʀ ᴍᴇ, ᴡᴀᴛᴄʜɪɴɢ | #LE;Rarible;https://rarible.com/marketplace/api/v4/urls/pzzdd4x;pzzdd4x;sherlock;;;
;0.7355;possible_same_person;2067607395;чᴇᴩникᴀ #𝗺𝗻𝘃 #bliss #KTN;pzzdd4x;ᴛᴇʟʟ ᴍᴇ, ʟᴏᴠᴇʀ ᴅᴏ ʏᴏᴜ ʟᴏᴠᴇ ᴍᴇ? ᴅᴇᴀᴛʜ ɪs ᴀʟᴡᴀʏs ɴᴇᴀʀ ᴍᴇ, ᴡᴀᴛᴄʜɪɴɢ | #LE;Realmeye;https://www.realmeye.com/player/pzzdd4x;pzzdd4x;sherlock;;;
;0.7341;possible_same_person;2067607395;чᴇᴩникᴀ #𝗺𝗻𝘃 #bliss #KTN;pzzdd4x;ᴛᴇʟʟ ᴍᴇ, ʟᴏᴠᴇʀ ᴅᴏ ʏᴏᴜ ʟᴏᴠᴇ ᴍᴇ? ᴅᴇᴀᴛʜ ɪs ᴀʟᴡᴀʏs ɴᴇᴀʀ ᴍᴇ, ᴡᴀᴛᴄʜɪɴɢ | #LE;Reddit;https://www.reddit.com/user/pzzdd4x;pzzdd4x;sherlock;;;
;0.7355;possible_same_person;2067607395;чᴇᴩникᴀ #𝗺𝗻𝘃 #bliss #KTN;pzzdd4x;ᴛᴇʟʟ ᴍᴇ, ʟᴏᴠᴇʀ ᴅᴏ ʏᴏᴜ ʟᴏᴠᴇ ᴍᴇ? ᴅᴇᴀᴛʜ ɪs ᴀʟᴡᴀʏs ɴᴇᴀʀ ᴍᴇ, ᴡᴀᴛᴄʜɪɴɢ | #LE;Scribd;https://www.scribd.com/pzzdd4x;pzzdd4x;sherlock;;;
;0.7355;possible_same_person;2067607395;чᴇᴩникᴀ #𝗺𝗻𝘃 #bliss #KTN;pzzdd4x;ᴛᴇʟʟ ᴍᴇ, ʟᴏᴠᴇʀ ᴅᴏ ʏᴏᴜ ʟᴏᴠᴇ ᴍᴇ? ᴅᴇᴀᴛʜ ɪs ᴀʟᴡᴀʏs ɴᴇᴀʀ ᴍᴇ, ᴡᴀᴛᴄʜɪɴɢ | #LE;Shelf;https://www.shelf.im/pzzdd4x;pzzdd4x;sherlock;;;
;0.7355;possible_same_person;2067607395;чᴇᴩникᴀ #𝗺𝗻𝘃 #bliss #KTN;pzzdd4x;ᴛᴇʟʟ ᴍᴇ, ʟᴏᴠᴇʀ ᴅᴏ ʏᴏᴜ ʟᴏᴠᴇ ᴍᴇ? ᴅᴇᴀᴛʜ ɪs ᴀʟᴡᴀʏs ɴᴇᴀʀ ᴍᴇ, ᴡᴀᴛᴄʜɪɴɢ | #LE;SlideShare;https://slideshare.net/pzzdd4x;pzzdd4x;sherlock;;;
;0.7355;possible_same_person;2067607395;чᴇᴩникᴀ #𝗺𝗻𝘃 #bliss #KTN;pzzdd4x;ᴛᴇʟʟ ᴍᴇ, ʟᴏᴠᴇʀ ᴅᴏ ʏᴏᴜ ʟᴏᴠᴇ ᴍᴇ? ᴅᴇᴀᴛʜ ɪs ᴀʟᴡᴀʏs ɴᴇᴀʀ ᴍᴇ, ᴡᴀᴛᴄʜɪɴɢ | #LE;Smule;https://www.smule.com/pzzdd4x;pzzdd4x;sherlock;;;
;0.7355;possible_same_person;2067607395;чᴇᴩникᴀ #𝗺𝗻𝘃 #bliss #KTN;pzzdd4x;ᴛᴇʟʟ ᴍᴇ, ʟᴏᴠᴇʀ ᴅᴏ ʏᴏᴜ ʟᴏᴠᴇ ᴍᴇ? ᴅᴇᴀᴛʜ ɪs ᴀʟᴡᴀʏs ɴᴇᴀʀ ᴍᴇ, ᴡᴀᴛᴄʜɪɴɢ | #LE;Splice;https://splice.com/pzzdd4x;pzzdd4x;sherlock;;;
;0.7355;possible_same_person;2067607395;чᴇᴩникᴀ #𝗺𝗻𝘃 #bliss #KTN;pzzdd4x;ᴛᴇʟʟ ᴍᴇ, ʟᴏᴠᴇʀ ᴅᴏ ʏᴏᴜ ʟᴏᴠᴇ ᴍᴇ? ᴅᴇᴀᴛʜ ɪs ᴀʟᴡᴀʏs ɴᴇᴀʀ ᴍᴇ, ᴡᴀᴛᴄʜɪɴɢ | #LE;Spotify;https://open.spotify.com/user/pzzdd4x;pzzdd4x;sherlock;;;
1;0.7355;possible_same_person;2067607395;чᴇᴩникᴀ #𝗺𝗻𝘃 #bliss #KTN;pzzdd4x;ᴛᴇʟʟ ᴍᴇ, ʟᴏᴠᴇʀ ᴅᴏ ʏᴏᴜ ʟᴏᴠᴇ ᴍᴇ? ᴅᴇᴀᴛʜ ɪs ᴀʟᴡᴀʏs ɴᴇᴀʀ ᴍᴇ, ᴡᴀᴛᴄʜɪɴɢ | #LE;Telegram;https://t.me/pzzdd4x;pzzdd4x;sherlock;;;auto_label: exact Telegram username
1;0.738;possible_same_person;2067607395;чᴇᴩникᴀ #𝗺𝗻𝘃 #bliss #KTN;pzzdd4x;ᴛᴇʟʟ ᴍᴇ, ʟᴏᴠᴇʀ ᴅᴏ ʏᴏᴜ ʟᴏᴠᴇ ᴍᴇ? ᴅᴇᴀᴛʜ ɪs ᴀʟᴡᴀʏs ɴᴇᴀʀ ᴍᴇ, ᴡᴀᴛᴄʜɪɴɢ | #LE;Telegram;https://t.me/pzzdd4x;pzzdd4x;snoop;;;auto_label: exact Telegram username
;0.7355;possible_same_person;2067607395;чᴇᴩникᴀ #𝗺𝗻𝘃 #bliss #KTN;pzzdd4x;ᴛᴇʟʟ ᴍᴇ, ʟᴏᴠᴇʀ ᴅᴏ ʏᴏᴜ ʟᴏᴠᴇ ᴍᴇ? ᴅᴇᴀᴛʜ ɪs ᴀʟᴡᴀʏs ɴᴇᴀʀ ᴍᴇ, ᴡᴀᴛᴄʜɪɴɢ | #LE;TryHackMe;https://tryhackme.com/p/pzzdd4x;pzzdd4x;sherlock;;;
0;0.7355;possible_same_person;2067607395;чᴇᴩникᴀ #𝗺𝗻𝘃 #bliss #KTN;pzzdd4x;ᴛᴇʟʟ ᴍᴇ, ʟᴏᴠᴇʀ ᴅᴏ ʏᴏᴜ ʟᴏᴠᴇ ᴍᴇ? ᴅᴇᴀᴛʜ ɪs ᴀʟᴡᴀʏs ɴᴇᴀʀ ᴍᴇ, ᴡᴀᴛᴄʜɪɴɢ | #LE;Velomania;https://forum.velomania.ru/member.php?username=pzzdd4x;pzzdd4x;sherlock;;;auto_label: url username differs from telegram username
;0.7355;possible_same_person;2067607395;чᴇᴩникᴀ #𝗺𝗻𝘃 #bliss #KTN;pzzdd4x;ᴛᴇʟʟ ᴍᴇ, ʟᴏᴠᴇʀ ᴅᴏ ʏᴏᴜ ʟᴏᴠᴇ ᴍᴇ? ᴅᴇᴀᴛʜ ɪs ᴀʟᴡᴀʏs ɴᴇᴀʀ ᴍᴇ, ᴡᴀᴛᴄʜɪɴɢ | #LE;Weblate;https://hosted.weblate.org/user/pzzdd4x/;pzzdd4x;sherlock;;;
;0.7355;possible_same_person;2067607395;чᴇᴩникᴀ #𝗺𝗻𝘃 #bliss #KTN;pzzdd4x;ᴛᴇʟʟ ᴍᴇ, ʟᴏᴠᴇʀ ᴅᴏ ʏᴏᴜ ʟᴏᴠᴇ ᴍᴇ? ᴅᴇᴀᴛʜ ɪs ᴀʟᴡᴀʏs ɴᴇᴀʀ ᴍᴇ, ᴡᴀᴛᴄʜɪɴɢ | #LE;Wikipedia;https://en.wikipedia.org/wiki/Special:CentralAuth/pzzdd4x?uselang=qqx;pzzdd4x;sherlock;;;
0;0.7355;possible_same_person;2067607395;чᴇᴩникᴀ #𝗺𝗻𝘃 #bliss #KTN;pzzdd4x;ᴛᴇʟʟ ᴍᴇ, ʟᴏᴠᴇʀ ᴅᴏ ʏᴏᴜ ʟᴏᴠᴇ ᴍᴇ? ᴅᴇᴀᴛʜ ɪs ᴀʟᴡᴀʏs ɴᴇᴀʀ ᴍᴇ, ᴡᴀᴛᴄʜɪɴɢ | #LE;YandexMusic;https://music.yandex/users/pzzdd4x/playlists;pzzdd4x;sherlock;;;auto_label: url username differs from telegram username
;0.7355;possible_same_person;2067607395;чᴇᴩникᴀ #𝗺𝗻𝘃 #bliss #KTN;pzzdd4x;ᴛᴇʟʟ ᴍᴇ, ʟᴏᴠᴇʀ ᴅᴏ ʏᴏᴜ ʟᴏᴠᴇ ᴍᴇ? ᴅᴇᴀᴛʜ ɪs ᴀʟᴡᴀʏs ɴᴇᴀʀ ᴍᴇ, ᴡᴀᴛᴄʜɪɴɢ | #LE;YouTube;https://www.youtube.com/@pzzdd4x;pzzdd4x;sherlock;;;
;0.7355;possible_same_person;2067607395;чᴇᴩникᴀ #𝗺𝗻𝘃 #bliss #KTN;pzzdd4x;ᴛᴇʟʟ ᴍᴇ, ʟᴏᴠᴇʀ ᴅᴏ ʏᴏᴜ ʟᴏᴠᴇ ᴍᴇ? ᴅᴇᴀᴛʜ ɪs ᴀʟᴡᴀʏs ɴᴇᴀʀ ᴍᴇ, ᴡᴀᴛᴄʜɪɴɢ | #LE;dailykos;https://www.dailykos.com/user/pzzdd4x;pzzdd4x;sherlock;;;
;0.7355;possible_same_person;2067607395;чᴇᴩникᴀ #𝗺𝗻𝘃 #bliss #KTN;pzzdd4x;ᴛᴇʟʟ ᴍᴇ, ʟᴏᴠᴇʀ ᴅᴏ ʏᴏᴜ ʟᴏᴠᴇ ᴍᴇ? ᴅᴇᴀᴛʜ ɪs ᴀʟᴡᴀʏs ɴᴇᴀʀ ᴍᴇ, ᴡᴀᴛᴄʜɪɴɢ | #LE;interpals;https://www.interpals.net/pzzdd4x;pzzdd4x;sherlock;;;
;0.7355;possible_same_person;2067607395;чᴇᴩникᴀ #𝗺𝗻𝘃 #bliss #KTN;pzzdd4x;ᴛᴇʟʟ ᴍᴇ, ʟᴏᴠᴇʀ ᴅᴏ ʏᴏᴜ ʟᴏᴠᴇ ᴍᴇ? ᴅᴇᴀᴛʜ ɪs ᴀʟᴡᴀʏs ɴᴇᴀʀ ᴍᴇ, ᴡᴀᴛᴄʜɪɴɢ | #LE;mercadolivre;https://www.mercadolivre.com.br/perfil/pzzdd4x;pzzdd4x;sherlock;;;
;0.7355;possible_same_person;2067607395;чᴇᴩникᴀ #𝗺𝗻𝘃 #bliss #KTN;pzzdd4x;ᴛᴇʟʟ ᴍᴇ, ʟᴏᴠᴇʀ ᴅᴏ ʏᴏᴜ ʟᴏᴠᴇ ᴍᴇ? ᴅᴇᴀᴛʜ ɪs ᴀʟᴡᴀʏs ɴᴇᴀʀ ᴍᴇ, ᴡᴀᴛᴄʜɪɴɢ | #LE;minds;https://www.minds.com/pzzdd4x/;pzzdd4x;sherlock;;;
;0.7355;possible_same_person;2067607395;чᴇᴩникᴀ #𝗺𝗻𝘃 #bliss #KTN;pzzdd4x;ᴛᴇʟʟ ᴍᴇ, ʟᴏᴠᴇʀ ᴅᴏ ʏᴏᴜ ʟᴏᴠᴇ ᴍᴇ? ᴅᴇᴀᴛʜ ɪs ᴀʟᴡᴀʏs ɴᴇᴀʀ ᴍᴇ, ᴡᴀᴛᴄʜɪɴɢ | #LE;opennet;https://www.opennet.ru/~pzzdd4x;pzzdd4x;sherlock;;;
0;0.7355;possible_same_person;2067607395;чᴇᴩникᴀ #𝗺𝗻𝘃 #bliss #KTN;pzzdd4x;ᴛᴇʟʟ ᴍᴇ, ʟᴏᴠᴇʀ ᴅᴏ ʏᴏᴜ ʟᴏᴠᴇ ᴍᴇ? ᴅᴇᴀᴛʜ ɪs ᴀʟᴡᴀʏs ɴᴇᴀʀ ᴍᴇ, ᴡᴀᴛᴄʜɪɴɢ | #LE;phpRU;https://php.ru/forum/members/?username=pzzdd4x;pzzdd4x;sherlock;;;auto_label: url username differs from telegram username
;0.7355;possible_same_person;2067607395;чᴇᴩникᴀ #𝗺𝗻𝘃 #bliss #KTN;pzzdd4x;ᴛᴇʟʟ ᴍᴇ, ʟᴏᴠᴇʀ ᴅᴏ ʏᴏᴜ ʟᴏᴠᴇ ᴍᴇ? ᴅᴇᴀᴛʜ ɪs ᴀʟᴡᴀʏs ɴᴇᴀʀ ᴍᴇ, ᴡᴀᴛᴄʜɪɴɢ | #LE;svidbook;https://www.svidbook.ru/user/pzzdd4x;pzzdd4x;sherlock;;;
;0.7155;possible_same_person;2073397472;ᴀᴅᴊɪɢᴀɴ;AdjiganOfficial;;7Cups;https://www.7cups.com/@AdjiganOfficial;AdjiganOfficial;sherlock;;;
0;0.7045;possible_same_person;2073397472;ᴀᴅᴊɪɢᴀɴ;AdjiganOfficial;;Airliners;https://www.airliners.net/user/AdjiganOfficial/profile/photos;AdjiganOfficial;sherlock;;;auto_label: url username differs from telegram username
;0.7155;possible_same_person;2073397472;ᴀᴅᴊɪɢᴀɴ;AdjiganOfficial;;Apple Discussions;https://discussions.apple.com/profile/AdjiganOfficial;AdjiganOfficial;sherlock;;;
;0.7155;possible_same_person;2073397472;ᴀᴅᴊɪɢᴀɴ;AdjiganOfficial;;Archive.org;https://archive.org/details/@AdjiganOfficial;AdjiganOfficial;sherlock;;;
;0.7155;possible_same_person;2073397472;ᴀᴅᴊɪɢᴀɴ;AdjiganOfficial;;ArtStation;https://www.artstation.com/AdjiganOfficial;AdjiganOfficial;sherlock;;;
;0.7155;possible_same_person;2073397472;ᴀᴅᴊɪɢᴀɴ;AdjiganOfficial;;BabyRu;https://www.baby.ru/u/AdjiganOfficial;AdjiganOfficial;sherlock;;;
;0.7155;possible_same_person;2073397472;ᴀᴅᴊɪɢᴀɴ;AdjiganOfficial;;Bandcamp;https://www.bandcamp.com/AdjiganOfficial;AdjiganOfficial;sherlock;;;
;0.718;possible_same_person;2073397472;ᴀᴅᴊɪɢᴀɴ;AdjiganOfficial;;Bandcamp;https://www.bandcamp.com/AdjiganOfficial;AdjiganOfficial;snoop;;;
;0.7155;possible_same_person;2073397472;ᴀᴅᴊɪɢᴀɴ;AdjiganOfficial;;Codolio;https://codolio.com/profile/AdjiganOfficial;AdjiganOfficial;sherlock;;;
;0.7045;possible_same_person;2073397472;ᴀᴅᴊɪɢᴀɴ;AdjiganOfficial;;Discord.bio;https://discords.com/api-v2/bio/details/AdjiganOfficial;AdjiganOfficial;sherlock;;;
;0.7155;possible_same_person;2073397472;ᴀᴅᴊɪɢᴀɴ;AdjiganOfficial;;Envato Forum;https://forums.envato.com/u/AdjiganOfficial;AdjiganOfficial;sherlock;;;
0;0.707;possible_same_person;2073397472;ᴀᴅᴊɪɢᴀɴ;AdjiganOfficial;;Forum_Airliners;https://www.airliners.net/user/AdjiganOfficial/profile/photos;AdjiganOfficial;snoop;;;auto_label: url username differs from telegram username
0;0.718;possible_same_person;2073397472;ᴀᴅᴊɪɢᴀɴ;AdjiganOfficial;;Forum_javaprogramming;https://www.javaprogrammingforums.com/members/AdjiganOfficial.html;AdjiganOfficial;snoop;;;auto_label: url username differs from telegram username
;0.7155;possible_same_person;2073397472;ᴀᴅᴊɪɢᴀɴ;AdjiganOfficial;;GeeksforGeeks;https://auth.geeksforgeeks.org/user/AdjiganOfficial;AdjiganOfficial;sherlock;;;
;0.7155;possible_same_person;2073397472;ᴀᴅᴊɪɢᴀɴ;AdjiganOfficial;;Giphy;https://giphy.com/AdjiganOfficial;AdjiganOfficial;sherlock;;;
;0.7155;possible_same_person;2073397472;ᴀᴅᴊɪɢᴀɴ;AdjiganOfficial;;Hashnode;https://hashnode.com/@AdjiganOfficial;AdjiganOfficial;sherlock;;;
;0.7155;possible_same_person;2073397472;ᴀᴅᴊɪɢᴀɴ;AdjiganOfficial;;Hubski;https://hubski.com/user/AdjiganOfficial;AdjiganOfficial;sherlock;;;
;0.7155;possible_same_person;2073397472;ᴀᴅᴊɪɢᴀɴ;AdjiganOfficial;;LessWrong;https://www.lesswrong.com/users/AdjiganOfficial;AdjiganOfficial;sherlock;;;
0;0.718;possible_same_person;2073397472;ᴀᴅᴊɪɢᴀɴ;AdjiganOfficial;;Mail_ru_email;https://account.mail.ru/login?&fail=1&email=AdjiganOfficial%40mail.ru;AdjiganOfficial;snoop;;;auto_label: url username differs from telegram username
;0.7155;possible_same_person;2073397472;ᴀᴅᴊɪɢᴀɴ;AdjiganOfficial;;Patched;https://patched.sh/User/AdjiganOfficial;AdjiganOfficial;sherlock;;;
;0.718;possible_same_person;2073397472;ᴀᴅᴊɪɢᴀɴ;AdjiganOfficial;;Paypal;https://www.paypal.com/paypalme/AdjiganOfficial;AdjiganOfficial;snoop;;;
0;0.718;possible_same_person;2073397472;ᴀᴅᴊɪɢᴀɴ;AdjiganOfficial;;Planetaexcel;https://www.planetaexcel.ru/forum/index.php?PAGE_NAME=profile_view&UID=AdjiganOfficial;AdjiganOfficial;snoop;;;auto_label: url username differs from telegram username
;0.718;possible_same_person;2073397472;ᴀᴅᴊɪɢᴀɴ;AdjiganOfficial;;Radiokot;https://www.radiokot.ru/forum/search.php?keywords=&terms=all&author=AdjiganOfficial;AdjiganOfficial;snoop;;;
;0.7045;possible_same_person;2073397472;ᴀᴅᴊɪɢᴀɴ;AdjiganOfficial;;Rarible;https://rarible.com/marketplace/api/v4/urls/AdjiganOfficial;AdjiganOfficial;sherlock;;;
;0.7155;possible_same_person;2073397472;ᴀᴅᴊɪɢᴀɴ;AdjiganOfficial;;Realmeye;https://www.realmeye.com/player/AdjiganOfficial;AdjiganOfficial;sherlock;;;
;0.7141;possible_same_person;2073397472;ᴀᴅᴊɪɢᴀɴ;AdjiganOfficial;;Reddit;https://www.reddit.com/user/AdjiganOfficial;AdjiganOfficial;sherlock;;;
;0.7155;possible_same_person;2073397472;ᴀᴅᴊɪɢᴀɴ;AdjiganOfficial;;Scribd;https://www.scribd.com/AdjiganOfficial;AdjiganOfficial;sherlock;;;
;0.7155;possible_same_person;2073397472;ᴀᴅᴊɪɢᴀɴ;AdjiganOfficial;;Shelf;https://www.shelf.im/AdjiganOfficial;AdjiganOfficial;sherlock;;;
;0.7155;possible_same_person;2073397472;ᴀᴅᴊɪɢᴀɴ;AdjiganOfficial;;SlideShare;https://slideshare.net/AdjiganOfficial;AdjiganOfficial;sherlock;;;
;0.7155;possible_same_person;2073397472;ᴀᴅᴊɪɢᴀɴ;AdjiganOfficial;;Smule;https://www.smule.com/AdjiganOfficial;AdjiganOfficial;sherlock;;;
;0.7155;possible_same_person;2073397472;ᴀᴅᴊɪɢᴀɴ;AdjiganOfficial;;Splice;https://splice.com/AdjiganOfficial;AdjiganOfficial;sherlock;;;
;0.7155;possible_same_person;2073397472;ᴀᴅᴊɪɢᴀɴ;AdjiganOfficial;;Spotify;https://open.spotify.com/user/AdjiganOfficial;AdjiganOfficial;sherlock;;;
1;0.7155;possible_same_person;2073397472;ᴀᴅᴊɪɢᴀɴ;AdjiganOfficial;;Telegram;https://t.me/AdjiganOfficial;AdjiganOfficial;sherlock;;;auto_label: exact Telegram username
1;0.718;possible_same_person;2073397472;ᴀᴅᴊɪɢᴀɴ;AdjiganOfficial;;Telegram;https://t.me/AdjiganOfficial;AdjiganOfficial;snoop;;;auto_label: exact Telegram username
;0.7155;possible_same_person;2073397472;ᴀᴅᴊɪɢᴀɴ;AdjiganOfficial;;TryHackMe;https://tryhackme.com/p/AdjiganOfficial;AdjiganOfficial;sherlock;;;
0;0.7155;possible_same_person;2073397472;ᴀᴅᴊɪɢᴀɴ;AdjiganOfficial;;Velomania;https://forum.velomania.ru/member.php?username=AdjiganOfficial;AdjiganOfficial;sherlock;;;auto_label: url username differs from telegram username
;0.7155;possible_same_person;2073397472;ᴀᴅᴊɪɢᴀɴ;AdjiganOfficial;;Weblate;https://hosted.weblate.org/user/AdjiganOfficial/;AdjiganOfficial;sherlock;;;
;0.7155;possible_same_person;2073397472;ᴀᴅᴊɪɢᴀɴ;AdjiganOfficial;;Wikipedia;https://en.wikipedia.org/wiki/Special:CentralAuth/AdjiganOfficial?uselang=qqx;AdjiganOfficial;sherlock;;;
0;0.7155;possible_same_person;2073397472;ᴀᴅᴊɪɢᴀɴ;AdjiganOfficial;;YandexMusic;https://music.yandex/users/AdjiganOfficial/playlists;AdjiganOfficial;sherlock;;;auto_label: url username differs from telegram username
;0.7155;possible_same_person;2073397472;ᴀᴅᴊɪɢᴀɴ;AdjiganOfficial;;YouTube;https://www.youtube.com/@AdjiganOfficial;AdjiganOfficial;sherlock;;;
;0.7155;possible_same_person;2073397472;ᴀᴅᴊɪɢᴀɴ;AdjiganOfficial;;dailykos;https://www.dailykos.com/user/AdjiganOfficial;AdjiganOfficial;sherlock;;;
;0.7155;possible_same_person;2073397472;ᴀᴅᴊɪɢᴀɴ;AdjiganOfficial;;interpals;https://www.interpals.net/AdjiganOfficial;AdjiganOfficial;sherlock;;;
;0.7155;possible_same_person;2073397472;ᴀᴅᴊɪɢᴀɴ;AdjiganOfficial;;mercadolivre;https://www.mercadolivre.com.br/perfil/AdjiganOfficial;AdjiganOfficial;sherlock;;;
;0.7155;possible_same_person;2073397472;ᴀᴅᴊɪɢᴀɴ;AdjiganOfficial;;opennet;https://www.opennet.ru/~AdjiganOfficial;AdjiganOfficial;sherlock;;;
0;0.7155;possible_same_person;2073397472;ᴀᴅᴊɪɢᴀɴ;AdjiganOfficial;;phpRU;https://php.ru/forum/members/?username=AdjiganOfficial;AdjiganOfficial;sherlock;;;auto_label: url username differs from telegram username
;0.7155;possible_same_person;2073397472;ᴀᴅᴊɪɢᴀɴ;AdjiganOfficial;;svidbook;https://www.svidbook.ru/user/AdjiganOfficial;AdjiganOfficial;sherlock;;;
;0.7523;likely_same_person;2078831199;pixwillxx;yazykidlyy;-все без слов, по глазам понимает @uoveru;7Cups;https://www.7cups.com/@yazykidlyy;yazykidlyy;sherlock;;;
0;0.7413;possible_same_person;2078831199;pixwillxx;yazykidlyy;-все без слов, по глазам понимает @uoveru;Airliners;https://www.airliners.net/user/yazykidlyy/profile/photos;yazykidlyy;sherlock;;;auto_label: url username differs from telegram username
;0.7523;likely_same_person;2078831199;pixwillxx;yazykidlyy;-все без слов, по глазам понимает @uoveru;Apple Discussions;https://discussions.apple.com/profile/yazykidlyy;yazykidlyy;sherlock;;;
;0.7523;likely_same_person;2078831199;pixwillxx;yazykidlyy;-все без слов, по глазам понимает @uoveru;Archive.org;https://archive.org/details/@yazykidlyy;yazykidlyy;sherlock;;;
;0.7523;likely_same_person;2078831199;pixwillxx;yazykidlyy;-все без слов, по глазам понимает @uoveru;ArtStation;https://www.artstation.com/yazykidlyy;yazykidlyy;sherlock;;;
;0.7523;likely_same_person;2078831199;pixwillxx;yazykidlyy;-все без слов, по глазам понимает @uoveru;BabyRu;https://www.baby.ru/u/yazykidlyy;yazykidlyy;sherlock;;;
;0.7523;likely_same_person;2078831199;pixwillxx;yazykidlyy;-все без слов, по глазам понимает @uoveru;Bandcamp;https://www.bandcamp.com/yazykidlyy;yazykidlyy;sherlock;;;
;0.7548;likely_same_person;2078831199;pixwillxx;yazykidlyy;-все без слов, по глазам понимает @uoveru;Bandcamp;https://www.bandcamp.com/yazykidlyy;yazykidlyy;snoop;;;
;0.7523;likely_same_person;2078831199;pixwillxx;yazykidlyy;-все без слов, по глазам понимает @uoveru;Codolio;https://codolio.com/profile/yazykidlyy;yazykidlyy;sherlock;;;
;0.7413;possible_same_person;2078831199;pixwillxx;yazykidlyy;-все без слов, по глазам понимает @uoveru;Discord.bio;https://discords.com/api-v2/bio/details/yazykidlyy;yazykidlyy;sherlock;;;
;0.7523;likely_same_person;2078831199;pixwillxx;yazykidlyy;-все без слов, по глазам понимает @uoveru;Envato Forum;https://forums.envato.com/u/yazykidlyy;yazykidlyy;sherlock;;;
0;0.7438;possible_same_person;2078831199;pixwillxx;yazykidlyy;-все без слов, по глазам понимает @uoveru;Forum_Airliners;https://www.airliners.net/user/yazykidlyy/profile/photos;yazykidlyy;snoop;;;auto_label: url username differs from telegram username
0;0.7548;likely_same_person;2078831199;pixwillxx;yazykidlyy;-все без слов, по глазам понимает @uoveru;Forum_javaprogramming;https://www.javaprogrammingforums.com/members/yazykidlyy.html;yazykidlyy;snoop;;;auto_label: url username differs from telegram username
;0.7523;likely_same_person;2078831199;pixwillxx;yazykidlyy;-все без слов, по глазам понимает @uoveru;GeeksforGeeks;https://auth.geeksforgeeks.org/user/yazykidlyy;yazykidlyy;sherlock;;;
;0.7523;likely_same_person;2078831199;pixwillxx;yazykidlyy;-все без слов, по глазам понимает @uoveru;Giphy;https://giphy.com/yazykidlyy;yazykidlyy;sherlock;;;
;0.7523;likely_same_person;2078831199;pixwillxx;yazykidlyy;-все без слов, по глазам понимает @uoveru;Hashnode;https://hashnode.com/@yazykidlyy;yazykidlyy;sherlock;;;
;0.7523;likely_same_person;2078831199;pixwillxx;yazykidlyy;-все без слов, по глазам понимает @uoveru;Hubski;https://hubski.com/user/yazykidlyy;yazykidlyy;sherlock;;;
;0.7523;likely_same_person;2078831199;pixwillxx;yazykidlyy;-все без слов, по глазам понимает @uoveru;LessWrong;https://www.lesswrong.com/users/yazykidlyy;yazykidlyy;sherlock;;;
0;0.7548;likely_same_person;2078831199;pixwillxx;yazykidlyy;-все без слов, по глазам понимает @uoveru;Mail_ru_email;https://account.mail.ru/login?&fail=1&email=yazykidlyy%40mail.ru;yazykidlyy;snoop;;;auto_label: url username differs from telegram username
;0.7523;likely_same_person;2078831199;pixwillxx;yazykidlyy;-все без слов, по глазам понимает @uoveru;Patched;https://patched.sh/User/yazykidlyy;yazykidlyy;sherlock;;;
;0.7548;likely_same_person;2078831199;pixwillxx;yazykidlyy;-все без слов, по глазам понимает @uoveru;Paypal;https://www.paypal.com/paypalme/yazykidlyy;yazykidlyy;snoop;;;
0;0.7548;likely_same_person;2078831199;pixwillxx;yazykidlyy;-все без слов, по глазам понимает @uoveru;Planetaexcel;https://www.planetaexcel.ru/forum/index.php?PAGE_NAME=profile_view&UID=yazykidlyy;yazykidlyy;snoop;;;auto_label: url username differs from telegram username
;0.7548;likely_same_person;2078831199;pixwillxx;yazykidlyy;-все без слов, по глазам понимает @uoveru;Radiokot;https://www.radiokot.ru/forum/search.php?keywords=&terms=all&author=yazykidlyy;yazykidlyy;snoop;;;
;0.7413;possible_same_person;2078831199;pixwillxx;yazykidlyy;-все без слов, по глазам понимает @uoveru;Rarible;https://rarible.com/marketplace/api/v4/urls/yazykidlyy;yazykidlyy;sherlock;;;
;0.7523;likely_same_person;2078831199;pixwillxx;yazykidlyy;-все без слов, по глазам понимает @uoveru;Realmeye;https://www.realmeye.com/player/yazykidlyy;yazykidlyy;sherlock;;;
;0.7509;likely_same_person;2078831199;pixwillxx;yazykidlyy;-все без слов, по глазам понимает @uoveru;Reddit;https://www.reddit.com/user/yazykidlyy;yazykidlyy;sherlock;;;
;0.7523;likely_same_person;2078831199;pixwillxx;yazykidlyy;-все без слов, по глазам понимает @uoveru;Scribd;https://www.scribd.com/yazykidlyy;yazykidlyy;sherlock;;;
;0.7523;likely_same_person;2078831199;pixwillxx;yazykidlyy;-все без слов, по глазам понимает @uoveru;Shelf;https://www.shelf.im/yazykidlyy;yazykidlyy;sherlock;;;
;0.7523;likely_same_person;2078831199;pixwillxx;yazykidlyy;-все без слов, по глазам понимает @uoveru;SlideShare;https://slideshare.net/yazykidlyy;yazykidlyy;sherlock;;;
;0.7523;likely_same_person;2078831199;pixwillxx;yazykidlyy;-все без слов, по глазам понимает @uoveru;Smule;https://www.smule.com/yazykidlyy;yazykidlyy;sherlock;;;
;0.7523;likely_same_person;2078831199;pixwillxx;yazykidlyy;-все без слов, по глазам понимает @uoveru;Splice;https://splice.com/yazykidlyy;yazykidlyy;sherlock;;;
;0.7523;likely_same_person;2078831199;pixwillxx;yazykidlyy;-все без слов, по глазам понимает @uoveru;Spotify;https://open.spotify.com/user/yazykidlyy;yazykidlyy;sherlock;;;
1;0.7523;likely_same_person;2078831199;pixwillxx;yazykidlyy;-все без слов, по глазам понимает @uoveru;Telegram;https://t.me/yazykidlyy;yazykidlyy;sherlock;;;auto_label: exact Telegram username
1;0.7548;likely_same_person;2078831199;pixwillxx;yazykidlyy;-все без слов, по глазам понимает @uoveru;Telegram;https://t.me/yazykidlyy;yazykidlyy;snoop;;;auto_label: exact Telegram username
;0.7523;likely_same_person;2078831199;pixwillxx;yazykidlyy;-все без слов, по глазам понимает @uoveru;TikTok;https://www.tiktok.com/@yazykidlyy;yazykidlyy;sherlock;;;
;0.7523;likely_same_person;2078831199;pixwillxx;yazykidlyy;-все без слов, по глазам понимает @uoveru;TryHackMe;https://tryhackme.com/p/yazykidlyy;yazykidlyy;sherlock;;;
0;0.7523;likely_same_person;2078831199;pixwillxx;yazykidlyy;-все без слов, по глазам понимает @uoveru;Velomania;https://forum.velomania.ru/member.php?username=yazykidlyy;yazykidlyy;sherlock;;;auto_label: url username differs from telegram username
;0.7523;likely_same_person;2078831199;pixwillxx;yazykidlyy;-все без слов, по глазам понимает @uoveru;Weblate;https://hosted.weblate.org/user/yazykidlyy/;yazykidlyy;sherlock;;;
;0.7523;likely_same_person;2078831199;pixwillxx;yazykidlyy;-все без слов, по глазам понимает @uoveru;Wikipedia;https://en.wikipedia.org/wiki/Special:CentralAuth/yazykidlyy?uselang=qqx;yazykidlyy;sherlock;;;
;0.7523;likely_same_person;2078831199;pixwillxx;yazykidlyy;-все без слов, по глазам понимает @uoveru;Xbox Gamertag;https://xboxgamertag.com/search/yazykidlyy;yazykidlyy;sherlock;;;
0;0.7523;likely_same_person;2078831199;pixwillxx;yazykidlyy;-все без слов, по глазам понимает @uoveru;YandexMusic;https://music.yandex/users/yazykidlyy/playlists;yazykidlyy;sherlock;;;auto_label: url username differs from telegram username
;0.7523;likely_same_person;2078831199;pixwillxx;yazykidlyy;-все без слов, по глазам понимает @uoveru;YouTube;https://www.youtube.com/@yazykidlyy;yazykidlyy;sherlock;;;
;0.7523;likely_same_person;2078831199;pixwillxx;yazykidlyy;-все без слов, по глазам понимает @uoveru;dailykos;https://www.dailykos.com/user/yazykidlyy;yazykidlyy;sherlock;;;
;0.7523;likely_same_person;2078831199;pixwillxx;yazykidlyy;-все без слов, по глазам понимает @uoveru;interpals;https://www.interpals.net/yazykidlyy;yazykidlyy;sherlock;;;
;0.7523;likely_same_person;2078831199;pixwillxx;yazykidlyy;-все без слов, по глазам понимает @uoveru;mercadolivre;https://www.mercadolivre.com.br/perfil/yazykidlyy;yazykidlyy;sherlock;;;
;0.7523;likely_same_person;2078831199;pixwillxx;yazykidlyy;-все без слов, по глазам понимает @uoveru;minds;https://www.minds.com/yazykidlyy/;yazykidlyy;sherlock;;;
;0.7523;likely_same_person;2078831199;pixwillxx;yazykidlyy;-все без слов, по глазам понимает @uoveru;opennet;https://www.opennet.ru/~yazykidlyy;yazykidlyy;sherlock;;;
0;0.7523;likely_same_person;2078831199;pixwillxx;yazykidlyy;-все без слов, по глазам понимает @uoveru;phpRU;https://php.ru/forum/members/?username=yazykidlyy;yazykidlyy;sherlock;;;auto_label: url username differs from telegram username
;0.7523;likely_same_person;2078831199;pixwillxx;yazykidlyy;-все без слов, по глазам понимает @uoveru;svidbook;https://www.svidbook.ru/user/yazykidlyy;yazykidlyy;sherlock;;;
;0.7355;possible_same_person;2102965984;︎;aafectt;;7Cups;https://www.7cups.com/@aafectt;aafectt;sherlock;;;
0;0.7245;possible_same_person;2102965984;︎;aafectt;;Airliners;https://www.airliners.net/user/aafectt/profile/photos;aafectt;sherlock;;;auto_label: url username differs from telegram username
;0.7355;possible_same_person;2102965984;︎;aafectt;;Apple Discussions;https://discussions.apple.com/profile/aafectt;aafectt;sherlock;;;
;0.7355;possible_same_person;2102965984;︎;aafectt;;Archive.org;https://archive.org/details/@aafectt;aafectt;sherlock;;;
;0.7355;possible_same_person;2102965984;︎;aafectt;;ArtStation;https://www.artstation.com/aafectt;aafectt;sherlock;;;
;0.7355;possible_same_person;2102965984;︎;aafectt;;BabyRu;https://www.baby.ru/u/aafectt;aafectt;sherlock;;;
;0.7355;possible_same_person;2102965984;︎;aafectt;;Bandcamp;https://www.bandcamp.com/aafectt;aafectt;sherlock;;;
;0.738;possible_same_person;2102965984;︎;aafectt;;Bandcamp;https://www.bandcamp.com/aafectt;aafectt;snoop;;;
;0.7355;possible_same_person;2102965984;︎;aafectt;;Codolio;https://codolio.com/profile/aafectt;aafectt;sherlock;;;
;0.7245;possible_same_person;2102965984;︎;aafectt;;Discord.bio;https://discords.com/api-v2/bio/details/aafectt;aafectt;sherlock;;;
;0.7355;possible_same_person;2102965984;︎;aafectt;;Envato Forum;https://forums.envato.com/u/aafectt;aafectt;sherlock;;;
0;0.727;possible_same_person;2102965984;︎;aafectt;;Forum_Airliners;https://www.airliners.net/user/aafectt/profile/photos;aafectt;snoop;;;auto_label: url username differs from telegram username
0;0.738;possible_same_person;2102965984;︎;aafectt;;Forum_javaprogramming;https://www.javaprogrammingforums.com/members/aafectt.html;aafectt;snoop;;;auto_label: url username differs from telegram username
;0.7355;possible_same_person;2102965984;︎;aafectt;;GeeksforGeeks;https://auth.geeksforgeeks.org/user/aafectt;aafectt;sherlock;;;
;0.7355;possible_same_person;2102965984;︎;aafectt;;Giphy;https://giphy.com/aafectt;aafectt;sherlock;;;
;0.7355;possible_same_person;2102965984;︎;aafectt;;Hashnode;https://hashnode.com/@aafectt;aafectt;sherlock;;;
;0.7355;possible_same_person;2102965984;︎;aafectt;;Hubski;https://hubski.com/user/aafectt;aafectt;sherlock;;;
;0.7355;possible_same_person;2102965984;︎;aafectt;;LessWrong;https://www.lesswrong.com/users/aafectt;aafectt;sherlock;;;
0;0.738;possible_same_person;2102965984;︎;aafectt;;Mail_ru_email;https://account.mail.ru/login?&fail=1&email=aafectt%40mail.ru;aafectt;snoop;;;auto_label: url username differs from telegram username
;0.7355;possible_same_person;2102965984;︎;aafectt;;Patched;https://patched.sh/User/aafectt;aafectt;sherlock;;;
;0.738;possible_same_person;2102965984;︎;aafectt;;Paypal;https://www.paypal.com/paypalme/aafectt;aafectt;snoop;;;
0;0.738;possible_same_person;2102965984;︎;aafectt;;Planetaexcel;https://www.planetaexcel.ru/forum/index.php?PAGE_NAME=profile_view&UID=aafectt;aafectt;snoop;;;auto_label: url username differs from telegram username
;0.738;possible_same_person;2102965984;︎;aafectt;;Radiokot;https://www.radiokot.ru/forum/search.php?keywords=&terms=all&author=aafectt;aafectt;snoop;;;
;0.7245;possible_same_person;2102965984;︎;aafectt;;Rarible;https://rarible.com/marketplace/api/v4/urls/aafectt;aafectt;sherlock;;;
;0.7355;possible_same_person;2102965984;︎;aafectt;;Realmeye;https://www.realmeye.com/player/aafectt;aafectt;sherlock;;;
;0.7341;possible_same_person;2102965984;︎;aafectt;;Reddit;https://www.reddit.com/user/aafectt;aafectt;sherlock;;;
;0.7355;possible_same_person;2102965984;︎;aafectt;;Scribd;https://www.scribd.com/aafectt;aafectt;sherlock;;;
;0.7355;possible_same_person;2102965984;︎;aafectt;;Shelf;https://www.shelf.im/aafectt;aafectt;sherlock;;;
;0.7355;possible_same_person;2102965984;︎;aafectt;;SlideShare;https://slideshare.net/aafectt;aafectt;sherlock;;;
;0.7355;possible_same_person;2102965984;︎;aafectt;;Smule;https://www.smule.com/aafectt;aafectt;sherlock;;;
;0.7355;possible_same_person;2102965984;︎;aafectt;;Splice;https://splice.com/aafectt;aafectt;sherlock;;;
;0.7355;possible_same_person;2102965984;︎;aafectt;;Spotify;https://open.spotify.com/user/aafectt;aafectt;sherlock;;;
1;0.7355;possible_same_person;2102965984;︎;aafectt;;Telegram;https://t.me/aafectt;aafectt;sherlock;;;auto_label: exact Telegram username
1;0.738;possible_same_person;2102965984;︎;aafectt;;Telegram;https://t.me/aafectt;aafectt;snoop;;;auto_label: exact Telegram username
;0.7355;possible_same_person;2102965984;︎;aafectt;;TikTok;https://www.tiktok.com/@aafectt;aafectt;sherlock;;;
;0.7355;possible_same_person;2102965984;︎;aafectt;;TryHackMe;https://tryhackme.com/p/aafectt;aafectt;sherlock;;;
0;0.7355;possible_same_person;2102965984;︎;aafectt;;Velomania;https://forum.velomania.ru/member.php?username=aafectt;aafectt;sherlock;;;auto_label: url username differs from telegram username
;0.7355;possible_same_person;2102965984;︎;aafectt;;Weblate;https://hosted.weblate.org/user/aafectt/;aafectt;sherlock;;;
;0.7355;possible_same_person;2102965984;︎;aafectt;;Wikipedia;https://en.wikipedia.org/wiki/Special:CentralAuth/aafectt?uselang=qqx;aafectt;sherlock;;;
0;0.7355;possible_same_person;2102965984;︎;aafectt;;YandexMusic;https://music.yandex/users/aafectt/playlists;aafectt;sherlock;;;auto_label: url username differs from telegram username
;0.7355;possible_same_person;2102965984;︎;aafectt;;YouTube;https://www.youtube.com/@aafectt;aafectt;sherlock;;;
;0.7355;possible_same_person;2102965984;︎;aafectt;;dailykos;https://www.dailykos.com/user/aafectt;aafectt;sherlock;;;
;0.7355;possible_same_person;2102965984;︎;aafectt;;interpals;https://www.interpals.net/aafectt;aafectt;sherlock;;;
;0.7355;possible_same_person;2102965984;︎;aafectt;;mercadolivre;https://www.mercadolivre.com.br/perfil/aafectt;aafectt;sherlock;;;
;0.7355;possible_same_person;2102965984;︎;aafectt;;minds;https://www.minds.com/aafectt/;aafectt;sherlock;;;
;0.7355;possible_same_person;2102965984;︎;aafectt;;opennet;https://www.opennet.ru/~aafectt;aafectt;sherlock;;;
0;0.7355;possible_same_person;2102965984;︎;aafectt;;phpRU;https://php.ru/forum/members/?username=aafectt;aafectt;sherlock;;;auto_label: url username differs from telegram username
;0.7355;possible_same_person;2102965984;︎;aafectt;;svidbook;https://www.svidbook.ru/user/aafectt;aafectt;sherlock;;;
;0.8075;likely_same_person;2110635336;Capibar4k_;Capibar4k34;;7Cups;https://www.7cups.com/@Capibar4k34;Capibar4k34;sherlock;;;
0;0.7965;likely_same_person;2110635336;Capibar4k_;Capibar4k34;;Airliners;https://www.airliners.net/user/Capibar4k34/profile/photos;Capibar4k34;sherlock;;;auto_label: url username differs from telegram username
;0.8075;likely_same_person;2110635336;Capibar4k_;Capibar4k34;;Apple Discussions;https://discussions.apple.com/profile/Capibar4k34;Capibar4k34;sherlock;;;
;0.8075;likely_same_person;2110635336;Capibar4k_;Capibar4k34;;Archive.org;https://archive.org/details/@Capibar4k34;Capibar4k34;sherlock;;;
1;0.8075;likely_same_person;2110635336;Capibar4k_;Capibar4k34;;ArtStation;https://www.artstation.com/Capibar4k34;Capibar4k34;sherlock;;;auto_label: high-confidence exact username on reliable site
;0.8075;likely_same_person;2110635336;Capibar4k_;Capibar4k34;;BabyRu;https://www.baby.ru/u/Capibar4k34;Capibar4k34;sherlock;;;
;0.8075;likely_same_person;2110635336;Capibar4k_;Capibar4k34;;Bandcamp;https://www.bandcamp.com/Capibar4k34;Capibar4k34;sherlock;;;
;0.81;likely_same_person;2110635336;Capibar4k_;Capibar4k34;;Bandcamp;https://www.bandcamp.com/Capibar4k34;Capibar4k34;snoop;;;
;0.8075;likely_same_person;2110635336;Capibar4k_;Capibar4k34;;Codolio;https://codolio.com/profile/Capibar4k34;Capibar4k34;sherlock;;;
;0.7965;likely_same_person;2110635336;Capibar4k_;Capibar4k34;;Discord.bio;https://discords.com/api-v2/bio/details/Capibar4k34;Capibar4k34;sherlock;;;
;0.8075;likely_same_person;2110635336;Capibar4k_;Capibar4k34;;Envato Forum;https://forums.envato.com/u/Capibar4k34;Capibar4k34;sherlock;;;
0;0.799;likely_same_person;2110635336;Capibar4k_;Capibar4k34;;Forum_Airliners;https://www.airliners.net/user/Capibar4k34/profile/photos;Capibar4k34;snoop;;;auto_label: url username differs from telegram username
0;0.81;likely_same_person;2110635336;Capibar4k_;Capibar4k34;;Forum_javaprogramming;https://www.javaprogrammingforums.com/members/Capibar4k34.html;Capibar4k34;snoop;;;auto_label: url username differs from telegram username
;0.8075;likely_same_person;2110635336;Capibar4k_;Capibar4k34;;GeeksforGeeks;https://auth.geeksforgeeks.org/user/Capibar4k34;Capibar4k34;sherlock;;;
;0.8075;likely_same_person;2110635336;Capibar4k_;Capibar4k34;;Giphy;https://giphy.com/Capibar4k34;Capibar4k34;sherlock;;;
;0.8075;likely_same_person;2110635336;Capibar4k_;Capibar4k34;;Hashnode;https://hashnode.com/@Capibar4k34;Capibar4k34;sherlock;;;
;0.8075;likely_same_person;2110635336;Capibar4k_;Capibar4k34;;Hubski;https://hubski.com/user/Capibar4k34;Capibar4k34;sherlock;;;
;0.8075;likely_same_person;2110635336;Capibar4k_;Capibar4k34;;LessWrong;https://www.lesswrong.com/users/Capibar4k34;Capibar4k34;sherlock;;;
0;0.81;likely_same_person;2110635336;Capibar4k_;Capibar4k34;;Mail_ru_email;https://account.mail.ru/login?&fail=1&email=Capibar4k34%40mail.ru;Capibar4k34;snoop;;;auto_label: url username differs from telegram username
;0.8075;likely_same_person;2110635336;Capibar4k_;Capibar4k34;;Patched;https://patched.sh/User/Capibar4k34;Capibar4k34;sherlock;;;
;0.81;likely_same_person;2110635336;Capibar4k_;Capibar4k34;;Paypal;https://www.paypal.com/paypalme/Capibar4k34;Capibar4k34;snoop;;;
0;0.81;likely_same_person;2110635336;Capibar4k_;Capibar4k34;;Planetaexcel;https://www.planetaexcel.ru/forum/index.php?PAGE_NAME=profile_view&UID=Capibar4k34;Capibar4k34;snoop;;;auto_label: url username differs from telegram username
;0.81;likely_same_person;2110635336;Capibar4k_;Capibar4k34;;Radiokot;https://www.radiokot.ru/forum/search.php?keywords=&terms=all&author=Capibar4k34;Capibar4k34;snoop;;;
;0.7965;likely_same_person;2110635336;Capibar4k_;Capibar4k34;;Rarible;https://rarible.com/marketplace/api/v4/urls/Capibar4k34;Capibar4k34;sherlock;;;
;0.8075;likely_same_person;2110635336;Capibar4k_;Capibar4k34;;Realmeye;https://www.realmeye.com/player/Capibar4k34;Capibar4k34;sherlock;;;
;0.8061;likely_same_person;2110635336;Capibar4k_;Capibar4k34;;Reddit;https://www.reddit.com/user/Capibar4k34;Capibar4k34;sherlock;;;
;0.8075;likely_same_person;2110635336;Capibar4k_;Capibar4k34;;Scribd;https://www.scribd.com/Capibar4k34;Capibar4k34;sherlock;;;
;0.8075;likely_same_person;2110635336;Capibar4k_;Capibar4k34;;Shelf;https://www.shelf.im/Capibar4k34;Capibar4k34;sherlock;;;
;0.8075;likely_same_person;2110635336;Capibar4k_;Capibar4k34;;SlideShare;https://slideshare.net/Capibar4k34;Capibar4k34;sherlock;;;
;0.8075;likely_same_person;2110635336;Capibar4k_;Capibar4k34;;Smule;https://www.smule.com/Capibar4k34;Capibar4k34;sherlock;;;
;0.8075;likely_same_person;2110635336;Capibar4k_;Capibar4k34;;Splice;https://splice.com/Capibar4k34;Capibar4k34;sherlock;;;
;0.8075;likely_same_person;2110635336;Capibar4k_;Capibar4k34;;Spotify;https://open.spotify.com/user/Capibar4k34;Capibar4k34;sherlock;;;
1;0.8075;likely_same_person;2110635336;Capibar4k_;Capibar4k34;;Telegram;https://t.me/Capibar4k34;Capibar4k34;sherlock;;;auto_label: high-confidence exact username on reliable site
1;0.81;likely_same_person;2110635336;Capibar4k_;Capibar4k34;;Telegram;https://t.me/Capibar4k34;Capibar4k34;snoop;;;auto_label: high-confidence exact username on reliable site
;0.8075;likely_same_person;2110635336;Capibar4k_;Capibar4k34;;TryHackMe;https://tryhackme.com/p/Capibar4k34;Capibar4k34;sherlock;;;
0;0.8075;likely_same_person;2110635336;Capibar4k_;Capibar4k34;;Velomania;https://forum.velomania.ru/member.php?username=Capibar4k34;Capibar4k34;sherlock;;;auto_label: url username differs from telegram username
;0.8075;likely_same_person;2110635336;Capibar4k_;Capibar4k34;;Weblate;https://hosted.weblate.org/user/Capibar4k34/;Capibar4k34;sherlock;;;
;0.8075;likely_same_person;2110635336;Capibar4k_;Capibar4k34;;Wikipedia;https://en.wikipedia.org/wiki/Special:CentralAuth/Capibar4k34?uselang=qqx;Capibar4k34;sherlock;;;
0;0.8075;likely_same_person;2110635336;Capibar4k_;Capibar4k34;;YandexMusic;https://music.yandex/users/Capibar4k34/playlists;Capibar4k34;sherlock;;;auto_label: url username differs from telegram username
;0.8075;likely_same_person;2110635336;Capibar4k_;Capibar4k34;;YouTube;https://www.youtube.com/@Capibar4k34;Capibar4k34;sherlock;;;
;0.8075;likely_same_person;2110635336;Capibar4k_;Capibar4k34;;dailykos;https://www.dailykos.com/user/Capibar4k34;Capibar4k34;sherlock;;;
;0.8075;likely_same_person;2110635336;Capibar4k_;Capibar4k34;;interpals;https://www.interpals.net/Capibar4k34;Capibar4k34;sherlock;;;
;0.8075;likely_same_person;2110635336;Capibar4k_;Capibar4k34;;mercadolivre;https://www.mercadolivre.com.br/perfil/Capibar4k34;Capibar4k34;sherlock;;;
;0.8075;likely_same_person;2110635336;Capibar4k_;Capibar4k34;;minds;https://www.minds.com/Capibar4k34/;Capibar4k34;sherlock;;;
;0.8075;likely_same_person;2110635336;Capibar4k_;Capibar4k34;;opennet;https://www.opennet.ru/~Capibar4k34;Capibar4k34;sherlock;;;
0;0.8075;likely_same_person;2110635336;Capibar4k_;Capibar4k34;;phpRU;https://php.ru/forum/members/?username=Capibar4k34;Capibar4k34;sherlock;;;auto_label: url username differs from telegram username
;0.8075;likely_same_person;2110635336;Capibar4k_;Capibar4k34;;svidbook;https://www.svidbook.ru/user/Capibar4k34;Capibar4k34;sherlock;;;
;0.7355;possible_same_person;2112149229;𝙎𝙖𝙣𝙨𝙙𝙤𝙣;Sansdon;;7Cups;https://www.7cups.com/@Sansdon;Sansdon;sherlock;;;
;0.7355;possible_same_person;2112149229;𝙎𝙖𝙣𝙨𝙙𝙤𝙣;Sansdon;;Academia.edu;https://independent.academia.edu/Sansdon;Sansdon;sherlock;;;
0;0.7245;possible_same_person;2112149229;𝙎𝙖𝙣𝙨𝙙𝙤𝙣;Sansdon;;Airliners;https://www.airliners.net/user/Sansdon/profile/photos;Sansdon;sherlock;;;auto_label: url username differs from telegram username
;0.7355;possible_same_person;2112149229;𝙎𝙖𝙣𝙨𝙙𝙤𝙣;Sansdon;;Apple Discussions;https://discussions.apple.com/profile/Sansdon;Sansdon;sherlock;;;
;0.7355;possible_same_person;2112149229;𝙎𝙖𝙣𝙨𝙙𝙤𝙣;Sansdon;;Archive.org;https://archive.org/details/@Sansdon;Sansdon;sherlock;;;
;0.7355;possible_same_person;2112149229;𝙎𝙖𝙣𝙨𝙙𝙤𝙣;Sansdon;;ArtStation;https://www.artstation.com/Sansdon;Sansdon;sherlock;;;
;0.7355;possible_same_person;2112149229;𝙎𝙖𝙣𝙨𝙙𝙤𝙣;Sansdon;;BabyRu;https://www.baby.ru/u/Sansdon;Sansdon;sherlock;;;
;0.7355;possible_same_person;2112149229;𝙎𝙖𝙣𝙨𝙙𝙤𝙣;Sansdon;;Bandcamp;https://www.bandcamp.com/Sansdon;Sansdon;sherlock;;;
;0.738;possible_same_person;2112149229;𝙎𝙖𝙣𝙨𝙙𝙤𝙣;Sansdon;;Bandcamp;https://www.bandcamp.com/Sansdon;Sansdon;snoop;;;
;0.7355;possible_same_person;2112149229;𝙎𝙖𝙣𝙨𝙙𝙤𝙣;Sansdon;;Chess;https://www.chess.com/member/Sansdon;Sansdon;sherlock;;;
;0.7355;possible_same_person;2112149229;𝙎𝙖𝙣𝙨𝙙𝙤𝙣;Sansdon;;Codolio;https://codolio.com/profile/Sansdon;Sansdon;sherlock;;;
;0.738;possible_same_person;2112149229;𝙎𝙖𝙣𝙨𝙙𝙤𝙣;Sansdon;;DTF;https://dtf.ru/discovery?q=Sansdon;Sansdon;snoop;;;
;0.727;possible_same_person;2112149229;𝙎𝙖𝙣𝙨𝙙𝙤𝙣;Sansdon;;DeviantART;https://Sansdon.deviantart.com;Sansdon;snoop;;;
;0.7355;possible_same_person;2112149229;𝙎𝙖𝙣𝙨𝙙𝙤𝙣;Sansdon;;DeviantArt;https://www.deviantart.com/Sansdon;Sansdon;sherlock;;;
;0.7245;possible_same_person;2112149229;𝙎𝙖𝙣𝙨𝙙𝙤𝙣;Sansdon;;Discord.bio;https://discords.com/api-v2/bio/details/Sansdon;Sansdon;sherlock;;;
;0.7355;possible_same_person;2112149229;𝙎𝙖𝙣𝙨𝙙𝙤𝙣;Sansdon;;Duolingo;https://www.duolingo.com/profile/Sansdon;Sansdon;sherlock;;;
;0.738;possible_same_person;2112149229;𝙎𝙖𝙣𝙨𝙙𝙤𝙣;Sansdon;;Duolingo;https://www.duolingo.com/profile/Sansdon;Sansdon;snoop;;;
;0.7355;possible_same_person;2112149229;𝙎𝙖𝙣𝙨𝙙𝙤𝙣;Sansdon;;Envato Forum;https://forums.envato.com/u/Sansdon;Sansdon;sherlock;;;
0;0.727;possible_same_person;2112149229;𝙎𝙖𝙣𝙨𝙙𝙤𝙣;Sansdon;;Forum_Airliners;https://www.airliners.net/user/Sansdon/profile/photos;Sansdon;snoop;;;auto_label: url username differs from telegram username
0;0.738;possible_same_person;2112149229;𝙎𝙖𝙣𝙨𝙙𝙤𝙣;Sansdon;;Forum_javaprogramming;https://www.javaprogrammingforums.com/members/Sansdon.html;Sansdon;snoop;;;auto_label: url username differs from telegram username
;0.7355;possible_same_person;2112149229;𝙎𝙖𝙣𝙨𝙙𝙤𝙣;Sansdon;;GeeksforGeeks;https://auth.geeksforgeeks.org/user/Sansdon;Sansdon;sherlock;;;
;0.7355;possible_same_person;2112149229;𝙎𝙖𝙣𝙨𝙙𝙤𝙣;Sansdon;;Giphy;https://giphy.com/Sansdon;Sansdon;sherlock;;;
;0.7355;possible_same_person;2112149229;𝙎𝙖𝙣𝙨𝙙𝙤𝙣;Sansdon;;Hashnode;https://hashnode.com/@Sansdon;Sansdon;sherlock;;;
;0.7355;possible_same_person;2112149229;𝙎𝙖𝙣𝙨𝙙𝙤𝙣;Sansdon;;Hubski;https://hubski.com/user/Sansdon;Sansdon;sherlock;;;
;0.7355;possible_same_person;2112149229;𝙎𝙖𝙣𝙨𝙙𝙤𝙣;Sansdon;;Imgur;https://imgur.com/user/Sansdon;Sansdon;sherlock;;;
;0.738;possible_same_person;2112149229;𝙎𝙖𝙣𝙨𝙙𝙤𝙣;Sansdon;;Imgur;https://imgur.com/user/Sansdon;Sansdon;snoop;;;
;0.7355;possible_same_person;2112149229;𝙎𝙖𝙣𝙨𝙙𝙤𝙣;Sansdon;;LessWrong;https://www.lesswrong.com/users/Sansdon;Sansdon;sherlock;;;
0;0.738;possible_same_person;2112149229;𝙎𝙖𝙣𝙨𝙙𝙤𝙣;Sansdon;;Mail_ru_email;https://account.mail.ru/login?&fail=1&email=Sansdon%40mail.ru;Sansdon;snoop;;;auto_label: url username differs from telegram username
;0.7355;possible_same_person;2112149229;𝙎𝙖𝙣𝙨𝙙𝙤𝙣;Sansdon;;Patched;https://patched.sh/User/Sansdon;Sansdon;sherlock;;;
;0.738;possible_same_person;2112149229;𝙎𝙖𝙣𝙨𝙙𝙤𝙣;Sansdon;;Paypal;https://www.paypal.com/paypalme/Sansdon;Sansdon;snoop;;;
0;0.738;possible_same_person;2112149229;𝙎𝙖𝙣𝙨𝙙𝙤𝙣;Sansdon;;Planetaexcel;https://www.planetaexcel.ru/forum/index.php?PAGE_NAME=profile_view&UID=Sansdon;Sansdon;snoop;;;auto_label: url username differs from telegram username
;0.738;possible_same_person;2112149229;𝙎𝙖𝙣𝙨𝙙𝙤𝙣;Sansdon;;Radiokot;https://www.radiokot.ru/forum/search.php?keywords=&terms=all&author=Sansdon;Sansdon;snoop;;;
;0.7245;possible_same_person;2112149229;𝙎𝙖𝙣𝙨𝙙𝙤𝙣;Sansdon;;Rarible;https://rarible.com/marketplace/api/v4/urls/Sansdon;Sansdon;sherlock;;;
;0.7355;possible_same_person;2112149229;𝙎𝙖𝙣𝙨𝙙𝙤𝙣;Sansdon;;Realmeye;https://www.realmeye.com/player/Sansdon;Sansdon;sherlock;;;
;0.7341;possible_same_person;2112149229;𝙎𝙖𝙣𝙨𝙙𝙤𝙣;Sansdon;;Reddit;https://www.reddit.com/user/Sansdon;Sansdon;sherlock;;;
;0.7355;possible_same_person;2112149229;𝙎𝙖𝙣𝙨𝙙𝙤𝙣;Sansdon;;Replit.com;https://replit.com/@Sansdon;Sansdon;sherlock;;;
;0.7355;possible_same_person;2112149229;𝙎𝙖𝙣𝙨𝙙𝙤𝙣;Sansdon;;Scribd;https://www.scribd.com/Sansdon;Sansdon;sherlock;;;
;0.7355;possible_same_person;2112149229;𝙎𝙖𝙣𝙨𝙙𝙤𝙣;Sansdon;;Shelf;https://www.shelf.im/Sansdon;Sansdon;sherlock;;;
;0.7355;possible_same_person;2112149229;𝙎𝙖𝙣𝙨𝙙𝙤𝙣;Sansdon;;SlideShare;https://slideshare.net/Sansdon;Sansdon;sherlock;;;
;0.7355;possible_same_person;2112149229;𝙎𝙖𝙣𝙨𝙙𝙤𝙣;Sansdon;;Smule;https://www.smule.com/Sansdon;Sansdon;sherlock;;;
;0.738;possible_same_person;2112149229;𝙎𝙖𝙣𝙨𝙙𝙤𝙣;Sansdon;;Snapchat;https://www.snapchat.com/add/Sansdon;Sansdon;snoop;;;
;0.7355;possible_same_person;2112149229;𝙎𝙖𝙣𝙨𝙙𝙤𝙣;Sansdon;;Splice;https://splice.com/Sansdon;Sansdon;sherlock;;;
;0.738;possible_same_person;2112149229;𝙎𝙖𝙣𝙨𝙙𝙤𝙣;Sansdon;;Sports;https://www.sports.ru/search/?query=Sansdon;Sansdon;snoop;;;
;0.7355;possible_same_person;2112149229;𝙎𝙖𝙣𝙨𝙙𝙤𝙣;Sansdon;;Spotify;https://open.spotify.com/user/Sansdon;Sansdon;sherlock;;;
1;0.7355;possible_same_person;2112149229;𝙎𝙖𝙣𝙨𝙙𝙤𝙣;Sansdon;;Telegram;https://t.me/Sansdon;Sansdon;sherlock;;;auto_label: exact Telegram username
1;0.738;possible_same_person;2112149229;𝙎𝙖𝙣𝙨𝙙𝙤𝙣;Sansdon;;Telegram;https://t.me/Sansdon;Sansdon;snoop;;;auto_label: exact Telegram username
;0.7355;possible_same_person;2112149229;𝙎𝙖𝙣𝙨𝙙𝙤𝙣;Sansdon;;TikTok;https://www.tiktok.com/@Sansdon;Sansdon;sherlock;;;
;0.7355;possible_same_person;2112149229;𝙎𝙖𝙣𝙨𝙙𝙤𝙣;Sansdon;;TryHackMe;https://tryhackme.com/p/Sansdon;Sansdon;sherlock;;;
;0.727;possible_same_person;2112149229;𝙎𝙖𝙣𝙨𝙙𝙤𝙣;Sansdon;;Tumblr;https://Sansdon.tumblr.com/;Sansdon;snoop;;;
;0.7415;possible_same_person;2112149229;𝙎𝙖𝙣𝙨𝙙𝙤𝙣;Sansdon;;Twitter;https://x.com/Sansdon;Sansdon;snoop;;;
0;0.7355;possible_same_person;2112149229;𝙎𝙖𝙣𝙨𝙙𝙤𝙣;Sansdon;;Typeracer;https://data.typeracer.com/pit/profile?user=Sansdon;Sansdon;sherlock;;;auto_label: url username differs from telegram username
;0.738;possible_same_person;2112149229;𝙎𝙖𝙣𝙨𝙙𝙤𝙣;Sansdon;;VC;https://vc.ru/discovery?q=Sansdon;Sansdon;snoop;;;
0;0.7355;possible_same_person;2112149229;𝙎𝙖𝙣𝙨𝙙𝙤𝙣;Sansdon;;Velomania;https://forum.velomania.ru/member.php?username=Sansdon;Sansdon;sherlock;;;auto_label: url username differs from telegram username
;0.7355;possible_same_person;2112149229;𝙎𝙖𝙣𝙨𝙙𝙤𝙣;Sansdon;;Weblate;https://hosted.weblate.org/user/Sansdon/;Sansdon;sherlock;;;
;0.7355;possible_same_person;2112149229;𝙎𝙖𝙣𝙨𝙙𝙤𝙣;Sansdon;;Wikipedia;https://en.wikipedia.org/wiki/Special:CentralAuth/Sansdon?uselang=qqx;Sansdon;sherlock;;;
;0.7355;possible_same_person;2112149229;𝙎𝙖𝙣𝙨𝙙𝙤𝙣;Sansdon;;Xbox Gamertag;https://xboxgamertag.com/search/Sansdon;Sansdon;sherlock;;;
0;0.7355;possible_same_person;2112149229;𝙎𝙖𝙣𝙨𝙙𝙤𝙣;Sansdon;;YandexMusic;https://music.yandex/users/Sansdon/playlists;Sansdon;sherlock;;;auto_label: url username differs from telegram username
;0.7355;possible_same_person;2112149229;𝙎𝙖𝙣𝙨𝙙𝙤𝙣;Sansdon;;YouTube;https://www.youtube.com/@Sansdon;Sansdon;sherlock;;;
;0.7355;possible_same_person;2112149229;𝙎𝙖𝙣𝙨𝙙𝙤𝙣;Sansdon;;dailykos;https://www.dailykos.com/user/Sansdon;Sansdon;sherlock;;;
;0.7355;possible_same_person;2112149229;𝙎𝙖𝙣𝙨𝙙𝙤𝙣;Sansdon;;interpals;https://www.interpals.net/Sansdon;Sansdon;sherlock;;;
;0.7355;possible_same_person;2112149229;𝙎𝙖𝙣𝙨𝙙𝙤𝙣;Sansdon;;mercadolivre;https://www.mercadolivre.com.br/perfil/Sansdon;Sansdon;sherlock;;;
;0.7355;possible_same_person;2112149229;𝙎𝙖𝙣𝙨𝙙𝙤𝙣;Sansdon;;opennet;https://www.opennet.ru/~Sansdon;Sansdon;sherlock;;;
0;0.7355;possible_same_person;2112149229;𝙎𝙖𝙣𝙨𝙙𝙤𝙣;Sansdon;;phpRU;https://php.ru/forum/members/?username=Sansdon;Sansdon;sherlock;;;auto_label: url username differs from telegram username
;0.7355;possible_same_person;2112149229;𝙎𝙖𝙣𝙨𝙙𝙤𝙣;Sansdon;;svidbook;https://www.svidbook.ru/user/Sansdon;Sansdon;sherlock;;;
;0.7245;possible_same_person;2112149229;𝙎𝙖𝙣𝙨𝙙𝙤𝙣;Sansdon;;tumblr;https://Sansdon.tumblr.com/;Sansdon;sherlock;;;
;0.7355;possible_same_person;2127325826;тихий;Fantxxxx;;7Cups;https://www.7cups.com/@Fantxxxx;Fantxxxx;sherlock;;;
0;0.7245;possible_same_person;2127325826;тихий;Fantxxxx;;Airliners;https://www.airliners.net/user/Fantxxxx/profile/photos;Fantxxxx;sherlock;;;auto_label: url username differs from telegram username
;0.7355;possible_same_person;2127325826;тихий;Fantxxxx;;Apple Discussions;https://discussions.apple.com/profile/Fantxxxx;Fantxxxx;sherlock;;;
;0.7355;possible_same_person;2127325826;тихий;Fantxxxx;;Archive.org;https://archive.org/details/@Fantxxxx;Fantxxxx;sherlock;;;
;0.7355;possible_same_person;2127325826;тихий;Fantxxxx;;ArtStation;https://www.artstation.com/Fantxxxx;Fantxxxx;sherlock;;;
;0.7355;possible_same_person;2127325826;тихий;Fantxxxx;;BabyRu;https://www.baby.ru/u/Fantxxxx;Fantxxxx;sherlock;;;
;0.7355;possible_same_person;2127325826;тихий;Fantxxxx;;Bandcamp;https://www.bandcamp.com/Fantxxxx;Fantxxxx;sherlock;;;
;0.738;possible_same_person;2127325826;тихий;Fantxxxx;;Bandcamp;https://www.bandcamp.com/Fantxxxx;Fantxxxx;snoop;;;
;0.7355;possible_same_person;2127325826;тихий;Fantxxxx;;Chess;https://www.chess.com/member/Fantxxxx;Fantxxxx;sherlock;;;
;0.7355;possible_same_person;2127325826;тихий;Fantxxxx;;Codolio;https://codolio.com/profile/Fantxxxx;Fantxxxx;sherlock;;;
;0.7245;possible_same_person;2127325826;тихий;Fantxxxx;;Discord.bio;https://discords.com/api-v2/bio/details/Fantxxxx;Fantxxxx;sherlock;;;
;0.7355;possible_same_person;2127325826;тихий;Fantxxxx;;Envato Forum;https://forums.envato.com/u/Fantxxxx;Fantxxxx;sherlock;;;
0;0.727;possible_same_person;2127325826;тихий;Fantxxxx;;Forum_Airliners;https://www.airliners.net/user/Fantxxxx/profile/photos;Fantxxxx;snoop;;;auto_label: url username differs from telegram username
0;0.738;possible_same_person;2127325826;тихий;Fantxxxx;;Forum_javaprogramming;https://www.javaprogrammingforums.com/members/Fantxxxx.html;Fantxxxx;snoop;;;auto_label: url username differs from telegram username
;0.7355;possible_same_person;2127325826;тихий;Fantxxxx;;GeeksforGeeks;https://auth.geeksforgeeks.org/user/Fantxxxx;Fantxxxx;sherlock;;;
;0.7355;possible_same_person;2127325826;тихий;Fantxxxx;;Giphy;https://giphy.com/Fantxxxx;Fantxxxx;sherlock;;;
;0.7355;possible_same_person;2127325826;тихий;Fantxxxx;;Hashnode;https://hashnode.com/@Fantxxxx;Fantxxxx;sherlock;;;
;0.7355;possible_same_person;2127325826;тихий;Fantxxxx;;Hubski;https://hubski.com/user/Fantxxxx;Fantxxxx;sherlock;;;
0;0.7245;possible_same_person;2127325826;тихий;Fantxxxx;;HudsonRock;https://cavalier.hudsonrock.com/api/json/v2/osint-tools/search-by-username?username=Fantxxxx;Fantxxxx;sherlock;;;auto_label: url username differs from telegram username
;0.7355;possible_same_person;2127325826;тихий;Fantxxxx;;LessWrong;https://www.lesswrong.com/users/Fantxxxx;Fantxxxx;sherlock;;;
0;0.738;possible_same_person;2127325826;тихий;Fantxxxx;;Mail_ru_email;https://account.mail.ru/login?&fail=1&email=Fantxxxx%40mail.ru;Fantxxxx;snoop;;;auto_label: url username differs from telegram username
;0.7355;possible_same_person;2127325826;тихий;Fantxxxx;;Patched;https://patched.sh/User/Fantxxxx;Fantxxxx;sherlock;;;
;0.738;possible_same_person;2127325826;тихий;Fantxxxx;;Paypal;https://www.paypal.com/paypalme/Fantxxxx;Fantxxxx;snoop;;;
0;0.738;possible_same_person;2127325826;тихий;Fantxxxx;;Planetaexcel;https://www.planetaexcel.ru/forum/index.php?PAGE_NAME=profile_view&UID=Fantxxxx;Fantxxxx;snoop;;;auto_label: url username differs from telegram username
;0.738;possible_same_person;2127325826;тихий;Fantxxxx;;Radiokot;https://www.radiokot.ru/forum/search.php?keywords=&terms=all&author=Fantxxxx;Fantxxxx;snoop;;;
;0.7245;possible_same_person;2127325826;тихий;Fantxxxx;;Rarible;https://rarible.com/marketplace/api/v4/urls/Fantxxxx;Fantxxxx;sherlock;;;
;0.7355;possible_same_person;2127325826;тихий;Fantxxxx;;Realmeye;https://www.realmeye.com/player/Fantxxxx;Fantxxxx;sherlock;;;
;0.7341;possible_same_person;2127325826;тихий;Fantxxxx;;Reddit;https://www.reddit.com/user/Fantxxxx;Fantxxxx;sherlock;;;
;0.7355;possible_same_person;2127325826;тихий;Fantxxxx;;Scribd;https://www.scribd.com/Fantxxxx;Fantxxxx;sherlock;;;
;0.7355;possible_same_person;2127325826;тихий;Fantxxxx;;Shelf;https://www.shelf.im/Fantxxxx;Fantxxxx;sherlock;;;
;0.7355;possible_same_person;2127325826;тихий;Fantxxxx;;SlideShare;https://slideshare.net/Fantxxxx;Fantxxxx;sherlock;;;
;0.7355;possible_same_person;2127325826;тихий;Fantxxxx;;Smule;https://www.smule.com/Fantxxxx;Fantxxxx;sherlock;;;
;0.738;possible_same_person;2127325826;тихий;Fantxxxx;;Snapchat;https://www.snapchat.com/add/Fantxxxx;Fantxxxx;snoop;;;
;0.7355;possible_same_person;2127325826;тихий;Fantxxxx;;Splice;https://splice.com/Fantxxxx;Fantxxxx;sherlock;;;
;0.7355;possible_same_person;2127325826;тихий;Fantxxxx;;Spotify;https://open.spotify.com/user/Fantxxxx;Fantxxxx;sherlock;;;
1;0.7355;possible_same_person;2127325826;тихий;Fantxxxx;;Telegram;https://t.me/Fantxxxx;Fantxxxx;sherlock;;;auto_label: exact Telegram username
1;0.738;possible_same_person;2127325826;тихий;Fantxxxx;;Telegram;https://t.me/Fantxxxx;Fantxxxx;snoop;;;auto_label: exact Telegram username
;0.7355;possible_same_person;2127325826;тихий;Fantxxxx;;TikTok;https://www.tiktok.com/@Fantxxxx;Fantxxxx;sherlock;;;
;0.7355;possible_same_person;2127325826;тихий;Fantxxxx;;TryHackMe;https://tryhackme.com/p/Fantxxxx;Fantxxxx;sherlock;;;
0;0.7355;possible_same_person;2127325826;тихий;Fantxxxx;;Velomania;https://forum.velomania.ru/member.php?username=Fantxxxx;Fantxxxx;sherlock;;;auto_label: url username differs from telegram username
;0.7355;possible_same_person;2127325826;тихий;Fantxxxx;;Weblate;https://hosted.weblate.org/user/Fantxxxx/;Fantxxxx;sherlock;;;
;0.7355;possible_same_person;2127325826;тихий;Fantxxxx;;Wikipedia;https://en.wikipedia.org/wiki/Special:CentralAuth/Fantxxxx?uselang=qqx;Fantxxxx;sherlock;;;
;0.7355;possible_same_person;2127325826;тихий;Fantxxxx;;Xbox Gamertag;https://xboxgamertag.com/search/Fantxxxx;Fantxxxx;sherlock;;;
0;0.7355;possible_same_person;2127325826;тихий;Fantxxxx;;YandexMusic;https://music.yandex/users/Fantxxxx/playlists;Fantxxxx;sherlock;;;auto_label: url username differs from telegram username
;0.7355;possible_same_person;2127325826;тихий;Fantxxxx;;YouTube;https://www.youtube.com/@Fantxxxx;Fantxxxx;sherlock;;;
;0.7355;possible_same_person;2127325826;тихий;Fantxxxx;;dailykos;https://www.dailykos.com/user/Fantxxxx;Fantxxxx;sherlock;;;
;0.7355;possible_same_person;2127325826;тихий;Fantxxxx;;interpals;https://www.interpals.net/Fantxxxx;Fantxxxx;sherlock;;;
;0.7355;possible_same_person;2127325826;тихий;Fantxxxx;;mercadolivre;https://www.mercadolivre.com.br/perfil/Fantxxxx;Fantxxxx;sherlock;;;
;0.7355;possible_same_person;2127325826;тихий;Fantxxxx;;opennet;https://www.opennet.ru/~Fantxxxx;Fantxxxx;sherlock;;;
0;0.7355;possible_same_person;2127325826;тихий;Fantxxxx;;phpRU;https://php.ru/forum/members/?username=Fantxxxx;Fantxxxx;sherlock;;;auto_label: url username differs from telegram username
;0.7355;possible_same_person;2127325826;тихий;Fantxxxx;;svidbook;https://www.svidbook.ru/user/Fantxxxx;Fantxxxx;sherlock;;;
;0.6915;possible_same_person;5009251117;sole;uzacx;волку наплевать на то что думают о нем шакалы |kent @uzuxc | @ownerhi |@SpamBlockSole_Bot | подарки не дарю |;7Cups;https://www.7cups.com/@uzacx;uzacx;sherlock;;;
0;0.6805;possible_same_person;5009251117;sole;uzacx;волку наплевать на то что думают о нем шакалы |kent @uzuxc | @ownerhi |@SpamBlockSole_Bot | подарки не дарю |;Airliners;https://www.airliners.net/user/uzacx/profile/photos;uzacx;sherlock;;;auto_label: url username differs from telegram username
;0.6915;possible_same_person;5009251117;sole;uzacx;волку наплевать на то что думают о нем шакалы |kent @uzuxc | @ownerhi |@SpamBlockSole_Bot | подарки не дарю |;Apple Discussions;https://discussions.apple.com/profile/uzacx;uzacx;sherlock;;;
;0.6915;possible_same_person;5009251117;sole;uzacx;волку наплевать на то что думают о нем шакалы |kent @uzuxc | @ownerhi |@SpamBlockSole_Bot | подарки не дарю |;Archive.org;https://archive.org/details/@uzacx;uzacx;sherlock;;;
;0.6915;possible_same_person;5009251117;sole;uzacx;волку наплевать на то что думают о нем шакалы |kent @uzuxc | @ownerhi |@SpamBlockSole_Bot | подарки не дарю |;ArtStation;https://www.artstation.com/uzacx;uzacx;sherlock;;;
;0.6915;possible_same_person;5009251117;sole;uzacx;волку наплевать на то что думают о нем шакалы |kent @uzuxc | @ownerhi |@SpamBlockSole_Bot | подарки не дарю |;BabyRu;https://www.baby.ru/u/uzacx;uzacx;sherlock;;;
;0.6915;possible_same_person;5009251117;sole;uzacx;волку наплевать на то что думают о нем шакалы |kent @uzuxc | @ownerhi |@SpamBlockSole_Bot | подарки не дарю |;Bandcamp;https://www.bandcamp.com/uzacx;uzacx;sherlock;;;
;0.694;possible_same_person;5009251117;sole;uzacx;волку наплевать на то что думают о нем шакалы |kent @uzuxc | @ownerhi |@SpamBlockSole_Bot | подарки не дарю |;Bandcamp;https://www.bandcamp.com/uzacx;uzacx;snoop;;;
;0.6915;possible_same_person;5009251117;sole;uzacx;волку наплевать на то что думают о нем шакалы |kent @uzuxc | @ownerhi |@SpamBlockSole_Bot | подарки не дарю |;Codolio;https://codolio.com/profile/uzacx;uzacx;sherlock;;;
;0.6805;possible_same_person;5009251117;sole;uzacx;волку наплевать на то что думают о нем шакалы |kent @uzuxc | @ownerhi |@SpamBlockSole_Bot | подарки не дарю |;Discord.bio;https://discords.com/api-v2/bio/details/uzacx;uzacx;sherlock;;;
;0.6915;possible_same_person;5009251117;sole;uzacx;волку наплевать на то что думают о нем шакалы |kent @uzuxc | @ownerhi |@SpamBlockSole_Bot | подарки не дарю |;Envato Forum;https://forums.envato.com/u/uzacx;uzacx;sherlock;;;
0;0.683;possible_same_person;5009251117;sole;uzacx;волку наплевать на то что думают о нем шакалы |kent @uzuxc | @ownerhi |@SpamBlockSole_Bot | подарки не дарю |;Forum_Airliners;https://www.airliners.net/user/uzacx/profile/photos;uzacx;snoop;;;auto_label: url username differs from telegram username
0;0.694;possible_same_person;5009251117;sole;uzacx;волку наплевать на то что думают о нем шакалы |kent @uzuxc | @ownerhi |@SpamBlockSole_Bot | подарки не дарю |;Forum_javaprogramming;https://www.javaprogrammingforums.com/members/uzacx.html;uzacx;snoop;;;auto_label: url username differs from telegram username
;0.6915;possible_same_person;5009251117;sole;uzacx;волку наплевать на то что думают о нем шакалы |kent @uzuxc | @ownerhi |@SpamBlockSole_Bot | подарки не дарю |;GeeksforGeeks;https://auth.geeksforgeeks.org/user/uzacx;uzacx;sherlock;;;
;0.6915;possible_same_person;5009251117;sole;uzacx;волку наплевать на то что думают о нем шакалы |kent @uzuxc | @ownerhi |@SpamBlockSole_Bot | подарки не дарю |;Giphy;https://giphy.com/uzacx;uzacx;sherlock;;;
;0.6915;possible_same_person;5009251117;sole;uzacx;волку наплевать на то что думают о нем шакалы |kent @uzuxc | @ownerhi |@SpamBlockSole_Bot | подарки не дарю |;Hashnode;https://hashnode.com/@uzacx;uzacx;sherlock;;;
;0.6915;possible_same_person;5009251117;sole;uzacx;волку наплевать на то что думают о нем шакалы |kent @uzuxc | @ownerhi |@SpamBlockSole_Bot | подарки не дарю |;Hubski;https://hubski.com/user/uzacx;uzacx;sherlock;;;
;0.6915;possible_same_person;5009251117;sole;uzacx;волку наплевать на то что думают о нем шакалы |kent @uzuxc | @ownerhi |@SpamBlockSole_Bot | подарки не дарю |;LessWrong;https://www.lesswrong.com/users/uzacx;uzacx;sherlock;;;
0;0.694;possible_same_person;5009251117;sole;uzacx;волку наплевать на то что думают о нем шакалы |kent @uzuxc | @ownerhi |@SpamBlockSole_Bot | подарки не дарю |;Mail_ru_email;https://account.mail.ru/login?&fail=1&email=uzacx%40mail.ru;uzacx;snoop;;;auto_label: url username differs from telegram username
;0.6915;possible_same_person;5009251117;sole;uzacx;волку наплевать на то что думают о нем шакалы |kent @uzuxc | @ownerhi |@SpamBlockSole_Bot | подарки не дарю |;Patched;https://patched.sh/User/uzacx;uzacx;sherlock;;;
;0.694;possible_same_person;5009251117;sole;uzacx;волку наплевать на то что думают о нем шакалы |kent @uzuxc | @ownerhi |@SpamBlockSole_Bot | подарки не дарю |;Paypal;https://www.paypal.com/paypalme/uzacx;uzacx;snoop;;;
;0.681;possible_same_person;5009251117;sole;uzacx;волку наплевать на то что думают о нем шакалы |kent @uzuxc | @ownerhi |@SpamBlockSole_Bot | подарки не дарю |;Pinterest;https://www.pinterest.com/uzacx/;uzacx;sherlock;;;
;0.6835;possible_same_person;5009251117;sole;uzacx;волку наплевать на то что думают о нем шакалы |kent @uzuxc | @ownerhi |@SpamBlockSole_Bot | подарки не дарю |;Pinterest;https://www.pinterest.com/uzacx/;uzacx;snoop;;;
0;0.694;possible_same_person;5009251117;sole;uzacx;волку наплевать на то что думают о нем шакалы |kent @uzuxc | @ownerhi |@SpamBlockSole_Bot | подарки не дарю |;Planetaexcel;https://www.planetaexcel.ru/forum/index.php?PAGE_NAME=profile_view&UID=uzacx;uzacx;snoop;;;auto_label: url username differs from telegram username
;0.694;possible_same_person;5009251117;sole;uzacx;волку наплевать на то что думают о нем шакалы |kent @uzuxc | @ownerhi |@SpamBlockSole_Bot | подарки не дарю |;Radiokot;https://www.radiokot.ru/forum/search.php?keywords=&terms=all&author=uzacx;uzacx;snoop;;;
;0.6805;possible_same_person;5009251117;sole;uzacx;волку наплевать на то что думают о нем шакалы |kent @uzuxc | @ownerhi |@SpamBlockSole_Bot | подарки не дарю |;Rarible;https://rarible.com/marketplace/api/v4/urls/uzacx;uzacx;sherlock;;;
;0.6915;possible_same_person;5009251117;sole;uzacx;волку наплевать на то что думают о нем шакалы |kent @uzuxc | @ownerhi |@SpamBlockSole_Bot | подарки не дарю |;Realmeye;https://www.realmeye.com/player/uzacx;uzacx;sherlock;;;
;0.6901;possible_same_person;5009251117;sole;uzacx;волку наплевать на то что думают о нем шакалы |kent @uzuxc | @ownerhi |@SpamBlockSole_Bot | подарки не дарю |;Reddit;https://www.reddit.com/user/uzacx;uzacx;sherlock;;;
;0.6915;possible_same_person;5009251117;sole;uzacx;волку наплевать на то что думают о нем шакалы |kent @uzuxc | @ownerhi |@SpamBlockSole_Bot | подарки не дарю |;Scribd;https://www.scribd.com/uzacx;uzacx;sherlock;;;
;0.6915;possible_same_person;5009251117;sole;uzacx;волку наплевать на то что думают о нем шакалы |kent @uzuxc | @ownerhi |@SpamBlockSole_Bot | подарки не дарю |;Shelf;https://www.shelf.im/uzacx;uzacx;sherlock;;;
;0.6915;possible_same_person;5009251117;sole;uzacx;волку наплевать на то что думают о нем шакалы |kent @uzuxc | @ownerhi |@SpamBlockSole_Bot | подарки не дарю |;SlideShare;https://slideshare.net/uzacx;uzacx;sherlock;;;
;0.6915;possible_same_person;5009251117;sole;uzacx;волку наплевать на то что думают о нем шакалы |kent @uzuxc | @ownerhi |@SpamBlockSole_Bot | подарки не дарю |;Smule;https://www.smule.com/uzacx;uzacx;sherlock;;;
;0.6915;possible_same_person;5009251117;sole;uzacx;волку наплевать на то что думают о нем шакалы |kent @uzuxc | @ownerhi |@SpamBlockSole_Bot | подарки не дарю |;Snapchat;https://www.snapchat.com/add/uzacx;uzacx;sherlock;;;
;0.694;possible_same_person;5009251117;sole;uzacx;волку наплевать на то что думают о нем шакалы |kent @uzuxc | @ownerhi |@SpamBlockSole_Bot | подарки не дарю |;Snapchat;https://www.snapchat.com/add/uzacx;uzacx;snoop;;;
;0.6915;possible_same_person;5009251117;sole;uzacx;волку наплевать на то что думают о нем шакалы |kent @uzuxc | @ownerhi |@SpamBlockSole_Bot | подарки не дарю |;Splice;https://splice.com/uzacx;uzacx;sherlock;;;
;0.6915;possible_same_person;5009251117;sole;uzacx;волку наплевать на то что думают о нем шакалы |kent @uzuxc | @ownerhi |@SpamBlockSole_Bot | подарки не дарю |;Spotify;https://open.spotify.com/user/uzacx;uzacx;sherlock;;;
;0.6915;possible_same_person;5009251117;sole;uzacx;волку наплевать на то что думают о нем шакалы |kent @uzuxc | @ownerhi |@SpamBlockSole_Bot | подарки не дарю |;Telegram;https://t.me/uzacx;uzacx;sherlock;;;
;0.694;possible_same_person;5009251117;sole;uzacx;волку наплевать на то что думают о нем шакалы |kent @uzuxc | @ownerhi |@SpamBlockSole_Bot | подарки не дарю |;Telegram;https://t.me/uzacx;uzacx;snoop;;;
;0.6915;possible_same_person;5009251117;sole;uzacx;волку наплевать на то что думают о нем шакалы |kent @uzuxc | @ownerhi |@SpamBlockSole_Bot | подарки не дарю |;TryHackMe;https://tryhackme.com/p/uzacx;uzacx;sherlock;;;
;0.6975;possible_same_person;5009251117;sole;uzacx;волку наплевать на то что думают о нем шакалы |kent @uzuxc | @ownerhi |@SpamBlockSole_Bot | подарки не дарю |;Twitter;https://x.com/uzacx;uzacx;snoop;;;
0;0.6915;possible_same_person;5009251117;sole;uzacx;волку наплевать на то что думают о нем шакалы |kent @uzuxc | @ownerhi |@SpamBlockSole_Bot | подарки не дарю |;Velomania;https://forum.velomania.ru/member.php?username=uzacx;uzacx;sherlock;;;auto_label: url username differs from telegram username
;0.6915;possible_same_person;5009251117;sole;uzacx;волку наплевать на то что думают о нем шакалы |kent @uzuxc | @ownerhi |@SpamBlockSole_Bot | подарки не дарю |;Weblate;https://hosted.weblate.org/user/uzacx/;uzacx;sherlock;;;
;0.6915;possible_same_person;5009251117;sole;uzacx;волку наплевать на то что думают о нем шакалы |kent @uzuxc | @ownerhi |@SpamBlockSole_Bot | подарки не дарю |;Wikipedia;https://en.wikipedia.org/wiki/Special:CentralAuth/uzacx?uselang=qqx;uzacx;sherlock;;;
0;0.6915;possible_same_person;5009251117;sole;uzacx;волку наплевать на то что думают о нем шакалы |kent @uzuxc | @ownerhi |@SpamBlockSole_Bot | подарки не дарю |;YandexMusic;https://music.yandex/users/uzacx/playlists;uzacx;sherlock;;;auto_label: url username differs from telegram username
;0.6915;possible_same_person;5009251117;sole;uzacx;волку наплевать на то что думают о нем шакалы |kent @uzuxc | @ownerhi |@SpamBlockSole_Bot | подарки не дарю |;YouTube;https://www.youtube.com/@uzacx;uzacx;sherlock;;;
;0.6915;possible_same_person;5009251117;sole;uzacx;волку наплевать на то что думают о нем шакалы |kent @uzuxc | @ownerhi |@SpamBlockSole_Bot | подарки не дарю |;dailykos;https://www.dailykos.com/user/uzacx;uzacx;sherlock;;;
;0.6915;possible_same_person;5009251117;sole;uzacx;волку наплевать на то что думают о нем шакалы |kent @uzuxc | @ownerhi |@SpamBlockSole_Bot | подарки не дарю |;interpals;https://www.interpals.net/uzacx;uzacx;sherlock;;;
;0.6915;possible_same_person;5009251117;sole;uzacx;волку наплевать на то что думают о нем шакалы |kent @uzuxc | @ownerhi |@SpamBlockSole_Bot | подарки не дарю |;mercadolivre;https://www.mercadolivre.com.br/perfil/uzacx;uzacx;sherlock;;;
;0.6915;possible_same_person;5009251117;sole;uzacx;волку наплевать на то что думают о нем шакалы |kent @uzuxc | @ownerhi |@SpamBlockSole_Bot | подарки не дарю |;opennet;https://www.opennet.ru/~uzacx;uzacx;sherlock;;;
0;0.6915;possible_same_person;5009251117;sole;uzacx;волку наплевать на то что думают о нем шакалы |kent @uzuxc | @ownerhi |@SpamBlockSole_Bot | подарки не дарю |;phpRU;https://php.ru/forum/members/?username=uzacx;uzacx;sherlock;;;auto_label: url username differs from telegram username
;0.6915;possible_same_person;5009251117;sole;uzacx;волку наплевать на то что думают о нем шакалы |kent @uzuxc | @ownerhi |@SpamBlockSole_Bot | подарки не дарю |;svidbook;https://www.svidbook.ru/user/uzacx;uzacx;sherlock;;;
;0.797;likely_same_person;5013386203;Lumik;lumik_143;;7Cups;https://www.7cups.com/@lumik_143;lumik_143;sherlock;;;
0;0.786;likely_same_person;5013386203;Lumik;lumik_143;;Airliners;https://www.airliners.net/user/lumik_143/profile/photos;lumik_143;sherlock;;;auto_label: url username differs from telegram username
;0.797;likely_same_person;5013386203;Lumik;lumik_143;;Apple Discussions;https://discussions.apple.com/profile/lumik_143;lumik_143;sherlock;;;
;0.797;likely_same_person;5013386203;Lumik;lumik_143;;Archive.org;https://archive.org/details/@lumik_143;lumik_143;sherlock;;;
1;0.797;likely_same_person;5013386203;Lumik;lumik_143;;ArtStation;https://www.artstation.com/lumik_143;lumik_143;sherlock;;;auto_label: high-confidence exact username on reliable site
;0.797;likely_same_person;5013386203;Lumik;lumik_143;;BabyRu;https://www.baby.ru/u/lumik_143;lumik_143;sherlock;;;
;0.797;likely_same_person;5013386203;Lumik;lumik_143;;Bandcamp;https://www.bandcamp.com/lumik_143;lumik_143;sherlock;;;
;0.797;likely_same_person;5013386203;Lumik;lumik_143;;Codolio;https://codolio.com/profile/lumik_143;lumik_143;sherlock;;;
;0.786;likely_same_person;5013386203;Lumik;lumik_143;;Discord.bio;https://discords.com/api-v2/bio/details/lumik_143;lumik_143;sherlock;;;
;0.797;likely_same_person;5013386203;Lumik;lumik_143;;Envato Forum;https://forums.envato.com/u/lumik_143;lumik_143;sherlock;;;
;0.797;likely_same_person;5013386203;Lumik;lumik_143;;GeeksforGeeks;https://auth.geeksforgeeks.org/user/lumik_143;lumik_143;sherlock;;;
;0.797;likely_same_person;5013386203;Lumik;lumik_143;;Giphy;https://giphy.com/lumik_143;lumik_143;sherlock;;;
;0.797;likely_same_person;5013386203;Lumik;lumik_143;;Hashnode;https://hashnode.com/@lumik_143;lumik_143;sherlock;;;
;0.797;likely_same_person;5013386203;Lumik;lumik_143;;Hubski;https://hubski.com/user/lumik_143;lumik_143;sherlock;;;
;0.797;likely_same_person;5013386203;Lumik;lumik_143;;LessWrong;https://www.lesswrong.com/users/lumik_143;lumik_143;sherlock;;;
;0.797;likely_same_person;5013386203;Lumik;lumik_143;;Patched;https://patched.sh/User/lumik_143;lumik_143;sherlock;;;
;0.786;likely_same_person;5013386203;Lumik;lumik_143;;Rarible;https://rarible.com/marketplace/api/v4/urls/lumik_143;lumik_143;sherlock;;;
;0.797;likely_same_person;5013386203;Lumik;lumik_143;;Realmeye;https://www.realmeye.com/player/lumik_143;lumik_143;sherlock;;;
;0.7956;likely_same_person;5013386203;Lumik;lumik_143;;Reddit;https://www.reddit.com/user/lumik_143;lumik_143;sherlock;;;
;0.797;likely_same_person;5013386203;Lumik;lumik_143;;Scribd;https://www.scribd.com/lumik_143;lumik_143;sherlock;;;
;0.797;likely_same_person;5013386203;Lumik;lumik_143;;Shelf;https://www.shelf.im/lumik_143;lumik_143;sherlock;;;
;0.797;likely_same_person;5013386203;Lumik;lumik_143;;SlideShare;https://slideshare.net/lumik_143;lumik_143;sherlock;;;
;0.797;likely_same_person;5013386203;Lumik;lumik_143;;Smule;https://www.smule.com/lumik_143;lumik_143;sherlock;;;
;0.797;likely_same_person;5013386203;Lumik;lumik_143;;Splice;https://splice.com/lumik_143;lumik_143;sherlock;;;
;0.797;likely_same_person;5013386203;Lumik;lumik_143;;Spotify;https://open.spotify.com/user/lumik_143;lumik_143;sherlock;;;
1;0.797;likely_same_person;5013386203;Lumik;lumik_143;;Telegram;https://t.me/lumik_143;lumik_143;sherlock;;;auto_label: high-confidence exact username on reliable site
;0.797;likely_same_person;5013386203;Lumik;lumik_143;;TikTok;https://www.tiktok.com/@lumik_143;lumik_143;sherlock;;;
0;0.797;likely_same_person;5013386203;Lumik;lumik_143;;Velomania;https://forum.velomania.ru/member.php?username=lumik_143;lumik_143;sherlock;;;auto_label: url username differs from telegram username
;0.797;likely_same_person;5013386203;Lumik;lumik_143;;Weblate;https://hosted.weblate.org/user/lumik_143/;lumik_143;sherlock;;;
;0.797;likely_same_person;5013386203;Lumik;lumik_143;;Wikipedia;https://en.wikipedia.org/wiki/Special:CentralAuth/lumik_143?uselang=qqx;lumik_143;sherlock;;;
0;0.797;likely_same_person;5013386203;Lumik;lumik_143;;YandexMusic;https://music.yandex/users/lumik_143/playlists;lumik_143;sherlock;;;auto_label: url username differs from telegram username
;0.797;likely_same_person;5013386203;Lumik;lumik_143;;YouTube;https://www.youtube.com/@lumik_143;lumik_143;sherlock;;;
;0.797;likely_same_person;5013386203;Lumik;lumik_143;;dailykos;https://www.dailykos.com/user/lumik_143;lumik_143;sherlock;;;
;0.797;likely_same_person;5013386203;Lumik;lumik_143;;interpals;https://www.interpals.net/lumik_143;lumik_143;sherlock;;;
;0.797;likely_same_person;5013386203;Lumik;lumik_143;;mercadolivre;https://www.mercadolivre.com.br/perfil/lumik_143;lumik_143;sherlock;;;
;0.786;likely_same_person;5013386203;Lumik;lumik_143;;omg.lol;https://lumik_143.omg.lol;lumik_143;sherlock;;;
;0.797;likely_same_person;5013386203;Lumik;lumik_143;;opennet;https://www.opennet.ru/~lumik_143;lumik_143;sherlock;;;
0;0.797;likely_same_person;5013386203;Lumik;lumik_143;;phpRU;https://php.ru/forum/members/?username=lumik_143;lumik_143;sherlock;;;auto_label: url username differs from telegram username
;0.797;likely_same_person;5013386203;Lumik;lumik_143;;svidbook;https://www.svidbook.ru/user/lumik_143;lumik_143;sherlock;;;
;0.7568;likely_same_person;5029637095;akynu;cxtrAttack;;7Cups;https://www.7cups.com/@cxtrAttack;cxtrAttack;sherlock;;;
0;0.7458;possible_same_person;5029637095;akynu;cxtrAttack;;Airliners;https://www.airliners.net/user/cxtrAttack/profile/photos;cxtrAttack;sherlock;;;auto_label: url username differs from telegram username
;0.7568;likely_same_person;5029637095;akynu;cxtrAttack;;Apple Discussions;https://discussions.apple.com/profile/cxtrAttack;cxtrAttack;sherlock;;;
;0.7568;likely_same_person;5029637095;akynu;cxtrAttack;;Archive.org;https://archive.org/details/@cxtrAttack;cxtrAttack;sherlock;;;
;0.7568;likely_same_person;5029637095;akynu;cxtrAttack;;ArtStation;https://www.artstation.com/cxtrAttack;cxtrAttack;sherlock;;;
;0.7568;likely_same_person;5029637095;akynu;cxtrAttack;;BabyRu;https://www.baby.ru/u/cxtrAttack;cxtrAttack;sherlock;;;
;0.7568;likely_same_person;5029637095;akynu;cxtrAttack;;Bandcamp;https://www.bandcamp.com/cxtrAttack;cxtrAttack;sherlock;;;
;0.7568;likely_same_person;5029637095;akynu;cxtrAttack;;Codolio;https://codolio.com/profile/cxtrAttack;cxtrAttack;sherlock;;;
;0.7458;possible_same_person;5029637095;akynu;cxtrAttack;;Discord.bio;https://discords.com/api-v2/bio/details/cxtrAttack;cxtrAttack;sherlock;;;
;0.7568;likely_same_person;5029637095;akynu;cxtrAttack;;Envato Forum;https://forums.envato.com/u/cxtrAttack;cxtrAttack;sherlock;;;
;0.7568;likely_same_person;5029637095;akynu;cxtrAttack;;GeeksforGeeks;https://auth.geeksforgeeks.org/user/cxtrAttack;cxtrAttack;sherlock;;;
;0.7568;likely_same_person;5029637095;akynu;cxtrAttack;;Giphy;https://giphy.com/cxtrAttack;cxtrAttack;sherlock;;;
;0.7568;likely_same_person;5029637095;akynu;cxtrAttack;;Hashnode;https://hashnode.com/@cxtrAttack;cxtrAttack;sherlock;;;
;0.7568;likely_same_person;5029637095;akynu;cxtrAttack;;Hubski;https://hubski.com/user/cxtrAttack;cxtrAttack;sherlock;;;
;0.7568;likely_same_person;5029637095;akynu;cxtrAttack;;LessWrong;https://www.lesswrong.com/users/cxtrAttack;cxtrAttack;sherlock;;;
;0.7568;likely_same_person;5029637095;akynu;cxtrAttack;;Patched;https://patched.sh/User/cxtrAttack;cxtrAttack;sherlock;;;
;0.7458;possible_same_person;5029637095;akynu;cxtrAttack;;Rarible;https://rarible.com/marketplace/api/v4/urls/cxtrAttack;cxtrAttack;sherlock;;;
;0.7568;likely_same_person;5029637095;akynu;cxtrAttack;;Realmeye;https://www.realmeye.com/player/cxtrAttack;cxtrAttack;sherlock;;;
;0.7554;likely_same_person;5029637095;akynu;cxtrAttack;;Reddit;https://www.reddit.com/user/cxtrAttack;cxtrAttack;sherlock;;;
;0.7568;likely_same_person;5029637095;akynu;cxtrAttack;;Scribd;https://www.scribd.com/cxtrAttack;cxtrAttack;sherlock;;;
;0.7568;likely_same_person;5029637095;akynu;cxtrAttack;;Shelf;https://www.shelf.im/cxtrAttack;cxtrAttack;sherlock;;;
;0.7568;likely_same_person;5029637095;akynu;cxtrAttack;;SlideShare;https://slideshare.net/cxtrAttack;cxtrAttack;sherlock;;;
;0.7568;likely_same_person;5029637095;akynu;cxtrAttack;;Smule;https://www.smule.com/cxtrAttack;cxtrAttack;sherlock;;;
;0.7568;likely_same_person;5029637095;akynu;cxtrAttack;;Splice;https://splice.com/cxtrAttack;cxtrAttack;sherlock;;;
;0.7568;likely_same_person;5029637095;akynu;cxtrAttack;;Spotify;https://open.spotify.com/user/cxtrAttack;cxtrAttack;sherlock;;;
1;0.7568;likely_same_person;5029637095;akynu;cxtrAttack;;Telegram;https://t.me/cxtrAttack;cxtrAttack;sherlock;;;auto_label: exact Telegram username
;0.7568;likely_same_person;5029637095;akynu;cxtrAttack;;TryHackMe;https://tryhackme.com/p/cxtrAttack;cxtrAttack;sherlock;;;
0;0.7568;likely_same_person;5029637095;akynu;cxtrAttack;;Velomania;https://forum.velomania.ru/member.php?username=cxtrAttack;cxtrAttack;sherlock;;;auto_label: url username differs from telegram username
;0.7568;likely_same_person;5029637095;akynu;cxtrAttack;;Weblate;https://hosted.weblate.org/user/cxtrAttack/;cxtrAttack;sherlock;;;
;0.7568;likely_same_person;5029637095;akynu;cxtrAttack;;Wikipedia;https://en.wikipedia.org/wiki/Special:CentralAuth/cxtrAttack?uselang=qqx;cxtrAttack;sherlock;;;
0;0.7568;likely_same_person;5029637095;akynu;cxtrAttack;;YandexMusic;https://music.yandex/users/cxtrAttack/playlists;cxtrAttack;sherlock;;;auto_label: url username differs from telegram username
;0.7568;likely_same_person;5029637095;akynu;cxtrAttack;;YouTube;https://www.youtube.com/@cxtrAttack;cxtrAttack;sherlock;;;
;0.7568;likely_same_person;5029637095;akynu;cxtrAttack;;dailykos;https://www.dailykos.com/user/cxtrAttack;cxtrAttack;sherlock;;;
;0.7568;likely_same_person;5029637095;akynu;cxtrAttack;;interpals;https://www.interpals.net/cxtrAttack;cxtrAttack;sherlock;;;
;0.7568;likely_same_person;5029637095;akynu;cxtrAttack;;mercadolivre;https://www.mercadolivre.com.br/perfil/cxtrAttack;cxtrAttack;sherlock;;;
;0.7568;likely_same_person;5029637095;akynu;cxtrAttack;;opennet;https://www.opennet.ru/~cxtrAttack;cxtrAttack;sherlock;;;
0;0.7568;likely_same_person;5029637095;akynu;cxtrAttack;;phpRU;https://php.ru/forum/members/?username=cxtrAttack;cxtrAttack;sherlock;;;auto_label: url username differs from telegram username
;0.7568;likely_same_person;5029637095;akynu;cxtrAttack;;svidbook;https://www.svidbook.ru/user/cxtrAttack;cxtrAttack;sherlock;;;
;0.7035;possible_same_person;5029989069;D.S.B;dsb0407;Абонент временно недоступен;7Cups;https://www.7cups.com/@dsb0407;dsb0407;sherlock;;;
0;0.6925;possible_same_person;5029989069;D.S.B;dsb0407;Абонент временно недоступен;Airliners;https://www.airliners.net/user/dsb0407/profile/photos;dsb0407;sherlock;;;auto_label: url username differs from telegram username
;0.7035;possible_same_person;5029989069;D.S.B;dsb0407;Абонент временно недоступен;Apple Discussions;https://discussions.apple.com/profile/dsb0407;dsb0407;sherlock;;;
;0.7035;possible_same_person;5029989069;D.S.B;dsb0407;Абонент временно недоступен;Archive.org;https://archive.org/details/@dsb0407;dsb0407;sherlock;;;
;0.7035;possible_same_person;5029989069;D.S.B;dsb0407;Абонент временно недоступен;ArtStation;https://www.artstation.com/dsb0407;dsb0407;sherlock;;;
;0.7035;possible_same_person;5029989069;D.S.B;dsb0407;Абонент временно недоступен;BabyRu;https://www.baby.ru/u/dsb0407;dsb0407;sherlock;;;
;0.7035;possible_same_person;5029989069;D.S.B;dsb0407;Абонент временно недоступен;Bandcamp;https://www.bandcamp.com/dsb0407;dsb0407;sherlock;;;
;0.7035;possible_same_person;5029989069;D.S.B;dsb0407;Абонент временно недоступен;Codolio;https://codolio.com/profile/dsb0407;dsb0407;sherlock;;;
;0.6925;possible_same_person;5029989069;D.S.B;dsb0407;Абонент временно недоступен;Discord.bio;https://discords.com/api-v2/bio/details/dsb0407;dsb0407;sherlock;;;
;0.7035;possible_same_person;5029989069;D.S.B;dsb0407;Абонент временно недоступен;Envato Forum;https://forums.envato.com/u/dsb0407;dsb0407;sherlock;;;
;0.7035;possible_same_person;5029989069;D.S.B;dsb0407;Абонент временно недоступен;GeeksforGeeks;https://auth.geeksforgeeks.org/user/dsb0407;dsb0407;sherlock;;;
;0.7035;possible_same_person;5029989069;D.S.B;dsb0407;Абонент временно недоступен;Giphy;https://giphy.com/dsb0407;dsb0407;sherlock;;;
;0.7035;possible_same_person;5029989069;D.S.B;dsb0407;Абонент временно недоступен;Hashnode;https://hashnode.com/@dsb0407;dsb0407;sherlock;;;
;0.7035;possible_same_person;5029989069;D.S.B;dsb0407;Абонент временно недоступен;Hubski;https://hubski.com/user/dsb0407;dsb0407;sherlock;;;
;0.7035;possible_same_person;5029989069;D.S.B;dsb0407;Абонент временно недоступен;LessWrong;https://www.lesswrong.com/users/dsb0407;dsb0407;sherlock;;;
;0.7035;possible_same_person;5029989069;D.S.B;dsb0407;Абонент временно недоступен;Naver;https://blog.naver.com/dsb0407;dsb0407;sherlock;;;
;0.7035;possible_same_person;5029989069;D.S.B;dsb0407;Абонент временно недоступен;Patched;https://patched.sh/User/dsb0407;dsb0407;sherlock;;;
;0.693;possible_same_person;5029989069;D.S.B;dsb0407;Абонент временно недоступен;Pinterest;https://www.pinterest.com/dsb0407/;dsb0407;sherlock;;;
;0.6925;possible_same_person;5029989069;D.S.B;dsb0407;Абонент временно недоступен;Rarible;https://rarible.com/marketplace/api/v4/urls/dsb0407;dsb0407;sherlock;;;
;0.7035;possible_same_person;5029989069;D.S.B;dsb0407;Абонент временно недоступен;Realmeye;https://www.realmeye.com/player/dsb0407;dsb0407;sherlock;;;
;0.7021;possible_same_person;5029989069;D.S.B;dsb0407;Абонент временно недоступен;Reddit;https://www.reddit.com/user/dsb0407;dsb0407;sherlock;;;
;0.7035;possible_same_person;5029989069;D.S.B;dsb0407;Абонент временно недоступен;Scribd;https://www.scribd.com/dsb0407;dsb0407;sherlock;;;
;0.7035;possible_same_person;5029989069;D.S.B;dsb0407;Абонент временно недоступен;Shelf;https://www.shelf.im/dsb0407;dsb0407;sherlock;;;
;0.7035;possible_same_person;5029989069;D.S.B;dsb0407;Абонент временно недоступен;SlideShare;https://slideshare.net/dsb0407;dsb0407;sherlock;;;
;0.7035;possible_same_person;5029989069;D.S.B;dsb0407;Абонент временно недоступен;Smule;https://www.smule.com/dsb0407;dsb0407;sherlock;;;
;0.7035;possible_same_person;5029989069;D.S.B;dsb0407;Абонент временно недоступен;Splice;https://splice.com/dsb0407;dsb0407;sherlock;;;
;0.7035;possible_same_person;5029989069;D.S.B;dsb0407;Абонент временно недоступен;Spotify;https://open.spotify.com/user/dsb0407;dsb0407;sherlock;;;
1;0.7035;possible_same_person;5029989069;D.S.B;dsb0407;Абонент временно недоступен;Telegram;https://t.me/dsb0407;dsb0407;sherlock;;;auto_label: exact Telegram username
;0.7035;possible_same_person;5029989069;D.S.B;dsb0407;Абонент временно недоступен;TikTok;https://www.tiktok.com/@dsb0407;dsb0407;sherlock;;;
;0.7035;possible_same_person;5029989069;D.S.B;dsb0407;Абонент временно недоступен;TryHackMe;https://tryhackme.com/p/dsb0407;dsb0407;sherlock;;;
0;0.7035;possible_same_person;5029989069;D.S.B;dsb0407;Абонент временно недоступен;Velomania;https://forum.velomania.ru/member.php?username=dsb0407;dsb0407;sherlock;;;auto_label: url username differs from telegram username
;0.7035;possible_same_person;5029989069;D.S.B;dsb0407;Абонент временно недоступен;Weblate;https://hosted.weblate.org/user/dsb0407/;dsb0407;sherlock;;;
;0.7035;possible_same_person;5029989069;D.S.B;dsb0407;Абонент временно недоступен;Wikipedia;https://en.wikipedia.org/wiki/Special:CentralAuth/dsb0407?uselang=qqx;dsb0407;sherlock;;;
0;0.7035;possible_same_person;5029989069;D.S.B;dsb0407;Абонент временно недоступен;YandexMusic;https://music.yandex/users/dsb0407/playlists;dsb0407;sherlock;;;auto_label: url username differs from telegram username
;0.7035;possible_same_person;5029989069;D.S.B;dsb0407;Абонент временно недоступен;YouTube;https://www.youtube.com/@dsb0407;dsb0407;sherlock;;;
;0.7035;possible_same_person;5029989069;D.S.B;dsb0407;Абонент временно недоступен;dailykos;https://www.dailykos.com/user/dsb0407;dsb0407;sherlock;;;
;0.7035;possible_same_person;5029989069;D.S.B;dsb0407;Абонент временно недоступен;interpals;https://www.interpals.net/dsb0407;dsb0407;sherlock;;;
;0.7035;possible_same_person;5029989069;D.S.B;dsb0407;Абонент временно недоступен;mercadolivre;https://www.mercadolivre.com.br/perfil/dsb0407;dsb0407;sherlock;;;
;0.7035;possible_same_person;5029989069;D.S.B;dsb0407;Абонент временно недоступен;opennet;https://www.opennet.ru/~dsb0407;dsb0407;sherlock;;;
0;0.7035;possible_same_person;5029989069;D.S.B;dsb0407;Абонент временно недоступен;phpRU;https://php.ru/forum/members/?username=dsb0407;dsb0407;sherlock;;;auto_label: url username differs from telegram username
;0.7035;possible_same_person;5029989069;D.S.B;dsb0407;Абонент временно недоступен;svidbook;https://www.svidbook.ru/user/dsb0407;dsb0407;sherlock;;;
;0.7355;possible_same_person;5036609271;жир;zhir_day;;7Cups;https://www.7cups.com/@zhir_day;zhir_day;sherlock;;;
0;0.7245;possible_same_person;5036609271;жир;zhir_day;;Airliners;https://www.airliners.net/user/zhir_day/profile/photos;zhir_day;sherlock;;;auto_label: url username differs from telegram username
;0.7355;possible_same_person;5036609271;жир;zhir_day;;Apple Discussions;https://discussions.apple.com/profile/zhir_day;zhir_day;sherlock;;;
;0.7355;possible_same_person;5036609271;жир;zhir_day;;Archive.org;https://archive.org/details/@zhir_day;zhir_day;sherlock;;;
;0.7355;possible_same_person;5036609271;жир;zhir_day;;ArtStation;https://www.artstation.com/zhir_day;zhir_day;sherlock;;;
;0.7355;possible_same_person;5036609271;жир;zhir_day;;BabyRu;https://www.baby.ru/u/zhir_day;zhir_day;sherlock;;;
;0.7355;possible_same_person;5036609271;жир;zhir_day;;Bandcamp;https://www.bandcamp.com/zhir_day;zhir_day;sherlock;;;
;0.7355;possible_same_person;5036609271;жир;zhir_day;;Codolio;https://codolio.com/profile/zhir_day;zhir_day;sherlock;;;
;0.7245;possible_same_person;5036609271;жир;zhir_day;;Discord.bio;https://discords.com/api-v2/bio/details/zhir_day;zhir_day;sherlock;;;
;0.7355;possible_same_person;5036609271;жир;zhir_day;;Envato Forum;https://forums.envato.com/u/zhir_day;zhir_day;sherlock;;;
;0.7355;possible_same_person;5036609271;жир;zhir_day;;GeeksforGeeks;https://auth.geeksforgeeks.org/user/zhir_day;zhir_day;sherlock;;;
;0.7355;possible_same_person;5036609271;жир;zhir_day;;Giphy;https://giphy.com/zhir_day;zhir_day;sherlock;;;
;0.7355;possible_same_person;5036609271;жир;zhir_day;;Hashnode;https://hashnode.com/@zhir_day;zhir_day;sherlock;;;
;0.7355;possible_same_person;5036609271;жир;zhir_day;;Hubski;https://hubski.com/user/zhir_day;zhir_day;sherlock;;;
;0.7355;possible_same_person;5036609271;жир;zhir_day;;LessWrong;https://www.lesswrong.com/users/zhir_day;zhir_day;sherlock;;;
;0.7355;possible_same_person;5036609271;жир;zhir_day;;Patched;https://patched.sh/User/zhir_day;zhir_day;sherlock;;;
;0.7245;possible_same_person;5036609271;жир;zhir_day;;Rarible;https://rarible.com/marketplace/api/v4/urls/zhir_day;zhir_day;sherlock;;;
;0.7355;possible_same_person;5036609271;жир;zhir_day;;Realmeye;https://www.realmeye.com/player/zhir_day;zhir_day;sherlock;;;
;0.7341;possible_same_person;5036609271;жир;zhir_day;;Reddit;https://www.reddit.com/user/zhir_day;zhir_day;sherlock;;;
;0.7355;possible_same_person;5036609271;жир;zhir_day;;Scribd;https://www.scribd.com/zhir_day;zhir_day;sherlock;;;
;0.7355;possible_same_person;5036609271;жир;zhir_day;;Shelf;https://www.shelf.im/zhir_day;zhir_day;sherlock;;;
;0.7355;possible_same_person;5036609271;жир;zhir_day;;SlideShare;https://slideshare.net/zhir_day;zhir_day;sherlock;;;
;0.7355;possible_same_person;5036609271;жир;zhir_day;;Smule;https://www.smule.com/zhir_day;zhir_day;sherlock;;;
;0.7355;possible_same_person;5036609271;жир;zhir_day;;Splice;https://splice.com/zhir_day;zhir_day;sherlock;;;
;0.7355;possible_same_person;5036609271;жир;zhir_day;;Spotify;https://open.spotify.com/user/zhir_day;zhir_day;sherlock;;;
1;0.7355;possible_same_person;5036609271;жир;zhir_day;;Telegram;https://t.me/zhir_day;zhir_day;sherlock;;;auto_label: exact Telegram username
0;0.7355;possible_same_person;5036609271;жир;zhir_day;;Velomania;https://forum.velomania.ru/member.php?username=zhir_day;zhir_day;sherlock;;;auto_label: url username differs from telegram username
;0.7355;possible_same_person;5036609271;жир;zhir_day;;Weblate;https://hosted.weblate.org/user/zhir_day/;zhir_day;sherlock;;;
;0.7355;possible_same_person;5036609271;жир;zhir_day;;Wikipedia;https://en.wikipedia.org/wiki/Special:CentralAuth/zhir_day?uselang=qqx;zhir_day;sherlock;;;
0;0.7355;possible_same_person;5036609271;жир;zhir_day;;YandexMusic;https://music.yandex/users/zhir_day/playlists;zhir_day;sherlock;;;auto_label: url username differs from telegram username
;0.7355;possible_same_person;5036609271;жир;zhir_day;;YouTube;https://www.youtube.com/@zhir_day;zhir_day;sherlock;;;
;0.7355;possible_same_person;5036609271;жир;zhir_day;;dailykos;https://www.dailykos.com/user/zhir_day;zhir_day;sherlock;;;
0;0.7355;possible_same_person;5036609271;жир;zhir_day;;igromania;http://forum.igromania.ru/member.php?username=zhir_day;zhir_day;sherlock;;;auto_label: url username differs from telegram username
;0.7355;possible_same_person;5036609271;жир;zhir_day;;interpals;https://www.interpals.net/zhir_day;zhir_day;sherlock;;;
;0.7355;possible_same_person;5036609271;жир;zhir_day;;mercadolivre;https://www.mercadolivre.com.br/perfil/zhir_day;zhir_day;sherlock;;;
;0.7245;possible_same_person;5036609271;жир;zhir_day;;omg.lol;https://zhir_day.omg.lol;zhir_day;sherlock;;;
;0.7355;possible_same_person;5036609271;жир;zhir_day;;opennet;https://www.opennet.ru/~zhir_day;zhir_day;sherlock;;;
0;0.7355;possible_same_person;5036609271;жир;zhir_day;;phpRU;https://php.ru/forum/members/?username=zhir_day;zhir_day;sherlock;;;auto_label: url username differs from telegram username
;0.7355;possible_same_person;5036609271;жир;zhir_day;;svidbook;https://www.svidbook.ru/user/zhir_day;zhir_day;sherlock;;;
;0.7355;possible_same_person;5052984662;Музыка • Скачать видео • Поиск музыки;smusic2bot;"Скачать видео ютуб, тикток, инстаграм, рутуб, вк, shazam

Реклама: @wonka888 @naxay ⚠️ СВЕРЯЙТЕ ЮЗЕРНЕЙМЫ!";7Cups;https://www.7cups.com/@smusic2bot;smusic2bot;sherlock;;;
0;0.7245;possible_same_person;5052984662;Музыка • Скачать видео • Поиск музыки;smusic2bot;"Скачать видео ютуб, тикток, инстаграм, рутуб, вк, shazam

Реклама: @wonka888 @naxay ⚠️ СВЕРЯЙТЕ ЮЗЕРНЕЙМЫ!";Airliners;https://www.airliners.net/user/smusic2bot/profile/photos;smusic2bot;sherlock;;;auto_label: url username differs from telegram username
;0.7355;possible_same_person;5052984662;Музыка • Скачать видео • Поиск музыки;smusic2bot;"Скачать видео ютуб, тикток, инстаграм, рутуб, вк, shazam

Реклама: @wonka888 @naxay ⚠️ СВЕРЯЙТЕ ЮЗЕРНЕЙМЫ!";Apple Discussions;https://discussions.apple.com/profile/smusic2bot;smusic2bot;sherlock;;;
;0.7355;possible_same_person;5052984662;Музыка • Скачать видео • Поиск музыки;smusic2bot;"Скачать видео ютуб, тикток, инстаграм, рутуб, вк, shazam

Реклама: @wonka888 @naxay ⚠️ СВЕРЯЙТЕ ЮЗЕРНЕЙМЫ!";Archive.org;https://archive.org/details/@smusic2bot;smusic2bot;sherlock;;;
;0.7355;possible_same_person;5052984662;Музыка • Скачать видео • Поиск музыки;smusic2bot;"Скачать видео ютуб, тикток, инстаграм, рутуб, вк, shazam

Реклама: @wonka888 @naxay ⚠️ СВЕРЯЙТЕ ЮЗЕРНЕЙМЫ!";ArtStation;https://www.artstation.com/smusic2bot;smusic2bot;sherlock;;;
;0.7355;possible_same_person;5052984662;Музыка • Скачать видео • Поиск музыки;smusic2bot;"Скачать видео ютуб, тикток, инстаграм, рутуб, вк, shazam

Реклама: @wonka888 @naxay ⚠️ СВЕРЯЙТЕ ЮЗЕРНЕЙМЫ!";BabyRu;https://www.baby.ru/u/smusic2bot;smusic2bot;sherlock;;;
;0.7355;possible_same_person;5052984662;Музыка • Скачать видео • Поиск музыки;smusic2bot;"Скачать видео ютуб, тикток, инстаграм, рутуб, вк, shazam

Реклама: @wonka888 @naxay ⚠️ СВЕРЯЙТЕ ЮЗЕРНЕЙМЫ!";Bandcamp;https://www.bandcamp.com/smusic2bot;smusic2bot;sherlock;;;
;0.7355;possible_same_person;5052984662;Музыка • Скачать видео • Поиск музыки;smusic2bot;"Скачать видео ютуб, тикток, инстаграм, рутуб, вк, shazam

Реклама: @wonka888 @naxay ⚠️ СВЕРЯЙТЕ ЮЗЕРНЕЙМЫ!";Codolio;https://codolio.com/profile/smusic2bot;smusic2bot;sherlock;;;
;0.7245;possible_same_person;5052984662;Музыка • Скачать видео • Поиск музыки;smusic2bot;"Скачать видео ютуб, тикток, инстаграм, рутуб, вк, shazam

Реклама: @wonka888 @naxay ⚠️ СВЕРЯЙТЕ ЮЗЕРНЕЙМЫ!";Discord.bio;https://discords.com/api-v2/bio/details/smusic2bot;smusic2bot;sherlock;;;
;0.7355;possible_same_person;5052984662;Музыка • Скачать видео • Поиск музыки;smusic2bot;"Скачать видео ютуб, тикток, инстаграм, рутуб, вк, shazam

Реклама: @wonka888 @naxay ⚠️ СВЕРЯЙТЕ ЮЗЕРНЕЙМЫ!";Envato Forum;https://forums.envato.com/u/smusic2bot;smusic2bot;sherlock;;;
;0.7355;possible_same_person;5052984662;Музыка • Скачать видео • Поиск музыки;smusic2bot;"Скачать видео ютуб, тикток, инстаграм, рутуб, вк, shazam

Реклама: @wonka888 @naxay ⚠️ СВЕРЯЙТЕ ЮЗЕРНЕЙМЫ!";GeeksforGeeks;https://auth.geeksforgeeks.org/user/smusic2bot;smusic2bot;sherlock;;;
;0.7355;possible_same_person;5052984662;Музыка • Скачать видео • Поиск музыки;smusic2bot;"Скачать видео ютуб, тикток, инстаграм, рутуб, вк, shazam

Реклама: @wonka888 @naxay ⚠️ СВЕРЯЙТЕ ЮЗЕРНЕЙМЫ!";Giphy;https://giphy.com/smusic2bot;smusic2bot;sherlock;;;
;0.7355;possible_same_person;5052984662;Музыка • Скачать видео • Поиск музыки;smusic2bot;"Скачать видео ютуб, тикток, инстаграм, рутуб, вк, shazam

Реклама: @wonka888 @naxay ⚠️ СВЕРЯЙТЕ ЮЗЕРНЕЙМЫ!";Hashnode;https://hashnode.com/@smusic2bot;smusic2bot;sherlock;;;
;0.7355;possible_same_person;5052984662;Музыка • Скачать видео • Поиск музыки;smusic2bot;"Скачать видео ютуб, тикток, инстаграм, рутуб, вк, shazam

Реклама: @wonka888 @naxay ⚠️ СВЕРЯЙТЕ ЮЗЕРНЕЙМЫ!";Hubski;https://hubski.com/user/smusic2bot;smusic2bot;sherlock;;;
;0.7355;possible_same_person;5052984662;Музыка • Скачать видео • Поиск музыки;smusic2bot;"Скачать видео ютуб, тикток, инстаграм, рутуб, вк, shazam

Реклама: @wonka888 @naxay ⚠️ СВЕРЯЙТЕ ЮЗЕРНЕЙМЫ!";LessWrong;https://www.lesswrong.com/users/smusic2bot;smusic2bot;sherlock;;;
;0.7355;possible_same_person;5052984662;Музыка • Скачать видео • Поиск музыки;smusic2bot;"Скачать видео ютуб, тикток, инстаграм, рутуб, вк, shazam

Реклама: @wonka888 @naxay ⚠️ СВЕРЯЙТЕ ЮЗЕРНЕЙМЫ!";Patched;https://patched.sh/User/smusic2bot;smusic2bot;sherlock;;;
;0.7245;possible_same_person;5052984662;Музыка • Скачать видео • Поиск музыки;smusic2bot;"Скачать видео ютуб, тикток, инстаграм, рутуб, вк, shazam

Реклама: @wonka888 @naxay ⚠️ СВЕРЯЙТЕ ЮЗЕРНЕЙМЫ!";Rarible;https://rarible.com/marketplace/api/v4/urls/smusic2bot;smusic2bot;sherlock;;;
;0.7355;possible_same_person;5052984662;Музыка • Скачать видео • Поиск музыки;smusic2bot;"Скачать видео ютуб, тикток, инстаграм, рутуб, вк, shazam

Реклама: @wonka888 @naxay ⚠️ СВЕРЯЙТЕ ЮЗЕРНЕЙМЫ!";Realmeye;https://www.realmeye.com/player/smusic2bot;smusic2bot;sherlock;;;
;0.7341;possible_same_person;5052984662;Музыка • Скачать видео • Поиск музыки;smusic2bot;"Скачать видео ютуб, тикток, инстаграм, рутуб, вк, shazam

Реклама: @wonka888 @naxay ⚠️ СВЕРЯЙТЕ ЮЗЕРНЕЙМЫ!";Reddit;https://www.reddit.com/user/smusic2bot;smusic2bot;sherlock;;;
;0.7355;possible_same_person;5052984662;Музыка • Скачать видео • Поиск музыки;smusic2bot;"Скачать видео ютуб, тикток, инстаграм, рутуб, вк, shazam

Реклама: @wonka888 @naxay ⚠️ СВЕРЯЙТЕ ЮЗЕРНЕЙМЫ!";Scribd;https://www.scribd.com/smusic2bot;smusic2bot;sherlock;;;
;0.7355;possible_same_person;5052984662;Музыка • Скачать видео • Поиск музыки;smusic2bot;"Скачать видео ютуб, тикток, инстаграм, рутуб, вк, shazam

Реклама: @wonka888 @naxay ⚠️ СВЕРЯЙТЕ ЮЗЕРНЕЙМЫ!";Shelf;https://www.shelf.im/smusic2bot;smusic2bot;sherlock;;;
;0.7355;possible_same_person;5052984662;Музыка • Скачать видео • Поиск музыки;smusic2bot;"Скачать видео ютуб, тикток, инстаграм, рутуб, вк, shazam

Реклама: @wonka888 @naxay ⚠️ СВЕРЯЙТЕ ЮЗЕРНЕЙМЫ!";SlideShare;https://slideshare.net/smusic2bot;smusic2bot;sherlock;;;
;0.7355;possible_same_person;5052984662;Музыка • Скачать видео • Поиск музыки;smusic2bot;"Скачать видео ютуб, тикток, инстаграм, рутуб, вк, shazam

Реклама: @wonka888 @naxay ⚠️ СВЕРЯЙТЕ ЮЗЕРНЕЙМЫ!";Smule;https://www.smule.com/smusic2bot;smusic2bot;sherlock;;;
;0.7355;possible_same_person;5052984662;Музыка • Скачать видео • Поиск музыки;smusic2bot;"Скачать видео ютуб, тикток, инстаграм, рутуб, вк, shazam

Реклама: @wonka888 @naxay ⚠️ СВЕРЯЙТЕ ЮЗЕРНЕЙМЫ!";Splice;https://splice.com/smusic2bot;smusic2bot;sherlock;;;
;0.7355;possible_same_person;5052984662;Музыка • Скачать видео • Поиск музыки;smusic2bot;"Скачать видео ютуб, тикток, инстаграм, рутуб, вк, shazam

Реклама: @wonka888 @naxay ⚠️ СВЕРЯЙТЕ ЮЗЕРНЕЙМЫ!";Spotify;https://open.spotify.com/user/smusic2bot;smusic2bot;sherlock;;;
1;0.7355;possible_same_person;5052984662;Музыка • Скачать видео • Поиск музыки;smusic2bot;"Скачать видео ютуб, тикток, инстаграм, рутуб, вк, shazam

Реклама: @wonka888 @naxay ⚠️ СВЕРЯЙТЕ ЮЗЕРНЕЙМЫ!";Telegram;https://t.me/smusic2bot;smusic2bot;sherlock;;;auto_label: exact Telegram username
;0.7355;possible_same_person;5052984662;Музыка • Скачать видео • Поиск музыки;smusic2bot;"Скачать видео ютуб, тикток, инстаграм, рутуб, вк, shazam

Реклама: @wonka888 @naxay ⚠️ СВЕРЯЙТЕ ЮЗЕРНЕЙМЫ!";TikTok;https://www.tiktok.com/@smusic2bot;smusic2bot;sherlock;;;
;0.7355;possible_same_person;5052984662;Музыка • Скачать видео • Поиск музыки;smusic2bot;"Скачать видео ютуб, тикток, инстаграм, рутуб, вк, shazam

Реклама: @wonka888 @naxay ⚠️ СВЕРЯЙТЕ ЮЗЕРНЕЙМЫ!";TryHackMe;https://tryhackme.com/p/smusic2bot;smusic2bot;sherlock;;;
0;0.7355;possible_same_person;5052984662;Музыка • Скачать видео • Поиск музыки;smusic2bot;"Скачать видео ютуб, тикток, инстаграм, рутуб, вк, shazam

Реклама: @wonka888 @naxay ⚠️ СВЕРЯЙТЕ ЮЗЕРНЕЙМЫ!";Velomania;https://forum.velomania.ru/member.php?username=smusic2bot;smusic2bot;sherlock;;;auto_label: url username differs from telegram username
;0.7355;possible_same_person;5052984662;Музыка • Скачать видео • Поиск музыки;smusic2bot;"Скачать видео ютуб, тикток, инстаграм, рутуб, вк, shazam

Реклама: @wonka888 @naxay ⚠️ СВЕРЯЙТЕ ЮЗЕРНЕЙМЫ!";Weblate;https://hosted.weblate.org/user/smusic2bot/;smusic2bot;sherlock;;;
;0.7355;possible_same_person;5052984662;Музыка • Скачать видео • Поиск музыки;smusic2bot;"Скачать видео ютуб, тикток, инстаграм, рутуб, вк, shazam

Реклама: @wonka888 @naxay ⚠️ СВЕРЯЙТЕ ЮЗЕРНЕЙМЫ!";Wikipedia;https://en.wikipedia.org/wiki/Special:CentralAuth/smusic2bot?uselang=qqx;smusic2bot;sherlock;;;
0;0.7355;possible_same_person;5052984662;Музыка • Скачать видео • Поиск музыки;smusic2bot;"Скачать видео ютуб, тикток, инстаграм, рутуб, вк, shazam

Реклама: @wonka888 @naxay ⚠️ СВЕРЯЙТЕ ЮЗЕРНЕЙМЫ!";YandexMusic;https://music.yandex/users/smusic2bot/playlists;smusic2bot;sherlock;;;auto_label: url username differs from telegram username
;0.7355;possible_same_person;5052984662;Музыка • Скачать видео • Поиск музыки;smusic2bot;"Скачать видео ютуб, тикток, инстаграм, рутуб, вк, shazam

Реклама: @wonka888 @naxay ⚠️ СВЕРЯЙТЕ ЮЗЕРНЕЙМЫ!";YouTube;https://www.youtube.com/@smusic2bot;smusic2bot;sherlock;;;
;0.7355;possible_same_person;5052984662;Музыка • Скачать видео • Поиск музыки;smusic2bot;"Скачать видео ютуб, тикток, инстаграм, рутуб, вк, shazam

Реклама: @wonka888 @naxay ⚠️ СВЕРЯЙТЕ ЮЗЕРНЕЙМЫ!";dailykos;https://www.dailykos.com/user/smusic2bot;smusic2bot;sherlock;;;
;0.7355;possible_same_person;5052984662;Музыка • Скачать видео • Поиск музыки;smusic2bot;"Скачать видео ютуб, тикток, инстаграм, рутуб, вк, shazam

Реклама: @wonka888 @naxay ⚠️ СВЕРЯЙТЕ ЮЗЕРНЕЙМЫ!";interpals;https://www.interpals.net/smusic2bot;smusic2bot;sherlock;;;
;0.7355;possible_same_person;5052984662;Музыка • Скачать видео • Поиск музыки;smusic2bot;"Скачать видео ютуб, тикток, инстаграм, рутуб, вк, shazam

Реклама: @wonka888 @naxay ⚠️ СВЕРЯЙТЕ ЮЗЕРНЕЙМЫ!";mercadolivre;https://www.mercadolivre.com.br/perfil/smusic2bot;smusic2bot;sherlock;;;
;0.7355;possible_same_person;5052984662;Музыка • Скачать видео • Поиск музыки;smusic2bot;"Скачать видео ютуб, тикток, инстаграм, рутуб, вк, shazam

Реклама: @wonka888 @naxay ⚠️ СВЕРЯЙТЕ ЮЗЕРНЕЙМЫ!";minds;https://www.minds.com/smusic2bot/;smusic2bot;sherlock;;;
;0.7355;possible_same_person;5052984662;Музыка • Скачать видео • Поиск музыки;smusic2bot;"Скачать видео ютуб, тикток, инстаграм, рутуб, вк, shazam

Реклама: @wonka888 @naxay ⚠️ СВЕРЯЙТЕ ЮЗЕРНЕЙМЫ!";opennet;https://www.opennet.ru/~smusic2bot;smusic2bot;sherlock;;;
0;0.7355;possible_same_person;5052984662;Музыка • Скачать видео • Поиск музыки;smusic2bot;"Скачать видео ютуб, тикток, инстаграм, рутуб, вк, shazam

Реклама: @wonka888 @naxay ⚠️ СВЕРЯЙТЕ ЮЗЕРНЕЙМЫ!";phpRU;https://php.ru/forum/members/?username=smusic2bot;smusic2bot;sherlock;;;auto_label: url username differs from telegram username
;0.7355;possible_same_person;5052984662;Музыка • Скачать видео • Поиск музыки;smusic2bot;"Скачать видео ютуб, тикток, инстаграм, рутуб, вк, shazam

Реклама: @wonka888 @naxay ⚠️ СВЕРЯЙТЕ ЮЗЕРНЕЙМЫ!";svidbook;https://www.svidbook.ru/user/smusic2bot;smusic2bot;sherlock;;;
;0.7533;likely_same_person;5061042202;.𖥔 ݁ ˖౨🍪𝒢𝒾𝓃ℊℯ𝓇🍪ৎ.𖥔 ݁ ˖#wiks #milaua;Dust1ban;;7Cups;https://www.7cups.com/@Dust1ban;Dust1ban;sherlock;;;
0;0.7423;possible_same_person;5061042202;.𖥔 ݁ ˖౨🍪𝒢𝒾𝓃ℊℯ𝓇🍪ৎ.𖥔 ݁ ˖#wiks #milaua;Dust1ban;;Airliners;https://www.airliners.net/user/Dust1ban/profile/photos;Dust1ban;sherlock;;;auto_label: url username differs from telegram username
;0.7533;likely_same_person;5061042202;.𖥔 ݁ ˖౨🍪𝒢𝒾𝓃ℊℯ𝓇🍪ৎ.𖥔 ݁ ˖#wiks #milaua;Dust1ban;;Apple Discussions;https://discussions.apple.com/profile/Dust1ban;Dust1ban;sherlock;;;
;0.7533;likely_same_person;5061042202;.𖥔 ݁ ˖౨🍪𝒢𝒾𝓃ℊℯ𝓇🍪ৎ.𖥔 ݁ ˖#wiks #milaua;Dust1ban;;Archive.org;https://archive.org/details/@Dust1ban;Dust1ban;sherlock;;;
;0.7533;likely_same_person;5061042202;.𖥔 ݁ ˖౨🍪𝒢𝒾𝓃ℊℯ𝓇🍪ৎ.𖥔 ݁ ˖#wiks #milaua;Dust1ban;;ArtStation;https://www.artstation.com/Dust1ban;Dust1ban;sherlock;;;
;0.7533;likely_same_person;5061042202;.𖥔 ݁ ˖౨🍪𝒢𝒾𝓃ℊℯ𝓇🍪ৎ.𖥔 ݁ ˖#wiks #milaua;Dust1ban;;BabyRu;https://www.baby.ru/u/Dust1ban;Dust1ban;sherlock;;;
;0.7533;likely_same_person;5061042202;.𖥔 ݁ ˖౨🍪𝒢𝒾𝓃ℊℯ𝓇🍪ৎ.𖥔 ݁ ˖#wiks #milaua;Dust1ban;;Bandcamp;https://www.bandcamp.com/Dust1ban;Dust1ban;sherlock;;;
;0.7533;likely_same_person;5061042202;.𖥔 ݁ ˖౨🍪𝒢𝒾𝓃ℊℯ𝓇🍪ৎ.𖥔 ݁ ˖#wiks #milaua;Dust1ban;;Codolio;https://codolio.com/profile/Dust1ban;Dust1ban;sherlock;;;
;0.7423;possible_same_person;5061042202;.𖥔 ݁ ˖౨🍪𝒢𝒾𝓃ℊℯ𝓇🍪ৎ.𖥔 ݁ ˖#wiks #milaua;Dust1ban;;Discord.bio;https://discords.com/api-v2/bio/details/Dust1ban;Dust1ban;sherlock;;;
;0.7533;likely_same_person;5061042202;.𖥔 ݁ ˖౨🍪𝒢𝒾𝓃ℊℯ𝓇🍪ৎ.𖥔 ݁ ˖#wiks #milaua;Dust1ban;;Envato Forum;https://forums.envato.com/u/Dust1ban;Dust1ban;sherlock;;;
;0.7533;likely_same_person;5061042202;.𖥔 ݁ ˖౨🍪𝒢𝒾𝓃ℊℯ𝓇🍪ৎ.𖥔 ݁ ˖#wiks #milaua;Dust1ban;;GeeksforGeeks;https://auth.geeksforgeeks.org/user/Dust1ban;Dust1ban;sherlock;;;
;0.7533;likely_same_person;5061042202;.𖥔 ݁ ˖౨🍪𝒢𝒾𝓃ℊℯ𝓇🍪ৎ.𖥔 ݁ ˖#wiks #milaua;Dust1ban;;Giphy;https://giphy.com/Dust1ban;Dust1ban;sherlock;;;
;0.7533;likely_same_person;5061042202;.𖥔 ݁ ˖౨🍪𝒢𝒾𝓃ℊℯ𝓇🍪ৎ.𖥔 ݁ ˖#wiks #milaua;Dust1ban;;Hashnode;https://hashnode.com/@Dust1ban;Dust1ban;sherlock;;;
;0.7533;likely_same_person;5061042202;.𖥔 ݁ ˖౨🍪𝒢𝒾𝓃ℊℯ𝓇🍪ৎ.𖥔 ݁ ˖#wiks #milaua;Dust1ban;;Hubski;https://hubski.com/user/Dust1ban;Dust1ban;sherlock;;;
;0.7533;likely_same_person;5061042202;.𖥔 ݁ ˖౨🍪𝒢𝒾𝓃ℊℯ𝓇🍪ৎ.𖥔 ݁ ˖#wiks #milaua;Dust1ban;;LessWrong;https://www.lesswrong.com/users/Dust1ban;Dust1ban;sherlock;;;
;0.7533;likely_same_person;5061042202;.𖥔 ݁ ˖౨🍪𝒢𝒾𝓃ℊℯ𝓇🍪ৎ.𖥔 ݁ ˖#wiks #milaua;Dust1ban;;Patched;https://patched.sh/User/Dust1ban;Dust1ban;sherlock;;;
;0.7423;possible_same_person;5061042202;.𖥔 ݁ ˖౨🍪𝒢𝒾𝓃ℊℯ𝓇🍪ৎ.𖥔 ݁ ˖#wiks #milaua;Dust1ban;;Rarible;https://rarible.com/marketplace/api/v4/urls/Dust1ban;Dust1ban;sherlock;;;
;0.7533;likely_same_person;5061042202;.𖥔 ݁ ˖౨🍪𝒢𝒾𝓃ℊℯ𝓇🍪ৎ.𖥔 ݁ ˖#wiks #milaua;Dust1ban;;Realmeye;https://www.realmeye.com/player/Dust1ban;Dust1ban;sherlock;;;
;0.7519;likely_same_person;5061042202;.𖥔 ݁ ˖౨🍪𝒢𝒾𝓃ℊℯ𝓇🍪ৎ.𖥔 ݁ ˖#wiks #milaua;Dust1ban;;Reddit;https://www.reddit.com/user/Dust1ban;Dust1ban;sherlock;;;
;0.7533;likely_same_person;5061042202;.𖥔 ݁ ˖౨🍪𝒢𝒾𝓃ℊℯ𝓇🍪ৎ.𖥔 ݁ ˖#wiks #milaua;Dust1ban;;Scribd;https://www.scribd.com/Dust1ban;Dust1ban;sherlock;;;
;0.7533;likely_same_person;5061042202;.𖥔 ݁ ˖౨🍪𝒢𝒾𝓃ℊℯ𝓇🍪ৎ.𖥔 ݁ ˖#wiks #milaua;Dust1ban;;Shelf;https://www.shelf.im/Dust1ban;Dust1ban;sherlock;;;
;0.7533;likely_same_person;5061042202;.𖥔 ݁ ˖౨🍪𝒢𝒾𝓃ℊℯ𝓇🍪ৎ.𖥔 ݁ ˖#wiks #milaua;Dust1ban;;SlideShare;https://slideshare.net/Dust1ban;Dust1ban;sherlock;;;
;0.7533;likely_same_person;5061042202;.𖥔 ݁ ˖౨🍪𝒢𝒾𝓃ℊℯ𝓇🍪ৎ.𖥔 ݁ ˖#wiks #milaua;Dust1ban;;Smule;https://www.smule.com/Dust1ban;Dust1ban;sherlock;;;
;0.7533;likely_same_person;5061042202;.𖥔 ݁ ˖౨🍪𝒢𝒾𝓃ℊℯ𝓇🍪ৎ.𖥔 ݁ ˖#wiks #milaua;Dust1ban;;Splice;https://splice.com/Dust1ban;Dust1ban;sherlock;;;
;0.7533;likely_same_person;5061042202;.𖥔 ݁ ˖౨🍪𝒢𝒾𝓃ℊℯ𝓇🍪ৎ.𖥔 ݁ ˖#wiks #milaua;Dust1ban;;Spotify;https://open.spotify.com/user/Dust1ban;Dust1ban;sherlock;;;
1;0.7533;likely_same_person;5061042202;.𖥔 ݁ ˖౨🍪𝒢𝒾𝓃ℊℯ𝓇🍪ৎ.𖥔 ݁ ˖#wiks #milaua;Dust1ban;;Telegram;https://t.me/Dust1ban;Dust1ban;sherlock;;;auto_label: exact Telegram username
;0.7533;likely_same_person;5061042202;.𖥔 ݁ ˖౨🍪𝒢𝒾𝓃ℊℯ𝓇🍪ৎ.𖥔 ݁ ˖#wiks #milaua;Dust1ban;;TryHackMe;https://tryhackme.com/p/Dust1ban;Dust1ban;sherlock;;;
0;0.7533;likely_same_person;5061042202;.𖥔 ݁ ˖౨🍪𝒢𝒾𝓃ℊℯ𝓇🍪ৎ.𖥔 ݁ ˖#wiks #milaua;Dust1ban;;Velomania;https://forum.velomania.ru/member.php?username=Dust1ban;Dust1ban;sherlock;;;auto_label: url username differs from telegram username
;0.7533;likely_same_person;5061042202;.𖥔 ݁ ˖౨🍪𝒢𝒾𝓃ℊℯ𝓇🍪ৎ.𖥔 ݁ ˖#wiks #milaua;Dust1ban;;Weblate;https://hosted.weblate.org/user/Dust1ban/;Dust1ban;sherlock;;;
;0.7533;likely_same_person;5061042202;.𖥔 ݁ ˖౨🍪𝒢𝒾𝓃ℊℯ𝓇🍪ৎ.𖥔 ݁ ˖#wiks #milaua;Dust1ban;;Wikipedia;https://en.wikipedia.org/wiki/Special:CentralAuth/Dust1ban?uselang=qqx;Dust1ban;sherlock;;;
0;0.7533;likely_same_person;5061042202;.𖥔 ݁ ˖౨🍪𝒢𝒾𝓃ℊℯ𝓇🍪ৎ.𖥔 ݁ ˖#wiks #milaua;Dust1ban;;YandexMusic;https://music.yandex/users/Dust1ban/playlists;Dust1ban;sherlock;;;auto_label: url username differs from telegram username
;0.7533;likely_same_person;5061042202;.𖥔 ݁ ˖౨🍪𝒢𝒾𝓃ℊℯ𝓇🍪ৎ.𖥔 ݁ ˖#wiks #milaua;Dust1ban;;YouTube;https://www.youtube.com/@Dust1ban;Dust1ban;sherlock;;;
;0.7533;likely_same_person;5061042202;.𖥔 ݁ ˖౨🍪𝒢𝒾𝓃ℊℯ𝓇🍪ৎ.𖥔 ݁ ˖#wiks #milaua;Dust1ban;;dailykos;https://www.dailykos.com/user/Dust1ban;Dust1ban;sherlock;;;
;0.7533;likely_same_person;5061042202;.𖥔 ݁ ˖౨🍪𝒢𝒾𝓃ℊℯ𝓇🍪ৎ.𖥔 ݁ ˖#wiks #milaua;Dust1ban;;interpals;https://www.interpals.net/Dust1ban;Dust1ban;sherlock;;;
;0.7533;likely_same_person;5061042202;.𖥔 ݁ ˖౨🍪𝒢𝒾𝓃ℊℯ𝓇🍪ৎ.𖥔 ݁ ˖#wiks #milaua;Dust1ban;;mercadolivre;https://www.mercadolivre.com.br/perfil/Dust1ban;Dust1ban;sherlock;;;
;0.7533;likely_same_person;5061042202;.𖥔 ݁ ˖౨🍪𝒢𝒾𝓃ℊℯ𝓇🍪ৎ.𖥔 ݁ ˖#wiks #milaua;Dust1ban;;opennet;https://www.opennet.ru/~Dust1ban;Dust1ban;sherlock;;;
0;0.7533;likely_same_person;5061042202;.𖥔 ݁ ˖౨🍪𝒢𝒾𝓃ℊℯ𝓇🍪ৎ.𖥔 ݁ ˖#wiks #milaua;Dust1ban;;phpRU;https://php.ru/forum/members/?username=Dust1ban;Dust1ban;sherlock;;;auto_label: url username differs from telegram username
;0.7533;likely_same_person;5061042202;.𖥔 ݁ ˖౨🍪𝒢𝒾𝓃ℊℯ𝓇🍪ৎ.𖥔 ݁ ˖#wiks #milaua;Dust1ban;;svidbook;https://www.svidbook.ru/user/Dust1ban;Dust1ban;sherlock;;;
;0.7355;possible_same_person;5079353436;Костя;MrKostya_Tag;;7Cups;https://www.7cups.com/@MrKostya_Tag;MrKostya_Tag;sherlock;;;
0;0.7245;possible_same_person;5079353436;Костя;MrKostya_Tag;;Airliners;https://www.airliners.net/user/MrKostya_Tag/profile/photos;MrKostya_Tag;sherlock;;;auto_label: url username differs from telegram username
;0.7355;possible_same_person;5079353436;Костя;MrKostya_Tag;;Apple Discussions;https://discussions.apple.com/profile/MrKostya_Tag;MrKostya_Tag;sherlock;;;
;0.7355;possible_same_person;5079353436;Костя;MrKostya_Tag;;Archive.org;https://archive.org/details/@MrKostya_Tag;MrKostya_Tag;sherlock;;;
;0.7355;possible_same_person;5079353436;Костя;MrKostya_Tag;;ArtStation;https://www.artstation.com/MrKostya_Tag;MrKostya_Tag;sherlock;;;
;0.7355;possible_same_person;5079353436;Костя;MrKostya_Tag;;BabyRu;https://www.baby.ru/u/MrKostya_Tag;MrKostya_Tag;sherlock;;;
;0.7355;possible_same_person;5079353436;Костя;MrKostya_Tag;;Bandcamp;https://www.bandcamp.com/MrKostya_Tag;MrKostya_Tag;sherlock;;;
;0.7355;possible_same_person;5079353436;Костя;MrKostya_Tag;;Codolio;https://codolio.com/profile/MrKostya_Tag;MrKostya_Tag;sherlock;;;
;0.7245;possible_same_person;5079353436;Костя;MrKostya_Tag;;Discord.bio;https://discords.com/api-v2/bio/details/MrKostya_Tag;MrKostya_Tag;sherlock;;;
;0.7355;possible_same_person;5079353436;Костя;MrKostya_Tag;;Envato Forum;https://forums.envato.com/u/MrKostya_Tag;MrKostya_Tag;sherlock;;;
;0.7355;possible_same_person;5079353436;Костя;MrKostya_Tag;;GeeksforGeeks;https://auth.geeksforgeeks.org/user/MrKostya_Tag;MrKostya_Tag;sherlock;;;
;0.7355;possible_same_person;5079353436;Костя;MrKostya_Tag;;Giphy;https://giphy.com/MrKostya_Tag;MrKostya_Tag;sherlock;;;
;0.7355;possible_same_person;5079353436;Костя;MrKostya_Tag;;Hashnode;https://hashnode.com/@MrKostya_Tag;MrKostya_Tag;sherlock;;;
;0.7355;possible_same_person;5079353436;Костя;MrKostya_Tag;;Hubski;https://hubski.com/user/MrKostya_Tag;MrKostya_Tag;sherlock;;;
;0.7355;possible_same_person;5079353436;Костя;MrKostya_Tag;;LessWrong;https://www.lesswrong.com/users/MrKostya_Tag;MrKostya_Tag;sherlock;;;
;0.7355;possible_same_person;5079353436;Костя;MrKostya_Tag;;Patched;https://patched.sh/User/MrKostya_Tag;MrKostya_Tag;sherlock;;;
;0.7245;possible_same_person;5079353436;Костя;MrKostya_Tag;;Rarible;https://rarible.com/marketplace/api/v4/urls/MrKostya_Tag;MrKostya_Tag;sherlock;;;
;0.7355;possible_same_person;5079353436;Костя;MrKostya_Tag;;Realmeye;https://www.realmeye.com/player/MrKostya_Tag;MrKostya_Tag;sherlock;;;
;0.7341;possible_same_person;5079353436;Костя;MrKostya_Tag;;Reddit;https://www.reddit.com/user/MrKostya_Tag;MrKostya_Tag;sherlock;;;
;0.7355;possible_same_person;5079353436;Костя;MrKostya_Tag;;Scribd;https://www.scribd.com/MrKostya_Tag;MrKostya_Tag;sherlock;;;
;0.7355;possible_same_person;5079353436;Костя;MrKostya_Tag;;Shelf;https://www.shelf.im/MrKostya_Tag;MrKostya_Tag;sherlock;;;
;0.7355;possible_same_person;5079353436;Костя;MrKostya_Tag;;SlideShare;https://slideshare.net/MrKostya_Tag;MrKostya_Tag;sherlock;;;
;0.7355;possible_same_person;5079353436;Костя;MrKostya_Tag;;Smule;https://www.smule.com/MrKostya_Tag;MrKostya_Tag;sherlock;;;
;0.7355;possible_same_person;5079353436;Костя;MrKostya_Tag;;Splice;https://splice.com/MrKostya_Tag;MrKostya_Tag;sherlock;;;
;0.7355;possible_same_person;5079353436;Костя;MrKostya_Tag;;Spotify;https://open.spotify.com/user/MrKostya_Tag;MrKostya_Tag;sherlock;;;
1;0.7355;possible_same_person;5079353436;Костя;MrKostya_Tag;;Telegram;https://t.me/MrKostya_Tag;MrKostya_Tag;sherlock;;;auto_label: exact Telegram username
0;0.7355;possible_same_person;5079353436;Костя;MrKostya_Tag;;Velomania;https://forum.velomania.ru/member.php?username=MrKostya_Tag;MrKostya_Tag;sherlock;;;auto_label: url username differs from telegram username
;0.7355;possible_same_person;5079353436;Костя;MrKostya_Tag;;Weblate;https://hosted.weblate.org/user/MrKostya_Tag/;MrKostya_Tag;sherlock;;;
;0.7355;possible_same_person;5079353436;Костя;MrKostya_Tag;;Wikipedia;https://en.wikipedia.org/wiki/Special:CentralAuth/MrKostya_Tag?uselang=qqx;MrKostya_Tag;sherlock;;;
;0.7355;possible_same_person;5079353436;Костя;MrKostya_Tag;;YouTube;https://www.youtube.com/@MrKostya_Tag;MrKostya_Tag;sherlock;;;
;0.7355;possible_same_person;5079353436;Костя;MrKostya_Tag;;dailykos;https://www.dailykos.com/user/MrKostya_Tag;MrKostya_Tag;sherlock;;;
;0.7355;possible_same_person;5079353436;Костя;MrKostya_Tag;;interpals;https://www.interpals.net/MrKostya_Tag;MrKostya_Tag;sherlock;;;
;0.7355;possible_same_person;5079353436;Костя;MrKostya_Tag;;mercadolivre;https://www.mercadolivre.com.br/perfil/MrKostya_Tag;MrKostya_Tag;sherlock;;;
;0.7245;possible_same_person;5079353436;Костя;MrKostya_Tag;;omg.lol;https://MrKostya_Tag.omg.lol;MrKostya_Tag;sherlock;;;
;0.7355;possible_same_person;5079353436;Костя;MrKostya_Tag;;opennet;https://www.opennet.ru/~MrKostya_Tag;MrKostya_Tag;sherlock;;;
0;0.7355;possible_same_person;5079353436;Костя;MrKostya_Tag;;phpRU;https://php.ru/forum/members/?username=MrKostya_Tag;MrKostya_Tag;sherlock;;;auto_label: url username differs from telegram username
;0.7355;possible_same_person;5079353436;Костя;MrKostya_Tag;;svidbook;https://www.svidbook.ru/user/MrKostya_Tag;MrKostya_Tag;sherlock;;;
;0.7355;possible_same_person;5080314326;𝘇 𐰁 ₊˚𝐥𝐚𝐦𝐢_𝐳𝐚𝐦𝐢✧˚₊‧;lami_zami;@repptuk Ꮖ ᴛry ᴛᴏ ᴄᴀll yᴏu ᴇvᴇrydᴀy 𝐿𝑖𝑠𝑡𝑒𝑛 𝑡𝑜 𝑚𝑒, 𝑏𝑎𝑏𝑦, 𝐼 𝑑𝑜𝑛'𝑡 𝑚𝑖𝑛𝑑 @SiWh1te;7Cups;https://www.7cups.com/@lami_zami;lami_zami;sherlock;;;
0;0.7245;possible_same_person;5080314326;𝘇 𐰁 ₊˚𝐥𝐚𝐦𝐢_𝐳𝐚𝐦𝐢✧˚₊‧;lami_zami;@repptuk Ꮖ ᴛry ᴛᴏ ᴄᴀll yᴏu ᴇvᴇrydᴀy 𝐿𝑖𝑠𝑡𝑒𝑛 𝑡𝑜 𝑚𝑒, 𝑏𝑎𝑏𝑦, 𝐼 𝑑𝑜𝑛'𝑡 𝑚𝑖𝑛𝑑 @SiWh1te;Airliners;https://www.airliners.net/user/lami_zami/profile/photos;lami_zami;sherlock;;;auto_label: url username differs from telegram username
;0.7355;possible_same_person;5080314326;𝘇 𐰁 ₊˚𝐥𝐚𝐦𝐢_𝐳𝐚𝐦𝐢✧˚₊‧;lami_zami;@repptuk Ꮖ ᴛry ᴛᴏ ᴄᴀll yᴏu ᴇvᴇrydᴀy 𝐿𝑖𝑠𝑡𝑒𝑛 𝑡𝑜 𝑚𝑒, 𝑏𝑎𝑏𝑦, 𝐼 𝑑𝑜𝑛'𝑡 𝑚𝑖𝑛𝑑 @SiWh1te;Apple Discussions;https://discussions.apple.com/profile/lami_zami;lami_zami;sherlock;;;
;0.7355;possible_same_person;5080314326;𝘇 𐰁 ₊˚𝐥𝐚𝐦𝐢_𝐳𝐚𝐦𝐢✧˚₊‧;lami_zami;@repptuk Ꮖ ᴛry ᴛᴏ ᴄᴀll yᴏu ᴇvᴇrydᴀy 𝐿𝑖𝑠𝑡𝑒𝑛 𝑡𝑜 𝑚𝑒, 𝑏𝑎𝑏𝑦, 𝐼 𝑑𝑜𝑛'𝑡 𝑚𝑖𝑛𝑑 @SiWh1te;Archive.org;https://archive.org/details/@lami_zami;lami_zami;sherlock;;;
;0.7355;possible_same_person;5080314326;𝘇 𐰁 ₊˚𝐥𝐚𝐦𝐢_𝐳𝐚𝐦𝐢✧˚₊‧;lami_zami;@repptuk Ꮖ ᴛry ᴛᴏ ᴄᴀll yᴏu ᴇvᴇrydᴀy 𝐿𝑖𝑠𝑡𝑒𝑛 𝑡𝑜 𝑚𝑒, 𝑏𝑎𝑏𝑦, 𝐼 𝑑𝑜𝑛'𝑡 𝑚𝑖𝑛𝑑 @SiWh1te;ArtStation;https://www.artstation.com/lami_zami;lami_zami;sherlock;;;
;0.7355;possible_same_person;5080314326;𝘇 𐰁 ₊˚𝐥𝐚𝐦𝐢_𝐳𝐚𝐦𝐢✧˚₊‧;lami_zami;@repptuk Ꮖ ᴛry ᴛᴏ ᴄᴀll yᴏu ᴇvᴇrydᴀy 𝐿𝑖𝑠𝑡𝑒𝑛 𝑡𝑜 𝑚𝑒, 𝑏𝑎𝑏𝑦, 𝐼 𝑑𝑜𝑛'𝑡 𝑚𝑖𝑛𝑑 @SiWh1te;BabyRu;https://www.baby.ru/u/lami_zami;lami_zami;sherlock;;;
;0.7355;possible_same_person;5080314326;𝘇 𐰁 ₊˚𝐥𝐚𝐦𝐢_𝐳𝐚𝐦𝐢✧˚₊‧;lami_zami;@repptuk Ꮖ ᴛry ᴛᴏ ᴄᴀll yᴏu ᴇvᴇrydᴀy 𝐿𝑖𝑠𝑡𝑒𝑛 𝑡𝑜 𝑚𝑒, 𝑏𝑎𝑏𝑦, 𝐼 𝑑𝑜𝑛'𝑡 𝑚𝑖𝑛𝑑 @SiWh1te;Bandcamp;https://www.bandcamp.com/lami_zami;lami_zami;sherlock;;;
;0.7355;possible_same_person;5080314326;𝘇 𐰁 ₊˚𝐥𝐚𝐦𝐢_𝐳𝐚𝐦𝐢✧˚₊‧;lami_zami;@repptuk Ꮖ ᴛry ᴛᴏ ᴄᴀll yᴏu ᴇvᴇrydᴀy 𝐿𝑖𝑠𝑡𝑒𝑛 𝑡𝑜 𝑚𝑒, 𝑏𝑎𝑏𝑦, 𝐼 𝑑𝑜𝑛'𝑡 𝑚𝑖𝑛𝑑 @SiWh1te;Codolio;https://codolio.com/profile/lami_zami;lami_zami;sherlock;;;
;0.7245;possible_same_person;5080314326;𝘇 𐰁 ₊˚𝐥𝐚𝐦𝐢_𝐳𝐚𝐦𝐢✧˚₊‧;lami_zami;@repptuk Ꮖ ᴛry ᴛᴏ ᴄᴀll yᴏu ᴇvᴇrydᴀy 𝐿𝑖𝑠𝑡𝑒𝑛 𝑡𝑜 𝑚𝑒, 𝑏𝑎𝑏𝑦, 𝐼 𝑑𝑜𝑛'𝑡 𝑚𝑖𝑛𝑑 @SiWh1te;Discord.bio;https://discords.com/api-v2/bio/details/lami_zami;lami_zami;sherlock;;;
;0.7355;possible_same_person;5080314326;𝘇 𐰁 ₊˚𝐥𝐚𝐦𝐢_𝐳𝐚𝐦𝐢✧˚₊‧;lami_zami;@repptuk Ꮖ ᴛry ᴛᴏ ᴄᴀll yᴏu ᴇvᴇrydᴀy 𝐿𝑖𝑠𝑡𝑒𝑛 𝑡𝑜 𝑚𝑒, 𝑏𝑎𝑏𝑦, 𝐼 𝑑𝑜𝑛'𝑡 𝑚𝑖𝑛𝑑 @SiWh1te;Envato Forum;https://forums.envato.com/u/lami_zami;lami_zami;sherlock;;;
;0.7355;possible_same_person;5080314326;𝘇 𐰁 ₊˚𝐥𝐚𝐦𝐢_𝐳𝐚𝐦𝐢✧˚₊‧;lami_zami;@repptuk Ꮖ ᴛry ᴛᴏ ᴄᴀll yᴏu ᴇvᴇrydᴀy 𝐿𝑖𝑠𝑡𝑒𝑛 𝑡𝑜 𝑚𝑒, 𝑏𝑎𝑏𝑦, 𝐼 𝑑𝑜𝑛'𝑡 𝑚𝑖𝑛𝑑 @SiWh1te;GeeksforGeeks;https://auth.geeksforgeeks.org/user/lami_zami;lami_zami;sherlock;;;
;0.7355;possible_same_person;5080314326;𝘇 𐰁 ₊˚𝐥𝐚𝐦𝐢_𝐳𝐚𝐦𝐢✧˚₊‧;lami_zami;@repptuk Ꮖ ᴛry ᴛᴏ ᴄᴀll yᴏu ᴇvᴇrydᴀy 𝐿𝑖𝑠𝑡𝑒𝑛 𝑡𝑜 𝑚𝑒, 𝑏𝑎𝑏𝑦, 𝐼 𝑑𝑜𝑛'𝑡 𝑚𝑖𝑛𝑑 @SiWh1te;Giphy;https://giphy.com/lami_zami;lami_zami;sherlock;;;
;0.7355;possible_same_person;5080314326;𝘇 𐰁 ₊˚𝐥𝐚𝐦𝐢_𝐳𝐚𝐦𝐢✧˚₊‧;lami_zami;@repptuk Ꮖ ᴛry ᴛᴏ ᴄᴀll yᴏu ᴇvᴇrydᴀy 𝐿𝑖𝑠𝑡𝑒𝑛 𝑡𝑜 𝑚𝑒, 𝑏𝑎𝑏𝑦, 𝐼 𝑑𝑜𝑛'𝑡 𝑚𝑖𝑛𝑑 @SiWh1te;Hashnode;https://hashnode.com/@lami_zami;lami_zami;sherlock;;;
;0.7355;possible_same_person;5080314326;𝘇 𐰁 ₊˚𝐥𝐚𝐦𝐢_𝐳𝐚𝐦𝐢✧˚₊‧;lami_zami;@repptuk Ꮖ ᴛry ᴛᴏ ᴄᴀll yᴏu ᴇvᴇrydᴀy 𝐿𝑖𝑠𝑡𝑒𝑛 𝑡𝑜 𝑚𝑒, 𝑏𝑎𝑏𝑦, 𝐼 𝑑𝑜𝑛'𝑡 𝑚𝑖𝑛𝑑 @SiWh1te;Hubski;https://hubski.com/user/lami_zami;lami_zami;sherlock;;;
;0.7355;possible_same_person;5080314326;𝘇 𐰁 ₊˚𝐥𝐚𝐦𝐢_𝐳𝐚𝐦𝐢✧˚₊‧;lami_zami;@repptuk Ꮖ ᴛry ᴛᴏ ᴄᴀll yᴏu ᴇvᴇrydᴀy 𝐿𝑖𝑠𝑡𝑒𝑛 𝑡𝑜 𝑚𝑒, 𝑏𝑎𝑏𝑦, 𝐼 𝑑𝑜𝑛'𝑡 𝑚𝑖𝑛𝑑 @SiWh1te;LessWrong;https://www.lesswrong.com/users/lami_zami;lami_zami;sherlock;;;
;0.7355;possible_same_person;5080314326;𝘇 𐰁 ₊˚𝐥𝐚𝐦𝐢_𝐳𝐚𝐦𝐢✧˚₊‧;lami_zami;@repptuk Ꮖ ᴛry ᴛᴏ ᴄᴀll yᴏu ᴇvᴇrydᴀy 𝐿𝑖𝑠𝑡𝑒𝑛 𝑡𝑜 𝑚𝑒, 𝑏𝑎𝑏𝑦, 𝐼 𝑑𝑜𝑛'𝑡 𝑚𝑖𝑛𝑑 @SiWh1te;Patched;https://patched.sh/User/lami_zami;lami_zami;sherlock;;;
;0.7245;possible_same_person;5080314326;𝘇 𐰁 ₊˚𝐥𝐚𝐦𝐢_𝐳𝐚𝐦𝐢✧˚₊‧;lami_zami;@repptuk Ꮖ ᴛry ᴛᴏ ᴄᴀll yᴏu ᴇvᴇrydᴀy 𝐿𝑖𝑠𝑡𝑒𝑛 𝑡𝑜 𝑚𝑒, 𝑏𝑎𝑏𝑦, 𝐼 𝑑𝑜𝑛'𝑡 𝑚𝑖𝑛𝑑 @SiWh1te;Rarible;https://rarible.com/marketplace/api/v4/urls/lami_zami;lami_zami;sherlock;;;
;0.7355;possible_same_person;5080314326;𝘇 𐰁 ₊˚𝐥𝐚𝐦𝐢_𝐳𝐚𝐦𝐢✧˚₊‧;lami_zami;@repptuk Ꮖ ᴛry ᴛᴏ ᴄᴀll yᴏu ᴇvᴇrydᴀy 𝐿𝑖𝑠𝑡𝑒𝑛 𝑡𝑜 𝑚𝑒, 𝑏𝑎𝑏𝑦, 𝐼 𝑑𝑜𝑛'𝑡 𝑚𝑖𝑛𝑑 @SiWh1te;Realmeye;https://www.realmeye.com/player/lami_zami;lami_zami;sherlock;;;
;0.7341;possible_same_person;5080314326;𝘇 𐰁 ₊˚𝐥𝐚𝐦𝐢_𝐳𝐚𝐦𝐢✧˚₊‧;lami_zami;@repptuk Ꮖ ᴛry ᴛᴏ ᴄᴀll yᴏu ᴇvᴇrydᴀy 𝐿𝑖𝑠𝑡𝑒𝑛 𝑡𝑜 𝑚𝑒, 𝑏𝑎𝑏𝑦, 𝐼 𝑑𝑜𝑛'𝑡 𝑚𝑖𝑛𝑑 @SiWh1te;Reddit;https://www.reddit.com/user/lami_zami;lami_zami;sherlock;;;
;0.7355;possible_same_person;5080314326;𝘇 𐰁 ₊˚𝐥𝐚𝐦𝐢_𝐳𝐚𝐦𝐢✧˚₊‧;lami_zami;@repptuk Ꮖ ᴛry ᴛᴏ ᴄᴀll yᴏu ᴇvᴇrydᴀy 𝐿𝑖𝑠𝑡𝑒𝑛 𝑡𝑜 𝑚𝑒, 𝑏𝑎𝑏𝑦, 𝐼 𝑑𝑜𝑛'𝑡 𝑚𝑖𝑛𝑑 @SiWh1te;Scribd;https://www.scribd.com/lami_zami;lami_zami;sherlock;;;
;0.7355;possible_same_person;5080314326;𝘇 𐰁 ₊˚𝐥𝐚𝐦𝐢_𝐳𝐚𝐦𝐢✧˚₊‧;lami_zami;@repptuk Ꮖ ᴛry ᴛᴏ ᴄᴀll yᴏu ᴇvᴇrydᴀy 𝐿𝑖𝑠𝑡𝑒𝑛 𝑡𝑜 𝑚𝑒, 𝑏𝑎𝑏𝑦, 𝐼 𝑑𝑜𝑛'𝑡 𝑚𝑖𝑛𝑑 @SiWh1te;Shelf;https://www.shelf.im/lami_zami;lami_zami;sherlock;;;
;0.7355;possible_same_person;5080314326;𝘇 𐰁 ₊˚𝐥𝐚𝐦𝐢_𝐳𝐚𝐦𝐢✧˚₊‧;lami_zami;@repptuk Ꮖ ᴛry ᴛᴏ ᴄᴀll yᴏu ᴇvᴇrydᴀy 𝐿𝑖𝑠𝑡𝑒𝑛 𝑡𝑜 𝑚𝑒, 𝑏𝑎𝑏𝑦, 𝐼 𝑑𝑜𝑛'𝑡 𝑚𝑖𝑛𝑑 @SiWh1te;SlideShare;https://slideshare.net/lami_zami;lami_zami;sherlock;;;
;0.7355;possible_same_person;5080314326;𝘇 𐰁 ₊˚𝐥𝐚𝐦𝐢_𝐳𝐚𝐦𝐢✧˚₊‧;lami_zami;@repptuk Ꮖ ᴛry ᴛᴏ ᴄᴀll yᴏu ᴇvᴇrydᴀy 𝐿𝑖𝑠𝑡𝑒𝑛 𝑡𝑜 𝑚𝑒, 𝑏𝑎𝑏𝑦, 𝐼 𝑑𝑜𝑛'𝑡 𝑚𝑖𝑛𝑑 @SiWh1te;Smule;https://www.smule.com/lami_zami;lami_zami;sherlock;;;
;0.7355;possible_same_person;5080314326;𝘇 𐰁 ₊˚𝐥𝐚𝐦𝐢_𝐳𝐚𝐦𝐢✧˚₊‧;lami_zami;@repptuk Ꮖ ᴛry ᴛᴏ ᴄᴀll yᴏu ᴇvᴇrydᴀy 𝐿𝑖𝑠𝑡𝑒𝑛 𝑡𝑜 𝑚𝑒, 𝑏𝑎𝑏𝑦, 𝐼 𝑑𝑜𝑛'𝑡 𝑚𝑖𝑛𝑑 @SiWh1te;Splice;https://splice.com/lami_zami;lami_zami;sherlock;;;
;0.7355;possible_same_person;5080314326;𝘇 𐰁 ₊˚𝐥𝐚𝐦𝐢_𝐳𝐚𝐦𝐢✧˚₊‧;lami_zami;@repptuk Ꮖ ᴛry ᴛᴏ ᴄᴀll yᴏu ᴇvᴇrydᴀy 𝐿𝑖𝑠𝑡𝑒𝑛 𝑡𝑜 𝑚𝑒, 𝑏𝑎𝑏𝑦, 𝐼 𝑑𝑜𝑛'𝑡 𝑚𝑖𝑛𝑑 @SiWh1te;Spotify;https://open.spotify.com/user/lami_zami;lami_zami;sherlock;;;
1;0.7355;possible_same_person;5080314326;𝘇 𐰁 ₊˚𝐥𝐚𝐦𝐢_𝐳𝐚𝐦𝐢✧˚₊‧;lami_zami;@repptuk Ꮖ ᴛry ᴛᴏ ᴄᴀll yᴏu ᴇvᴇrydᴀy 𝐿𝑖𝑠𝑡𝑒𝑛 𝑡𝑜 𝑚𝑒, 𝑏𝑎𝑏𝑦, 𝐼 𝑑𝑜𝑛'𝑡 𝑚𝑖𝑛𝑑 @SiWh1te;Telegram;https://t.me/lami_zami;lami_zami;sherlock;;;auto_label: exact Telegram username
;0.7355;possible_same_person;5080314326;𝘇 𐰁 ₊˚𝐥𝐚𝐦𝐢_𝐳𝐚𝐦𝐢✧˚₊‧;lami_zami;@repptuk Ꮖ ᴛry ᴛᴏ ᴄᴀll yᴏu ᴇvᴇrydᴀy 𝐿𝑖𝑠𝑡𝑒𝑛 𝑡𝑜 𝑚𝑒, 𝑏𝑎𝑏𝑦, 𝐼 𝑑𝑜𝑛'𝑡 𝑚𝑖𝑛𝑑 @SiWh1te;TikTok;https://www.tiktok.com/@lami_zami;lami_zami;sherlock;;;
0;0.7355;possible_same_person;5080314326;𝘇 𐰁 ₊˚𝐥𝐚𝐦𝐢_𝐳𝐚𝐦𝐢✧˚₊‧;lami_zami;@repptuk Ꮖ ᴛry ᴛᴏ ᴄᴀll yᴏu ᴇvᴇrydᴀy 𝐿𝑖𝑠𝑡𝑒𝑛 𝑡𝑜 𝑚𝑒, 𝑏𝑎𝑏𝑦, 𝐼 𝑑𝑜𝑛'𝑡 𝑚𝑖𝑛𝑑 @SiWh1te;Velomania;https://forum.velomania.ru/member.php?username=lami_zami;lami_zami;sherlock;;;auto_label: url username differs from telegram username
;0.7355;possible_same_person;5080314326;𝘇 𐰁 ₊˚𝐥𝐚𝐦𝐢_𝐳𝐚𝐦𝐢✧˚₊‧;lami_zami;@repptuk Ꮖ ᴛry ᴛᴏ ᴄᴀll yᴏu ᴇvᴇrydᴀy 𝐿𝑖𝑠𝑡𝑒𝑛 𝑡𝑜 𝑚𝑒, 𝑏𝑎𝑏𝑦, 𝐼 𝑑𝑜𝑛'𝑡 𝑚𝑖𝑛𝑑 @SiWh1te;Weblate;https://hosted.weblate.org/user/lami_zami/;lami_zami;sherlock;;;
;0.7355;possible_same_person;5080314326;𝘇 𐰁 ₊˚𝐥𝐚𝐦𝐢_𝐳𝐚𝐦𝐢✧˚₊‧;lami_zami;@repptuk Ꮖ ᴛry ᴛᴏ ᴄᴀll yᴏu ᴇvᴇrydᴀy 𝐿𝑖𝑠𝑡𝑒𝑛 𝑡𝑜 𝑚𝑒, 𝑏𝑎𝑏𝑦, 𝐼 𝑑𝑜𝑛'𝑡 𝑚𝑖𝑛𝑑 @SiWh1te;Wikipedia;https://en.wikipedia.org/wiki/Special:CentralAuth/lami_zami?uselang=qqx;lami_zami;sherlock;;;
0;0.7355;possible_same_person;5080314326;𝘇 𐰁 ₊˚𝐥𝐚𝐦𝐢_𝐳𝐚𝐦𝐢✧˚₊‧;lami_zami;@repptuk Ꮖ ᴛry ᴛᴏ ᴄᴀll yᴏu ᴇvᴇrydᴀy 𝐿𝑖𝑠𝑡𝑒𝑛 𝑡𝑜 𝑚𝑒, 𝑏𝑎𝑏𝑦, 𝐼 𝑑𝑜𝑛'𝑡 𝑚𝑖𝑛𝑑 @SiWh1te;YandexMusic;https://music.yandex/users/lami_zami/playlists;lami_zami;sherlock;;;auto_label: url username differs from telegram username
;0.7355;possible_same_person;5080314326;𝘇 𐰁 ₊˚𝐥𝐚𝐦𝐢_𝐳𝐚𝐦𝐢✧˚₊‧;lami_zami;@repptuk Ꮖ ᴛry ᴛᴏ ᴄᴀll yᴏu ᴇvᴇrydᴀy 𝐿𝑖𝑠𝑡𝑒𝑛 𝑡𝑜 𝑚𝑒, 𝑏𝑎𝑏𝑦, 𝐼 𝑑𝑜𝑛'𝑡 𝑚𝑖𝑛𝑑 @SiWh1te;YouTube;https://www.youtube.com/@lami_zami;lami_zami;sherlock;;;
;0.7355;possible_same_person;5080314326;𝘇 𐰁 ₊˚𝐥𝐚𝐦𝐢_𝐳𝐚𝐦𝐢✧˚₊‧;lami_zami;@repptuk Ꮖ ᴛry ᴛᴏ ᴄᴀll yᴏu ᴇvᴇrydᴀy 𝐿𝑖𝑠𝑡𝑒𝑛 𝑡𝑜 𝑚𝑒, 𝑏𝑎𝑏𝑦, 𝐼 𝑑𝑜𝑛'𝑡 𝑚𝑖𝑛𝑑 @SiWh1te;dailykos;https://www.dailykos.com/user/lami_zami;lami_zami;sherlock;;;
;0.7355;possible_same_person;5080314326;𝘇 𐰁 ₊˚𝐥𝐚𝐦𝐢_𝐳𝐚𝐦𝐢✧˚₊‧;lami_zami;@repptuk Ꮖ ᴛry ᴛᴏ ᴄᴀll yᴏu ᴇvᴇrydᴀy 𝐿𝑖𝑠𝑡𝑒𝑛 𝑡𝑜 𝑚𝑒, 𝑏𝑎𝑏𝑦, 𝐼 𝑑𝑜𝑛'𝑡 𝑚𝑖𝑛𝑑 @SiWh1te;interpals;https://www.interpals.net/lami_zami;lami_zami;sherlock;;;
;0.7355;possible_same_person;5080314326;𝘇 𐰁 ₊˚𝐥𝐚𝐦𝐢_𝐳𝐚𝐦𝐢✧˚₊‧;lami_zami;@repptuk Ꮖ ᴛry ᴛᴏ ᴄᴀll yᴏu ᴇvᴇrydᴀy 𝐿𝑖𝑠𝑡𝑒𝑛 𝑡𝑜 𝑚𝑒, 𝑏𝑎𝑏𝑦, 𝐼 𝑑𝑜𝑛'𝑡 𝑚𝑖𝑛𝑑 @SiWh1te;mercadolivre;https://www.mercadolivre.com.br/perfil/lami_zami;lami_zami;sherlock;;;
;0.7245;possible_same_person;5080314326;𝘇 𐰁 ₊˚𝐥𝐚𝐦𝐢_𝐳𝐚𝐦𝐢✧˚₊‧;lami_zami;@repptuk Ꮖ ᴛry ᴛᴏ ᴄᴀll yᴏu ᴇvᴇrydᴀy 𝐿𝑖𝑠𝑡𝑒𝑛 𝑡𝑜 𝑚𝑒, 𝑏𝑎𝑏𝑦, 𝐼 𝑑𝑜𝑛'𝑡 𝑚𝑖𝑛𝑑 @SiWh1te;omg.lol;https://lami_zami.omg.lol;lami_zami;sherlock;;;
;0.7355;possible_same_person;5080314326;𝘇 𐰁 ₊˚𝐥𝐚𝐦𝐢_𝐳𝐚𝐦𝐢✧˚₊‧;lami_zami;@repptuk Ꮖ ᴛry ᴛᴏ ᴄᴀll yᴏu ᴇvᴇrydᴀy 𝐿𝑖𝑠𝑡𝑒𝑛 𝑡𝑜 𝑚𝑒, 𝑏𝑎𝑏𝑦, 𝐼 𝑑𝑜𝑛'𝑡 𝑚𝑖𝑛𝑑 @SiWh1te;opennet;https://www.opennet.ru/~lami_zami;lami_zami;sherlock;;;
0;0.7355;possible_same_person;5080314326;𝘇 𐰁 ₊˚𝐥𝐚𝐦𝐢_𝐳𝐚𝐦𝐢✧˚₊‧;lami_zami;@repptuk Ꮖ ᴛry ᴛᴏ ᴄᴀll yᴏu ᴇvᴇrydᴀy 𝐿𝑖𝑠𝑡𝑒𝑛 𝑡𝑜 𝑚𝑒, 𝑏𝑎𝑏𝑦, 𝐼 𝑑𝑜𝑛'𝑡 𝑚𝑖𝑛𝑑 @SiWh1te;phpRU;https://php.ru/forum/members/?username=lami_zami;lami_zami;sherlock;;;auto_label: url username differs from telegram username
;0.7355;possible_same_person;5080314326;𝘇 𐰁 ₊˚𝐥𝐚𝐦𝐢_𝐳𝐚𝐦𝐢✧˚₊‧;lami_zami;@repptuk Ꮖ ᴛry ᴛᴏ ᴄᴀll yᴏu ᴇvᴇrydᴀy 𝐿𝑖𝑠𝑡𝑒𝑛 𝑡𝑜 𝑚𝑒, 𝑏𝑎𝑏𝑦, 𝐼 𝑑𝑜𝑛'𝑡 𝑚𝑖𝑛𝑑 @SiWh1te;svidbook;https://www.svidbook.ru/user/lami_zami;lami_zami;sherlock;;;
;0.7791;likely_same_person;5094236966;Isa! 🪖 [伊萨];IsaLiu17;Шизоид -3² —「Don't cry-y-y,for me, I am already DEAD」✷^⁠_⁠^✷;7Cups;https://www.7cups.com/@IsaLiu17;IsaLiu17;sherlock;;;
0;0.7681;likely_same_person;5094236966;Isa! 🪖 [伊萨];IsaLiu17;Шизоид -3² —「Don't cry-y-y,for me, I am already DEAD」✷^⁠_⁠^✷;Airliners;https://www.airliners.net/user/IsaLiu17/profile/photos;IsaLiu17;sherlock;;;auto_label: url username differs from telegram username
;0.7791;likely_same_person;5094236966;Isa! 🪖 [伊萨];IsaLiu17;Шизоид -3² —「Don't cry-y-y,for me, I am already DEAD」✷^⁠_⁠^✷;Apple Discussions;https://discussions.apple.com/profile/IsaLiu17;IsaLiu17;sherlock;;;
;0.7791;likely_same_person;5094236966;Isa! 🪖 [伊萨];IsaLiu17;Шизоид -3² —「Don't cry-y-y,for me, I am already DEAD」✷^⁠_⁠^✷;Archive.org;https://archive.org/details/@IsaLiu17;IsaLiu17;sherlock;;;
;0.7791;likely_same_person;5094236966;Isa! 🪖 [伊萨];IsaLiu17;Шизоид -3² —「Don't cry-y-y,for me, I am already DEAD」✷^⁠_⁠^✷;ArtStation;https://www.artstation.com/IsaLiu17;IsaLiu17;sherlock;;;
;0.7791;likely_same_person;5094236966;Isa! 🪖 [伊萨];IsaLiu17;Шизоид -3² —「Don't cry-y-y,for me, I am already DEAD」✷^⁠_⁠^✷;BabyRu;https://www.baby.ru/u/IsaLiu17;IsaLiu17;sherlock;;;
;0.7791;likely_same_person;5094236966;Isa! 🪖 [伊萨];IsaLiu17;Шизоид -3² —「Don't cry-y-y,for me, I am already DEAD」✷^⁠_⁠^✷;Bandcamp;https://www.bandcamp.com/IsaLiu17;IsaLiu17;sherlock;;;
;0.7791;likely_same_person;5094236966;Isa! 🪖 [伊萨];IsaLiu17;Шизоид -3² —「Don't cry-y-y,for me, I am already DEAD」✷^⁠_⁠^✷;Codolio;https://codolio.com/profile/IsaLiu17;IsaLiu17;sherlock;;;
;0.7681;likely_same_person;5094236966;Isa! 🪖 [伊萨];IsaLiu17;Шизоид -3² —「Don't cry-y-y,for me, I am already DEAD」✷^⁠_⁠^✷;Discord.bio;https://discords.com/api-v2/bio/details/IsaLiu17;IsaLiu17;sherlock;;;
;0.7791;likely_same_person;5094236966;Isa! 🪖 [伊萨];IsaLiu17;Шизоид -3² —「Don't cry-y-y,for me, I am already DEAD」✷^⁠_⁠^✷;Envato Forum;https://forums.envato.com/u/IsaLiu17;IsaLiu17;sherlock;;;
;0.7791;likely_same_person;5094236966;Isa! 🪖 [伊萨];IsaLiu17;Шизоид -3² —「Don't cry-y-y,for me, I am already DEAD」✷^⁠_⁠^✷;GeeksforGeeks;https://auth.geeksforgeeks.org/user/IsaLiu17;IsaLiu17;sherlock;;;
;0.7791;likely_same_person;5094236966;Isa! 🪖 [伊萨];IsaLiu17;Шизоид -3² —「Don't cry-y-y,for me, I am already DEAD」✷^⁠_⁠^✷;Giphy;https://giphy.com/IsaLiu17;IsaLiu17;sherlock;;;
;0.7791;likely_same_person;5094236966;Isa! 🪖 [伊萨];IsaLiu17;Шизоид -3² —「Don't cry-y-y,for me, I am already DEAD」✷^⁠_⁠^✷;Hashnode;https://hashnode.com/@IsaLiu17;IsaLiu17;sherlock;;;
;0.7791;likely_same_person;5094236966;Isa! 🪖 [伊萨];IsaLiu17;Шизоид -3² —「Don't cry-y-y,for me, I am already DEAD」✷^⁠_⁠^✷;Hubski;https://hubski.com/user/IsaLiu17;IsaLiu17;sherlock;;;
;0.7791;likely_same_person;5094236966;Isa! 🪖 [伊萨];IsaLiu17;Шизоид -3² —「Don't cry-y-y,for me, I am already DEAD」✷^⁠_⁠^✷;LessWrong;https://www.lesswrong.com/users/IsaLiu17;IsaLiu17;sherlock;;;
;0.7791;likely_same_person;5094236966;Isa! 🪖 [伊萨];IsaLiu17;Шизоид -3² —「Don't cry-y-y,for me, I am already DEAD」✷^⁠_⁠^✷;Patched;https://patched.sh/User/IsaLiu17;IsaLiu17;sherlock;;;
;0.7686;likely_same_person;5094236966;Isa! 🪖 [伊萨];IsaLiu17;Шизоид -3² —「Don't cry-y-y,for me, I am already DEAD」✷^⁠_⁠^✷;Pinterest;https://www.pinterest.com/IsaLiu17/;IsaLiu17;sherlock;;;
;0.7681;likely_same_person;5094236966;Isa! 🪖 [伊萨];IsaLiu17;Шизоид -3² —「Don't cry-y-y,for me, I am already DEAD」✷^⁠_⁠^✷;Rarible;https://rarible.com/marketplace/api/v4/urls/IsaLiu17;IsaLiu17;sherlock;;;
;0.7791;likely_same_person;5094236966;Isa! 🪖 [伊萨];IsaLiu17;Шизоид -3² —「Don't cry-y-y,for me, I am already DEAD」✷^⁠_⁠^✷;Realmeye;https://www.realmeye.com/player/IsaLiu17;IsaLiu17;sherlock;;;
;0.7777;likely_same_person;5094236966;Isa! 🪖 [伊萨];IsaLiu17;Шизоид -3² —「Don't cry-y-y,for me, I am already DEAD」✷^⁠_⁠^✷;Reddit;https://www.reddit.com/user/IsaLiu17;IsaLiu17;sherlock;;;
;0.7681;likely_same_person;5094236966;Isa! 🪖 [伊萨];IsaLiu17;Шизоид -3² —「Don't cry-y-y,for me, I am already DEAD」✷^⁠_⁠^✷;RuneScape;https://apps.runescape.com/runemetrics/app/overview/player/IsaLiu17;IsaLiu17;sherlock;;;
;0.7791;likely_same_person;5094236966;Isa! 🪖 [伊萨];IsaLiu17;Шизоид -3² —「Don't cry-y-y,for me, I am already DEAD」✷^⁠_⁠^✷;Scribd;https://www.scribd.com/IsaLiu17;IsaLiu17;sherlock;;;
;0.7791;likely_same_person;5094236966;Isa! 🪖 [伊萨];IsaLiu17;Шизоид -3² —「Don't cry-y-y,for me, I am already DEAD」✷^⁠_⁠^✷;Shelf;https://www.shelf.im/IsaLiu17;IsaLiu17;sherlock;;;
;0.7791;likely_same_person;5094236966;Isa! 🪖 [伊萨];IsaLiu17;Шизоид -3² —「Don't cry-y-y,for me, I am already DEAD」✷^⁠_⁠^✷;SlideShare;https://slideshare.net/IsaLiu17;IsaLiu17;sherlock;;;
;0.7791;likely_same_person;5094236966;Isa! 🪖 [伊萨];IsaLiu17;Шизоид -3² —「Don't cry-y-y,for me, I am already DEAD」✷^⁠_⁠^✷;Smule;https://www.smule.com/IsaLiu17;IsaLiu17;sherlock;;;
;0.7791;likely_same_person;5094236966;Isa! 🪖 [伊萨];IsaLiu17;Шизоид -3² —「Don't cry-y-y,for me, I am already DEAD」✷^⁠_⁠^✷;Splice;https://splice.com/IsaLiu17;IsaLiu17;sherlock;;;
;0.7791;likely_same_person;5094236966;Isa! 🪖 [伊萨];IsaLiu17;Шизоид -3² —「Don't cry-y-y,for me, I am already DEAD」✷^⁠_⁠^✷;Spotify;https://open.spotify.com/user/IsaLiu17;IsaLiu17;sherlock;;;
1;0.7791;likely_same_person;5094236966;Isa! 🪖 [伊萨];IsaLiu17;Шизоид -3² —「Don't cry-y-y,for me, I am already DEAD」✷^⁠_⁠^✷;Telegram;https://t.me/IsaLiu17;IsaLiu17;sherlock;;;auto_label: exact Telegram username
;0.7791;likely_same_person;5094236966;Isa! 🪖 [伊萨];IsaLiu17;Шизоид -3² —「Don't cry-y-y,for me, I am already DEAD」✷^⁠_⁠^✷;TryHackMe;https://tryhackme.com/p/IsaLiu17;IsaLiu17;sherlock;;;
0;0.7791;likely_same_person;5094236966;Isa! 🪖 [伊萨];IsaLiu17;Шизоид -3² —「Don't cry-y-y,for me, I am already DEAD」✷^⁠_⁠^✷;Velomania;https://forum.velomania.ru/member.php?username=IsaLiu17;IsaLiu17;sherlock;;;auto_label: url username differs from telegram username
;0.7791;likely_same_person;5094236966;Isa! 🪖 [伊萨];IsaLiu17;Шизоид -3² —「Don't cry-y-y,for me, I am already DEAD」✷^⁠_⁠^✷;Weblate;https://hosted.weblate.org/user/IsaLiu17/;IsaLiu17;sherlock;;;
;0.7791;likely_same_person;5094236966;Isa! 🪖 [伊萨];IsaLiu17;Шизоид -3² —「Don't cry-y-y,for me, I am already DEAD」✷^⁠_⁠^✷;Wikipedia;https://en.wikipedia.org/wiki/Special:CentralAuth/IsaLiu17?uselang=qqx;IsaLiu17;sherlock;;;
0;0.7791;likely_same_person;5094236966;Isa! 🪖 [伊萨];IsaLiu17;Шизоид -3² —「Don't cry-y-y,for me, I am already DEAD」✷^⁠_⁠^✷;YandexMusic;https://music.yandex/users/IsaLiu17/playlists;IsaLiu17;sherlock;;;auto_label: url username differs from telegram username
;0.7791;likely_same_person;5094236966;Isa! 🪖 [伊萨];IsaLiu17;Шизоид -3² —「Don't cry-y-y,for me, I am already DEAD」✷^⁠_⁠^✷;YouTube;https://www.youtube.com/@IsaLiu17;IsaLiu17;sherlock;;;
;0.7791;likely_same_person;5094236966;Isa! 🪖 [伊萨];IsaLiu17;Шизоид -3² —「Don't cry-y-y,for me, I am already DEAD」✷^⁠_⁠^✷;dailykos;https://www.dailykos.com/user/IsaLiu17;IsaLiu17;sherlock;;;
0;0.7791;likely_same_person;5094236966;Isa! 🪖 [伊萨];IsaLiu17;Шизоид -3² —「Don't cry-y-y,for me, I am already DEAD」✷^⁠_⁠^✷;igromania;http://forum.igromania.ru/member.php?username=IsaLiu17;IsaLiu17;sherlock;;;auto_label: url username differs from telegram username
;0.7791;likely_same_person;5094236966;Isa! 🪖 [伊萨];IsaLiu17;Шизоид -3² —「Don't cry-y-y,for me, I am already DEAD」✷^⁠_⁠^✷;interpals;https://www.interpals.net/IsaLiu17;IsaLiu17;sherlock;;;
;0.7791;likely_same_person;5094236966;Isa! 🪖 [伊萨];IsaLiu17;Шизоид -3² —「Don't cry-y-y,for me, I am already DEAD」✷^⁠_⁠^✷;mercadolivre;https://www.mercadolivre.com.br/perfil/IsaLiu17;IsaLiu17;sherlock;;;
;0.7791;likely_same_person;5094236966;Isa! 🪖 [伊萨];IsaLiu17;Шизоид -3² —「Don't cry-y-y,for me, I am already DEAD」✷^⁠_⁠^✷;opennet;https://www.opennet.ru/~IsaLiu17;IsaLiu17;sherlock;;;
0;0.7791;likely_same_person;5094236966;Isa! 🪖 [伊萨];IsaLiu17;Шизоид -3² —「Don't cry-y-y,for me, I am already DEAD」✷^⁠_⁠^✷;phpRU;https://php.ru/forum/members/?username=IsaLiu17;IsaLiu17;sherlock;;;auto_label: url username differs from telegram username
;0.7791;likely_same_person;5094236966;Isa! 🪖 [伊萨];IsaLiu17;Шизоид -3² —「Don't cry-y-y,for me, I am already DEAD」✷^⁠_⁠^✷;svidbook;https://www.svidbook.ru/user/IsaLiu17;IsaLiu17;sherlock;;;
;0.7355;possible_same_person;5108716614;"""__""..";Evi1l03;;7Cups;https://www.7cups.com/@Evi1l03;Evi1l03;sherlock;;;
0;0.7245;possible_same_person;5108716614;"""__""..";Evi1l03;;Airliners;https://www.airliners.net/user/Evi1l03/profile/photos;Evi1l03;sherlock;;;auto_label: url username differs from telegram username
;0.7355;possible_same_person;5108716614;"""__""..";Evi1l03;;Apple Discussions;https://discussions.apple.com/profile/Evi1l03;Evi1l03;sherlock;;;
;0.7355;possible_same_person;5108716614;"""__""..";Evi1l03;;Archive.org;https://archive.org/details/@Evi1l03;Evi1l03;sherlock;;;
;0.7355;possible_same_person;5108716614;"""__""..";Evi1l03;;ArtStation;https://www.artstation.com/Evi1l03;Evi1l03;sherlock;;;
;0.7355;possible_same_person;5108716614;"""__""..";Evi1l03;;BabyRu;https://www.baby.ru/u/Evi1l03;Evi1l03;sherlock;;;
;0.7355;possible_same_person;5108716614;"""__""..";Evi1l03;;Bandcamp;https://www.bandcamp.com/Evi1l03;Evi1l03;sherlock;;;
;0.7355;possible_same_person;5108716614;"""__""..";Evi1l03;;Codolio;https://codolio.com/profile/Evi1l03;Evi1l03;sherlock;;;
;0.7245;possible_same_person;5108716614;"""__""..";Evi1l03;;Discord.bio;https://discords.com/api-v2/bio/details/Evi1l03;Evi1l03;sherlock;;;
;0.7355;possible_same_person;5108716614;"""__""..";Evi1l03;;Envato Forum;https://forums.envato.com/u/Evi1l03;Evi1l03;sherlock;;;
;0.7355;possible_same_person;5108716614;"""__""..";Evi1l03;;GeeksforGeeks;https://auth.geeksforgeeks.org/user/Evi1l03;Evi1l03;sherlock;;;
;0.7355;possible_same_person;5108716614;"""__""..";Evi1l03;;Giphy;https://giphy.com/Evi1l03;Evi1l03;sherlock;;;
;0.7355;possible_same_person;5108716614;"""__""..";Evi1l03;;Hashnode;https://hashnode.com/@Evi1l03;Evi1l03;sherlock;;;
;0.7355;possible_same_person;5108716614;"""__""..";Evi1l03;;Hubski;https://hubski.com/user/Evi1l03;Evi1l03;sherlock;;;
;0.7355;possible_same_person;5108716614;"""__""..";Evi1l03;;LessWrong;https://www.lesswrong.com/users/Evi1l03;Evi1l03;sherlock;;;
;0.7355;possible_same_person;5108716614;"""__""..";Evi1l03;;Patched;https://patched.sh/User/Evi1l03;Evi1l03;sherlock;;;
;0.7245;possible_same_person;5108716614;"""__""..";Evi1l03;;Rarible;https://rarible.com/marketplace/api/v4/urls/Evi1l03;Evi1l03;sherlock;;;
;0.7355;possible_same_person;5108716614;"""__""..";Evi1l03;;Realmeye;https://www.realmeye.com/player/Evi1l03;Evi1l03;sherlock;;;
;0.7341;possible_same_person;5108716614;"""__""..";Evi1l03;;Reddit;https://www.reddit.com/user/Evi1l03;Evi1l03;sherlock;;;
;0.7245;possible_same_person;5108716614;"""__""..";Evi1l03;;RuneScape;https://apps.runescape.com/runemetrics/app/overview/player/Evi1l03;Evi1l03;sherlock;;;
;0.7355;possible_same_person;5108716614;"""__""..";Evi1l03;;Scribd;https://www.scribd.com/Evi1l03;Evi1l03;sherlock;;;
;0.7355;possible_same_person;5108716614;"""__""..";Evi1l03;;Shelf;https://www.shelf.im/Evi1l03;Evi1l03;sherlock;;;
;0.7355;possible_same_person;5108716614;"""__""..";Evi1l03;;SlideShare;https://slideshare.net/Evi1l03;Evi1l03;sherlock;;;
;0.7355;possible_same_person;5108716614;"""__""..";Evi1l03;;Smule;https://www.smule.com/Evi1l03;Evi1l03;sherlock;;;
;0.7355;possible_same_person;5108716614;"""__""..";Evi1l03;;Splice;https://splice.com/Evi1l03;Evi1l03;sherlock;;;
;0.7355;possible_same_person;5108716614;"""__""..";Evi1l03;;Spotify;https://open.spotify.com/user/Evi1l03;Evi1l03;sherlock;;;
1;0.7355;possible_same_person;5108716614;"""__""..";Evi1l03;;Telegram;https://t.me/Evi1l03;Evi1l03;sherlock;;;auto_label: exact Telegram username
;0.7355;possible_same_person;5108716614;"""__""..";Evi1l03;;TryHackMe;https://tryhackme.com/p/Evi1l03;Evi1l03;sherlock;;;
0;0.7355;possible_same_person;5108716614;"""__""..";Evi1l03;;Velomania;https://forum.velomania.ru/member.php?username=Evi1l03;Evi1l03;sherlock;;;auto_label: url username differs from telegram username
;0.7355;possible_same_person;5108716614;"""__""..";Evi1l03;;Weblate;https://hosted.weblate.org/user/Evi1l03/;Evi1l03;sherlock;;;
;0.7355;possible_same_person;5108716614;"""__""..";Evi1l03;;Wikipedia;https://en.wikipedia.org/wiki/Special:CentralAuth/Evi1l03?uselang=qqx;Evi1l03;sherlock;;;
0;0.7355;possible_same_person;5108716614;"""__""..";Evi1l03;;YandexMusic;https://music.yandex/users/Evi1l03/playlists;Evi1l03;sherlock;;;auto_label: url username differs from telegram username
;0.7355;possible_same_person;5108716614;"""__""..";Evi1l03;;YouTube;https://www.youtube.com/@Evi1l03;Evi1l03;sherlock;;;
;0.7355;possible_same_person;5108716614;"""__""..";Evi1l03;;dailykos;https://www.dailykos.com/user/Evi1l03;Evi1l03;sherlock;;;
0;0.7355;possible_same_person;5108716614;"""__""..";Evi1l03;;igromania;http://forum.igromania.ru/member.php?username=Evi1l03;Evi1l03;sherlock;;;auto_label: url username differs from telegram username
;0.7355;possible_same_person;5108716614;"""__""..";Evi1l03;;interpals;https://www.interpals.net/Evi1l03;Evi1l03;sherlock;;;
;0.7355;possible_same_person;5108716614;"""__""..";Evi1l03;;mercadolivre;https://www.mercadolivre.com.br/perfil/Evi1l03;Evi1l03;sherlock;;;
;0.7355;possible_same_person;5108716614;"""__""..";Evi1l03;;opennet;https://www.opennet.ru/~Evi1l03;Evi1l03;sherlock;;;
0;0.7355;possible_same_person;5108716614;"""__""..";Evi1l03;;phpRU;https://php.ru/forum/members/?username=Evi1l03;Evi1l03;sherlock;;;auto_label: url username differs from telegram username
;0.7355;possible_same_person;5108716614;"""__""..";Evi1l03;;svidbook;https://www.svidbook.ru/user/Evi1l03;Evi1l03;sherlock;;;
;0.7355;possible_same_person;5145432214;‧₊˚ ⋆ⲇиⲱка⋆ ˚₊‧;dishkazho;@Sv3rige88 |ᴛʜᴇ ʟᴏᴏᴋ ᴏꜰ ʟᴏᴠᴇ,ᴛʜᴇ ʀᴜsʜ ʙʟᴏᴏᴅ..|🍓;7Cups;https://www.7cups.com/@dishkazho;dishkazho;sherlock;;;
0;0.7245;possible_same_person;5145432214;‧₊˚ ⋆ⲇиⲱка⋆ ˚₊‧;dishkazho;@Sv3rige88 |ᴛʜᴇ ʟᴏᴏᴋ ᴏꜰ ʟᴏᴠᴇ,ᴛʜᴇ ʀᴜsʜ ʙʟᴏᴏᴅ..|🍓;Airliners;https://www.airliners.net/user/dishkazho/profile/photos;dishkazho;sherlock;;;auto_label: url username differs from telegram username
;0.7355;possible_same_person;5145432214;‧₊˚ ⋆ⲇиⲱка⋆ ˚₊‧;dishkazho;@Sv3rige88 |ᴛʜᴇ ʟᴏᴏᴋ ᴏꜰ ʟᴏᴠᴇ,ᴛʜᴇ ʀᴜsʜ ʙʟᴏᴏᴅ..|🍓;Apple Discussions;https://discussions.apple.com/profile/dishkazho;dishkazho;sherlock;;;
;0.7355;possible_same_person;5145432214;‧₊˚ ⋆ⲇиⲱка⋆ ˚₊‧;dishkazho;@Sv3rige88 |ᴛʜᴇ ʟᴏᴏᴋ ᴏꜰ ʟᴏᴠᴇ,ᴛʜᴇ ʀᴜsʜ ʙʟᴏᴏᴅ..|🍓;Archive.org;https://archive.org/details/@dishkazho;dishkazho;sherlock;;;
;0.7355;possible_same_person;5145432214;‧₊˚ ⋆ⲇиⲱка⋆ ˚₊‧;dishkazho;@Sv3rige88 |ᴛʜᴇ ʟᴏᴏᴋ ᴏꜰ ʟᴏᴠᴇ,ᴛʜᴇ ʀᴜsʜ ʙʟᴏᴏᴅ..|🍓;ArtStation;https://www.artstation.com/dishkazho;dishkazho;sherlock;;;
;0.7355;possible_same_person;5145432214;‧₊˚ ⋆ⲇиⲱка⋆ ˚₊‧;dishkazho;@Sv3rige88 |ᴛʜᴇ ʟᴏᴏᴋ ᴏꜰ ʟᴏᴠᴇ,ᴛʜᴇ ʀᴜsʜ ʙʟᴏᴏᴅ..|🍓;BabyRu;https://www.baby.ru/u/dishkazho;dishkazho;sherlock;;;
;0.7355;possible_same_person;5145432214;‧₊˚ ⋆ⲇиⲱка⋆ ˚₊‧;dishkazho;@Sv3rige88 |ᴛʜᴇ ʟᴏᴏᴋ ᴏꜰ ʟᴏᴠᴇ,ᴛʜᴇ ʀᴜsʜ ʙʟᴏᴏᴅ..|🍓;Bandcamp;https://www.bandcamp.com/dishkazho;dishkazho;sherlock;;;
;0.7355;possible_same_person;5145432214;‧₊˚ ⋆ⲇиⲱка⋆ ˚₊‧;dishkazho;@Sv3rige88 |ᴛʜᴇ ʟᴏᴏᴋ ᴏꜰ ʟᴏᴠᴇ,ᴛʜᴇ ʀᴜsʜ ʙʟᴏᴏᴅ..|🍓;Codolio;https://codolio.com/profile/dishkazho;dishkazho;sherlock;;;
;0.7245;possible_same_person;5145432214;‧₊˚ ⋆ⲇиⲱка⋆ ˚₊‧;dishkazho;@Sv3rige88 |ᴛʜᴇ ʟᴏᴏᴋ ᴏꜰ ʟᴏᴠᴇ,ᴛʜᴇ ʀᴜsʜ ʙʟᴏᴏᴅ..|🍓;Discord.bio;https://discords.com/api-v2/bio/details/dishkazho;dishkazho;sherlock;;;
;0.7355;possible_same_person;5145432214;‧₊˚ ⋆ⲇиⲱка⋆ ˚₊‧;dishkazho;@Sv3rige88 |ᴛʜᴇ ʟᴏᴏᴋ ᴏꜰ ʟᴏᴠᴇ,ᴛʜᴇ ʀᴜsʜ ʙʟᴏᴏᴅ..|🍓;Envato Forum;https://forums.envato.com/u/dishkazho;dishkazho;sherlock;;;
;0.7355;possible_same_person;5145432214;‧₊˚ ⋆ⲇиⲱка⋆ ˚₊‧;dishkazho;@Sv3rige88 |ᴛʜᴇ ʟᴏᴏᴋ ᴏꜰ ʟᴏᴠᴇ,ᴛʜᴇ ʀᴜsʜ ʙʟᴏᴏᴅ..|🍓;GeeksforGeeks;https://auth.geeksforgeeks.org/user/dishkazho;dishkazho;sherlock;;;
;0.7355;possible_same_person;5145432214;‧₊˚ ⋆ⲇиⲱка⋆ ˚₊‧;dishkazho;@Sv3rige88 |ᴛʜᴇ ʟᴏᴏᴋ ᴏꜰ ʟᴏᴠᴇ,ᴛʜᴇ ʀᴜsʜ ʙʟᴏᴏᴅ..|🍓;Giphy;https://giphy.com/dishkazho;dishkazho;sherlock;;;
;0.7355;possible_same_person;5145432214;‧₊˚ ⋆ⲇиⲱка⋆ ˚₊‧;dishkazho;@Sv3rige88 |ᴛʜᴇ ʟᴏᴏᴋ ᴏꜰ ʟᴏᴠᴇ,ᴛʜᴇ ʀᴜsʜ ʙʟᴏᴏᴅ..|🍓;Hashnode;https://hashnode.com/@dishkazho;dishkazho;sherlock;;;
;0.7355;possible_same_person;5145432214;‧₊˚ ⋆ⲇиⲱка⋆ ˚₊‧;dishkazho;@Sv3rige88 |ᴛʜᴇ ʟᴏᴏᴋ ᴏꜰ ʟᴏᴠᴇ,ᴛʜᴇ ʀᴜsʜ ʙʟᴏᴏᴅ..|🍓;Hubski;https://hubski.com/user/dishkazho;dishkazho;sherlock;;;
;0.7355;possible_same_person;5145432214;‧₊˚ ⋆ⲇиⲱка⋆ ˚₊‧;dishkazho;@Sv3rige88 |ᴛʜᴇ ʟᴏᴏᴋ ᴏꜰ ʟᴏᴠᴇ,ᴛʜᴇ ʀᴜsʜ ʙʟᴏᴏᴅ..|🍓;LessWrong;https://www.lesswrong.com/users/dishkazho;dishkazho;sherlock;;;
;0.7355;possible_same_person;5145432214;‧₊˚ ⋆ⲇиⲱка⋆ ˚₊‧;dishkazho;@Sv3rige88 |ᴛʜᴇ ʟᴏᴏᴋ ᴏꜰ ʟᴏᴠᴇ,ᴛʜᴇ ʀᴜsʜ ʙʟᴏᴏᴅ..|🍓;Patched;https://patched.sh/User/dishkazho;dishkazho;sherlock;;;
;0.7245;possible_same_person;5145432214;‧₊˚ ⋆ⲇиⲱка⋆ ˚₊‧;dishkazho;@Sv3rige88 |ᴛʜᴇ ʟᴏᴏᴋ ᴏꜰ ʟᴏᴠᴇ,ᴛʜᴇ ʀᴜsʜ ʙʟᴏᴏᴅ..|🍓;Rarible;https://rarible.com/marketplace/api/v4/urls/dishkazho;dishkazho;sherlock;;;
;0.7355;possible_same_person;5145432214;‧₊˚ ⋆ⲇиⲱка⋆ ˚₊‧;dishkazho;@Sv3rige88 |ᴛʜᴇ ʟᴏᴏᴋ ᴏꜰ ʟᴏᴠᴇ,ᴛʜᴇ ʀᴜsʜ ʙʟᴏᴏᴅ..|🍓;Realmeye;https://www.realmeye.com/player/dishkazho;dishkazho;sherlock;;;
;0.7341;possible_same_person;5145432214;‧₊˚ ⋆ⲇиⲱка⋆ ˚₊‧;dishkazho;@Sv3rige88 |ᴛʜᴇ ʟᴏᴏᴋ ᴏꜰ ʟᴏᴠᴇ,ᴛʜᴇ ʀᴜsʜ ʙʟᴏᴏᴅ..|🍓;Reddit;https://www.reddit.com/user/dishkazho;dishkazho;sherlock;;;
;0.7245;possible_same_person;5145432214;‧₊˚ ⋆ⲇиⲱка⋆ ˚₊‧;dishkazho;@Sv3rige88 |ᴛʜᴇ ʟᴏᴏᴋ ᴏꜰ ʟᴏᴠᴇ,ᴛʜᴇ ʀᴜsʜ ʙʟᴏᴏᴅ..|🍓;RuneScape;https://apps.runescape.com/runemetrics/app/overview/player/dishkazho;dishkazho;sherlock;;;
;0.7355;possible_same_person;5145432214;‧₊˚ ⋆ⲇиⲱка⋆ ˚₊‧;dishkazho;@Sv3rige88 |ᴛʜᴇ ʟᴏᴏᴋ ᴏꜰ ʟᴏᴠᴇ,ᴛʜᴇ ʀᴜsʜ ʙʟᴏᴏᴅ..|🍓;Scribd;https://www.scribd.com/dishkazho;dishkazho;sherlock;;;
;0.7355;possible_same_person;5145432214;‧₊˚ ⋆ⲇиⲱка⋆ ˚₊‧;dishkazho;@Sv3rige88 |ᴛʜᴇ ʟᴏᴏᴋ ᴏꜰ ʟᴏᴠᴇ,ᴛʜᴇ ʀᴜsʜ ʙʟᴏᴏᴅ..|🍓;Shelf;https://www.shelf.im/dishkazho;dishkazho;sherlock;;;
;0.7355;possible_same_person;5145432214;‧₊˚ ⋆ⲇиⲱка⋆ ˚₊‧;dishkazho;@Sv3rige88 |ᴛʜᴇ ʟᴏᴏᴋ ᴏꜰ ʟᴏᴠᴇ,ᴛʜᴇ ʀᴜsʜ ʙʟᴏᴏᴅ..|🍓;SlideShare;https://slideshare.net/dishkazho;dishkazho;sherlock;;;
;0.7355;possible_same_person;5145432214;‧₊˚ ⋆ⲇиⲱка⋆ ˚₊‧;dishkazho;@Sv3rige88 |ᴛʜᴇ ʟᴏᴏᴋ ᴏꜰ ʟᴏᴠᴇ,ᴛʜᴇ ʀᴜsʜ ʙʟᴏᴏᴅ..|🍓;Smule;https://www.smule.com/dishkazho;dishkazho;sherlock;;;
;0.7355;possible_same_person;5145432214;‧₊˚ ⋆ⲇиⲱка⋆ ˚₊‧;dishkazho;@Sv3rige88 |ᴛʜᴇ ʟᴏᴏᴋ ᴏꜰ ʟᴏᴠᴇ,ᴛʜᴇ ʀᴜsʜ ʙʟᴏᴏᴅ..|🍓;Splice;https://splice.com/dishkazho;dishkazho;sherlock;;;
;0.7355;possible_same_person;5145432214;‧₊˚ ⋆ⲇиⲱка⋆ ˚₊‧;dishkazho;@Sv3rige88 |ᴛʜᴇ ʟᴏᴏᴋ ᴏꜰ ʟᴏᴠᴇ,ᴛʜᴇ ʀᴜsʜ ʙʟᴏᴏᴅ..|🍓;Spotify;https://open.spotify.com/user/dishkazho;dishkazho;sherlock;;;
1;0.7355;possible_same_person;5145432214;‧₊˚ ⋆ⲇиⲱка⋆ ˚₊‧;dishkazho;@Sv3rige88 |ᴛʜᴇ ʟᴏᴏᴋ ᴏꜰ ʟᴏᴠᴇ,ᴛʜᴇ ʀᴜsʜ ʙʟᴏᴏᴅ..|🍓;Telegram;https://t.me/dishkazho;dishkazho;sherlock;;;auto_label: exact Telegram username
;0.7355;possible_same_person;5145432214;‧₊˚ ⋆ⲇиⲱка⋆ ˚₊‧;dishkazho;@Sv3rige88 |ᴛʜᴇ ʟᴏᴏᴋ ᴏꜰ ʟᴏᴠᴇ,ᴛʜᴇ ʀᴜsʜ ʙʟᴏᴏᴅ..|🍓;TryHackMe;https://tryhackme.com/p/dishkazho;dishkazho;sherlock;;;
0;0.7355;possible_same_person;5145432214;‧₊˚ ⋆ⲇиⲱка⋆ ˚₊‧;dishkazho;@Sv3rige88 |ᴛʜᴇ ʟᴏᴏᴋ ᴏꜰ ʟᴏᴠᴇ,ᴛʜᴇ ʀᴜsʜ ʙʟᴏᴏᴅ..|🍓;Velomania;https://forum.velomania.ru/member.php?username=dishkazho;dishkazho;sherlock;;;auto_label: url username differs from telegram username
;0.7355;possible_same_person;5145432214;‧₊˚ ⋆ⲇиⲱка⋆ ˚₊‧;dishkazho;@Sv3rige88 |ᴛʜᴇ ʟᴏᴏᴋ ᴏꜰ ʟᴏᴠᴇ,ᴛʜᴇ ʀᴜsʜ ʙʟᴏᴏᴅ..|🍓;Weblate;https://hosted.weblate.org/user/dishkazho/;dishkazho;sherlock;;;
;0.7355;possible_same_person;5145432214;‧₊˚ ⋆ⲇиⲱка⋆ ˚₊‧;dishkazho;@Sv3rige88 |ᴛʜᴇ ʟᴏᴏᴋ ᴏꜰ ʟᴏᴠᴇ,ᴛʜᴇ ʀᴜsʜ ʙʟᴏᴏᴅ..|🍓;Wikipedia;https://en.wikipedia.org/wiki/Special:CentralAuth/dishkazho?uselang=qqx;dishkazho;sherlock;;;
;0.7355;possible_same_person;5145432214;‧₊˚ ⋆ⲇиⲱка⋆ ˚₊‧;dishkazho;@Sv3rige88 |ᴛʜᴇ ʟᴏᴏᴋ ᴏꜰ ʟᴏᴠᴇ,ᴛʜᴇ ʀᴜsʜ ʙʟᴏᴏᴅ..|🍓;YouTube;https://www.youtube.com/@dishkazho;dishkazho;sherlock;;;
;0.7355;possible_same_person;5145432214;‧₊˚ ⋆ⲇиⲱка⋆ ˚₊‧;dishkazho;@Sv3rige88 |ᴛʜᴇ ʟᴏᴏᴋ ᴏꜰ ʟᴏᴠᴇ,ᴛʜᴇ ʀᴜsʜ ʙʟᴏᴏᴅ..|🍓;dailykos;https://www.dailykos.com/user/dishkazho;dishkazho;sherlock;;;
;0.7355;possible_same_person;5145432214;‧₊˚ ⋆ⲇиⲱка⋆ ˚₊‧;dishkazho;@Sv3rige88 |ᴛʜᴇ ʟᴏᴏᴋ ᴏꜰ ʟᴏᴠᴇ,ᴛʜᴇ ʀᴜsʜ ʙʟᴏᴏᴅ..|🍓;interpals;https://www.interpals.net/dishkazho;dishkazho;sherlock;;;
;0.7355;possible_same_person;5145432214;‧₊˚ ⋆ⲇиⲱка⋆ ˚₊‧;dishkazho;@Sv3rige88 |ᴛʜᴇ ʟᴏᴏᴋ ᴏꜰ ʟᴏᴠᴇ,ᴛʜᴇ ʀᴜsʜ ʙʟᴏᴏᴅ..|🍓;mercadolivre;https://www.mercadolivre.com.br/perfil/dishkazho;dishkazho;sherlock;;;
;0.7355;possible_same_person;5145432214;‧₊˚ ⋆ⲇиⲱка⋆ ˚₊‧;dishkazho;@Sv3rige88 |ᴛʜᴇ ʟᴏᴏᴋ ᴏꜰ ʟᴏᴠᴇ,ᴛʜᴇ ʀᴜsʜ ʙʟᴏᴏᴅ..|🍓;opennet;https://www.opennet.ru/~dishkazho;dishkazho;sherlock;;;
0;0.7355;possible_same_person;5145432214;‧₊˚ ⋆ⲇиⲱка⋆ ˚₊‧;dishkazho;@Sv3rige88 |ᴛʜᴇ ʟᴏᴏᴋ ᴏꜰ ʟᴏᴠᴇ,ᴛʜᴇ ʀᴜsʜ ʙʟᴏᴏᴅ..|🍓;phpRU;https://php.ru/forum/members/?username=dishkazho;dishkazho;sherlock;;;auto_label: url username differs from telegram username
;0.7355;possible_same_person;5145432214;‧₊˚ ⋆ⲇиⲱка⋆ ˚₊‧;dishkazho;@Sv3rige88 |ᴛʜᴇ ʟᴏᴏᴋ ᴏꜰ ʟᴏᴠᴇ,ᴛʜᴇ ʀᴜsʜ ʙʟᴏᴏᴅ..|🍓;svidbook;https://www.svidbook.ru/user/dishkazho;dishkazho;sherlock;;;
;0.7355;possible_same_person;5147011808;Æ;worfekk;ᴇ᥎ᴇry ᴛiʍᴇ Ꮖ ᴛɦiᥒᴋ ᴀʙᴏᥙᴛ yᴏᥙ🙇🏻‍♀️;7Cups;https://www.7cups.com/@worfekk;worfekk;sherlock;;;
0;0.7245;possible_same_person;5147011808;Æ;worfekk;ᴇ᥎ᴇry ᴛiʍᴇ Ꮖ ᴛɦiᥒᴋ ᴀʙᴏᥙᴛ yᴏᥙ🙇🏻‍♀️;Airliners;https://www.airliners.net/user/worfekk/profile/photos;worfekk;sherlock;;;auto_label: url username differs from telegram username
;0.7355;possible_same_person;5147011808;Æ;worfekk;ᴇ᥎ᴇry ᴛiʍᴇ Ꮖ ᴛɦiᥒᴋ ᴀʙᴏᥙᴛ yᴏᥙ🙇🏻‍♀️;Apple Discussions;https://discussions.apple.com/profile/worfekk;worfekk;sherlock;;;
;0.7355;possible_same_person;5147011808;Æ;worfekk;ᴇ᥎ᴇry ᴛiʍᴇ Ꮖ ᴛɦiᥒᴋ ᴀʙᴏᥙᴛ yᴏᥙ🙇🏻‍♀️;Archive.org;https://archive.org/details/@worfekk;worfekk;sherlock;;;
;0.7355;possible_same_person;5147011808;Æ;worfekk;ᴇ᥎ᴇry ᴛiʍᴇ Ꮖ ᴛɦiᥒᴋ ᴀʙᴏᥙᴛ yᴏᥙ🙇🏻‍♀️;ArtStation;https://www.artstation.com/worfekk;worfekk;sherlock;;;
;0.7355;possible_same_person;5147011808;Æ;worfekk;ᴇ᥎ᴇry ᴛiʍᴇ Ꮖ ᴛɦiᥒᴋ ᴀʙᴏᥙᴛ yᴏᥙ🙇🏻‍♀️;BabyRu;https://www.baby.ru/u/worfekk;worfekk;sherlock;;;
;0.7355;possible_same_person;5147011808;Æ;worfekk;ᴇ᥎ᴇry ᴛiʍᴇ Ꮖ ᴛɦiᥒᴋ ᴀʙᴏᥙᴛ yᴏᥙ🙇🏻‍♀️;Bandcamp;https://www.bandcamp.com/worfekk;worfekk;sherlock;;;
;0.7355;possible_same_person;5147011808;Æ;worfekk;ᴇ᥎ᴇry ᴛiʍᴇ Ꮖ ᴛɦiᥒᴋ ᴀʙᴏᥙᴛ yᴏᥙ🙇🏻‍♀️;Codolio;https://codolio.com/profile/worfekk;worfekk;sherlock;;;
;0.7245;possible_same_person;5147011808;Æ;worfekk;ᴇ᥎ᴇry ᴛiʍᴇ Ꮖ ᴛɦiᥒᴋ ᴀʙᴏᥙᴛ yᴏᥙ🙇🏻‍♀️;Discord.bio;https://discords.com/api-v2/bio/details/worfekk;worfekk;sherlock;;;
;0.7355;possible_same_person;5147011808;Æ;worfekk;ᴇ᥎ᴇry ᴛiʍᴇ Ꮖ ᴛɦiᥒᴋ ᴀʙᴏᥙᴛ yᴏᥙ🙇🏻‍♀️;Envato Forum;https://forums.envato.com/u/worfekk;worfekk;sherlock;;;
;0.7355;possible_same_person;5147011808;Æ;worfekk;ᴇ᥎ᴇry ᴛiʍᴇ Ꮖ ᴛɦiᥒᴋ ᴀʙᴏᥙᴛ yᴏᥙ🙇🏻‍♀️;GeeksforGeeks;https://auth.geeksforgeeks.org/user/worfekk;worfekk;sherlock;;;
;0.7355;possible_same_person;5147011808;Æ;worfekk;ᴇ᥎ᴇry ᴛiʍᴇ Ꮖ ᴛɦiᥒᴋ ᴀʙᴏᥙᴛ yᴏᥙ🙇🏻‍♀️;Giphy;https://giphy.com/worfekk;worfekk;sherlock;;;
;0.7355;possible_same_person;5147011808;Æ;worfekk;ᴇ᥎ᴇry ᴛiʍᴇ Ꮖ ᴛɦiᥒᴋ ᴀʙᴏᥙᴛ yᴏᥙ🙇🏻‍♀️;Hashnode;https://hashnode.com/@worfekk;worfekk;sherlock;;;
;0.7355;possible_same_person;5147011808;Æ;worfekk;ᴇ᥎ᴇry ᴛiʍᴇ Ꮖ ᴛɦiᥒᴋ ᴀʙᴏᥙᴛ yᴏᥙ🙇🏻‍♀️;Hubski;https://hubski.com/user/worfekk;worfekk;sherlock;;;
;0.7355;possible_same_person;5147011808;Æ;worfekk;ᴇ᥎ᴇry ᴛiʍᴇ Ꮖ ᴛɦiᥒᴋ ᴀʙᴏᥙᴛ yᴏᥙ🙇🏻‍♀️;LessWrong;https://www.lesswrong.com/users/worfekk;worfekk;sherlock;;;
;0.7355;possible_same_person;5147011808;Æ;worfekk;ᴇ᥎ᴇry ᴛiʍᴇ Ꮖ ᴛɦiᥒᴋ ᴀʙᴏᥙᴛ yᴏᥙ🙇🏻‍♀️;Patched;https://patched.sh/User/worfekk;worfekk;sherlock;;;
;0.7245;possible_same_person;5147011808;Æ;worfekk;ᴇ᥎ᴇry ᴛiʍᴇ Ꮖ ᴛɦiᥒᴋ ᴀʙᴏᥙᴛ yᴏᥙ🙇🏻‍♀️;Rarible;https://rarible.com/marketplace/api/v4/urls/worfekk;worfekk;sherlock;;;
;0.7355;possible_same_person;5147011808;Æ;worfekk;ᴇ᥎ᴇry ᴛiʍᴇ Ꮖ ᴛɦiᥒᴋ ᴀʙᴏᥙᴛ yᴏᥙ🙇🏻‍♀️;Realmeye;https://www.realmeye.com/player/worfekk;worfekk;sherlock;;;
;0.7341;possible_same_person;5147011808;Æ;worfekk;ᴇ᥎ᴇry ᴛiʍᴇ Ꮖ ᴛɦiᥒᴋ ᴀʙᴏᥙᴛ yᴏᥙ🙇🏻‍♀️;Reddit;https://www.reddit.com/user/worfekk;worfekk;sherlock;;;
;0.7245;possible_same_person;5147011808;Æ;worfekk;ᴇ᥎ᴇry ᴛiʍᴇ Ꮖ ᴛɦiᥒᴋ ᴀʙᴏᥙᴛ yᴏᥙ🙇🏻‍♀️;RuneScape;https://apps.runescape.com/runemetrics/app/overview/player/worfekk;worfekk;sherlock;;;
;0.7355;possible_same_person;5147011808;Æ;worfekk;ᴇ᥎ᴇry ᴛiʍᴇ Ꮖ ᴛɦiᥒᴋ ᴀʙᴏᥙᴛ yᴏᥙ🙇🏻‍♀️;Scribd;https://www.scribd.com/worfekk;worfekk;sherlock;;;
;0.7355;possible_same_person;5147011808;Æ;worfekk;ᴇ᥎ᴇry ᴛiʍᴇ Ꮖ ᴛɦiᥒᴋ ᴀʙᴏᥙᴛ yᴏᥙ🙇🏻‍♀️;Shelf;https://www.shelf.im/worfekk;worfekk;sherlock;;;
;0.7355;possible_same_person;5147011808;Æ;worfekk;ᴇ᥎ᴇry ᴛiʍᴇ Ꮖ ᴛɦiᥒᴋ ᴀʙᴏᥙᴛ yᴏᥙ🙇🏻‍♀️;SlideShare;https://slideshare.net/worfekk;worfekk;sherlock;;;
;0.7355;possible_same_person;5147011808;Æ;worfekk;ᴇ᥎ᴇry ᴛiʍᴇ Ꮖ ᴛɦiᥒᴋ ᴀʙᴏᥙᴛ yᴏᥙ🙇🏻‍♀️;Smule;https://www.smule.com/worfekk;worfekk;sherlock;;;
;0.7355;possible_same_person;5147011808;Æ;worfekk;ᴇ᥎ᴇry ᴛiʍᴇ Ꮖ ᴛɦiᥒᴋ ᴀʙᴏᥙᴛ yᴏᥙ🙇🏻‍♀️;Splice;https://splice.com/worfekk;worfekk;sherlock;;;
;0.7355;possible_same_person;5147011808;Æ;worfekk;ᴇ᥎ᴇry ᴛiʍᴇ Ꮖ ᴛɦiᥒᴋ ᴀʙᴏᥙᴛ yᴏᥙ🙇🏻‍♀️;Spotify;https://open.spotify.com/user/worfekk;worfekk;sherlock;;;
1;0.7355;possible_same_person;5147011808;Æ;worfekk;ᴇ᥎ᴇry ᴛiʍᴇ Ꮖ ᴛɦiᥒᴋ ᴀʙᴏᥙᴛ yᴏᥙ🙇🏻‍♀️;Telegram;https://t.me/worfekk;worfekk;sherlock;;;auto_label: exact Telegram username
;0.7355;possible_same_person;5147011808;Æ;worfekk;ᴇ᥎ᴇry ᴛiʍᴇ Ꮖ ᴛɦiᥒᴋ ᴀʙᴏᥙᴛ yᴏᥙ🙇🏻‍♀️;TryHackMe;https://tryhackme.com/p/worfekk;worfekk;sherlock;;;
0;0.7355;possible_same_person;5147011808;Æ;worfekk;ᴇ᥎ᴇry ᴛiʍᴇ Ꮖ ᴛɦiᥒᴋ ᴀʙᴏᥙᴛ yᴏᥙ🙇🏻‍♀️;Velomania;https://forum.velomania.ru/member.php?username=worfekk;worfekk;sherlock;;;auto_label: url username differs from telegram username
;0.7355;possible_same_person;5147011808;Æ;worfekk;ᴇ᥎ᴇry ᴛiʍᴇ Ꮖ ᴛɦiᥒᴋ ᴀʙᴏᥙᴛ yᴏᥙ🙇🏻‍♀️;Weblate;https://hosted.weblate.org/user/worfekk/;worfekk;sherlock;;;
;0.7355;possible_same_person;5147011808;Æ;worfekk;ᴇ᥎ᴇry ᴛiʍᴇ Ꮖ ᴛɦiᥒᴋ ᴀʙᴏᥙᴛ yᴏᥙ🙇🏻‍♀️;Wikipedia;https://en.wikipedia.org/wiki/Special:CentralAuth/worfekk?uselang=qqx;worfekk;sherlock;;;
;0.7355;possible_same_person;5147011808;Æ;worfekk;ᴇ᥎ᴇry ᴛiʍᴇ Ꮖ ᴛɦiᥒᴋ ᴀʙᴏᥙᴛ yᴏᥙ🙇🏻‍♀️;YouTube;https://www.youtube.com/@worfekk;worfekk;sherlock;;;
;0.7355;possible_same_person;5147011808;Æ;worfekk;ᴇ᥎ᴇry ᴛiʍᴇ Ꮖ ᴛɦiᥒᴋ ᴀʙᴏᥙᴛ yᴏᥙ🙇🏻‍♀️;dailykos;https://www.dailykos.com/user/worfekk;worfekk;sherlock;;;
0;0.7355;possible_same_person;5147011808;Æ;worfekk;ᴇ᥎ᴇry ᴛiʍᴇ Ꮖ ᴛɦiᥒᴋ ᴀʙᴏᥙᴛ yᴏᥙ🙇🏻‍♀️;igromania;http://forum.igromania.ru/member.php?username=worfekk;worfekk;sherlock;;;auto_label: url username differs from telegram username
;0.7355;possible_same_person;5147011808;Æ;worfekk;ᴇ᥎ᴇry ᴛiʍᴇ Ꮖ ᴛɦiᥒᴋ ᴀʙᴏᥙᴛ yᴏᥙ🙇🏻‍♀️;interpals;https://www.interpals.net/worfekk;worfekk;sherlock;;;
;0.7355;possible_same_person;5147011808;Æ;worfekk;ᴇ᥎ᴇry ᴛiʍᴇ Ꮖ ᴛɦiᥒᴋ ᴀʙᴏᥙᴛ yᴏᥙ🙇🏻‍♀️;mercadolivre;https://www.mercadolivre.com.br/perfil/worfekk;worfekk;sherlock;;;
;0.7355;possible_same_person;5147011808;Æ;worfekk;ᴇ᥎ᴇry ᴛiʍᴇ Ꮖ ᴛɦiᥒᴋ ᴀʙᴏᥙᴛ yᴏᥙ🙇🏻‍♀️;opennet;https://www.opennet.ru/~worfekk;worfekk;sherlock;;;
0;0.7355;possible_same_person;5147011808;Æ;worfekk;ᴇ᥎ᴇry ᴛiʍᴇ Ꮖ ᴛɦiᥒᴋ ᴀʙᴏᥙᴛ yᴏᥙ🙇🏻‍♀️;phpRU;https://php.ru/forum/members/?username=worfekk;worfekk;sherlock;;;auto_label: url username differs from telegram username
;0.7355;possible_same_person;5147011808;Æ;worfekk;ᴇ᥎ᴇry ᴛiʍᴇ Ꮖ ᴛɦiᥒᴋ ᴀʙᴏᥙᴛ yᴏᥙ🙇🏻‍♀️;svidbook;https://www.svidbook.ru/user/worfekk;worfekk;sherlock;;;
;0.7355;possible_same_person;5180376740;#𝙈𝘼𝙁𝘼𝘼 ꩜๋࣭;Aza_qwu;@XLSuerki0 ᛝ – ᥴᥱκунд ʙ ⲙᥙнуᴛᥱ κᥲᤋᥲ᧘᧐ᥴь ᴛᥲκ ⲙᥲ᧘᧐ ᝰ;7Cups;https://www.7cups.com/@Aza_qwu;Aza_qwu;sherlock;;;
0;0.7245;possible_same_person;5180376740;#𝙈𝘼𝙁𝘼𝘼 ꩜๋࣭;Aza_qwu;@XLSuerki0 ᛝ – ᥴᥱκунд ʙ ⲙᥙнуᴛᥱ κᥲᤋᥲ᧘᧐ᥴь ᴛᥲκ ⲙᥲ᧘᧐ ᝰ;Airliners;https://www.airliners.net/user/Aza_qwu/profile/photos;Aza_qwu;sherlock;;;auto_label: url username differs from telegram username
;0.7355;possible_same_person;5180376740;#𝙈𝘼𝙁𝘼𝘼 ꩜๋࣭;Aza_qwu;@XLSuerki0 ᛝ – ᥴᥱκунд ʙ ⲙᥙнуᴛᥱ κᥲᤋᥲ᧘᧐ᥴь ᴛᥲκ ⲙᥲ᧘᧐ ᝰ;Apple Discussions;https://discussions.apple.com/profile/Aza_qwu;Aza_qwu;sherlock;;;
;0.7355;possible_same_person;5180376740;#𝙈𝘼𝙁𝘼𝘼 ꩜๋࣭;Aza_qwu;@XLSuerki0 ᛝ – ᥴᥱκунд ʙ ⲙᥙнуᴛᥱ κᥲᤋᥲ᧘᧐ᥴь ᴛᥲκ ⲙᥲ᧘᧐ ᝰ;Archive.org;https://archive.org/details/@Aza_qwu;Aza_qwu;sherlock;;;
;0.7355;possible_same_person;5180376740;#𝙈𝘼𝙁𝘼𝘼 ꩜๋࣭;Aza_qwu;@XLSuerki0 ᛝ – ᥴᥱκунд ʙ ⲙᥙнуᴛᥱ κᥲᤋᥲ᧘᧐ᥴь ᴛᥲκ ⲙᥲ᧘᧐ ᝰ;ArtStation;https://www.artstation.com/Aza_qwu;Aza_qwu;sherlock;;;
;0.7355;possible_same_person;5180376740;#𝙈𝘼𝙁𝘼𝘼 ꩜๋࣭;Aza_qwu;@XLSuerki0 ᛝ – ᥴᥱκунд ʙ ⲙᥙнуᴛᥱ κᥲᤋᥲ᧘᧐ᥴь ᴛᥲκ ⲙᥲ᧘᧐ ᝰ;BabyRu;https://www.baby.ru/u/Aza_qwu;Aza_qwu;sherlock;;;
;0.7355;possible_same_person;5180376740;#𝙈𝘼𝙁𝘼𝘼 ꩜๋࣭;Aza_qwu;@XLSuerki0 ᛝ – ᥴᥱκунд ʙ ⲙᥙнуᴛᥱ κᥲᤋᥲ᧘᧐ᥴь ᴛᥲκ ⲙᥲ᧘᧐ ᝰ;Bandcamp;https://www.bandcamp.com/Aza_qwu;Aza_qwu;sherlock;;;
;0.7355;possible_same_person;5180376740;#𝙈𝘼𝙁𝘼𝘼 ꩜๋࣭;Aza_qwu;@XLSuerki0 ᛝ – ᥴᥱκунд ʙ ⲙᥙнуᴛᥱ κᥲᤋᥲ᧘᧐ᥴь ᴛᥲκ ⲙᥲ᧘᧐ ᝰ;Codolio;https://codolio.com/profile/Aza_qwu;Aza_qwu;sherlock;;;
;0.7245;possible_same_person;5180376740;#𝙈𝘼𝙁𝘼𝘼 ꩜๋࣭;Aza_qwu;@XLSuerki0 ᛝ – ᥴᥱκунд ʙ ⲙᥙнуᴛᥱ κᥲᤋᥲ᧘᧐ᥴь ᴛᥲκ ⲙᥲ᧘᧐ ᝰ;Discord.bio;https://discords.com/api-v2/bio/details/Aza_qwu;Aza_qwu;sherlock;;;
;0.7355;possible_same_person;5180376740;#𝙈𝘼𝙁𝘼𝘼 ꩜๋࣭;Aza_qwu;@XLSuerki0 ᛝ – ᥴᥱκунд ʙ ⲙᥙнуᴛᥱ κᥲᤋᥲ᧘᧐ᥴь ᴛᥲκ ⲙᥲ᧘᧐ ᝰ;Envato Forum;https://forums.envato.com/u/Aza_qwu;Aza_qwu;sherlock;;;
;0.7355;possible_same_person;5180376740;#𝙈𝘼𝙁𝘼𝘼 ꩜๋࣭;Aza_qwu;@XLSuerki0 ᛝ – ᥴᥱκунд ʙ ⲙᥙнуᴛᥱ κᥲᤋᥲ᧘᧐ᥴь ᴛᥲκ ⲙᥲ᧘᧐ ᝰ;GeeksforGeeks;https://auth.geeksforgeeks.org/user/Aza_qwu;Aza_qwu;sherlock;;;
;0.7355;possible_same_person;5180376740;#𝙈𝘼𝙁𝘼𝘼 ꩜๋࣭;Aza_qwu;@XLSuerki0 ᛝ – ᥴᥱκунд ʙ ⲙᥙнуᴛᥱ κᥲᤋᥲ᧘᧐ᥴь ᴛᥲκ ⲙᥲ᧘᧐ ᝰ;Giphy;https://giphy.com/Aza_qwu;Aza_qwu;sherlock;;;
;0.7355;possible_same_person;5180376740;#𝙈𝘼𝙁𝘼𝘼 ꩜๋࣭;Aza_qwu;@XLSuerki0 ᛝ – ᥴᥱκунд ʙ ⲙᥙнуᴛᥱ κᥲᤋᥲ᧘᧐ᥴь ᴛᥲκ ⲙᥲ᧘᧐ ᝰ;Hashnode;https://hashnode.com/@Aza_qwu;Aza_qwu;sherlock;;;
;0.7355;possible_same_person;5180376740;#𝙈𝘼𝙁𝘼𝘼 ꩜๋࣭;Aza_qwu;@XLSuerki0 ᛝ – ᥴᥱκунд ʙ ⲙᥙнуᴛᥱ κᥲᤋᥲ᧘᧐ᥴь ᴛᥲκ ⲙᥲ᧘᧐ ᝰ;Hubski;https://hubski.com/user/Aza_qwu;Aza_qwu;sherlock;;;
;0.7355;possible_same_person;5180376740;#𝙈𝘼𝙁𝘼𝘼 ꩜๋࣭;Aza_qwu;@XLSuerki0 ᛝ – ᥴᥱκунд ʙ ⲙᥙнуᴛᥱ κᥲᤋᥲ᧘᧐ᥴь ᴛᥲκ ⲙᥲ᧘᧐ ᝰ;LessWrong;https://www.lesswrong.com/users/Aza_qwu;Aza_qwu;sherlock;;;
;0.7355;possible_same_person;5180376740;#𝙈𝘼𝙁𝘼𝘼 ꩜๋࣭;Aza_qwu;@XLSuerki0 ᛝ – ᥴᥱκунд ʙ ⲙᥙнуᴛᥱ κᥲᤋᥲ᧘᧐ᥴь ᴛᥲκ ⲙᥲ᧘᧐ ᝰ;Patched;https://patched.sh/User/Aza_qwu;Aza_qwu;sherlock;;;
;0.7245;possible_same_person;5180376740;#𝙈𝘼𝙁𝘼𝘼 ꩜๋࣭;Aza_qwu;@XLSuerki0 ᛝ – ᥴᥱκунд ʙ ⲙᥙнуᴛᥱ κᥲᤋᥲ᧘᧐ᥴь ᴛᥲκ ⲙᥲ᧘᧐ ᝰ;Rarible;https://rarible.com/marketplace/api/v4/urls/Aza_qwu;Aza_qwu;sherlock;;;
;0.7355;possible_same_person;5180376740;#𝙈𝘼𝙁𝘼𝘼 ꩜๋࣭;Aza_qwu;@XLSuerki0 ᛝ – ᥴᥱκунд ʙ ⲙᥙнуᴛᥱ κᥲᤋᥲ᧘᧐ᥴь ᴛᥲκ ⲙᥲ᧘᧐ ᝰ;Realmeye;https://www.realmeye.com/player/Aza_qwu;Aza_qwu;sherlock;;;
;0.7341;possible_same_person;5180376740;#𝙈𝘼𝙁𝘼𝘼 ꩜๋࣭;Aza_qwu;@XLSuerki0 ᛝ – ᥴᥱκунд ʙ ⲙᥙнуᴛᥱ κᥲᤋᥲ᧘᧐ᥴь ᴛᥲκ ⲙᥲ᧘᧐ ᝰ;Reddit;https://www.reddit.com/user/Aza_qwu;Aza_qwu;sherlock;;;
;0.7355;possible_same_person;5180376740;#𝙈𝘼𝙁𝘼𝘼 ꩜๋࣭;Aza_qwu;@XLSuerki0 ᛝ – ᥴᥱκунд ʙ ⲙᥙнуᴛᥱ κᥲᤋᥲ᧘᧐ᥴь ᴛᥲκ ⲙᥲ᧘᧐ ᝰ;Scribd;https://www.scribd.com/Aza_qwu;Aza_qwu;sherlock;;;
;0.7355;possible_same_person;5180376740;#𝙈𝘼𝙁𝘼𝘼 ꩜๋࣭;Aza_qwu;@XLSuerki0 ᛝ – ᥴᥱκунд ʙ ⲙᥙнуᴛᥱ κᥲᤋᥲ᧘᧐ᥴь ᴛᥲκ ⲙᥲ᧘᧐ ᝰ;Shelf;https://www.shelf.im/Aza_qwu;Aza_qwu;sherlock;;;
;0.7355;possible_same_person;5180376740;#𝙈𝘼𝙁𝘼𝘼 ꩜๋࣭;Aza_qwu;@XLSuerki0 ᛝ – ᥴᥱκунд ʙ ⲙᥙнуᴛᥱ κᥲᤋᥲ᧘᧐ᥴь ᴛᥲκ ⲙᥲ᧘᧐ ᝰ;SlideShare;https://slideshare.net/Aza_qwu;Aza_qwu;sherlock;;;
;0.7355;possible_same_person;5180376740;#𝙈𝘼𝙁𝘼𝘼 ꩜๋࣭;Aza_qwu;@XLSuerki0 ᛝ – ᥴᥱκунд ʙ ⲙᥙнуᴛᥱ κᥲᤋᥲ᧘᧐ᥴь ᴛᥲκ ⲙᥲ᧘᧐ ᝰ;Smule;https://www.smule.com/Aza_qwu;Aza_qwu;sherlock;;;
;0.7355;possible_same_person;5180376740;#𝙈𝘼𝙁𝘼𝘼 ꩜๋࣭;Aza_qwu;@XLSuerki0 ᛝ – ᥴᥱκунд ʙ ⲙᥙнуᴛᥱ κᥲᤋᥲ᧘᧐ᥴь ᴛᥲκ ⲙᥲ᧘᧐ ᝰ;Splice;https://splice.com/Aza_qwu;Aza_qwu;sherlock;;;
;0.7355;possible_same_person;5180376740;#𝙈𝘼𝙁𝘼𝘼 ꩜๋࣭;Aza_qwu;@XLSuerki0 ᛝ – ᥴᥱκунд ʙ ⲙᥙнуᴛᥱ κᥲᤋᥲ᧘᧐ᥴь ᴛᥲκ ⲙᥲ᧘᧐ ᝰ;Spotify;https://open.spotify.com/user/Aza_qwu;Aza_qwu;sherlock;;;
1;0.7355;possible_same_person;5180376740;#𝙈𝘼𝙁𝘼𝘼 ꩜๋࣭;Aza_qwu;@XLSuerki0 ᛝ – ᥴᥱκунд ʙ ⲙᥙнуᴛᥱ κᥲᤋᥲ᧘᧐ᥴь ᴛᥲκ ⲙᥲ᧘᧐ ᝰ;Telegram;https://t.me/Aza_qwu;Aza_qwu;sherlock;;;auto_label: exact Telegram username
0;0.7355;possible_same_person;5180376740;#𝙈𝘼𝙁𝘼𝘼 ꩜๋࣭;Aza_qwu;@XLSuerki0 ᛝ – ᥴᥱκунд ʙ ⲙᥙнуᴛᥱ κᥲᤋᥲ᧘᧐ᥴь ᴛᥲκ ⲙᥲ᧘᧐ ᝰ;Velomania;https://forum.velomania.ru/member.php?username=Aza_qwu;Aza_qwu;sherlock;;;auto_label: url username differs from telegram username
;0.7355;possible_same_person;5180376740;#𝙈𝘼𝙁𝘼𝘼 ꩜๋࣭;Aza_qwu;@XLSuerki0 ᛝ – ᥴᥱκунд ʙ ⲙᥙнуᴛᥱ κᥲᤋᥲ᧘᧐ᥴь ᴛᥲκ ⲙᥲ᧘᧐ ᝰ;Weblate;https://hosted.weblate.org/user/Aza_qwu/;Aza_qwu;sherlock;;;
;0.7355;possible_same_person;5180376740;#𝙈𝘼𝙁𝘼𝘼 ꩜๋࣭;Aza_qwu;@XLSuerki0 ᛝ – ᥴᥱκунд ʙ ⲙᥙнуᴛᥱ κᥲᤋᥲ᧘᧐ᥴь ᴛᥲκ ⲙᥲ᧘᧐ ᝰ;Wikipedia;https://en.wikipedia.org/wiki/Special:CentralAuth/Aza_qwu?uselang=qqx;Aza_qwu;sherlock;;;
;0.7355;possible_same_person;5180376740;#𝙈𝘼𝙁𝘼𝘼 ꩜๋࣭;Aza_qwu;@XLSuerki0 ᛝ – ᥴᥱκунд ʙ ⲙᥙнуᴛᥱ κᥲᤋᥲ᧘᧐ᥴь ᴛᥲκ ⲙᥲ᧘᧐ ᝰ;YouTube;https://www.youtube.com/@Aza_qwu;Aza_qwu;sherlock;;;
;0.7355;possible_same_person;5180376740;#𝙈𝘼𝙁𝘼𝘼 ꩜๋࣭;Aza_qwu;@XLSuerki0 ᛝ – ᥴᥱκунд ʙ ⲙᥙнуᴛᥱ κᥲᤋᥲ᧘᧐ᥴь ᴛᥲκ ⲙᥲ᧘᧐ ᝰ;dailykos;https://www.dailykos.com/user/Aza_qwu;Aza_qwu;sherlock;;;
0;0.7355;possible_same_person;5180376740;#𝙈𝘼𝙁𝘼𝘼 ꩜๋࣭;Aza_qwu;@XLSuerki0 ᛝ – ᥴᥱκунд ʙ ⲙᥙнуᴛᥱ κᥲᤋᥲ᧘᧐ᥴь ᴛᥲκ ⲙᥲ᧘᧐ ᝰ;igromania;http://forum.igromania.ru/member.php?username=Aza_qwu;Aza_qwu;sherlock;;;auto_label: url username differs from telegram username
;0.7355;possible_same_person;5180376740;#𝙈𝘼𝙁𝘼𝘼 ꩜๋࣭;Aza_qwu;@XLSuerki0 ᛝ – ᥴᥱκунд ʙ ⲙᥙнуᴛᥱ κᥲᤋᥲ᧘᧐ᥴь ᴛᥲκ ⲙᥲ᧘᧐ ᝰ;interpals;https://www.interpals.net/Aza_qwu;Aza_qwu;sherlock;;;
;0.7355;possible_same_person;5180376740;#𝙈𝘼𝙁𝘼𝘼 ꩜๋࣭;Aza_qwu;@XLSuerki0 ᛝ – ᥴᥱκунд ʙ ⲙᥙнуᴛᥱ κᥲᤋᥲ᧘᧐ᥴь ᴛᥲκ ⲙᥲ᧘᧐ ᝰ;mercadolivre;https://www.mercadolivre.com.br/perfil/Aza_qwu;Aza_qwu;sherlock;;;
;0.7245;possible_same_person;5180376740;#𝙈𝘼𝙁𝘼𝘼 ꩜๋࣭;Aza_qwu;@XLSuerki0 ᛝ – ᥴᥱκунд ʙ ⲙᥙнуᴛᥱ κᥲᤋᥲ᧘᧐ᥴь ᴛᥲκ ⲙᥲ᧘᧐ ᝰ;omg.lol;https://Aza_qwu.omg.lol;Aza_qwu;sherlock;;;
;0.7355;possible_same_person;5180376740;#𝙈𝘼𝙁𝘼𝘼 ꩜๋࣭;Aza_qwu;@XLSuerki0 ᛝ – ᥴᥱκунд ʙ ⲙᥙнуᴛᥱ κᥲᤋᥲ᧘᧐ᥴь ᴛᥲκ ⲙᥲ᧘᧐ ᝰ;opennet;https://www.opennet.ru/~Aza_qwu;Aza_qwu;sherlock;;;
0;0.7355;possible_same_person;5180376740;#𝙈𝘼𝙁𝘼𝘼 ꩜๋࣭;Aza_qwu;@XLSuerki0 ᛝ – ᥴᥱκунд ʙ ⲙᥙнуᴛᥱ κᥲᤋᥲ᧘᧐ᥴь ᴛᥲκ ⲙᥲ᧘᧐ ᝰ;phpRU;https://php.ru/forum/members/?username=Aza_qwu;Aza_qwu;sherlock;;;auto_label: url username differs from telegram username
;0.7355;possible_same_person;5180376740;#𝙈𝘼𝙁𝘼𝘼 ꩜๋࣭;Aza_qwu;@XLSuerki0 ᛝ – ᥴᥱκунд ʙ ⲙᥙнуᴛᥱ κᥲᤋᥲ᧘᧐ᥴь ᴛᥲκ ⲙᥲ᧘᧐ ᝰ;svidbook;https://www.svidbook.ru/user/Aza_qwu;Aza_qwu;sherlock;;;
0;;synthetic_different_person;384153992;번역 없음;z4tochk4;бриллианту прощаются острые грани;Bandcamp;https://www.bandcamp.com/bbazilikk;bbazilikk;snoop;;;synthetic_negative: account copied from user_id=623816738
0;;synthetic_different_person;384153992;번역 없음;z4tochk4;бриллианту прощаются острые грани;Bandcamp;https://www.bandcamp.com/bbazilikk;bbazilikk;snoop;;;synthetic_negative: account copied from user_id=623816738
0;;synthetic_different_person;384153992;번역 없음;z4tochk4;бриллианту прощаются острые грани;Bandcamp;https://www.bandcamp.com/bbazilikk;bbazilikk;snoop;;;synthetic_negative: account copied from user_id=623816738
0;;synthetic_different_person;384153992;번역 없음;z4tochk4;бриллианту прощаются острые грани;Bandcamp;https://www.bandcamp.com/bbazilikk;bbazilikk;snoop;;;synthetic_negative: account copied from user_id=623816738
0;;synthetic_different_person;384153992;번역 없음;z4tochk4;бриллианту прощаются острые грани;Bandcamp;https://www.bandcamp.com/bbazilikk;bbazilikk;snoop;;;synthetic_negative: account copied from user_id=623816738
0;;synthetic_different_person;384153992;번역 없음;z4tochk4;бриллианту прощаются острые грани;Bandcamp;https://www.bandcamp.com/bbazilikk;bbazilikk;snoop;;;synthetic_negative: account copied from user_id=623816738
0;;synthetic_different_person;384153992;번역 없음;z4tochk4;бриллианту прощаются острые грани;Bandcamp;https://www.bandcamp.com/bbazilikk;bbazilikk;snoop;;;synthetic_negative: account copied from user_id=623816738
0;;synthetic_different_person;623816738;Б̷а̷з̷и̷л̷и̷к̷;bbazilikk;;Bandcamp;https://www.bandcamp.com/bgener;bgener;snoop;;;synthetic_negative: account copied from user_id=645646214
0;;synthetic_different_person;623816738;Б̷а̷з̷и̷л̷и̷к̷;bbazilikk;;Bandcamp;https://www.bandcamp.com/bgener;bgener;snoop;;;synthetic_negative: account copied from user_id=645646214
0;;synthetic_different_person;623816738;Б̷а̷з̷и̷л̷и̷к̷;bbazilikk;;Bandcamp;https://www.bandcamp.com/bgener;bgener;snoop;;;synthetic_negative: account copied from user_id=645646214
0;;synthetic_different_person;623816738;Б̷а̷з̷и̷л̷и̷к̷;bbazilikk;;Bandcamp;https://www.bandcamp.com/bgener;bgener;snoop;;;synthetic_negative: account copied from user_id=645646214
0;;synthetic_different_person;623816738;Б̷а̷з̷и̷л̷и̷к̷;bbazilikk;;Bandcamp;https://www.bandcamp.com/bgener;bgener;snoop;;;synthetic_negative: account copied from user_id=645646214
0;;synthetic_different_person;623816738;Б̷а̷з̷и̷л̷и̷к̷;bbazilikk;;Bandcamp;https://www.bandcamp.com/bgener;bgener;snoop;;;synthetic_negative: account copied from user_id=645646214
0;;synthetic_different_person;623816738;Б̷а̷з̷и̷л̷и̷к̷;bbazilikk;;Bandcamp;https://www.bandcamp.com/bgener;bgener;snoop;;;synthetic_negative: account copied from user_id=645646214
0;;synthetic_different_person;623816738;Б̷а̷з̷и̷л̷и̷к̷;bbazilikk;;Bandcamp;https://www.bandcamp.com/bgener;bgener;snoop;;;synthetic_negative: account copied from user_id=645646214
0;;synthetic_different_person;623816738;Б̷а̷з̷и̷л̷и̷к̷;bbazilikk;;Bandcamp;https://www.bandcamp.com/bgener;bgener;snoop;;;synthetic_negative: account copied from user_id=645646214
0;;synthetic_different_person;623816738;Б̷а̷з̷и̷л̷и̷к̷;bbazilikk;;Bandcamp;https://www.bandcamp.com/bgener;bgener;snoop;;;synthetic_negative: account copied from user_id=645646214
0;;synthetic_different_person;623816738;Б̷а̷з̷и̷л̷и̷к̷;bbazilikk;;Bandcamp;https://www.bandcamp.com/bgener;bgener;snoop;;;synthetic_negative: account copied from user_id=645646214
0;;synthetic_different_person;623816738;Б̷а̷з̷и̷л̷и̷к̷;bbazilikk;;Bandcamp;https://www.bandcamp.com/bgener;bgener;snoop;;;synthetic_negative: account copied from user_id=645646214
0;;synthetic_different_person;623816738;Б̷а̷з̷и̷л̷и̷к̷;bbazilikk;;Bandcamp;https://www.bandcamp.com/bgener;bgener;snoop;;;synthetic_negative: account copied from user_id=645646214
0;;synthetic_different_person;645646214;Chicago Bulls;bgener;;Bandcamp;https://www.bandcamp.com/Illia1504;Illia1504;snoop;;;synthetic_negative: account copied from user_id=679309151
0;;synthetic_different_person;645646214;Chicago Bulls;bgener;;Bandcamp;https://www.bandcamp.com/Illia1504;Illia1504;snoop;;;synthetic_negative: account copied from user_id=679309151
0;;synthetic_different_person;645646214;Chicago Bulls;bgener;;Bandcamp;https://www.bandcamp.com/Illia1504;Illia1504;snoop;;;synthetic_negative: account copied from user_id=679309151
0;;synthetic_different_person;645646214;Chicago Bulls;bgener;;Bandcamp;https://www.bandcamp.com/Illia1504;Illia1504;snoop;;;synthetic_negative: account copied from user_id=679309151
0;;synthetic_different_person;645646214;Chicago Bulls;bgener;;Bandcamp;https://www.bandcamp.com/Illia1504;Illia1504;snoop;;;synthetic_negative: account copied from user_id=679309151
0;;synthetic_different_person;645646214;Chicago Bulls;bgener;;Bandcamp;https://www.bandcamp.com/Illia1504;Illia1504;snoop;;;synthetic_negative: account copied from user_id=679309151
0;;synthetic_different_person;645646214;Chicago Bulls;bgener;;Bandcamp;https://www.bandcamp.com/Illia1504;Illia1504;snoop;;;synthetic_negative: account copied from user_id=679309151
0;;synthetic_different_person;645646214;Chicago Bulls;bgener;;Bandcamp;https://www.bandcamp.com/Illia1504;Illia1504;snoop;;;synthetic_negative: account copied from user_id=679309151
0;;synthetic_different_person;645646214;Chicago Bulls;bgener;;Bandcamp;https://www.bandcamp.com/Illia1504;Illia1504;snoop;;;synthetic_negative: account copied from user_id=679309151
0;;synthetic_different_person;645646214;Chicago Bulls;bgener;;Bandcamp;https://www.bandcamp.com/Illia1504;Illia1504;snoop;;;synthetic_negative: account copied from user_id=679309151
0;;synthetic_different_person;645646214;Chicago Bulls;bgener;;Bandcamp;https://www.bandcamp.com/Illia1504;Illia1504;snoop;;;synthetic_negative: account copied from user_id=679309151
0;;synthetic_different_person;645646214;Chicago Bulls;bgener;;Bandcamp;https://www.bandcamp.com/Illia1504;Illia1504;snoop;;;synthetic_negative: account copied from user_id=679309151
0;;synthetic_different_person;645646214;Chicago Bulls;bgener;;Bandcamp;https://www.bandcamp.com/Illia1504;Illia1504;snoop;;;synthetic_negative: account copied from user_id=679309151
0;;synthetic_different_person;645646214;Chicago Bulls;bgener;;Bandcamp;https://www.bandcamp.com/Illia1504;Illia1504;snoop;;;synthetic_negative: account copied from user_id=679309151
0;;synthetic_different_person;645646214;Chicago Bulls;bgener;;Bandcamp;https://www.bandcamp.com/Illia1504;Illia1504;snoop;;;synthetic_negative: account copied from user_id=679309151
0;;synthetic_different_person;645646214;Chicago Bulls;bgener;;Bandcamp;https://www.bandcamp.com/Illia1504;Illia1504;snoop;;;synthetic_negative: account copied from user_id=679309151
0;;synthetic_different_person;645646214;Chicago Bulls;bgener;;Bandcamp;https://www.bandcamp.com/Illia1504;Illia1504;snoop;;;synthetic_negative: account copied from user_id=679309151
0;;synthetic_different_person;645646214;Chicago Bulls;bgener;;Bandcamp;https://www.bandcamp.com/Illia1504;Illia1504;snoop;;;synthetic_negative: account copied from user_id=679309151
0;;synthetic_different_person;645646214;Chicago Bulls;bgener;;Bandcamp;https://www.bandcamp.com/Illia1504;Illia1504;snoop;;;synthetic_negative: account copied from user_id=679309151
0;;synthetic_different_person;679309151;Илья;Illia1504;https://t.me/duckmyduck_bot?start=r83473;Bandcamp;https://www.bandcamp.com/boogeycodm;boogeycodm;snoop;;;synthetic_negative: account copied from user_id=710949003
0;;synthetic_different_person;679309151;Илья;Illia1504;https://t.me/duckmyduck_bot?start=r83473;Bandcamp;https://www.bandcamp.com/boogeycodm;boogeycodm;snoop;;;synthetic_negative: account copied from user_id=710949003
0;;synthetic_different_person;679309151;Илья;Illia1504;https://t.me/duckmyduck_bot?start=r83473;Bandcamp;https://www.bandcamp.com/boogeycodm;boogeycodm;snoop;;;synthetic_negative: account copied from user_id=710949003
0;;synthetic_different_person;679309151;Илья;Illia1504;https://t.me/duckmyduck_bot?start=r83473;Bandcamp;https://www.bandcamp.com/boogeycodm;boogeycodm;snoop;;;synthetic_negative: account copied from user_id=710949003
0;;synthetic_different_person;679309151;Илья;Illia1504;https://t.me/duckmyduck_bot?start=r83473;Bandcamp;https://www.bandcamp.com/boogeycodm;boogeycodm;snoop;;;synthetic_negative: account copied from user_id=710949003
0;;synthetic_different_person;710949003;Виталий👑;boogeycodm;;Bandcamp;https://www.bandcamp.com/mnkkkij;kozak85;snoop;;;synthetic_negative: account copied from user_id=754826357
0;;synthetic_different_person;710949003;Виталий👑;boogeycodm;;Bandcamp;https://www.bandcamp.com/mnkkkij;kozak85;snoop;;;synthetic_negative: account copied from user_id=754826357
0;;synthetic_different_person;710949003;Виталий👑;boogeycodm;;Bandcamp;https://www.bandcamp.com/mnkkkij;kozak85;snoop;;;synthetic_negative: account copied from user_id=754826357
0;;synthetic_different_person;710949003;Виталий👑;boogeycodm;;Bandcamp;https://www.bandcamp.com/mnkkkij;kozak85;snoop;;;synthetic_negative: account copied from user_id=754826357
0;;synthetic_different_person;710949003;Виталий👑;boogeycodm;;Bandcamp;https://www.bandcamp.com/mnkkkij;kozak85;snoop;;;synthetic_negative: account copied from user_id=754826357
0;;synthetic_different_person;710949003;Виталий👑;boogeycodm;;Bandcamp;https://www.bandcamp.com/mnkkkij;kozak85;snoop;;;synthetic_negative: account copied from user_id=754826357
0;;synthetic_different_person;754826357;Roma;kozak85;нищие, с 5 минутной отпиской каналы, удалитесь и не позорьтесь, ваш канал и вы🤢 как раз и есть 5минутка, ТОП каналы этим не страдают;Telegram;https://t.me/sanya_33304;sanya_33304;snoop;;;synthetic_negative: account copied from user_id=780997098
0;;synthetic_different_person;754826357;Roma;kozak85;нищие, с 5 минутной отпиской каналы, удалитесь и не позорьтесь, ваш канал и вы🤢 как раз и есть 5минутка, ТОП каналы этим не страдают;Telegram;https://t.me/sanya_33304;sanya_33304;snoop;;;synthetic_negative: account copied from user_id=780997098
0;;synthetic_different_person;780997098;Саня;sanya_33304;;Telegram;https://t.me/vad_22_06;vad_22_06;snoop;;;"auto_label: exact Telegram username; synthetic_negative: account copied from user_id=895814549"
0;;synthetic_different_person;895814549;Vadik2001;vad_22_06;;Telegram;https://t.me/ave500;ave500;snoop;;;"auto_label: exact Telegram username; synthetic_negative: account copied from user_id=899841464"
0;;synthetic_different_person;899841464;Bekzod;ave500;;Telegram;https://t.me/mnkkkij;mnkkkij;snoop;;;"auto_label: exact Telegram username; synthetic_negative: account copied from user_id=920085488"
0;;synthetic_different_person;920085488;𝙢;mnkkkij;;Telegram;https://t.me/Ne_OIeg;Ne_OIeg;snoop;;;"auto_label: exact Telegram username; synthetic_negative: account copied from user_id=951776683"
0;;synthetic_different_person;951776683;Не Олег;Ne_OIeg;;Telegram;https://t.me/MrPozitiv_tm;MrPozitiv_tm;snoop;;;"auto_label: exact Telegram username; synthetic_negative: account copied from user_id=952226519"
0;;synthetic_different_person;952226519;_𝕄𝕣.ℙ𝕠𝕫𝕚𝕥𝕚𝕧_;MrPozitiv_tm;;Telegram;https://t.me/kisvichka;kisvichka;snoop;;;"auto_label: exact Telegram username; synthetic_negative: account copied from user_id=988191708"
0;;synthetic_different_person;988191708;يمارسون;kisvichka;угрозы, спам - бан, не отвечаю - значит сплю 🧏🏽‍♀️;GitHub;https://www.github.com/lozew;lozew;snoop;;;"auto_label: exact Telegram username; synthetic_negative: account copied from user_id=990256560"
0;;synthetic_different_person;990256560;ᴇgᴏrqwwkq;lozew;Привет! Я использую WhatsApp;Telegram;https://t.me/Oaoaod;Oaoaod;snoop;;;"auto_label: high-confidence exact username on reliable site; synthetic_negative: account copied from user_id=1098870126"
0;;synthetic_different_person;990256560;ᴇgᴏrqwwkq;lozew;Привет! Я использую WhatsApp;Telegram;https://t.me/Oaoaod;Oaoaod;snoop;;;"auto_label: exact Telegram username; synthetic_negative: account copied from user_id=1098870126"
0;;synthetic_different_person;1098870126;марьям;Oaoaod;;Telegram;https://t.me/zahar534;zahar534;snoop;;;"auto_label: exact Telegram username; synthetic_negative: account copied from user_id=1110829666"
0;;synthetic_different_person;1110829666;Захар;zahar534;Winning is not everything, but the will to win is everything.;Telegram;https://t.me/SuperBat_kanon;SuperBat_kanon;snoop;;;"auto_label: exact Telegram username; synthetic_negative: account copied from user_id=1240815236"
0;;synthetic_different_person;1240815236;💠💻🧣микан🦆🙅🏻‍♀️#кицька🍎🦇𓃦;SuperBat_kanon;;Telegram;https://t.me/y4tls;y4tls;snoop;;;"auto_label: exact Telegram username; synthetic_negative: account copied from user_id=1306259757"
0;;synthetic_different_person;1306259757;Efferwise;y4tls;;Telegram;https://t.me/sajat85;sajat85;snoop;;;"auto_label: exact Telegram username; synthetic_negative: account copied from user_id=1347706624"
0;;synthetic_different_person;1347706624;Александр;sajat85;;Telegram;https://t.me/ekaiktag;ekaiktag;snoop;;;"auto_label: exact Telegram username; synthetic_negative: account copied from user_id=1354297097"
0;;synthetic_different_person;1354297097;весенний;ekaiktag;bio- @bioekaik.Нфт и подарки не дарю,не тратьте мое и ваше время;Telegram;https://t.me/woxllx;woxllx;snoop;;;"auto_label: exact Telegram username; synthetic_negative: account copied from user_id=1369518939"
0;;synthetic_different_person;1369518939;🎎;woxllx;★8†2★;Telegram;https://t.me/ggipik;ggipik;snoop;;;"auto_label: exact Telegram username; synthetic_negative: account copied from user_id=1417919747"
0;;synthetic_different_person;1417919747;#свтя #мисс;ggipik;классный прикид, гуччи?;Telegram;https://t.me/ilikeyourreeyess;ilikeyourreeyess;snoop;;;"auto_label: exact Telegram username; synthetic_negative: account copied from user_id=1431583209"
0;;synthetic_different_person;1431583209;🫦🫦;ilikeyourreeyess;Для кого-то ангел, для кого-то сатана;Telegram;https://t.me/A_Artelis;A_Artelis;snoop;;;"auto_label: exact Telegram username; synthetic_negative: account copied from user_id=1464921460"
0;;synthetic_different_person;1464921460;𝐀𝐫𝐭𝐞𝐥𝐢𝐬;A_Artelis;Painting – когда душа рисует, а руки лишь следуют;GitHub;https://www.github.com/iisuskhristos;iisuskhristos;snoop;;;"auto_label: exact Telegram username; synthetic_negative: account copied from user_id=1481347913"
0;;synthetic_different_person;1481347913;Александр;iisuskhristos;Создатель;Telegram;https://t.me/KALASH_RATATATATATA;KALASH_RATATATATATA;snoop;;;"auto_label: high-confidence exact username on reliable site; synthetic_negative: account copied from user_id=1512964126"
0;;synthetic_different_person;1481347913;Александр;iisuskhristos;Создатель;Telegram;https://t.me/KALASH_RATATATATATA;KALASH_RATATATATATA;snoop;;;"auto_label: exact Telegram username; synthetic_negative: account copied from user_id=1512964126"
0;;synthetic_different_person;1512964126;𝑠ℎ𝑎𝑑𝑜𝑤;KALASH_RATATATATATA;Пустота;Telegram;https://t.me/c4fggg;c4fggg;snoop;;;"auto_label: exact Telegram username; synthetic_negative: account copied from user_id=1538871769"
0;;synthetic_different_person;1538871769;AD999666;c4fggg;;Telegram;https://t.me/Murziksn2;Murziksn2;snoop;;;"auto_label: exact Telegram username; synthetic_negative: account copied from user_id=1563898421"
0;;synthetic_different_person;1563898421;Murzikszn2🐱;Murziksn2;;Telegram;https://t.me/vebxijebdk;vebxijebdk;snoop;;;"auto_label: high-confidence exact username on reliable site; synthetic_negative: account copied from user_id=1564892277"
0;;synthetic_different_person;1564892277;𝑪×𝑺 🐮 🕸️⁶⁹really?🕸️ | ˡᶜ ☾;vebxijebdk;;Telegram;https://t.me/sidikmvv;sidikmvv;snoop;;;"auto_label: exact Telegram username; synthetic_negative: account copied from user_id=1601289333"
0;;synthetic_different_person;1601289333;маня;sidikmvv;;Telegram;https://t.me/solnze203;solnze203;snoop;;;"auto_label: exact Telegram username; synthetic_negative: account copied from user_id=1606325388"
0;;synthetic_different_person;1606325388;Sever(⁠⁠㉨⁠⁠);solnze203;что-нибудь о себе...;Telegram;https://t.me/krutiwkaa;krutiwkaa;snoop;;;"auto_label: exact Telegram username; synthetic_negative: account copied from user_id=1618761074"
0;;synthetic_different_person;1618761074;:v;krutiwkaa;@MyStarsX https://t.me/patrickstarsrobot?start=1618761074;Telegram;https://t.me/Paryadka;Paryadka;snoop;;;"auto_label: exact Telegram username; synthetic_negative: account copied from user_id=1623743117"
0;;synthetic_different_person;1623743117;Парен☢️;Paryadka;;Telegram;https://t.me/Bylypai;Bylypai;snoop;;;"auto_label: exact Telegram username; synthetic_negative: account copied from user_id=1627727512"
0;;synthetic_different_person;1627727512;Serop;Bylypai;Ку-ку epta;Telegram;https://t.me/cmonwilli;cmonwilli;snoop;;;"auto_label: exact Telegram username; synthetic_negative: account copied from user_id=1635092421"
0;;synthetic_different_person;1635092421;ꪒꪊꪒꪊ益. 🄳🄾🅄🄱🄻🄴 12.;cmonwilli;🅺꤯꤈꤈ or 🄼🄰🅁🅁🅈 or ӄ꤯᥉🆂;Telegram;https://t.me/viksterr01;viksterr01;snoop;;;"auto_label: exact Telegram username; synthetic_negative: account copied from user_id=1691921289"
0;;synthetic_different_person;1691921289;💅;viksterr01;;Telegram;https://t.me/Bshidow;Bshidow;snoop;;;"auto_label: exact Telegram username; synthetic_negative: account copied from user_id=1707825630"
0;;synthetic_different_person;1707825630;vlad;Bshidow;;Telegram;https://t.me/Misusho;Misusho;snoop;;;"auto_label: exact Telegram username; synthetic_negative: account copied from user_id=1716792484"
0;;synthetic_different_person;1716792484;ⲥⲟⲕⲟⲗёⲏⲟⲕ;Misusho;777, #子猫. — ϶ᴛᴏ ɜнᴀчиᴛ чᴛᴏ ʍнᴇ ᴛᴀᴋ ɜᴀхᴏᴛᴇᴧᴏᴄь и ничᴇᴦᴏ бᴏᴧᴇᴇ .;Telegram;https://t.me/xaxaxassq;xaxaxassq;snoop;;;"auto_label: exact Telegram username; synthetic_negative: account copied from user_id=1726950785"
0;;synthetic_different_person;1726950785;⁬⁯⁬⁯⁬⁯⁬⁯⁬⁯⁬⁯⁬⁯⁬⁯⁬⁯⁬⁯⁬⁯⁬⁯⁬⁯⁬⁯⁬⁯⁬⁯⁬⁯⁬⁯⁬;xaxaxassq;;Telegram;https://t.me/thefr0zinax;thefr0zinax;snoop;;;"auto_label: exact Telegram username; synthetic_negative: account copied from user_id=1730717757"
0;;synthetic_different_person;1730717757;thefr0zinax;thefr0zinax;хз;Telegram;https://t.me/Azamat_280311;Azamat_280311;snoop;;;"auto_label: high-confidence exact username on reliable site; synthetic_negative: account copied from user_id=1744139325"
0;;synthetic_different_person;1744139325;Азамат;Azamat_280311;;Telegram;https://t.me/hateexisting;hateexisting;snoop;;;"auto_label: exact Telegram username; synthetic_negative: account copied from user_id=1777346251"
0;;synthetic_different_person;1777346251;Unnecessary ♱;hateexisting;Maybe in another life I'll live to be 20.;Telegram;https://t.me/DarkKillua;DarkKillua;snoop;;;"auto_label: exact Telegram username; synthetic_negative: account copied from user_id=1820703832"
0;;synthetic_different_person;1820703832;D♡;DarkKillua;Сильнее тебя я ещё не кого не любила♡ @Lizkalove21;GitHub;https://www.github.com/huuir;huuir;snoop;;;"auto_label: exact Telegram username; synthetic_negative: account copied from user_id=1836063419"
0;;synthetic_different_person;1836063419;darl1ixx #колесо_телеги;huuir;ПОПРОШАЙНИЧЕСТВО-ЧС❌ ПИШИТЕ ПО ДЕЛУ-ВЕРНУ ЗВЕЗДЫ ЗА СОО😁 ЕСЛИ Я ЧТО ТО ВЫИГРАЛ, ТО АДМИНАМ КАНАЛА ИЛИ ТЕМ КТО СКАЖЕТ ВЕРНУ ЗВЕЗДЫ🔥;Telegram;https://t.me/Kytaro_76;Kytaro_76;snoop;;;"auto_label: high-confidence exact username on reliable site; synthetic_negative: account copied from user_id=1876991613"
0;;synthetic_different_person;1836063419;darl1ixx #колесо_телеги;huuir;ПОПРОШАЙНИЧЕСТВО-ЧС❌ ПИШИТЕ ПО ДЕЛУ-ВЕРНУ ЗВЕЗДЫ ЗА СОО😁 ЕСЛИ Я ЧТО ТО ВЫИГРАЛ, ТО АДМИНАМ КАНАЛА ИЛИ ТЕМ КТО СКАЖЕТ ВЕРНУ ЗВЕЗДЫ🔥;Telegram;https://t.me/Kytaro_76;Kytaro_76;snoop;;;"auto_label: exact Telegram username; synthetic_negative: account copied from user_id=1876991613"
0;;synthetic_different_person;1876991613;Kytaro;Kytaro_76;;GitHub;https://www.github.com/sknkhnt42;sknkhnt42;snoop;;;"auto_label: high-confidence exact username on reliable site; synthetic_negative: account copied from user_id=1877269996"
0;;synthetic_different_person;1877269996;. ᯏ B🅴NZZO;sknkhnt42;It's hard to place in my face no emotion;Telegram;https://t.me/pepsico6437;pepsico6437;snoop;;;"auto_label: high-confidence exact username on reliable site; synthetic_negative: account copied from user_id=1907429629"
0;;synthetic_different_person;1877269996;. ᯏ B🅴NZZO;sknkhnt42;It's hard to place in my face no emotion;Telegram;https://t.me/pepsico6437;pepsico6437;snoop;;;"auto_label: exact Telegram username; synthetic_negative: account copied from user_id=1907429629"
0;;synthetic_different_person;1907429629;../^pepSic0 `` #𝘬𝘪𝘴𝘴𝘭𝘢𝘬𝘬;pepsico6437;;Telegram;https://t.me/lanrenss;lanrenss;snoop;;;"auto_label: high-confidence exact username on reliable site; synthetic_negative: account copied from user_id=1916461427"
0;;synthetic_different_person;1916461427;лана;lanrenss;заставляет жить меня этот день;Telegram;https://t.me/S3R3N1T1;S3R3N1T1;snoop;;;"auto_label: exact Telegram username; synthetic_negative: account copied from user_id=1934462859"
0;;synthetic_different_person;1934462859;﹫𝘚𝘦𝘳𝘦𝘯𝘪𝘵𝘺;S3R3N1T1;⌫︎ ︎ ︎𝒩 𝑜, 𝑖 𝑑꯭𝑜𝑛꯭'𝑡 𝑤𝑎𝑛𝑛𝑎 𝑓𝑎𝑙𝑙 𝑖𝑛 𝒍𝒐𝒗𝒆 . .;Telegram;https://t.me/nastixqwx;nastixqwx;snoop;;;"auto_label: exact Telegram username; synthetic_negative: account copied from user_id=1946517209"
0;;synthetic_different_person;1946517209;𝘯𝘢𝘴𝘵𝘪𝘬𝘲𝘸𝘹;nastixqwx;НФТ НЕ ПРОДАЮ❗;Telegram;https://t.me/azuxsss;azuxsss;snoop;;;"auto_label: exact Telegram username; synthetic_negative: account copied from user_id=1970948015"
