user_id;first_name;username;bio;photo_path;group_name
170063;Andrey;Surzhikov;разработчик софта в эмиграции, работы: https://surzh.com;avatars/170063.jpg;laravel_pro
219916;Kirill;alaevka;💻Fullstack web developer;avatars/219916.jpg;laravel_pro
552804;Evgenii;perin;AI First Developer | Team Lead;avatars/552804.jpg;laravel_pro
562600;Anton;ontoho;;;laravel_pro
615917;Vitaly;vitaliyMoc;;;laravel_pro
623112;엑시;exeypan;Exey Panteleev. Software Architect, Tech Enthusiast & Digital Artist. Vaporwave aesthete. github.com/exey;avatars/623112.jpg;tproger_chat
724520;Andrew;andrewganja;;avatars/724520.jpg;laravel_pro
1135960;Alexander;FZambia;;avatars/1135960.jpg;laravel_pro
1658909;იგორ;IgorFinagin;👶 32 y.o. 💻 The head of department of individual #IT solutions 🐶 Staffs lover #development #programming;avatars/1658909.jpg;laravel_pro
1796282;Kirill;Ph0en1x_wrc;;avatars/1796282.jpg;tproger_chat
3040228;wzk;q3wzeck;No-one may build their happiness on another's pain.;avatars/3040228.jpg;laravel_pro
4627228;Denis;DenisIzmaylov;www.axept.com 👉 Заказная разработка качественных программных продуктов;avatars/4627228.jpg;devops_ru
20902928;Igor;vdroog;Product Designer @ DECTA ⇢ self-aware AI ⌥ 768 Y/O;avatars/20902928.jpg;figmachat
21752120;Дмитрий;Med1c84;Backend Lead;avatars/21752120.jpg;laravel_pro
22616448;Виктор;vandesign;zendesigner, design system tengu @ Ozon;avatars/22616448.jpg;figmachat
22699136;Danila;basketbull04;Head of Backend AGIMA;avatars/22699136.jpg;laravel_pro
23509434;Андрей;adubrowskiy;Создал feelifun и chocolate promotion.;;laravel_pro
24664328;Evgeniy;KuvshinovEE;;avatars/24664328.jpg;laravel_pro
28384696;Surzzik;Surzzik_teg;;avatars/28384696.jpg;andrewgiftschat
31881101;Ivan;MrFallen;Persona non grata;avatars/31881101.jpg;laravel_pro
36787230;Maxim;vukuze;;;laravel_pro
40926574;Ovsep;Ovsep;;avatars/40926574.jpg;laravel_pro
43362802;Alibek;alibekam;;avatars/43362802.jpg;tproger_chat
45384143;Kostya;kest61;;;tproger_chat
45687867;Andrey;zloykaban;;;devops_ru
45889205;Ildar;ildar_kkk;;;laravel_pro
48233544;Саша;okunev;Продуктовый дизайнер, лид команды дизайн-системы в крупном финтехе Казахстана. Автор @slashdesigner. Также веду личный канал @okunevlive.;avatars/48233544.jpg;figmachat
50931211;D;sirotind;;avatars/50931211.jpg;laravel_pro
51238287;Julia;Julia_Band;PM @Yandex RideTech | 📍🇷🇸 | #IAmRemarkable facilitator;;tproger_chat
51274698;Даниил;ternitko;;;tproger_chat
51848647;Архив;M_pashka_archive;Сменил аккаунт. Пишите на @m_pashka;avatars/51848647.jpg;tproger_chat
53415994;Ilya;ilya189;;;laravel_pro
53465397;🅰️nimeCoder;AniCoder;🍊NodeJS developer, enthusiast | animehaze.me | opengram.dev | Love pizza & anime girls |🪄 Author @anilibrix_plus |⚡️ Like what I do? Donate!;avatars/53465397.jpg;laravel_pro
53864087;Ivan;Wizard85;Зачем-то сделал свой канал с умными и не очень мыслями https://t.me/dev_ideas;avatars/53864087.jpg;laravel_pro
54117015;Oleg;Metkie;;avatars/54117015.jpg;laravel_pro
55813776;Vlad;;;avatars/55813776.jpg;laravel_pro
56160446;Vitaliy;venuko;🛠 разработка сайтов;;laravel_pro
56470470;Vadim;vadimuxb;Геймер в ремиссии. Играю в жизнь без респаунов;avatars/56470470.jpg;laravel_pro
58343397;Степан;nezabor;CIO информационной интеграции в будущее. Зачем?🧐;avatars/58343397.jpg;laravel_pro
59878659;;;;;python_ru
60462179;~MAX 2;yiRixzP5LFphbMT;;;andrewgiftschat
60974656;;;;;rabota_chaty1
62491758;ᛉᛜ₭ᗗ;nullyoka;19 января 2038 @cirnobaka_bot;avatars/62491758.jpg;laravel_pro
63548043;Egor;jkhtdg13;;;laravel_pro
63659269;Konstantin;MihaKot;;;laravel_pro
63824660;gg;unskilledgoat;;;laravel_pro
66327043;Dmitriy;swdmi;;;tproger_chat
68363220;Aleksei;InsanusMokrassar;Kotlin developer, author of @ktgbotapi;avatars/68363220.jpg;tproger_chat
71376138;Сергей;Malyshev_Ser;;;laravel_pro
71643004;CodeLBK;codelbk;;;laravel_pro
75942726;Antony;fluffysaurrex;30, пограмист;;laravel_pro
76364948;Mr.;dkhalmatov;;;laravel_pro
77829010;عبد الله;notforeverybody;;;laravel_pro
78042146;MSD;Osmedved;Инфлюенсер x10 pro 8d блогер летчик и судостроитель.Профессиональный шахматист, конькобежец, спец в отношениях, таролог в 9 поколении;;laravel_pro
80131356;Brz495;Brz495;;avatars/80131356.jpg;laravel_pro
80177598;Artur;quoterman;Teamlead zen.car | innopolis;avatars/80177598.jpg;tproger_chat
81156414;4;devphp9;;avatars/81156414.jpg;laravel_pro
81284794;Alex;Bioforce;;avatars/81284794.jpg;laravel_pro
81630909;Алексей;alloself;Senior Frontend Developer;avatars/81630909.jpg;laravel_pro
81760592;Johny;DonnyJokes;Magic Works;avatars/81760592.jpg;tproger_chat
82001366;Rustam;TrubnikovRustam;;avatars/82001366.jpg;laravel_pro
86211780;Eugeny;;;avatars/86211780.jpg;laravel_pro
89706009;Alexandr;a_kuzminsky;;;laravel_pro
90390537;Konstantin;streeboga;eq.team | Эквитим – Агентство заказной разработки. Усиливаем продуктовые команды Аутсорс/Аутстафф Laravel/Vue/1C.;avatars/90390537.jpg;laravel_pro
90808333;Mila;Mimimimila;HR manager in the past 💁🏽‍♀️ Angular frontend developer now 👩🏽‍💻;avatars/90808333.jpg;tproger_chat
91137551;Maksim;s17490;;avatars/91137551.jpg;laravel_pro
92310021;Dezmont;dezmonter;;;laravel_pro
92421972;Anatoly;Lonewolfkaz;Соединяю точки в финтехе. Пишу на канале @io_parlo;avatars/92421972.jpg;figmachat
92747120;vxthr;vxthr;23 y.o. designer from San Francisco;;laravel_pro
93774526;Владислав;termitFOvlad;IT+Industry. Цифровизирую промышленность в РФ. Подробнее: RichBee.ru / Cifra.ai;;laravel_pro
94898806;Edmi;Edmik;Человек-погромист;avatars/94898806.jpg;laravel_pro
95859984;🔥Artem;ArtemServisTech;Веб-разработка, создания сайтов, ремонт компьютеров и ноутбуков.;avatars/95859984.jpg;tproger_chat
95885478;ㅤ;aghjkaa;;;andrewgiftschat
97154162;Artur;BAGArt;;avatars/97154162.jpg;laravel_pro
97947791;Vadim;itlogunov;;avatars/97947791.jpg;laravel_pro
100156918;HD.;kivisaur;;;laravel_pro
100506050;Mikhail;shilov_pro;;avatars/100506050.jpg;laravel_pro
106388500;Alex;Nitromoon;;avatars/106388500.jpg;laravel_pro
108449697;evgeniy;evgen02;;;laravel_pro
112865662;Владислав;vbatalov;@fgislk;avatars/112865662.jpg;laravel_pro
113937294;Зеленоградец;trushman;;;laravel_pro
114030502;Konstantin N.;vkn_n;;;laravel_pro
114099198;Дима;dimaboro;Разработчик телеграм ботов;avatars/114099198.jpg;figmachat
114990109;Gleb;;;avatars/114990109.jpg;laravel_pro
115272756;Vladimir;LeMaX10;;avatars/115272756.jpg;laravel_pro
116219658;Daniil;zobov;;avatars/116219658.jpg;laravel_pro
116849700;Ilkhom;Ily23L;;avatars/116849700.jpg;laravel_pro
118266693;Marat;marat256;https://amerov.xyz;avatars/118266693.jpg;laravel_pro
118499877;Aleksandr;JuizZzy;;avatars/118499877.jpg;laravel_pro
120397006;Eugene - 2cubes;order2cubes;;avatars/120397006.jpg;laravel_pro
122612055;Andre;x_malder;;;laravel_pro
123464328;Kirill;k_sharonov;;avatars/123464328.jpg;laravel_pro
125483164;Ivan;QNoir;t.me/s/qwertynoir;avatars/125483164.jpg;python_ru
126680651;Kiss My Backend;kiss_my_backend;ロシア;avatars/126680651.jpg;laravel_pro
127328212;Andrey;ankovalev;Product designer, DS Ozon;avatars/127328212.jpg;figmachat
130050950;Савик;airfreeon;;avatars/130050950.jpg;laravel_pro
131225185;Igor;igorweb;;avatars/131225185.jpg;laravel_pro
131429262;Сергей;Plutonium244;;;laravel_pro
131779045;Daniel;onokonem;;avatars/131779045.jpg;devops_ru
131937508;Андрей;brainhook;;;tproger_chat
132104423;Kirill;kirbak;;;laravel_pro
133448719;gous32;gous32;NaN;avatars/133448719.jpg;tproger_chat
133858837;Anna;angie525;;;laravel_pro
136305005;Ivan;Ivanreptiloid;;avatars/136305005.jpg;laravel_pro
138603239;Vladimir;PHProger;Back-end Team Lead;avatars/138603239.jpg;laravel_pro
138729475;Dean;deanrie;Full-stack Developer × AI Expert × Designer, Currently part of the team at Cursor | https://x.com/dean_rie | dean@anysphere.co;avatars/138729475.jpg;figmachat
140315848;Alexander;morfin60;;avatars/140315848.jpg;laravel_pro
141930451;Shustry;Forcreative;Скайрим для нордов!;avatars/141930451.jpg;figmachat
145342270;Evgeniy;ThodinBizzz;;;laravel_pro
147751504;Andrew;Andrew_Woznyak;;avatars/147751504.jpg;laravel_pro
148699813;Artsiom;Eitarg;;;tproger_chat
150465936;Maxim;Russi4nBe4r;;avatars/150465936.jpg;laravel_pro
152537474;Oleg;infinti3000;;avatars/152537474.jpg;laravel_pro
152978891;Yuliia;yuliia_8701;;avatars/152978891.jpg;laravel_pro
153234752;Artem;tema_n;;;laravel_pro
154349618;VLADIMIR;xround2303;;avatars/154349618.jpg;laravel_pro
155301810;Евгений;orlov_one;Дракарис — и точка.;avatars/155301810.jpg;laravel_pro
156121703;Tsokto;tsokto;;avatars/156121703.jpg;tproger_chat
158769334;BodrovMyPrio;BodrovMyPrio;Создаю и созерцаю;;laravel_pro
160237348;Andrew;pan_russian;Not according to plan. Full astern!;avatars/160237348.jpg;laravel_pro
160903060;myxa95;myxa95;;;tproger_chat
162566331;Mike;karpenkom;;avatars/162566331.jpg;tproger_chat
163338732;Artem;art3330;;;laravel_pro
164046151;Maxim (БЖ);DukeBJ;Решаю сложные задачи в вебе. TechLead backend/frontend в Melke. Laravel, Vue, AI, DevOps;avatars/164046151.jpg;laravel_pro
166448128;Sergey;sergsmirnoff;https://t.me/aseregagovorit;;laravel_pro
166991890;twent;tw8nt;—;;laravel_pro
167280173;Андрей;devprofi_andrey;;avatars/167280173.jpg;tproger_chat
168048474;Олег;Wemonsh;;;laravel_pro
168406277;Anton;antonosipoff;;avatars/168406277.jpg;laravel_pro
169288831;Ramiz;kongulov;Senior PHP Developer | kongulov.dev;avatars/169288831.jpg;laravel_pro
172258202;Killua;S2lsbHVh;;avatars/172258202.jpg;python_ru
173043897;Lenar;tampanian;;;laravel_pro
174418570;Aleksandr;Panteleev_Aleksandr;;avatars/174418570.jpg;tproger_chat
175754334;Пантелеев;arturpanteleev;instagram.com/panteleev.artur | linkedin.com/in/arturpanteleev;avatars/175754334.jpg;laravel_pro
177438540;Kristina Kr1kA;Kr1kA;Yandex Alice&SmartHome QA Head;avatars/177438540.jpg;tproger_chat
177803191;Denis;bBars;;;tproger_chat
177969011;Liman;laragrad;;avatars/177969011.jpg;laravel_pro
178726536;Cat;alonecat81;🧑‍💻;;laravel_pro
179086748;Aleksey;leksiam;There are so many beautiful reasons to be happy!;avatars/179086748.jpg;tproger_chat
182454076;Артём;artemio_6_6;;;laravel_pro
184941594;k0er;UrAdsHere;;;laravel_pro
185313731;paltovkone;paltovkone;;avatars/185313731.jpg;laravel_pro
186093823;Андрей;easyitomsk;Подписывайтесь на канал - про PHP и путь к Senior @middle_not_final;avatars/186093823.jpg;laravel_pro
186153462;Fedor;fmakareev;;;tproger_chat
186607532;Sergey;kaaaalinin;;avatars/186607532.jpg;laravel_pro
188215278;Ellina;Ellinapsy;I’m an IT HR. We’ll dance again…;;laravel_pro
188554521;Алексей;AlexeyAmmina;;;laravel_pro
188882743;V;Bond_79;;;laravel_pro
189386448;RR;rrkia;;avatars/189386448.jpg;tproger_chat
189441951;Данил;dtkweb;;;laravel_pro
193001220;mailfox;mailfox;# sudo apt-get install war;avatars/193001220.jpg;laravel_pro
193032875;Aleksandr;gustoase;;avatars/193032875.jpg;laravel_pro
193471607;Realay;Rialbat;;avatars/193471607.jpg;tproger_chat
194728629;Андрей;GarretNowak;;avatars/194728629.jpg;laravel_pro
199334122;Alexey;alexeyrybak;DevHands.io - R&D and Educational Programs: large-scale, distributed systems, performance, databases etc. Tech channel: @rybakalexey.;avatars/199334122.jpg;laravel_pro
199971942;lngd;longdeer;;avatars/199971942.jpg;tproger_chat
200129190;Alex;AlexSokolskikh;;avatars/200129190.jpg;laravel_pro
200235414;Ilya;iomarchenko;;avatars/200235414.jpg;laravel_pro
200625009;Evgeny;solovevEvgeny;;avatars/200625009.jpg;laravel_pro
201041821;SULA;Mr_Web_Ai;;avatars/201041821.jpg;tproger_chat
202912457;Maxim;tresk;https://tresksites.ru;avatars/202912457.jpg;laravel_pro
202938502;Эд;wonderful_ed;;avatars/202938502.jpg;tproger_chat
203746208;Murad;guzhaev;https://galeon-studio.ru;avatars/203746208.jpg;laravel_pro
204071391;Андрей;master7rank;Stack Overflow oriented programmer;;tproger_chat
204155848;Andreev;a822102;;avatars/204155848.jpg;laravel_pro
207074415;Alexey;livalex;;avatars/207074415.jpg;laravel_pro
207183305;Рашид;rashidDjam;;;laravel_pro
207355229;Sergey;vizdrag;;avatars/207355229.jpg;devops_ru
208056518;Ivan;Libre_cat;;avatars/208056518.jpg;laravel_pro
208097218;Sasha;sashabeep;ⓘ More info available with Telegram Premium subscription;avatars/208097218.jpg;laravel_pro
208129848;Andrey;chumric;;avatars/208129848.jpg;laravel_pro
208998397;Arrt;Sioeiehvbshsyyrhvvfppph;Безвременье. Длится февраль. На удобрения. Вся старая мораль.;;tproger_chat
209228870;Liubov;fluiktuacia;;;tproger_chat
209364668;"&nbsp;";hairy_heel;Пробел;;laravel_pro
209681371;Віталій;;;;tproger_chat
210944655;Combot;combot;The best community management service for Telegram. Moderation, analytics, triggers, etc.;avatars/210944655.jpg;tproger_chat
211849968;Seth;t0ptyg;;avatars/211849968.jpg;laravel_pro
212329311;Dmitry;net_inet;Разработка сайтов и продвижение в Яндекс и Google под ключ. Пишите;;laravel_pro
213092028;*TT;lenar_aga;;avatars/213092028.jpg;laravel_pro
214184484;вик & hm;offwick;@ohuenko_stenka / @OHUENKOchat / @spokoynich / lock in;avatars/214184484.jpg;andrewgiftschat
214209025;Tony;sergeich5;Комната окутана сладким дымом;avatars/214209025.jpg;laravel_pro
214587059;Николай;CptRyuuji;;;laravel_pro
214618641;Aleh;Shodol;;avatars/214618641.jpg;laravel_pro
214926927;Aleksandr;Aleksandr_Skachkov;;avatars/214926927.jpg;laravel_pro
217073596;Luka;LukaSolncev;LukaSolncev;;laravel_pro
218234134;Саша;AleksanderSmirnov;;avatars/218234134.jpg;laravel_pro
219448726;imEx3mm;ImEx3mm;Ты живёшь как карта ляжет, я живу как Таня скажет!!!;avatars/219448726.jpg;laravel_pro
219792703;Mr;vitla6;;avatars/219792703.jpg;python_ru
220011653;GX.;;;avatars/220011653.jpg;laravel_pro
223444618;Vardges;vaka_93;;avatars/223444618.jpg;laravel_pro
224759229;Katherine;heykatariina;;avatars/224759229.jpg;andrewgiftschat
228202363;Glyuk_Skovorodkin;Glyuksz;;;laravel_pro
228770728;Костя;dev_kon;23 y.o. designer from San Francisco;;laravel_pro
229412810;Alexey;lolkeksey;;;laravel_pro
230998138;Nabster;nabster_ilias;;;laravel_pro
231537266;Рафаэль;JolySpink;;;laravel_pro
231997500;Lex;vildulv;I stuck to my promises, what goes around comes around.;;laravel_pro
232932415;Олег;Oleg_Gur;;;tproger_chat
232966793;Alexey;Alexeybychkov;Дизайнер, блогер;avatars/232966793.jpg;figmachat
233992019;Константин;konstantin_agafonov;github.com/konstantin-agafonov youtube.com/@konstantin.agafonov;;laravel_pro
234204615;Dmitriy;add_new_username;;;laravel_pro
236162056;Даниил;lviobio;Крякнем, плюнем и надёжно склеим скотчем! Backend dev;avatars/236162056.jpg;tproger_chat
236435037;Илья;BalTun7;https://me.baltun7.ru;avatars/236435037.jpg;laravel_pro
237947318;Alexander;Injker;;;tproger_chat
240037569;Andrew🇺🇦;Ordos_third;Another bird flew away;avatars/240037569.jpg;laravel_pro
240674924;N;nickShkit;;;laravel_pro
242125063;Иван;mrakoff;;avatars/242125063.jpg;laravel_pro
244560995;bogus;bogusbd;;;laravel_pro
244840723;Rikka;Rikka_Bot;Multipurpose bot. Use /help for commands list.;avatars/244840723.jpg;andrewgiftschat
246852341;Ivan;ivan_zhuck;Pronouns: евойный/ихний. Делаю сайты для медиа: https://izhuck.ru;avatars/246852341.jpg;laravel_pro
247054323;Андрей;andranikdev;CTO @ Vegas Studio: https://vegas-dev.com;avatars/247054323.jpg;laravel_pro
248320835;BeeKeeper;aurgenblick;;;tproger_chat
249273089;Рафаэль;RafaVivat;Frontend Lead;avatars/249273089.jpg;laravel_pro
250173630;.;null_master;;avatars/250173630.jpg;tproger_chat
251864588;Alexander;docharly;;;tproger_chat
254720708;Кирилл;KiShkola;Frontend developer;;tproger_chat
254911485;RL;Inmago;Думаю, мне пора стать сумасшедшим лесным существом;avatars/254911485.jpg;tproger_chat
255930949;Андрей;andre9w;*оригинальная цитата великого человека*;avatars/255930949.jpg;tproger_chat
256245646;Дмитрий;dimitr_io;Backend engineer;avatars/256245646.jpg;laravel_pro
257941807;Роман;webds_roman;Team WebDS - your partner in digital business transformation.;avatars/257941807.jpg;laravel_pro
258930454;Raim;raimshaykh;Suit Up!;avatars/258930454.jpg;figmachat
259632257;Aleksey;wsw777;;avatars/259632257.jpg;tproger_chat
260557508;zyto;zyttto;@iteaha - айтишный юмор и мемы;avatars/260557508.jpg;laravel_pro
261543152;Alexander;Alex_Panzhar;;;laravel_pro
262026427;Константин 🐥;KostyaGPT;Любые подробности, например: возраст, род занятий или город.;avatars/262026427.jpg;tproger_chat
262827248;Maxim;zhuravlenko2555dev;Christian, web developer;avatars/262827248.jpg;laravel_pro
264896942;Vitaly;serovvitaly;;;laravel_pro
265645173;Zavernite;Zavernitte;;;laravel_pro
266627663;Nik;am0nshi;@uu_calgary - Українське ком'юніті міста Калгарі. Повага та взаємопоміч.;avatars/266627663.jpg;laravel_pro
269192662;Nikita;pr_code;;avatars/269192662.jpg;laravel_pro
269256673;Alexey;SelivanovAlexey;;avatars/269256673.jpg;tproger_chat
269334738;Alexander;nanocatr;;avatars/269334738.jpg;tproger_chat
269530936;Равиль;no_fuhrer_around;;avatars/269530936.jpg;laravel_pro
269776844;Bogdan;WindowsMod;;;laravel_pro
270706163;S;;;avatars/270706163.jpg;tproger_chat
270734980;Хайбула;musaevhs;;avatars/270734980.jpg;laravel_pro
271367148;Valik;CardinaLiv;;;laravel_pro
271674933;Vladimir;Muumba;Взрослых людей не бывает! Их просто нет! Их просто нет!;avatars/271674933.jpg;laravel_pro
272039624;Максим;maksimepikhin;Working as php programmer. Hobby: walking in forest.;avatars/272039624.jpg;laravel_pro
273381322;Александр;qaweedsqq;;;laravel_pro
274483640;Vladislav;stick_qwe;Уверенный пользователь ПК stick.sh;avatars/274483640.jpg;laravel_pro
274520754;Andrey;zun010;Unity C# developer;avatars/274520754.jpg;tproger_chat
275339682;Павел;puspenskiy;;;laravel_pro
275428732;Anton;RedRain_msk;;avatars/275428732.jpg;tproger_chat
276266930;Alexey;mag_coder;Game Dev;;tproger_chat
277446371;Vasiliy;Crafter76;AQA;avatars/277446371.jpg;tproger_chat
278005089;Ilya;ilya_lsn;Мастер спорта по прокрастинации;avatars/278005089.jpg;tproger_chat
278703070;Михаил;bogdanovmikhail;https://t.me/demagog_vida;avatars/278703070.jpg;laravel_pro
279286091;Роман;r_kondrashov;https://t.me/tops_and_roots;avatars/279286091.jpg;laravel_pro
280337917;Mikhail;mzhim;;avatars/280337917.jpg;tproger_chat
280663903;Леонид;leolnid;Tech Lead, Fullstack (TS, Laravel), amoCRM, Moscow\Spb\NN. makeROI.;;laravel_pro
281541666;Noname;levenets_d;;;laravel_pro
283751681;Pavel;Stake1988;;avatars/283751681.jpg;laravel_pro
285020971;Кирилл;kiruhino;;avatars/285020971.jpg;laravel_pro
285177829;Max;maxarma;;avatars/285177829.jpg;laravel_pro
285341430;Neo;LaravelMoscow;;;laravel_pro
285494755;Ivan;vespre;php developer;;laravel_pro
286599949;Dazhe;vadim_dazhe;;avatars/286599949.jpg;laravel_pro
286629214;Oleksandr;;;avatars/286629214.jpg;laravel_pro
286955876;𝚕𝚊𝚗𝚊;Definitely_Yo;Pourquoi tout le monde me confond avec toi ?🃏;avatars/286955876.jpg;andrewgiftschat
287785962;Denis;zede1697;Пишу про код: https://t.me/zede_code и про vue https://t.me/vueist;avatars/287785962.jpg;laravel_pro
287832041;Evgenii;evgenii_grekov;;avatars/287832041.jpg;laravel_pro
288448672;Andrei;exians;;avatars/288448672.jpg;laravel_pro
289096368;Sergey;SergeyChalbyshev;;avatars/289096368.jpg;tproger_chat
289166899;Anton;Extrabash;СтарыйСтайл RockRamps;avatars/289166899.jpg;laravel_pro
289399676;Richard;Nearonea;Got stuck in oblivion;avatars/289399676.jpg;laravel_pro
289640704;Gleb;zyumbik;💬 @gleb_sexy 🌏 https://gleb.sexy ❤️ Design, code, keyboards, skiing, 3D printing, birdwatching;avatars/289640704.jpg;figmachat
291618635;lincv;lincv;;;tproger_chat
292433639;Dana;strangeThings16;so strange ......;avatars/292433639.jpg;tproger_chat
295104132;Карина;KarinaPonomareva;;avatars/295104132.jpg;andrewgiftschat
296049312;moorsiek;moorsiek;;avatars/296049312.jpg;laravel_pro
296385715;Katerina;katyamali;;avatars/296385715.jpg;tproger_chat
297025568;Vitaly;LarinVitaliy;;;laravel_pro
298752282;Denis;;;avatars/298752282.jpg;figmachat
300695310;Georgy;Vireli;;;laravel_pro
301889725;-=Acanthis=-;acanthis;;;laravel_pro
302418806;Главный;glavadm;"Руководитель ИТ-компании ""Главный Администратор""";;laravel_pro
302831661;Богдан;rbogdan_krd;;avatars/302831661.jpg;laravel_pro
304391760;GSU;Resident234;Back-end Developer;avatars/304391760.jpg;tproger_chat
304481092;Vlad;merz97;;;laravel_pro
304923727;Maxim;maximdk;;;laravel_pro
305327469;Евгений;engenes;Веб-разработчик;avatars/305327469.jpg;laravel_pro
305487175;Владимир;smithcoder;;avatars/305487175.jpg;tproger_chat
305495199;Андрей;kolombodev;;;laravel_pro
307249726;KGM;fh_kgm;Data Scientist/Data Engineer;;tproger_chat
308839616;Evgenij;rezonov;;;laravel_pro
311332158;Basir;bvseer;Быть, а не казаться;;laravel_pro
312051742;Darth Vader;lory387;sudo rm -rf /* :);avatars/312051742.jpg;laravel_pro
312355810;Veronika;Veronika_Valer;;;tproger_chat
313144535;Сергей;sergeperekhodov;;;laravel_pro
313192585;Иван;kek_ivanovich;Backend developer 🦍;avatars/313192585.jpg;laravel_pro
313741177;Vladimir;web1791;https://dekatreis.ru;avatars/313741177.jpg;laravel_pro
313801171;Roman;rsdavydov;;;laravel_pro
314706119;Vladimir;playerro;Канал - https://t.me/+-SNTwdXjuAFkYjIy;;laravel_pro
316376982;Taras;ITaras;🌙;;laravel_pro
316674941;Semen;s_koshe;;;tproger_chat
317156615;Max;fronterbest;;avatars/317156615.jpg;laravel_pro
317310372;Andrey;amanzadey;Я тут время увидел;;laravel_pro
317506412;Ростислав;RostislavMog;;avatars/317506412.jpg;laravel_pro
317730029;Ilya;Ilya_Tech;;;laravel_pro
318233314;Антон;a_zhary;Основатель ATHEMIX.ru | Full-stack разработчик;avatars/318233314.jpg;laravel_pro
318309711;Mikhail;inlovewetrust1;;avatars/318309711.jpg;laravel_pro
318961377;Lenar S;lex_88;🚀 Продвижение и автоматизация бизнеса, cv инженер, AI-боты и мобильные приложения;avatars/318961377.jpg;python_ru
319198025;MR;mrmahoni;;;laravel_pro
320178767;autovag;Autovag;Автозапчасти для иномарок;avatars/320178767.jpg;python_ru
320344258;Антон;AnthonyWithChocolate;;avatars/320344258.jpg;tproger_chat
320358098;Михаил;Cryptograf319;;avatars/320358098.jpg;tproger_chat
320812148;Керим;keep_forward;;;laravel_pro
321055207;Миша;isovichok;;;tproger_chat
322437577;Tilek;tilekkubanov;;;laravel_pro
322636769;Alex;Bushlanov;;;laravel_pro
322780831;Daniel;danieldan0;;avatars/322780831.jpg;tproger_chat
322925308;Ivan;tegos_ivan;;avatars/322925308.jpg;laravel_pro
323957077;Vladislav;khudyakv;CEO Spot | 15 лет разработки за спиной. Личные кабинеты, боты, веб-сервисы и CRM-системы. wespot.ru Конструктор колес фортуны @spot_spin_bot;avatars/323957077.jpg;laravel_pro
324232765;Dim;rakavakafo;;avatars/324232765.jpg;laravel_pro
325827855;Вадим;midav1991;;avatars/325827855.jpg;laravel_pro
326663977;Alina;lady_lin66;;;laravel_pro
327921702;Sergei;sega_genesis0;;avatars/327921702.jpg;laravel_pro
328916063;Евгений;essshevelev;;avatars/328916063.jpg;laravel_pro
329058679;Cyber;cout_cyber_flux;;avatars/329058679.jpg;laravel_pro
329125252;Димитрий;dimalebid;;;laravel_pro
329608394;Аleksandr;cuteweb_ru;Разработка и поддержка веб-ресурсов с 9 до 17 t.me/cutewebbot?startapp;avatars/329608394.jpg;laravel_pro
330693686;Oleksii;lexspeedkb;IT solutions for your business;avatars/330693686.jpg;tproger_chat
331084095;Сёма;Raytmemm;;avatars/331084095.jpg;laravel_pro
331161244;Владимир Макаров;valdemarmakarov;Известная личность в кругах столицы,умею делать деньги Вдохновитель🐱;avatars/331161244.jpg;tproger_chat
331918004;Alexandr;;;;laravel_pro
332459776;Николай Птицын;NickPtic;\_(- -)_/;avatars/332459776.jpg;tproger_chat
332656662;Кирилл;kirillovkv;;;laravel_pro
333547041;nabikha1501;alone1501;;;andrewgiftschat
334761683;Elena;ellarri88;;avatars/334761683.jpg;tproger_chat
336098460;Рафаэль;rafweb;;avatars/336098460.jpg;laravel_pro
336685666;Сергей;nuzhnov_sv;Webarium.ru Делаем: сайты, CRM, ERP, телеграмм боты;avatars/336685666.jpg;laravel_pro
336893588;Владимир;pr26svn;php, bitrix,sql, Омск;avatars/336893588.jpg;laravel_pro
336903139;Andrei;bearlogin;Тот самый канал про хокку t.me/devs_hokku Пещера вокалиста https://t.me/+ubgV0fkOiAg2MmQy;avatars/336903139.jpg;laravel_pro
337617490;Mezinn;mezinn;;;laravel_pro
338174127;Nikita;yo_0wl;Backend developer from Yo;avatars/338174127.jpg;laravel_pro
339163158;Max;brendi211;;;laravel_pro
339786980;Oleg;WellD0ne;;avatars/339786980.jpg;laravel_pro
339790930;Vladislav;catferq;-;;laravel_pro
340252537;Morra Вячеслав;morrawind;;avatars/340252537.jpg;laravel_pro
340927746;ARCHY;AR_ROC;;avatars/340927746.jpg;tproger_chat
341605687;Artur;polontepla;the best in life awaits on the other side of fear;avatars/341605687.jpg;laravel_pro
341654113;Сайфиддин;s_83_97;;;laravel_pro
343243082;Hanna;ginger_fisch;🍊 SEO | PBN | CONTENT CREATOR | married;;tproger_chat
343387135;tsar;Faker_true;;;laravel_pro
343422283;Goo;GooHunter;;;laravel_pro
343522369;Анна;mjfewifo;;;laravel_pro
343607469;💙💛;insanemur;;;laravel_pro
344308832;👾🅅🄴🅁🅂🄰4🅄👾;versa4u;.;avatars/344308832.jpg;laravel_pro
346639896;Konstantin;bratischev;;avatars/346639896.jpg;laravel_pro
346878189;Dmitry;SNuSNuMR;;avatars/346878189.jpg;laravel_pro
347034164;Ihor;ihor_mak_27;;;tproger_chat
348218254;Константин Михайлов;MikhailovKI;Backend developer;avatars/348218254.jpg;laravel_pro
348706483;Alexander;alexsevas;;;tproger_chat
348863707;Александр;alshimarov;;avatars/348863707.jpg;laravel_pro
349010632;Andrey;andrewdanilov;PHP, Yii2 community @danilovcodechat, https://github.com/andrewdanilov;avatars/349010632.jpg;laravel_pro
349124583;Roma;KhmelRom;diseñador @ tabby • khmelev.me • @khmlvdsn • @amid_silence • linkedin.com/in/khmelrom;avatars/349124583.jpg;figmachat
349267884;Максим Костянтинович;mad_boar_max;;avatars/349267884.jpg;laravel_pro
351875517;Vitaliy;;;avatars/351875517.jpg;laravel_pro
352484294;Vadym;Vadym_Happy;;avatars/352484294.jpg;laravel_pro
353260180;Andrey;andreyleo7;;;laravel_pro
353411869;...;sometext001;;;laravel_pro
353513328;Andrey;web_folez;Web-Developer, backend, frontend 👨🏻‍💻;avatars/353513328.jpg;laravel_pro
353799531;Maxim;ipatov_maxim;Product Design Lead из Яндекса, ex. Авито. Пишу про продуктовый дизайн @design_to_product;avatars/353799531.jpg;tproger_chat
355866373;Dio;helegven;;;tproger_chat
355919981;Ravshan;ravshan014;23 y.o. Senior Software Engineer (PHP/Go);avatars/355919981.jpg;laravel_pro
357398271;Moss;moss_maurice;;;laravel_pro
359773633;Denis 🐍|👑;;renault twingo: https://youtu.be/9nJtXiK7bPk | oregairu is actually a masterpiece... | last braincell: youtu.be/ZsNW9bTfjwE?t=46;avatars/359773633.jpg;tproger_chat
360209578;Сергей СБ;phpcatcom;Приватизациягаража.рф / Программирую в php-cat.com;avatars/360209578.jpg;laravel_pro
360581609;Paul;OctoPaul;;avatars/360581609.jpg;laravel_pro
360818724;Sergej;;;;laravel_pro
362569008;Николай;SmaikIn;Live free or die;avatars/362569008.jpg;laravel_pro
362778737;Алексей;Tukytuk;;avatars/362778737.jpg;laravel_pro
365554628;Великолепный;nakasukapososika;Приятный мужчина в самом расцвете лет;avatars/365554628.jpg;andrewgiftschat
365734990;Alexandr;Yagovskiy;;;andrewgiftschat
365943630;Cuba;Cicada_3303;Growth Hacker;avatars/365943630.jpg;tproger_chat
366649482;Елизавета;overdrive404;;;laravel_pro
367483142;Ir_;Irgigi;;avatars/367483142.jpg;tproger_chat
369680838;Касся;CassiopeyTiff;;avatars/369680838.jpg;tproger_chat
370153545;Matvey;Miristudy;;;laravel_pro
370196177;Владимир;VVBphp;PHP-программист;avatars/370196177.jpg;laravel_pro
371295102;merk;merk26;;avatars/371295102.jpg;laravel_pro
371519970;Suleiman;GoDevelopment;Engineer Software;avatars/371519970.jpg;laravel_pro
372024780;Yevhen;;;;laravel_pro
372735173;Pavlo;pasha000111;;;tproger_chat
373926228;Ershov;ershov_sv;;avatars/373926228.jpg;tproger_chat
374327114;Nastya;nastyanastyasm;Choosy Recrutment Manager https://ru.linkedin.com/in/a-smirnova // ex. Yandex, HR-marketing;avatars/374327114.jpg;laravel_pro
374378322;Андрей;andrey_dev;На мобиле tg не работает. На связи по номеру телефона и в Whatsup;;laravel_pro
377020612;Dmitriy;d_vasilevskiy;;;laravel_pro
377691379;Yevgeniy;Y1Bist;Transaction scripter;avatars/377691379.jpg;laravel_pro
378936196;Konstantin;small_jedi;Заметки о жизни УАЗика в моих руках. https://shorturl.at/tExaK;avatars/378936196.jpg;laravel_pro
380176557;Брюс;Bruce777batman;;avatars/380176557.jpg;laravel_pro
380322246;Viktor;vbilan;;avatars/380322246.jpg;tproger_chat
380637965;Kirill;levantez;;;laravel_pro
381834976;DIMA;HIPPER52;;avatars/381834976.jpg;tproger_chat
381930735;Толя;yokatta_l;;avatars/381930735.jpg;laravel_pro
382575662;Azer;energon7;Senior Software Developer & Co-founder at simple.az;avatars/382575662.jpg;laravel_pro
383158556;Max;MiMEKiZ;;;laravel_pro
383733251;Freedos;Freed0s;Si vis pacem, para bellum.;avatars/383733251.jpg;tproger_chat
383919582;Алексей;DarkOracleLex;;;laravel_pro
384247406;Mikhail;raysin88;;;laravel_pro
384489667;Даня;Metilar;Full Stack Developer;avatars/384489667.jpg;laravel_pro
384600630;Владимир;vladsol2025;;;python_ru
385377738;万事如意;R4T10;;;laravel_pro
386817989;Кₐ𝚝ₐ𝘴𝚝ᵣₒfₐ;Farfor13;I don't care;avatars/386817989.jpg;andrewgiftschat
387981569;Shamil;sdashapylov;CEO 👨‍💻 в https://aspire.agency;avatars/387981569.jpg;laravel_pro
389264237;Миран;mrnkzrn;;;tproger_chat
390766811;))));im_n_a_x;;avatars/390766811.jpg;tproger_chat
391987767;Dmitriy;Blang29;;avatars/391987767.jpg;laravel_pro
393160451;Владислав;V_V_Ch;;;tproger_chat
393795596;Алексей;HeyAlyosha;Делаю игры и приложения для и Яндекс Игр и Алисы. Писать только по важным делам!!!;avatars/393795596.jpg;laravel_pro
395147048;Пупс;Robotik3;;;laravel_pro
395779251;Андрей 😉;crghome;;avatars/395779251.jpg;laravel_pro
395897467;Ivan;ivan_rodriguez_rodichev;Full-Stack Web Developer;avatars/395897467.jpg;laravel_pro
396620964;Alexander;Alex_Zimin;Не сплю \ https://t.me/native_atmosphere;avatars/396620964.jpg;laravel_pro
396992751;Maksim;mkmskn;;;laravel_pro
397942486;Николай;kolya_rm;;;laravel_pro
398856037;Maxim;asdkekkekkek;Backend GO/PHP Developer, ITMO University graduate;avatars/398856037.jpg;laravel_pro
399046550;Pavel;overcomeevil;Laravel developer;avatars/399046550.jpg;laravel_pro
399958638;Oleg;ponomarchukov;;;laravel_pro
400455549;Юра;compass_u;;;laravel_pro
400672404;Павел;iZerus;;;laravel_pro
401868690;Михаил;idnd_p;;;laravel_pro
402232229;Almas;set_almas;No Rain, No Rainbow;avatars/402232229.jpg;laravel_pro
404383425;Wilson;lefthangingthismorning;;;laravel_pro
404770488;Razer_Sergey;razer_sergey;;avatars/404770488.jpg;laravel_pro
405275219;Nikatin;duskShimmer;;;laravel_pro
405305904;Danil;flntz;Full-stack developer;avatars/405305904.jpg;laravel_pro
405657971;Vlad;;;avatars/405657971.jpg;laravel_pro
405800765;Дмитрий;webtime10;;avatars/405800765.jpg;laravel_pro
406689918;Jazz;PHPMastermind;;;laravel_pro
409619180;Ivan;chvanov_ivan;;;tproger_chat
409620482;Sergey;s1kkarpov;;;laravel_pro
409703309;Nihil;diplatonib;;avatars/409703309.jpg;tproger_chat
410317067;$_4vores;fVores;то время зовётся Кали, эпохой гуны невежества💀;avatars/410317067.jpg;laravel_pro
410659351;А;skritku7;;;laravel_pro
411505115;тру женик;seventty7;ᴛᴀᴋ будь жᴇ ʍоиʍ ᴄᴇʙᴇᴩныʍ ᴄияниᴇʍ @CyberFeya | личный тгк - https://t.me/+OCqq2uUAkEc4ZTEy | скинуть прайс на что-то - лс;avatars/411505115.jpg;andrewgiftschat
412438374;Алекс;AlexFilimonov;;;laravel_pro
413224396;Андрей;Andrey_Chuguntsev;;;laravel_pro
415566047;Alexey;Wh4tOo;;avatars/415566047.jpg;laravel_pro
415703908;Ilya;apinecone;;avatars/415703908.jpg;tproger_chat
415803337;Антон;anton_leon_web;Разработка сайтов и веб-приложений. Думаю за вас: от вас - описание ситуации От меня - все остальное: решения, сбор информации и реализация;avatars/415803337.jpg;laravel_pro
417543027;Михаил;mikhailmsk2025;;avatars/417543027.jpg;laravel_pro
418910886;Jumas;jumas_cola;;avatars/418910886.jpg;laravel_pro
421830268;Farik;farik_baratoff;Developer;avatars/421830268.jpg;laravel_pro
422253717;IS;touristplay;Не падай духом, падай брюхом;;laravel_pro
422795746;LizardWizard;i678b18;;avatars/422795746.jpg;laravel_pro
423293888;Roma;Noilty;"self::square(color: black);";avatars/423293888.jpg;laravel_pro
426501230;𝕿𝖞𝖔𝖒𝖞𝕿𝖎𝖒𝖊;TyomyT1me;#NFT: 1. Маркет\гарант ✅ | 2. 💸на💳 ➡️ 🎁 | 3. ❌ + все ЧАЙКИ | 👥 @Polza_Rub | #ПомощьБлижним #SMM #Rap #HipHop #LoL_WR #Fortnite #IT #эндуро;;andrewgiftschat
426755448;Ilya;PNMVT;;;laravel_pro
427217998;Andrei;drag_z;0x5F3759DF;avatars/427217998.jpg;tproger_chat
427809448;Vladimir;yalamer;;avatars/427809448.jpg;laravel_pro
429833317;Stanislav;The_Fantomas;;avatars/429833317.jpg;tproger_chat
429856853;Дмитрий;egorov00;;avatars/429856853.jpg;tproger_chat
430269990;Эдуард;edkuleshov;;;laravel_pro
430291209;Sarvar;LipeApp;;;laravel_pro
430985397;Alex;alex_shevchuk87;;;laravel_pro
431610282;Игорь Рыбаков;MrScki;;avatars/431610282.jpg;laravel_pro
431784989;receiver;gde_ya_v_tg;сложная система высокой надежности;avatars/431784989.jpg;tproger_chat
433791261;Telegram Analytics Bot;tg_analytics_bot;Аналитический бот сервиса TGStat.ru;avatars/433791261.jpg;figmachat
434024186;lim;holodfccs;;avatars/434024186.jpg;andrewgiftschat
434154932;Xodyfix;;;;tproger_chat
435281245;Artyom;K1Artyom;;avatars/435281245.jpg;laravel_pro
437030912;Itarhao;Itarhao;;avatars/437030912.jpg;tproger_chat
437125464;Alex;huckyall;;avatars/437125464.jpg;laravel_pro
439056640;Илья 😁;;;;laravel_pro
439529353;Ilya;ilyanotfound;;avatars/439529353.jpg;laravel_pro
439533716;Pavel;PavelLin;;avatars/439533716.jpg;laravel_pro
441149292;Михаил;XarchenkoMO;php developer;avatars/441149292.jpg;laravel_pro
441772048;Андрей Владимирович;Shadkmv;Политическая Партия «Новые люди»;avatars/441772048.jpg;python_ru
442115687;ru_bot;ru_community_bot;"http://rudevs.network

http://github.com/telegram-ru/ru-bot";avatars/442115687.jpg;devops_ru
442365593;Rain;rainrichard;;avatars/442365593.jpg;tproger_chat
444176457;Артём;Lastname2k21;;;laravel_pro
445179868;Александр;aleksandr_shar;;;laravel_pro
446550629;Asgoret;Asgoret;;avatars/446550629.jpg;devops_ru
447329445;Konstantin;giveme_onemoreshot;;avatars/447329445.jpg;laravel_pro
447665493;.;cbd5de;;avatars/447665493.jpg;laravel_pro
448104262;Stan;stanmikhnevich;;;laravel_pro
448511586;Ермаков Алексей;alexerm777;Разработка любого софта. Интеграция ИИ автоматизации в ваши бизнесс процессы. Приглашаю на цифровой детокс на майские праздники!;;laravel_pro
450343323;Igor;igorvoron;software developer;;laravel_pro
451489408;Иван;ivan197830;;avatars/451489408.jpg;laravel_pro
452612201;Александр;xxlid;;avatars/452612201.jpg;laravel_pro
454484618;Vasiliy Savinov;savinov_vu;Software developer. Hobby: @vasQsav;;laravel_pro
455000585;👑OGURCHIK🖤;ogurchinskiy;"ʕ•ᴥ•ʔ Вегетарианка! Я за серьёзные отношения. Верю в пизду ;) PM - BAN";avatars/455000585.jpg;tproger_chat
455319396;ARTEM;orz554;;avatars/455319396.jpg;laravel_pro
455918699;Кит среди рыб;Yaroslav_xxxxxx;;;laravel_pro
457365505;Татьяна;CCreate;;;laravel_pro
459225037;Andrey;AndreyDodonov;Suboptimal suffering;avatars/459225037.jpg;tproger_chat
459319900;Evgeniy;SlyPepper;Лучше обнимать океан, чем любовь забытую и стакан!;avatars/459319900.jpg;laravel_pro
459497189;Ilya;sshkpp;;avatars/459497189.jpg;laravel_pro
459588022;Сергей;elren44;;avatars/459588022.jpg;laravel_pro
459804237;DobrAl;Dobral;UQA6lJgM3WPDfe6vhgI6OODXayR2QHZQI-G-7jOXzQgU1eU-;avatars/459804237.jpg;andrewgiftschat
460962938;Anatoliy;les_anatoliy;;avatars/460962938.jpg;laravel_pro
461230685;Fedotov;fedotov_1;Effect Agency - Website / CRM / App 💻;avatars/461230685.jpg;laravel_pro
462042346;Tim;timdjol;Web-developer;avatars/462042346.jpg;laravel_pro
462875387;Кирилл;kabanidzaa;Кабанчик 🐗;avatars/462875387.jpg;laravel_pro
462883858;Dmitry;i_rivka;KPK24 | Full-stack Engineer;avatars/462883858.jpg;laravel_pro
463578883;Max;voland700;;avatars/463578883.jpg;laravel_pro
464568239;Max;Iron_Stark_MC;;avatars/464568239.jpg;laravel_pro
464735075;Владислав;Nicki_Schultz;;;tproger_chat
465134350;Konstantin;aks_ion;Software engineer. ui/ux designer. Faaaa. Pepe.;avatars/465134350.jpg;laravel_pro
465392336;Rufat;;;;tproger_chat
465474904;Альберт;tigar1117;;avatars/465474904.jpg;laravel_pro
469515196;meeymirita;meeymirita;Разве минутная слабость стоит того, чтоб на душе было вечно пусто? _______ https://meeymirita.ru/;avatars/469515196.jpg;laravel_pro
469692258;Олег;caluptra;Product Analyst;;tproger_chat
472882851;Okkultax;okkultax;Demiurge Ash;avatars/472882851.jpg;laravel_pro
472966552;Александр;bf3310;;avatars/472966552.jpg;laravel_pro
475703297;Kirill;de_krik;;avatars/475703297.jpg;andrewgiftschat
476458449;Nikomweb;;;;laravel_pro
476783601;Dmitriy;MuhinDmitriy;;avatars/476783601.jpg;laravel_pro
477104973;Alex;alexalex0099;;;laravel_pro
478942699;Ilya;ilya_dev_01;;;laravel_pro
478990530;Tomiris;WalterKovacs1;27 yo android developer;avatars/478990530.jpg;tproger_chat
479119044;Alex;alexsabiyr;;;laravel_pro
479895867;siberfx;Siberfx;Exsilium vita est - Istanbul;avatars/479895867.jpg;laravel_pro
480568670;Zhandos;Zhandos717;;avatars/480568670.jpg;laravel_pro
480855068;Вячеслав;led23;Head of Product (ex. CTO) makeROI Ltd | Msk/Spb;avatars/480855068.jpg;laravel_pro
481903116;Алишкин;Solo43mov;Максимум;avatars/481903116.jpg;laravel_pro
482737988;Bair;KXNG_1337;;;laravel_pro
486250478;Stanislav;proflyder;;;tproger_chat
494275011;JAVA;java_webs;backend developer. Поверь, тебе лучше не знать, что это такое;avatars/494275011.jpg;laravel_pro
496099946;Кирилл;Pumbossablle;;avatars/496099946.jpg;laravel_pro
497068531;Igoryoka;igoryoka7;;avatars/497068531.jpg;tproger_chat
499002937;Ваня;vanish00;;avatars/499002937.jpg;laravel_pro
499248792;Дмитрий;Dim_fal;;;laravel_pro
499448349;Роман;ARomAnIT;;;laravel_pro
501293829;𝐗𝐀𝐇;charadisev;;avatars/501293829.jpg;tproger_chat
501665754;Syryan777;Syryan777;IT;;laravel_pro
502407247;Diyor;diyor_khasanov;🔰;avatars/502407247.jpg;tproger_chat
503806711;Noa;noanaoki;CTO с пультом вместо галстука / PHP: реанимирую код-дефибриллятором. / DJ: тишину убиваю басом. / ☕→{код}→🎧 / 👉 https://djnoanaoki.ru;avatars/503806711.jpg;laravel_pro
505033723;Mike;prtsvmk;;avatars/505033723.jpg;laravel_pro
505085570;Nikita;NSom27;;;laravel_pro
506329064;Leo;LaravelBackend;;;laravel_pro
507038556;Александр;Litvinov_e81;;avatars/507038556.jpg;laravel_pro
508794704;анна;vaysteeen;愛して愛して愛して // it's lit;avatars/508794704.jpg;tproger_chat
509180476;Oleg;olegstark;Dev, sysadmin;avatars/509180476.jpg;tproger_chat
509201445;Абильвап;slavesdontspeak;;;laravel_pro
509555183;Andrey;anderpirozhkov;Сооснователь и технический директор студии SPOT — Делаем сложные интерфейсы управления простыми и автоматизируем рутину. https://wespot.ru;;laravel_pro
510729507;Andrew;Mr_GreenWood;;avatars/510729507.jpg;laravel_pro
511862977;Александр;egorovit_ru;Дорого. Долго. Идеально.;avatars/511862977.jpg;laravel_pro
512126219;Сергей;dsi1990;;;laravel_pro
518358290;Илья;iljaborisov;;avatars/518358290.jpg;laravel_pro
518383100;Ingvar;Ingvar_soloma;;avatars/518383100.jpg;laravel_pro
518519053;Андрей;Cabard;;avatars/518519053.jpg;tproger_chat
521103611;Василий;vasiliymuravev;Красногорск, Московская обл.;avatars/521103611.jpg;laravel_pro
521842654;悪魔;Murrzxc;#ная #krt #mys #500 #krt #gav #муха #k&b #scw #well. ##LE #трас.#rawn #s14v. #mf. #skw. #ksm. #tortik. #well. #rawn #am1v.#error.#палевичвв;avatars/521842654.jpg;andrewgiftschat
525719685;Никита;;;;laravel_pro
526030873;Артур;MrYuTo;;avatars/526030873.jpg;tproger_chat
527850042;Dmitriy;dd_357;;avatars/527850042.jpg;laravel_pro
528087071;Владислав Жолудев;Merantauw;PHP-dev | Вёрстка, интеграции чатов и crm, оптимизация скорости работы;avatars/528087071.jpg;laravel_pro
529536744;Andrew;andrewgalak6578;;;laravel_pro
531407053;ANDREY;oriharaz;;avatars/531407053.jpg;laravel_pro
531914632;Даниил;borchsh;all love wants to be eternal, it is its eternal torment.;avatars/531914632.jpg;tproger_chat
533528122;Levon;laghatelyan;;;tproger_chat
535297938;f(x);;;avatars/535297938.jpg;rabota_chaty1
536502641;Дима А;decorlandby;;;laravel_pro
539264508;𝐸𝓁𝒾𝓏𝒶𝓋𝑒𝓉𝒶;ssxx770;;;andrewgiftschat
543172626;Станислав;Stanislav_Z;video design, voice over, web dev;;laravel_pro
543580667;Doniyor;Don731;;;tproger_chat
543643863;Dmitry;;;;laravel_pro
546373849;inviser@arch: ~$;Inviser666;23 y.o. designer from San Francisco;avatars/546373849.jpg;tproger_chat
547499044;Andrei;andrei_bratuhin;Co-founder einzelwerk.ru / waildworld.com;avatars/547499044.jpg;laravel_pro
550986052;Иван;oladushek_sladkiy;incognito ergo sum;;laravel_pro
553892172;ila;ilonassz;🦔;avatars/553892172.jpg;andrewgiftschat
555220971;Dmitriy;DmitriyKozhemyakin;;;tproger_chat
556782271;Egor;EgorGruzdev;;avatars/556782271.jpg;laravel_pro
559906290;Елизавета;sindie314;;avatars/559906290.jpg;tproger_chat
561248234;Behruz;jovidovich;;;laravel_pro
561572789;Yura;strotmann4;;avatars/561572789.jpg;laravel_pro
563363270;Anton P.;smth_z;;avatars/563363270.jpg;laravel_pro
564604072;Александр;work2www;Fullstack web-developer, разработка сайтов любой сложности;;laravel_pro
569517932;Вероника;;;avatars/569517932.jpg;laravel_pro
571647591;Viktor;marvel_vita;Time flies whether you traveling or not. Marvel Vita Travel;avatars/571647591.jpg;laravel_pro
573284863;Андрей;sf_andrey;;avatars/573284863.jpg;laravel_pro
576364728;Александра🦋;AlexaGris7;НФТ не продаю. Не знакомлюсь. Попрошаек блокирую. Не тратьте время, оно дорого стоит.;avatars/576364728.jpg;andrewgiftschat
576785043;Gleb;oleynikgleb;;avatars/576785043.jpg;laravel_pro
578498784;Zhantas;rzhantas;!false;;laravel_pro
580421207;Askat;nitrogolen;;avatars/580421207.jpg;laravel_pro
582217146;Игорь Иванов;i2techru;;;laravel_pro
583064365;Nikita;suzeraint;;avatars/583064365.jpg;laravel_pro
583087189;Nikita Lidman 🇺🇸 🇺🇦;;;avatars/583087189.jpg;laravel_pro
584698504;Bro;unknown2840;;;laravel_pro
585546970;Sergey;;;avatars/585546970.jpg;laravel_pro
588175430;Виталий;VitaliyMuzdin;;avatars/588175430.jpg;laravel_pro
589658056;Cliffy;cliffordrh;;;laravel_pro
589786977;Дмитрий;Deamoned;;;laravel_pro
592759828;Коля;niosijji;;;tproger_chat
593847673;Дмитрий;Dezhammer;;avatars/593847673.jpg;tproger_chat
595971874;Marsel;serbreez;Backend Developer (E-commerce · ERP · CRM · Integrations · Mobile Apps);avatars/595971874.jpg;laravel_pro
596990537;Sergey;candyboberz;;avatars/596990537.jpg;laravel_pro
600508775;David;DaD_Lyubka;;avatars/600508775.jpg;laravel_pro
603927468;:);ian_2047;🖤🔗;avatars/603927468.jpg;laravel_pro
605019816;Alexander;MAKKLAYS;¿Hablas español?;avatars/605019816.jpg;laravel_pro
606872411;Hikmat;Abdukhaligov;;avatars/606872411.jpg;laravel_pro
607702440;Катерина #twinki #milf;ketrinkins;;avatars/607702440.jpg;andrewgiftschat
609562955;Mirjalol;anarch2002;;;laravel_pro
611110627;𝑹𝑨𝒁𝑶𝑹;razor_GD;Самая милая и родная девочка @Markovkauwu 💜🫂 Люблю;avatars/611110627.jpg;andrewgiftschat
613669291;Sergey;serkolosov;;avatars/613669291.jpg;laravel_pro
614659691;Константин;konstantin_dolgiy;;avatars/614659691.jpg;laravel_pro
620565940;Скачать видео из Ютуба;SaveYoutubeBot;"Видео, плейлисты, аудио, уведомления о новых видео с каналов, поиск. 

По рекламе: @SYmanagerBot
API: @massbots_dl";avatars/620565940.jpg;andrewgiftschat
621226109;TProger Moderabot;TProgerModerabot;;avatars/621226109.jpg;tproger_chat
622880347;Dmitriy;Hauda15;LaraVue Dev AKA Коричневый маг;avatars/622880347.jpg;laravel_pro
623646166;Vladimir;Chusteev;;;laravel_pro
623816738;Б̷а̷з̷и̷л̷и̷к̷;bbazilikk;;avatars/623816738.jpg;andrewgiftschat
624219039;Илья Вальтер;ilya_walter;;avatars/624219039.jpg;andrewgiftschat
625637742;velvss;;;avatars/625637742.jpg;laravel_pro
625795102;Дмитрий;Bel_D07;Backend developer;avatars/625795102.jpg;laravel_pro
626348336;Алексей;AlekseyShramko;;;tproger_chat
626512136;Vladislav;blnvvldslv;;avatars/626512136.jpg;laravel_pro
627704756;Николай;NikolyOrl;;avatars/627704756.jpg;tproger_chat
627983887;lucky;LukySlevin;;avatars/627983887.jpg;laravel_pro
631712555;Кайрат;Dion1337;;;laravel_pro
632033557; ᠌᠌ ᠌᠌ ᠌᠌;thennixx;🇺🇦;avatars/632033557.jpg;andrewgiftschat
632487292;𝙳𝙰𝙽𝙸𝙺𝚂;DaniksTag;Скуп/обмен нфт;;andrewgiftschat
633164046;Kate;kate200326;;;tproger_chat
634405039;𝐌𝐚𝐫𝐥𝐛𝐨𝐫𝐨[РАССЫЛ, О ПОКУПКЕ @UglystephanTag];MarlboroMVP;Заказать красивую, дешевую, быструю сигну можно тут @UglystephanTag;avatars/634405039.jpg;andrewgiftschat
636481977;Андрей;av_154;🧠⚙️ Системный аналитик 🧘‍♂️ Духовный искатель 💪🏻 ЗОЖник 🏍️ Мотоциклист 👁️ Осознанный 💎 Многогранный 🎯 Целеустремленный;avatars/636481977.jpg;laravel_pro
643408358;Дмитрий;pan_koplan;HeadHunter;avatars/643408358.jpg;laravel_pro
643921018;Amelia;amelliyyaa;inst: ameliya.a_ 🪐;avatars/643921018.jpg;andrewgiftschat
643975161;Виктория;;Быстрые Деньги - https://t.me/+nwDNnyA9q5gyNGMy;avatars/643975161.jpg;rabota_chaty1
645646214;Chicago Bulls;bgener;;;andrewgiftschat
646341941;Анастасия;;https://t.me/+ROcEY8nuqXY0NDJi Аренда тут ! Платим 3к 6к 12к;avatars/646341941.jpg;rabota_chaty1
647891313;Galufaka сб;Userfiller;не в км, деф @winizi;avatars/647891313.jpg;python_ru
648746601;FFx0001;ffx0001;;avatars/648746601.jpg;laravel_pro
650587679;B;bositkhonsh;;;laravel_pro
652995685;Максим;maskimka89;;;laravel_pro
654673995;.;rompmm;;avatars/654673995.jpg;python_ru
655715692;Az555;Az5555677;;;laravel_pro
655729388;Dennis;den_ukr;;avatars/655729388.jpg;laravel_pro
656403864;Ivan;supchicc;;avatars/656403864.jpg;laravel_pro
657912573;Pinokio;;她永远一身校服干净的站在我的青春里;avatars/657912573.jpg;andrewgiftschat
660987176;Albert;Zze_euus;CEO - ATOMIC STUDIO https://atomic-tech.ru Сайты,Боты,Приложения, Blockchain и иное в WEB2, WEB3, Telegram, любой сложности, под ключ!;avatars/660987176.jpg;laravel_pro
661925645;𝗜 𝗕 𝗔 𝟮 𝟵 𝟬 𝟳;IBA2907;Подарки НЕ продаю, НЕ дарю;avatars/661925645.jpg;andrewgiftschat
664616332;Roman;romcheksus;;;laravel_pro
665134360;Alexander;kykylkan;;avatars/665134360.jpg;laravel_pro
665341196;igor.php;ufowow;Старость меня дома не застанет, я в пути к приключениям 😌;avatars/665341196.jpg;tproger_chat
669444172;Andrey;andrev_markelov;ты самый долгий и глубокий трип, в который я ушел;avatars/669444172.jpg;laravel_pro
670592833;Назар;Elric_Ed;трамп підарас;avatars/670592833.jpg;laravel_pro
672323717;Roman;romanovich_dev;;;laravel_pro
674212249;В. А.;reachpeace;;;andrewgiftschat
677437346;Tea;homopeccati2;;avatars/677437346.jpg;tproger_chat
678266435;Zaurbek;ztakaev;Backend Developer;avatars/678266435.jpg;laravel_pro
679309151;Илья;Illia1504;https://t.me/duckmyduck_bot?start=r83473;avatars/679309151.jpg;andrewgiftschat
680475141;Илья;yakushinilya;Разработка сайтов! (html, css, js, php, mysql) Laravel, 1С-Битрикс.;avatars/680475141.jpg;laravel_pro
682797765;Александр;stupichvsrg;Хабаровск, прогаю;avatars/682797765.jpg;tproger_chat
682993318;Illia Melnyk;illia_illion;🇺🇦🇵🇱 If didn't respond, please write again | linktr.ee/illia.illinoice;avatars/682993318.jpg;tproger_chat
684198017;Кира;Kira18Deas;;avatars/684198017.jpg;andrewgiftschat
685103656;$mani;manimen999;Интуиция-природный дар, разум покорный слуга.;;laravel_pro
685424941;v;vw131313;;;laravel_pro
685928940;Valentin 🐸;Gate50;;avatars/685928940.jpg;laravel_pro
687744900;Алил;nisderhip;;avatars/687744900.jpg;laravel_pro
688229289;Sergey;tot_sam1y;113;avatars/688229289.jpg;laravel_pro
690091824;Nioray;Nioray;;;laravel_pro
691027924;Dmytro;dmytro20112;;;laravel_pro
692553944;Mikhail;mikekramer;;avatars/692553944.jpg;laravel_pro
693823316;Triangle;MR_TRIANGLE;🦢🩰;avatars/693823316.jpg;andrewgiftschat
696316179;Илья;reacheez;;avatars/696316179.jpg;laravel_pro
696857035;Maxim;yahooyaby;;avatars/696857035.jpg;laravel_pro
697151009;Паук;Raxnar;;avatars/697151009.jpg;tproger_chat
697416742;Личность;un7dec;❚❚ ──────◉──────────── 0:12;avatars/697416742.jpg;laravel_pro
701881163;𝒮;oleksandraaX;;avatars/701881163.jpg;andrewgiftschat
702239753;Alexander;Fred45hun;;avatars/702239753.jpg;laravel_pro
703898067;Chat;Pesok_karyer;;avatars/703898067.jpg;python_ru
704235956;♡𝑳𝒊𝒖𝒅𝒎𝒊𝒍𝒂 💎𝕰𝖈𝖑𝖎𝖕𝖘𝖊𝕭𝖆𝖌𝖍𝖊𝖊𝖗𝖆🌙;immortal_prophet;;;andrewgiftschat
706465813;veyo;veyo03;;avatars/706465813.jpg;andrewgiftschat
706579818;Владислав;Sararun120;;avatars/706579818.jpg;laravel_pro
708859474;Xvaster;crofes;Ну давай вставай принцесса, хавай нахуй моё сердце;avatars/708859474.jpg;andrewgiftschat
709278819;Модератор /designer;slashdbot;"Бот для модерации сети чатов @slashdesigner

Разработка ботов: @dimaboro";avatars/709278819.jpg;figmachat
710949003;Виталий👑;boogeycodm;;avatars/710949003.jpg;andrewgiftschat
711391879;Олег;cowboyru;;avatars/711391879.jpg;laravel_pro
711943500;Костя.🇷🇺;KEHT159;Народу много, а людей мало;;andrewgiftschat
712303587;Боб;MobileLegendsPlayNow;Ничего не продаю и не дарю, сразу ЧС;avatars/712303587.jpg;andrewgiftschat
712804560;Nickname;nickname120;;;laravel_pro
714326005;Sofija;SofijaSternad;;;tproger_chat
714428489;геля✿;trifwer;;avatars/714428489.jpg;andrewgiftschat
716087458;BNN;ivc_group;«Мяу — это полиморфизм, а мур — инкапсуляция»;;laravel_pro
717885422;Егор;nrwmo;;;laravel_pro
718249572;🏴‍☠️!nnulov / @innulovxd;innulovxd;;avatars/718249572.jpg;andrewgiftschat
718973413;zhake;zholamanm;Жоламан;avatars/718973413.jpg;laravel_pro
719592173;𝔎𝔬𝔨𝔞𝔦𝔫𝔰𝔠𝔥𝔩𝔞𝔣;fketsdi;я не спешу, ведь нас ещё сведет жизнь;avatars/719592173.jpg;andrewgiftschat
721032616;Arthur;zart227;;avatars/721032616.jpg;laravel_pro
721942246;Иван;IIIWA6;;avatars/721942246.jpg;laravel_pro
724314758;Сергій;chechelnitskiy;;;laravel_pro
726293830;Дмитрий;Evangel1ont;;;laravel_pro
726489222;Yan;magnificentbastard;golden brown texture like sun;avatars/726489222.jpg;laravel_pro
726975838;Ilya;rassihinilya;;avatars/726975838.jpg;tproger_chat
729446713;Yedil;yedil_zh;;avatars/729446713.jpg;laravel_pro
733866782;Тиктоник;gin8tonic;PHP Software Engineer | av.by;;laravel_pro
734021304;Marson;zizifys;;avatars/734021304.jpg;laravel_pro
737158098;Kirill;m1nsixfour;сын постиронии, внук метамодерна - SWE/Backend Engineer - Go/PHP - Контрибьютор и евангелист Yii 3;;laravel_pro
737925801;Headstone;Foundation_Stone;;;python_ru
738024869;🌊 Am1go🌊;Am1g_0;;avatars/738024869.jpg;laravel_pro
738289613;Maxim;marsov;Miserere mei, Deus, secundum magnam misericordiam tuam;avatars/738289613.jpg;figmachat
738833121;Yuri;sadyevyz;;;laravel_pro
740063346;Дмитрий;dmitry_mv4;Создаю продающие сайты и продвигаю. Автоматизирую бизнес процессы и ос;avatars/740063346.jpg;laravel_pro
742624269;Drift;ProSimDrift;;avatars/742624269.jpg;andrewgiftschat
745819074;☠︎︎;Fair_Kite;;;tproger_chat
746561281;Dida;didaputraad;;avatars/746561281.jpg;laravel_pro
746657669;Albina;aaalbinaaaa;;avatars/746657669.jpg;laravel_pro
747153128;Недовольный;nbocnen18;;avatars/747153128.jpg;andrewgiftschat
748084087;Floki;nowaybac;17 летний дизайнер karl lagerfeld;avatars/748084087.jpg;python_ru
749835279;NPD;deanonio_bot;кто-то;avatars/749835279.jpg;laravel_pro
750823162;Максим;mdanileico;;avatars/750823162.jpg;laravel_pro
751309881;egor;Fyneay;;avatars/751309881.jpg;laravel_pro
751963581;Евгений;sidigicoder;web developer;avatars/751963581.jpg;laravel_pro
754114730;lll;lllinsxz;;;andrewgiftschat
754171261;Danil;Daniil_Xen;Все события и персонажи вымышленыЛюбое сходство с реальностью случайно;;tproger_chat
755027986;𝑒'ℎ𝑘𝑎;obowis;достану покурить то, что в России не законно;avatars/755027986.jpg;andrewgiftschat
756573979;Паша;TheSpanch;;avatars/756573979.jpg;laravel_pro
763030317;Hamidullo;hamidullo_rahmonberdiyev;Full-stack Developer 💻;;laravel_pro
764062067;Igor;Igor_Linkoln;;avatars/764062067.jpg;laravel_pro
764635690;Денис;novi_shfer;;;laravel_pro
765357766;alex;qe3313132;;;laravel_pro
765643448;Yury;Yury_Ma;;;tproger_chat
765947991;Murat;muratkosshi;Работай с умом, а не до ночи. — Люций Сенека;;laravel_pro
769247101;asdasdasd;assylzhn;;avatars/769247101.jpg;laravel_pro
771000493;Дамы и господа! 🌯;Ytik_lutik;朝, 新しい一日の始まり またひどい一日の始まり 私こんこんな風になって欲しくない 🦇;avatars/771000493.jpg;andrewgiftschat
772622202;Валерий;valsysp;;avatars/772622202.jpg;laravel_pro
774952588;Антон;shelestov_a_s;;avatars/774952588.jpg;laravel_pro
776067923;Kirill;phpdeve;;;laravel_pro
777087950;DevOps Help Bot;DevOps_Help_bot;This bot is used to help administration @devops_ru and @devops_jobs. Version 1.5.3;avatars/777087950.jpg;devops_ru
778901576;Pavel;SazhinPavel;;;laravel_pro
781324639;Константин;lobanov_design;;avatars/781324639.jpg;laravel_pro
785983942;А;Azazlokus;Himbo male;avatars/785983942.jpg;laravel_pro
786076944;Бахтиёр;Ikromov1998;full stack web developer;;laravel_pro
786517983;Александр;smalvk;;avatars/786517983.jpg;laravel_pro
788770923;Максим;luckerl;;avatars/788770923.jpg;tproger_chat
793126087;Анастасия;malinovskaaaa;;avatars/793126087.jpg;laravel_pro
793216884;𖣂;emperort1me;https://t.me/+hAVvVnwcn082YzMy;avatars/793216884.jpg;andrewgiftschat
793422875;Юрий;emsot;Создание и продвижение сайтов любой сложности!;avatars/793422875.jpg;laravel_pro
797292298;Alexandr;segedin_alexandr;;avatars/797292298.jpg;laravel_pro
799306687;Рамазан;ramazanLife;PHP backend developer;avatars/799306687.jpg;laravel_pro
801233504;Александр;;;avatars/801233504.jpg;andrewgiftschat
804076178;Pavel;relaxsbk;Год не беспокоить;avatars/804076178.jpg;laravel_pro
804439702;Александр Кецба;sandro_ketsba;;avatars/804439702.jpg;laravel_pro
805192079;de la baie Hopè;yesplease89;;avatars/805192079.jpg;laravel_pro
808600117;diduar;diduar;https://t.me/patrickstarsrobot?start=808600117;avatars/808600117.jpg;andrewgiftschat
808691272;Mando'ad;Mandolorian547;https://github.com/MurzinDmitrii;avatars/808691272.jpg;laravel_pro
809985160;Nikita;twbhl;;avatars/809985160.jpg;laravel_pro
810363820;Igor;ikolesnik_1986;https://www.linkedin.com/in/igor-kolesnik25524a263;avatars/810363820.jpg;laravel_pro
817045670;Данкай;daankaai;🥷💵;avatars/817045670.jpg;andrewgiftschat
817590367;Ярослав;sheptun13;;avatars/817590367.jpg;laravel_pro
817989323;Tural;turalsedirov;Solution-Oriented Product Developer Expert in PHP/Laravel, C#/.NET|SQL;avatars/817989323.jpg;laravel_pro
819366269;Bog;bogsala;;avatars/819366269.jpg;laravel_pro
820987456;GGF...;Wineer777;Ну чёта о себе типа;avatars/820987456.jpg;andrewgiftschat
823421573;Vadim;LDarkus;;avatars/823421573.jpg;laravel_pro
823880745;Илья;tkh_ilya;@polo_molo будь моей вселенной ❤️;avatars/823880745.jpg;laravel_pro
824029221;Filipp;fill2307;;avatars/824029221.jpg;andrewgiftschat
824801705;Андрей;andkork;;;laravel_pro
826078263;Michael;gyndybin;father of russian backend;avatars/826078263.jpg;laravel_pro
826515917;Evgeniy;yaro992;Сломал себя, чтобы родиться заново. Меняю смыслы и ситуации;;laravel_pro
826794316;Анатолий;Veedok;;;laravel_pro
827272704;n3xus;whatnexus;(⁠ㆁ⁠ω⁠ㆁ⁠);avatars/827272704.jpg;laravel_pro
827413043;;;;;rabota_chaty1
833511013;-mitt-;Mittioo;;;laravel_pro
834330512;Руслан;ruslanpolonkoev;;;laravel_pro
839165191;Григорий;gr_sdw;;;laravel_pro
841714438;Ігор;igor_krivoshey;;;laravel_pro
843095447;Максим;trainee_minus;;avatars/843095447.jpg;laravel_pro
843896390;Diaurum;diaurum;;avatars/843896390.jpg;andrewgiftschat
844640692;Stanislav;dez0lev;;avatars/844640692.jpg;laravel_pro
846372605;𝐀𝐈𝐃𝐀;luvpul;;avatars/846372605.jpg;andrewgiftschat
847052664;Константин;K0styaPopov;;avatars/847052664.jpg;laravel_pro
847941945;Евгений;teagamesen;27 y.o. Backend-developer (PHP, Yii2, Laravel): https://github.com/WarLikeLaux;avatars/847941945.jpg;laravel_pro
848675121;A++;;;;devops_ru
850281545;Павел;ratchet_27;;avatars/850281545.jpg;laravel_pro
850940722;Thor🐶;the_thor7;;;andrewgiftschat
853227471;p4L;dessert01;|)3/\|);;andrewgiftschat
854264583;фанат хиросимы;usastikk;- по одному мы бесполезнее @cmertvutrobe;avatars/854264583.jpg;andrewgiftschat
854705278;Александр;ANTIGRINUS;;avatars/854705278.jpg;laravel_pro
857369325;Водитель;KernnelPaniic;Мы играли в прятки и я спрятался в открытом трансформаторе;avatars/857369325.jpg;laravel_pro
860991388;Tima;arystanovv;Software Engineer;avatars/860991388.jpg;laravel_pro
861033530;Mike;dev_in_life;;avatars/861033530.jpg;laravel_pro
862182076;Algo;ss_gonchar;;;laravel_pro
862908781;🕋 Muhammadamin;Mirxan901;;avatars/862908781.jpg;laravel_pro
865506934;Ervin;tervin;Full stack Web developer Go, PHP, Laravel, Node.js/Nest.js Vue/Nuxt.js;avatars/865506934.jpg;laravel_pro
865821199;никита;des_ole;;;laravel_pro
866851375;Роман;rommega;;avatars/866851375.jpg;laravel_pro
869665716;@andrusho;;🧩 Мои раздачи — @andrew_gifts 🍀;avatars/869665716.jpg;andrewgiftschat
874275963;Александр;sasha_200121;🧠 Мозг должен быть всегда в тонусе.;avatars/874275963.jpg;laravel_pro
875374011;Евгений;Evgenc800ma;;;andrewgiftschat
877900931;Юрий;Yuryjin;Senior fullstack-разработчик личный сайт - https://yuryjin.com/. ИТ-консультант - первый звонок бесплатно;avatars/877900931.jpg;laravel_pro
880659909;Евгений;jaygent;;avatars/880659909.jpg;laravel_pro
883304164;𝐒𝐮𝐧𝐝𝐚𝐲.;qwuxyy;;avatars/883304164.jpg;andrewgiftschat
888484372;Oleksandr;zavolod;;;laravel_pro
889425799;Gadji;Tirulmysaev;;;laravel_pro
889625922;Алексей;Chesterbennn;;avatars/889625922.jpg;laravel_pro
890440267;Bogdan;teo_kon;;avatars/890440267.jpg;laravel_pro
891954506;Аяз;norrthh;;;laravel_pro
892415661;Олег;Olegsperansky;;avatars/892415661.jpg;laravel_pro
899841464;Bekzod;ave500;;avatars/899841464.jpg;andrewgiftschat
902055050;Nurlan 🪐;soggy27;;avatars/902055050.jpg;laravel_pro
902241965;︎;syturo;;avatars/902241965.jpg;andrewgiftschat
905547324;М;Onel_lError;Android mobile dev👾;avatars/905547324.jpg;tproger_chat
905845816;Kim;KimAndreyp;;;laravel_pro
909759645;Сергей;bsvtol29;;;laravel_pro
910320575;Максим;Exacker0r;;avatars/910320575.jpg;andrewgiftschat
910567939;Анна 🍀;anna_kovr;;avatars/910567939.jpg;andrewgiftschat
911089591;👽;teaiz;🇯🇵🛸;avatars/911089591.jpg;andrewgiftschat
911170512;Galina;random_seed_3;;avatars/911170512.jpg;tproger_chat
912027310;Мухаметжан;Mukhamet_99;;;laravel_pro
913800302;Agybay;agybaymn;IT;;laravel_pro
914489633;Hm.....;chabupelkin;;avatars/914489633.jpg;andrewgiftschat
915445487;Дим;umneeq;;;laravel_pro
917382603;n;nwixsi;;avatars/917382603.jpg;andrewgiftschat
918106585;Павел;pavelmitrin;;avatars/918106585.jpg;tproger_chat
918672049;Andrey (Джейс) ↑;troyanVig;;avatars/918672049.jpg;laravel_pro
918713307;Елена;ElenaKhan_7;;avatars/918713307.jpg;tproger_chat
920085488;𝙢;mnkkkij;;;andrewgiftschat
920109368;Айнесса;dj_ainessa;Ещё я веду канал https://t.me/kuzmarketing;avatars/920109368.jpg;python_ru
921725450;Anatoly;carrerarouge;;avatars/921725450.jpg;laravel_pro
921789766;diar8458;gett0fuckout;chill out;avatars/921789766.jpg;andrewgiftschat
923032727;Anyashlin;anyaashlin;devops engineer;avatars/923032727.jpg;tproger_chat
923081924;Safarov;;Мой канал: @milkyway_nft Проекты: @luckyy_roll_bot | @easyy_star_bot;avatars/923081924.jpg;andrewgiftschat
924661052;Arthur;CTPAX_BOCHAX;;avatars/924661052.jpg;andrewgiftschat
927903421;Assel;Assel_Yesseykyzy;Учитель информатики | Python & ЕНТ | EdTech-инноватор;avatars/927903421.jpg;laravel_pro
929273421;Нелля;Nellya_N;;avatars/929273421.jpg;figmachat
929320102;Elias Waldman;EliasWaldman;;;laravel_pro
930923718;Peksus;Xpek0sus;;;laravel_pro
932776035;Смех;cmexboy;;avatars/932776035.jpg;andrewgiftschat
933808533;username;bubaololo;web dev;avatars/933808533.jpg;laravel_pro
938151148;Dimon;Admiiinni;Бог з нами ✊;avatars/938151148.jpg;andrewgiftschat
939744012;Vladimir;vladimircreator;🙌;avatars/939744012.jpg;laravel_pro
945807899;Trophée;;;;laravel_pro
946934348;m;mike91s;;;laravel_pro
948188858;Om;om_om_22;;avatars/948188858.jpg;python_ru
948829121;Tim;timchik14;;;laravel_pro
953495099;Evgeniy;eterin;My name is Giovanni Giorgio, but everybody calls me Giorgio;avatars/953495099.jpg;laravel_pro
955662489;DimaXA;DimaXA_97;Вычисляю по айпи;avatars/955662489.jpg;tproger_chat
956840383;Eugeny;rivers_name;;;laravel_pro
960687742;🙇‍♀️;vvikaaa7;;;andrewgiftschat
962280210;ᅠskameika𒉭;Skam1ka;Не отвечаю в течение 2 часов-дублируйте;avatars/962280210.jpg;andrewgiftschat
963610354;⇝𝓓𝓪𝓷𝓲𝓲𝓵⇜ 🐾;dok_dok_dok;Deyr fé, deyia frændur, deyr sjálfur ið sama.;avatars/963610354.jpg;laravel_pro
964229176;lemiil;lemiildgd;;avatars/964229176.jpg;laravel_pro
964681477;Artur;a_r_t_777;;avatars/964681477.jpg;laravel_pro
965982077;WhatIsLove;eteeeernal;Веб-разработчик;;laravel_pro
970672211;Artur;xblackwinner;🎧🎧🎧;;laravel_pro
974051465;Sasha;SashsaHatkov;Музыка. Технологии. Творчество. 🎸💻;avatars/974051465.jpg;laravel_pro
976433430;FaustCraft;fobscraft;vk.com/id548694972 == @sbprobiz;avatars/976433430.jpg;laravel_pro
980610244;😎;;;;laravel_pro
983928019;LisaVeta;LVetochko;Страшно не то, что мы теперь взрослые, а то, что взрослые теперь мы.;avatars/983928019.jpg;tproger_chat
984377777;Sergey;webdev_srg;;;laravel_pro
984555998;Кто-то;HHHRURURU;;;laravel_pro
986657681;Ikromov;hello_world0666;Fullstack web developer;avatars/986657681.jpg;laravel_pro
987771166;Данил;alfovod_21;;avatars/987771166.jpg;andrewgiftschat
988191708;يمارسون;kisvichka;sei meine nachtdroge 🙇🏽‍♀️;avatars/988191708.jpg;andrewgiftschat
989389508;wselywx;wselywxxx;;avatars/989389508.jpg;andrewgiftschat
990331122;allpeg;allpeg;;;laravel_pro
991330701;AmSaRu;amsaru80;Ошейник раба , всегда легче доспехов воина .;avatars/991330701.jpg;andrewgiftschat
992083441;Тёма;Artemka_325;Привет! Я использую WhatsApp.;;laravel_pro
994445890;bant;baant01;;avatars/994445890.jpg;andrewgiftschat
994870337;Dante;;;avatars/994870337.jpg;laravel_pro
995406858;Vasyl Vandych;Amazko;;avatars/995406858.jpg;laravel_pro
995748401;Амир;hirohitoqwe;Круглик;avatars/995748401.jpg;laravel_pro
998134588;Javlon;pxpshnik;;avatars/998134588.jpg;laravel_pro
1000176834;nevesomost;nevesomostjke;гений миллиардер плейбой филантроп;avatars/1000176834.jpg;laravel_pro
1000562023;Đức;;;;python_ru
1001654628;wolrdw1d3;tonceocoin;;avatars/1001654628.jpg;andrewgiftschat
1006480175;ариша;arixwelli;;;andrewgiftschat
1007356220;shame;inclusivite;i think we're both a mess;avatars/1007356220.jpg;andrewgiftschat
1008990871;𝓢𝓵𝓮𝓮𝓹𝔂;BlackSw1n;>💤< Сᴏн ᴨᴏᴛᴇᴩяᴧ ᴄʙᴏю бᴇɜʍяᴛᴇжнᴏᴄᴛь ᴩᴀᴄᴋᴩыᴧᴄя ᴏбʍᴀн..『 @SunD7y 』;avatars/1008990871.jpg;andrewgiftschat
1009306531;Icsb;icsblood;i can smell blood;avatars/1009306531.jpg;andrewgiftschat
1009656767;Kama;kama812;;;laravel_pro
1014878297;Dasha;Dashahr;IT recruiter;avatars/1014878297.jpg;laravel_pro
1017913869;хто я?;llll123321;;;andrewgiftschat
1022289978;Саша;sleighxg;C17H21NO4🙏🏻🙏🏻🙏🏻;avatars/1022289978.jpg;andrewgiftschat
1024643216;Борис;BorisArt2025;;;laravel_pro
1025331930;Alexander Kacharin;alexander_kacharin;По рабочим моментам отвечаю с 8 до 20 (МСК+2). Web-developer.;avatars/1025331930.jpg;laravel_pro
1025810219;Silksea;Silksea;God bless America!;avatars/1025810219.jpg;andrewgiftschat
1028373229;Александр;Bubnov_dev;;avatars/1028373229.jpg;laravel_pro
1034164107;Vital;Amiqy;;avatars/1034164107.jpg;laravel_pro
1034983551;Денис;DenKy909;;avatars/1034983551.jpg;tproger_chat
1035270949;Артем;chaanncess;;;laravel_pro
1036692378;Dummy;l92_l68_l_l;愛;avatars/1036692378.jpg;laravel_pro
1036694322;ᥴr᧐ᥴ᧐ɗiᥣᥱ 🐊;Skooped;;avatars/1036694322.jpg;andrewgiftschat
1037672950;Марат;webunderdog;;avatars/1037672950.jpg;laravel_pro
1037999673;Денис;dedenen;;avatars/1037999673.jpg;laravel_pro
1039620733;ᅠ;;user solo player;avatars/1039620733.jpg;andrewgiftschat
1040008180;And;ProAndSmiDev;Frontend Developer;avatars/1040008180.jpg;laravel_pro
1040638665;Salman;pcoery45;Ii love u all.friends;;rabota_chaty1
1040696528;Артем;Badik1;;avatars/1040696528.jpg;andrewgiftschat
1041175806;Hassan;HKenawi;;avatars/1041175806.jpg;python_ru
1045888235;atelfr4y;atelfr4y;ти ваще савсем уже штоли зовсим;avatars/1045888235.jpg;andrewgiftschat
1048171587;suffocate;skrijlex;tired;avatars/1048171587.jpg;andrewgiftschat
1049463597;ZigOTA;togyzquma;;avatars/1049463597.jpg;laravel_pro
1050428643;Mafia Baku;MafiaAzBot;"Мафия Бот для игры в мафию!
По поводу любых вопросов напишите на: @faqan_c";avatars/1050428643.jpg;andrewgiftschat
1054686512;Арианочка;mqqtttt;;;andrewgiftschat
1054705413;#krt;kenrezn;;;andrewgiftschat
1055240164;Андрей;zhuravlevan_ru;;avatars/1055240164.jpg;laravel_pro
1060598527;𝓚;rrew_i;ЕЕ💍| On her ship tied to the mast. To distant lands.;avatars/1060598527.jpg;andrewgiftschat
1061021304;Антон;TohaRodiv;;;laravel_pro
1061180392;dashulya 🫦;kiss_uuuuu;;avatars/1061180392.jpg;andrewgiftschat
1062441256;гиря68;gigrick;;avatars/1062441256.jpg;andrewgiftschat
1063833304;L;lmetalhead;отсчитывая каждый день разлуки;avatars/1063833304.jpg;laravel_pro
1065184207;Phil;;;avatars/1065184207.jpg;laravel_pro
1066476967;fatal Error;AzeriBm;Paix au monde,et pour moi une chance de corriger mes erreures;avatars/1066476967.jpg;andrewgiftschat
1068083589;Алексей;Qwert777777777;SEO;avatars/1068083589.jpg;laravel_pro
1072929233;egor;loskut_loskut;~не мнутся , не рвутся 🫂;;andrewgiftschat
1078426356;Vadim;nmnmnmnmnmmnmn2;私は私の女の子を愛しています;;python_ru
1078634688;Андрей;blackdrakex;;;laravel_pro
1079932485;Роман;sillexo;;;laravel_pro
1082158035;Николай;chudaev74;;avatars/1082158035.jpg;python_ru
1084318446;Vpmark👑;XOCTERKACTOMOK;;avatars/1084318446.jpg;andrewgiftschat
1087454951;Dorti;Nedortiha;音乐;avatars/1087454951.jpg;andrewgiftschat
1089844293;IL;naeternitas;;;tproger_chat
1091096195;M;KM1801;3σ We're flying high;avatars/1091096195.jpg;laravel_pro
1093992041;cevdet;Cevdet2727;;avatars/1093992041.jpg;python_ru
1095151283;Оleg;oleoleg_860;;;laravel_pro
1098645641;V;MValerius;;;laravel_pro
1098870126;марьям;Oaoaod;;avatars/1098870126.jpg;andrewgiftschat
1099343860;Николай;kaber3389;;avatars/1099343860.jpg;laravel_pro
1100174524;А;el_kojer;;avatars/1100174524.jpg;laravel_pro
1103803784;Yakuto;Y4kuto;I hate a lot of things and i don't particularly like anything.;avatars/1103803784.jpg;andrewgiftschat
1106543258;Sualin_イビ #тянка;Imani_heyli;- Я Учихᴇ Сᴀᴄᴋᴇ, нᴏ ниᴋᴀᴋ нᴇ нᴀᴩуᴛᴏ @Tenskaya_q | 今すぐ抱きしめて、ベイビー @yummi_ii;avatars/1106543258.jpg;andrewgiftschat
1107778689;Андрей Алексеевич;AndreyAlecseevich;;;tproger_chat
1108197003;настяя;nastyfurr;;;andrewgiftschat
1109158199;Daulet;;;;laravel_pro
1110829666;Захар;zahar534;Winning is not everything, but the will to win is everything.;avatars/1110829666.jpg;andrewgiftschat
1111233059;Immortal;jemecn228;;avatars/1111233059.jpg;python_ru
1113442607;Sergey;malbinsa;backend php/laravel;avatars/1113442607.jpg;laravel_pro
1113459950;Ulugbek;islanderoc;В любой непонятной ситуации ешь плов;;laravel_pro
1116037504;Ирина;Epika74;;avatars/1116037504.jpg;andrewgiftschat
1120546783;noire;harram09;;avatars/1120546783.jpg;laravel_pro
1125075569;DV-28;FAT1984;;avatars/1125075569.jpg;andrewgiftschat
1127733082;nn;liiaseq;;;andrewgiftschat
1130382011;ㅤ;Xneyr;—ʙᴩᴇʍя ᴨᴏᴛянᴇᴛᴄя ᴋ нуᴧю, ᴄнᴏʙᴀ нᴇ буду ᴄᴨᴀᴛь;avatars/1130382011.jpg;andrewgiftschat
1131626677;ринк:🌀;rinchik44;;avatars/1131626677.jpg;andrewgiftschat
1135065462;No;NoName111111111111111;;avatars/1135065462.jpg;andrewgiftschat
1135084937;Erichek;erichek3;🖤;avatars/1135084937.jpg;laravel_pro
1138526793;Silver;aleks43217;;avatars/1138526793.jpg;andrewgiftschat
1138662902;Я;rizhiysan;;avatars/1138662902.jpg;tproger_chat
1139163615;vita;M7YXR;;;andrewgiftschat
1140269981;бездарность;loordy;бездарь;avatars/1140269981.jpg;andrewgiftschat
1140856522;Юрий;;;;laravel_pro
1146625339;София;;;avatars/1146625339.jpg;laravel_pro
1150249592;Артёмᶜʳᵉᵉᵖʸ @GIFTSDouble;Govart45;Нфт продаю онли MRKT | по всем вопросам @Abalai1;avatars/1150249592.jpg;andrewgiftschat
1150531698;чучик;Aoao6864;;avatars/1150531698.jpg;andrewgiftschat
1151798456;Рома;romazq;https://t.me/rfl_pro_bot/join?startapp=ref1151798456;;andrewgiftschat
1152269278;.;Mothra_1;;;python_ru
1153115309;Sanichkaaaa;Sanichkaaaa_0;🎰💸;;andrewgiftschat
1155901255;JoinCleanerBot;JoinCleanerBot;Bot to remove system messages like when a user joined or left chat group.;avatars/1155901255.jpg;figmachat
1160466075;Ксения;kseniabulgakova213;;avatars/1160466075.jpg;laravel_pro
1165011671;GTVIBR;GTVIBR;;avatars/1165011671.jpg;andrewgiftschat
1170078511;Юлия;Malaeval;иногда любовь не уходит , она просто ждет..;avatars/1170078511.jpg;andrewgiftschat
1170138777;Руслан;LAN_36;;avatars/1170138777.jpg;laravel_pro
1173555285;Э;Lary0011;;;python_ru
1175104536;Mikhail;mikhail_solovian;;avatars/1175104536.jpg;laravel_pro
1176606441;совзйх;wevexn;http://t.me/anonaskbot?start=hkazSpidcLmttdG в анон хуярьте. нфт не продаю;avatars/1176606441.jpg;andrewgiftschat
1176947875;triumph;fatalTriumph;wzsystko czego potrzebuje;avatars/1176947875.jpg;andrewgiftschat
1185731931;Sunnex <3;;;avatars/1185731931.jpg;andrewgiftschat
1186629590;Серёжа;Sergeeryy;;;andrewgiftschat
1187703173;Иван;fakys3;;avatars/1187703173.jpg;laravel_pro
1189237537;юля;getsugate;;avatars/1189237537.jpg;andrewgiftschat
1190610144;Gleb;sclifie;;;laravel_pro
1192718944;Ярослав;rxyfvugbhinjsddsafasdomonibq;;avatars/1192718944.jpg;laravel_pro
1193139111;­;shadxwsdxnt;;avatars/1193139111.jpg;andrewgiftschat
1203557614;𝔖𝔦𝔯𝔦𝔲𝔰;cococossiriys00;Сначало молод,потом стар,ама рок стар поп стар;avatars/1203557614.jpg;andrewgiftschat
1205523361;𝐀𝐧𝐭𝐨𝐧 𝐌𝐚𝐤𝐬𝐢𝐦𝐨𝐯𝐢𝐜𝐡;Programi_st;;avatars/1205523361.jpg;laravel_pro
1208078677;D;dmfaas;;;laravel_pro
1208311750;ᗢ𝑘𝑎𝑡𝑎𝑛𝑘𝑎ᗢ;katankas;𝑡ℎ𝑒𝑟𝑒 𝑖𝑠 𝑠𝑙𝑜𝑝 𝑖𝑛 𝑚𝑦 𝑠𝑜𝑢𝑙. 🚬;avatars/1208311750.jpg;andrewgiftschat
1209721171;vwawv;;.- -. --. . .-.. @afttek лучший;avatars/1209721171.jpg;andrewgiftschat
1210522895;Dmitry;dmitrysmolin;Backend Developer, Команда Run;;laravel_pro
1212314115;Сергей;SSergeychik918;;avatars/1212314115.jpg;python_ru
1213031059;Григорий;gobarvixa;;avatars/1213031059.jpg;andrewgiftschat
1214588966;~🩸⟨•°𝒍𝒊𝒏𝒔𝒊𝒊°•⟩🩸~;linsii10;– I'll break your bones, with all the love I carry @Moon02is_lov;avatars/1214588966.jpg;andrewgiftschat
1218764425;амга #rdz🍃;duybah;таррт❤️ @POCOC1TE нелегалы нижнее тире 03 шішка❤ @foroekf;avatars/1218764425.jpg;andrewgiftschat
1225551227;Андрей;AndrewNitn;;;laravel_pro
1225632523;Sanechka;Sasha777666;// братки- @kirill000666// @Micro_Barbell;;andrewgiftschat
1226325883;Nika;nikami1024;Нормально делай - нормально будет;avatars/1226325883.jpg;tproger_chat
1226974291;София;eslicheyasofiya;;avatars/1226974291.jpg;tproger_chat
1228567364;Ы;lollek_k;;avatars/1228567364.jpg;laravel_pro
1229597220;slendr gng;anestheziaxdd;оба наркоманы,что спускаются на дно @wlqxs;avatars/1229597220.jpg;andrewgiftschat
1231262389;John Doe;John_DoeJ;;avatars/1231262389.jpg;laravel_pro
1231515727;silentway;Genjery;коплю на нфт часики день ?;avatars/1231515727.jpg;andrewgiftschat
1232148390;name;m_Ass_agest;;avatars/1232148390.jpg;laravel_pro
1233484234;Геннадий;GenadiySaenko;;avatars/1233484234.jpg;laravel_pro
1233741974;ㅤ;token_valid;nometa.xyz - 15:16;;laravel_pro
1234506764;🪨;rty781;;avatars/1234506764.jpg;andrewgiftschat
1237516961;э;emi0216;«я была готова любить весь мир, — меня никто не понял: и я выучилась ненавидеть»;avatars/1237516961.jpg;andrewgiftschat
1238963485;#🐈‍⬛ || ౨ৎ ྀིྀི;son1xxs;;avatars/1238963485.jpg;andrewgiftschat
1240815236;💠💻🧣микан🦆🙅🏻‍♀️#кицька🍎🦇;SuperBat_kanon;;avatars/1240815236.jpg;andrewgiftschat
1246064382;Userdestroyer;userdestroyer;Userdestroyer.com;avatars/1246064382.jpg;laravel_pro
1247830966;ghost;slivario;;avatars/1247830966.jpg;laravel_pro
1248847568;💗;imaIkaaa;;avatars/1248847568.jpg;andrewgiftschat
1251229144;𝐗;NoctiHana;I sent a message but you didn't reply @Sallyy2||Hold me while i'm dreaming @Myrzik3000||Waiting for you to call @untilted0;avatars/1251229144.jpg;andrewgiftschat
1254340058;Аммат у́гольная 🥗𓆌•;CrocodileAmmatOfficial;❥Digital artist, Crocodile Cayman.;avatars/1254340058.jpg;andrewgiftschat
1257189242;MZM;mzm7771;;avatars/1257189242.jpg;andrewgiftschat
1259847407;Artem;granovskiy_01;;avatars/1259847407.jpg;laravel_pro
1263064768;@. . . xatankk [ekicei_kisser] 🍸;xatankk;@ekicei, курю сигареты, все губы обкусаны;avatars/1263064768.jpg;andrewgiftschat
1264633207;𔑘𔒦;MlSTERMODERATOR;;avatars/1264633207.jpg;andrewgiftschat
1265610325;Николай;kola2451;;;laravel_pro
1267815388;Сергей;sergeyLB1;;avatars/1267815388.jpg;laravel_pro
1267943426;Вадим;;;;laravel_pro
1268089119;Javith;;;;rabota_chaty1
1270753122;Vyacheslav;RTD_makes;;avatars/1270753122.jpg;laravel_pro
1272419645;Ищи @jordan174_new;;Пиши @jordan174_new;avatars/1272419645.jpg;andrewgiftschat
1272686711;Арuец Чурковатый ᶻ 𝘇 𝗭;POBHO_HACPAHO;Блять я без отопления отчим пиздит семью всю но я ж живая и тд;avatars/1272686711.jpg;andrewgiftschat
1276140129;A;l_twin_motor;Biker, cyclist, sportsman, artist. For many, I am very weird!😄;;tproger_chat
1277664317;𝗳𝗵𝗾𝗿𝗸𝘅𝘅.22;fhqrkxx22;;avatars/1277664317.jpg;andrewgiftschat
1277820097;Y.#nnya#krt#str#gomer#scw;ylikssqx;;avatars/1277820097.jpg;andrewgiftschat
1278116042;Konstantin;DK_Konstantin;;;python_ru
1278571327;Deconft;amadaeric1854gmailcom;;avatars/1278571327.jpg;laravel_pro
1279141779;Максим;Enrinko;;;laravel_pro
1280351371;Gibon;Gibon_360;;avatars/1280351371.jpg;andrewgiftschat
1280791303;~amour avril~/ Процько Л.;G1F7L;— Давай с тобою будем чем-то вечным?/ @ApdvoLove ❤️‍🔥/ @lilya_shovel;avatars/1280791303.jpg;andrewgiftschat
1290000756;yakoffВot;;;;laravel_pro
1292764717;︎ ︎︎ ︎︎ ︎︎︎ ︎ ︎︎ ︎︎ ︎︎︎ ︎w#DF⁷³;ayla_nw;целуй меня до крови, ведь я так люблю тебя @GADYUKA077;;andrewgiftschat
1293299514;𝗸𝗿𝗼𝗻𝗼𝘅𝘅;creatormtaprovince;;avatars/1293299514.jpg;andrewgiftschat
1299952164;mor_li;mor_li;;;rabota_chaty1
1299989244;Илья;nervinxgod;;avatars/1299989244.jpg;andrewgiftschat
1300137911;Мадина;mkchrr;;avatars/1300137911.jpg;andrewgiftschat
1300566901;Mishura;mishura_67;;;andrewgiftschat
1300991199;R;ravilre;;avatars/1300991199.jpg;laravel_pro
1303809793;Дмитрий;dnmarkelov;markelovdn.ru;;laravel_pro
1306176320;灬〃 ⁠.̮╹𝙎𝙏𝘼𝙎𝙄𝘼;stasiassy;you're fucking annoying with your ignorance, you bastards;avatars/1306176320.jpg;andrewgiftschat
1307531661;Михаил;adaptiveself;;;laravel_pro
1307688882;乂卂乃丨乃ㄩㄥㄥㄖ卄™;The_eagle2003;لَا حَوْلَ وَلَا قُوَّةَ إِلَّا بِٱللَّٰهِ;;laravel_pro
1313764130;𝐀;bannnaeleape;;avatars/1313764130.jpg;andrewgiftschat
1315310861;тофид;raffhe;в действительности всё иначе, чем на самом деле;avatars/1315310861.jpg;andrewgiftschat
1315886573;Abdurrahman;missy0311;;;laravel_pro
1316092821;темочка;maynixoff;;avatars/1316092821.jpg;laravel_pro
1317029453;чак doge;terrorism_msk;деф-@sikiraxdd @skd3t0x | подарки только через маркет;avatars/1317029453.jpg;andrewgiftschat
1317306343;LostInLunar;LostInLunar666;I love, I love I love when you range with me;avatars/1317306343.jpg;andrewgiftschat
1318845087;ⲧⲁύⲕⲩⲏ;Taikynn;ᴇᴄᴧи бы ᴋᴛᴏ ʍᴏᴦ ᴨᴩᴇдᴄᴛᴀʙиᴛь хᴏᴛь чу-чуᴛь.. @pims00m | 📺;avatars/1318845087.jpg;andrewgiftschat
1318893724;Egorr;EgorrYaroslavl;;avatars/1318893724.jpg;laravel_pro
1319080384;ㅤ ㅤ;MM9ogB;;avatars/1319080384.jpg;andrewgiftschat
1321447322;︎ ︎ ︎ ︎︎ ︎ ︎︎︎ ︎ ︎ ︎ ︎ ︎ ︎︎ ︎ ︎ ︎ ︎︎ ︎ ︎ ︎ ︎︎ ︎ ︎︎︎ ︎ ︎ ︎ ︎ ︎ ︎;vgtyuii;;avatars/1321447322.jpg;andrewgiftschat
1321950169;Юрий;yuriysag;;avatars/1321950169.jpg;laravel_pro
1324930236;ckibi;ckibidiman;;avatars/1324930236.jpg;andrewgiftschat
1325588197;AI 🇹🇯🇵🇸;Iskoa;PHP Laravel | Golang | Flutter | Backend | Vue;avatars/1325588197.jpg;laravel_pro
1326557569;Бахриддин;Baxriddin_1655;;avatars/1326557569.jpg;laravel_pro
1328139906;永遠に一緒に;qwqhqq2q;04;;andrewgiftschat
1328210308;ксенечк👅;Ksehaoo;;avatars/1328210308.jpg;andrewgiftschat
1331954187;;;;;rabota_chaty1
1334334826;︎︎;dooekekekeked;;;andrewgiftschat
1334428347;Alex;alexVpro;;avatars/1334428347.jpg;python_ru
1340203336;Андрей;superflanker35;☦️ 🇧🇾🇺🇦🇷🇺;;laravel_pro
1344497552;Elbek Shukurullayev;;SWE | Mobile | Fullstack | @ToS_V | Rebel;avatars/1344497552.jpg;laravel_pro
1344777673;Daniil;DaniilSensei;Забил на traits, ведь главное — Light weight, baby!;avatars/1344777673.jpg;laravel_pro
1345330429;;;;;tproger_chat
1346138926;Евнух;Tekctyra;;avatars/1346138926.jpg;andrewgiftschat
1347706624;Александр;sajat85;;avatars/1347706624.jpg;andrewgiftschat
1349302831;Grand Theft Auto VI;;"Владелец скотобойни ""Raven"".";avatars/1349302831.jpg;tproger_chat
1350824991;Андрей;skyfox95;;avatars/1350824991.jpg;laravel_pro
1351370215;s.;s0v11;;;andrewgiftschat
1354297097;весенний;ekaiktag;bio- @bioekaik.Нфт и подарки не дарю,не тратьте мое и ваше время;avatars/1354297097.jpg;andrewgiftschat
1355269627;Vitaly;WebCodeInUa;;;laravel_pro
1355580299;Arbuz;Nipon65;Просто я воняю на туалете говном шмаляю, бем, бем, бем...;avatars/1355580299.jpg;andrewgiftschat
1358428861;345;R2d2_v3;;;python_ru
1360177022;Лимфи;;Личный блог - https://t.me/+aeORKDVXbeo2ZjNi;avatars/1360177022.jpg;andrewgiftschat
1364417938;ᅠ;yaderny_huesos;- пошли гулять под водопад,плывем как корабли @qer0inz;avatars/1364417938.jpg;andrewgiftschat
1364673445;Ахмад;AxmadArabik;طِّفْلُ الَّذِي يَخَافُ مِنْكَ لا يَحْتَرِمُكَ بل يَنْجُو بِجَانِبِك;;andrewgiftschat
1365100892;Ꭺдʙᴏᴋᴀᴛ;;Ꭼбᴧᴏид, ᴛы ᴄᴧиʙу ᴄᴋᴧᴇиᴧ? @amane1315 https://t.me/+K8oOn9-_bzg4MTdi;avatars/1365100892.jpg;andrewgiftschat
1366211635;Priti Mane;;😘 I love Book's ♥️💞❣️🥰... 27 May...😍;;rabota_chaty1
1366715054;Святослав;ExeZice;ᴏᴏᴏ «ᴛᴍʏᴠ ᴅᴇɴᴇɢ»;avatars/1366715054.jpg;andrewgiftschat
1367852553;Денчик;Den4ik768;@kattusshka17;;andrewgiftschat
1368262920;Seterrа #𝒁𝑲𝒂𝒓𝒕𝒆𝒍 ༒;oexort;;;andrewgiftschat
1368663238;фич;arsenidh;;avatars/1368663238.jpg;andrewgiftschat
1369518939;🎎;woxllx;★8†2★;avatars/1369518939.jpg;andrewgiftschat
1371908732;✥;yliqww;;;andrewgiftschat
1373176304;;;;;rabota_chaty1
1378071379;r;R000000000000000000000000000000R;æ;avatars/1378071379.jpg;andrewgiftschat
1378678120;Александр;alexander_prog;;;laravel_pro
1379959852;Макс;qmAks_q;;avatars/1379959852.jpg;andrewgiftschat
1382059187;yaniq05📲;yaniq05;счастье где-то рядом, оглянись;avatars/1382059187.jpg;andrewgiftschat
1385181529;#pahan_vorovskoy;cof77man;;;andrewgiftschat
1389956923;Mikhalkevich;MikhalkevichAlexandr;http://erud.by/summary/mikhalkevich/;avatars/1389956923.jpg;laravel_pro
1392482684;23;YMEPBACHE;тени не совпадают;avatars/1392482684.jpg;andrewgiftschat
1396834360;Unknown;deepenergy;;;laravel_pro
1399658601;q00n;qoon_00;;;laravel_pro
1403297159;Vadim | #BinanceBuild | #TradeNTell;Qb1tX;https://www.binance.com/uk-UA/square/profile/marketnerve;avatars/1403297159.jpg;andrewgiftschat
1404228114;n;;the look of love, the rush of blood @vilebis;avatars/1404228114.jpg;andrewgiftschat
1404680644;Владислав;Da529;11 ЛЕТ В КРИПТЕ;;andrewgiftschat
1407477053;Александр Семенов;kin_der_nature;;;laravel_pro
1407827352;YupiX;;;avatars/1407827352.jpg;andrewgiftschat
1408327715;AK | ♰стася 𓅓;Stasyakish;В ᴋᴏнцᴇ ᴋᴏнцᴏʙ, ʙᴄᴇ ʍы уʍᴩᴇʍ. Тᴀᴋ чᴛᴏ, ᴨᴏчᴇʍу бы нᴀʍ нᴇ ᴨᴏжиᴛь нᴇʍнᴏᴦᴏ?;avatars/1408327715.jpg;andrewgiftschat
1409284434;GPL | Gorus;ECGorus;Пишите сразу по делу, не по делу - чс, игнор - не интересно.;avatars/1409284434.jpg;andrewgiftschat
1410408763;🇨🇦 🧇𝐾𝑎𝑟𝑡𝑜𝑓𝑒𝑙𝑛𝑦𝑦 𝑡𝑜ℎ𝑎𝑛 🥔#creepygifts#криплегенда;Toxandrii;𝓚𝓪𝓻𝓽𝓸𝓯𝓮𝓵𝓷𝔂𝔂 𝓽𝓸𝓱𝓪;avatars/1410408763.jpg;andrewgiftschat
1411536629;Ярослав;yar0slave1;;;andrewgiftschat
1413338162;aki;akitg0;реклама — [t.me/akirek1] l звезды по 1.6руб l делаю контент;avatars/1413338162.jpg;andrewgiftschat
1413936340;Дмитрий;dsokoltsov;;avatars/1413936340.jpg;laravel_pro
1414220442;Redv1se;Redv1se;;avatars/1414220442.jpg;andrewgiftschat
1414248689;Япиии;Yapiiiiiiiiiiiiiiiiiiiiiiiii1;;;andrewgiftschat
1417543340;амэна;;;;andrewgiftschat
1419049043;ㅤ;edohh_33;;;andrewgiftschat
1423829553;[ $ ] 𝙁𝙖𝙨𝙩𝙚𝙧;ffastterr;Попрошайничество - бан;;andrewgiftschat
1424509468;𝚊𝚢𝚞𝚋 𝚔𝚞𝚛𝚋𝚊𝚗𝚘𝚟 🍃;clearlyperfect;- hey apple! ᅠᅠᅠ-what?ᅠᅠᅠ ᅠ-@triosays;avatars/1424509468.jpg;andrewgiftschat
1425165538;Артем;abartas;fullstack web developer;avatars/1425165538.jpg;laravel_pro
1425571269;Пpo6lema;npo6lemaa;;avatars/1425571269.jpg;andrewgiftschat
1427844918;Djarbuzz;DJarbuzz_ru;;avatars/1427844918.jpg;andrewgiftschat
1429615995;рустам;rustambigdick;;avatars/1429615995.jpg;tproger_chat
1429635059;Raider;RAIDER_BOG;пишите первые, у мя Бан;avatars/1429635059.jpg;andrewgiftschat
1433412528;𒉭 Игорь 𒉭;gosh_op;過度の誠実さは愚かさの境界です ᅠ ᅠ ᅠ ᅠ ᅠ ᅠ manager: @kpplil;avatars/1433412528.jpg;andrewgiftschat
1436145648;m1tyaッ;;¦︎ ┆︎ ga4g ┆︎ ¦︎;avatars/1436145648.jpg;andrewgiftschat
1437189347;Dmitry;Os_Dem0n1c;;;laravel_pro
1438932439;.....;;;;rabota_chaty1
1444896341;sabinkkk;ssssabink;;avatars/1444896341.jpg;andrewgiftschat
1448764285;ден про;DenPro19;вы ищете во мне грязь, а я смеюсь над вами;avatars/1448764285.jpg;andrewgiftschat
1455686686;арина;wweswx;;;andrewgiftschat
1455765890;WhyLansik?;WhyLansiik;;avatars/1455765890.jpg;andrewgiftschat
1457731035;Муха;myxa_motors;https://t.me/patrickstarsrobot?start=1457731035;avatars/1457731035.jpg;andrewgiftschat
1458090968;Dmitry;materialisto;Реальность неизбежна;avatars/1458090968.jpg;laravel_pro
1459370747;Rosemyne;rosmaine;;avatars/1459370747.jpg;andrewgiftschat
1459498902;Игорь;berzurker;Fullstack dev;avatars/1459498902.jpg;laravel_pro
1461256654;mm;kjllkp;;;andrewgiftschat
1461449591;кариша;;кк 2401 💕🪽@karrnira;avatars/1461449591.jpg;andrewgiftschat
1462051825;Сᴀйᴋᴀ.♡;sa1ka_08;;avatars/1462051825.jpg;andrewgiftschat
1466434809;ᴘᴀɴᴅᴏʀᴀ #𝒎𝒏𝒗;bsjian;a.a | 14.11 |;avatars/1466434809.jpg;andrewgiftschat
1471014490;⊹𝐖𝐞𝐦𝐩𝐢𝐜 · sell ᴩуч;;ᴀдаᴘᴛᴇʀ - @adaptwemp[•]⁸⁰⁰⁺оᴛзывов[•]услуги - @wempicprice[•]стᴀжᴇʀы - @wempicruch[•]ᴛоп - @Topwemp[•]40000₽;avatars/1471014490.jpg;andrewgiftschat
1471646694;Артем;Artemlolo;.;avatars/1471646694.jpg;andrewgiftschat
1474621236;𝙙𝙤𝙪𝙗𝙡𝙚 𝙍𝙍;meeeent;🫤;avatars/1474621236.jpg;andrewgiftschat
1477591319;✐ D̷̷a̷̷n̷̷D̷̷a̷̷b̷̷;IDanDab;Bio: @BioDanDab;avatars/1477591319.jpg;andrewgiftschat
1480723863;Mastur;Peruxim;;;andrewgiftschat
1480871523;транквилизатор;kuxho;kuxhodied.t.me;avatars/1480871523.jpg;andrewgiftschat
1481431715;Сергей;seregazolotaryow64;Технарь, пловец, спортсмен и просто любитель природы...;avatars/1481431715.jpg;laravel_pro
1484112603;Pon🥷;Domatell;;avatars/1484112603.jpg;andrewgiftschat
1485511145;Aziz;A_z_i_z_o_v_A_z_i_z;;avatars/1485511145.jpg;laravel_pro
1486870510;Firuzbek Bakhadyrov;bakhadyrov;It’s all about the journey;;laravel_pro
1489238266;Юля;kiliopera;;avatars/1489238266.jpg;tproger_chat
1494756080;Petr;flying_niki;Web developer 💻;avatars/1494756080.jpg;laravel_pro
1495247117;🧯;;;avatars/1495247117.jpg;andrewgiftschat
1496237905;Пряники;Pervi_praniki;Пряники пряники пряники;avatars/1496237905.jpg;andrewgiftschat
1497196096;Arina;rishechka2002;Laravel developer [ Omsk ];avatars/1497196096.jpg;laravel_pro
1500783714;psyhoqqy;lostmyself2017;;avatars/1500783714.jpg;andrewgiftschat
1501311426;Egor;Egor_vev3;🤫;avatars/1501311426.jpg;andrewgiftschat
1512964126;𝑠ℎ𝑎𝑑𝑜𝑤;KALASH_RATATATA;Пустота;;andrewgiftschat
1516419647;gorobeec;gorobeecc;;avatars/1516419647.jpg;andrewgiftschat
1518411436;Suren;suren_hov;Software Engineer;avatars/1518411436.jpg;laravel_pro
1519547111;Кирилл;Kirill_AV7;𝓒𝓪𝓻𝓹𝓮 𝓓𝓲𝓮𝓶;avatars/1519547111.jpg;andrewgiftschat
1520458583;Артём;FreedomInTheDark;|Telegram Support BOT -> https://t.me/HelpHeroSupport |;avatars/1520458583.jpg;laravel_pro
1528776222;Chroni;AlexChroni;;avatars/1528776222.jpg;laravel_pro
1533238104;mustard bastard;lilflexik;nobody;avatars/1533238104.jpg;andrewgiftschat
1533649216;Dark13;darkmik_13;Я из снг так что все норм можете выдать;avatars/1533649216.jpg;andrewgiftschat
1534018955;eaex🍷;aealxr;рюкзак на плечи, и до встречи;avatars/1534018955.jpg;andrewgiftschat
1537311824;monthra;equapose;;avatars/1537311824.jpg;andrewgiftschat
1537314894;инсаф | ;;возвращайся;avatars/1537314894.jpg;andrewgiftschat
1538791650;лероха𓍼;arabkalr;;avatars/1538791650.jpg;andrewgiftschat
1538871769;AD999666;c4fggg;@AdvanceIrisBot - первый игровой бот на ириски и голд 🍬🌕;avatars/1538871769.jpg;andrewgiftschat
1541531361;шкет;dippklw;—small world, all her friends know of me @kasper0705 🫂;avatars/1541531361.jpg;andrewgiftschat
1543172516;s;mrnsts;;avatars/1543172516.jpg;andrewgiftschat
1543763519;Matteo;mep527;https://t.me/+jTJBH-eMsCwzZDgy;avatars/1543763519.jpg;andrewgiftschat
1553496890;вилка;vilksq;;avatars/1553496890.jpg;andrewgiftschat
1561920676;Максим;logun0v;Если в сети – Отвечу. Не в сети и не отвечаю – не дома/сплю. Угрозы – ЧС. Не хочу уменьшать и увеличивать население земли.;avatars/1561920676.jpg;andrewgiftschat
1562416141;Anatoliy_MSH;Anatoliy_MSH;Developer and Business Developer, 40 y.o. 🇷🇺🇪🇸🇬🇧;avatars/1562416141.jpg;laravel_pro
1563029633;Grim Bastion;;Silence is my only defense.;avatars/1563029633.jpg;andrewgiftschat
1564962836;Anthony;scrapeninja;;;laravel_pro
1571215388;Faxriyor;Faxriyort;;;tproger_chat
1576179443;♰sonimoxss♰;mokkill;;avatars/1576179443.jpg;andrewgiftschat
1576711071;Stikmer;stikmer;;;andrewgiftschat
1580664960;Анжелика;LikaMurlika11;Добро пожаловать в клуб «Мой мозг — это легаси-код без документации»;avatars/1580664960.jpg;laravel_pro
1581020222;Said;Atares89;;;laravel_pro
1589839099;Владимир;ruleress;;avatars/1589839099.jpg;andrewgiftschat
1592503829;Плю́шевый Mишkã;zoly_mixa;@biomixi Био | @mixastars КОНКУРСЫ @mixastar_bot | @otzivmixi 750+ Отзывов @magazmixi | https://t.me/PashaGiftsBot?start=ref_1592503829;avatars/1592503829.jpg;andrewgiftschat
1595237371;the xz;wxzmc;𝒎𝒗𝒑;avatars/1595237371.jpg;andrewgiftschat
1595739367;Александр;Uvarov_Alex_Sev;;avatars/1595739367.jpg;laravel_pro
1599723807;Joe;;;;python_ru
1599749468;ㅤthokih;heroinsic;ill keep her, I need her - @mweomww https://t.me/bio_for1una;avatars/1599749468.jpg;andrewgiftschat
1600410566;OBF;ooobbbfff;Ценности абстрактны, а цены конкретны. Я НЕ АРАБ СУКИ, ЭТО ПУНКТУАЦИЯ!;avatars/1600410566.jpg;andrewgiftschat
1601289333;маня;sidikmvv;;;andrewgiftschat
1604523750;𝒦𝒶𝓉𝓎𝒶 ྀི;Katian_21;t.me/voprosy?start=gc9lr;avatars/1604523750.jpg;andrewgiftschat
1606640747;🧊FridGe🥶;FridgeBand;ⒾДанный аккаунт находится в Федеральном розыске Российской Федерации;avatars/1606640747.jpg;andrewgiftschat
1613013984;Даниил;Daniil_from_Abyss;PHP🐘 Python🐍 developer;avatars/1613013984.jpg;laravel_pro
1615164660;Arsen Mine;Arsen_min3;Мне tak tak tak;;andrewgiftschat
1615169068;⌿;ten7u;Когда ты стоишь спиною к солнцу, ты видишь только свою тень. DEF: @Scorpeey;avatars/1615169068.jpg;andrewgiftschat
1617595103;травмадол;traumdolls;;avatars/1617595103.jpg;andrewgiftschat
1618077168;ѕℓινκι0_σ;slivki0_O;мой деф @durov;;andrewgiftschat
1618761074;:v;krutiwkaa;@MyStarsX https://t.me/patrickstarsrobot?start=1618761074;;andrewgiftschat
1624920368;вὄĝὄмḋᾄᾗ 'ｓт𝐲𝐋Ẹ;Bogydan55;вẏтḽ ḋᾄᾗᾗẏм вὄĝὄм ẓᾗᾄḉнḭт ᾗḛṩтḭ ṩвḛт ḋᾄҗḛ тᾄм, ĝḋḛ ḋяṵĝḭḛ вḭḋяm тмṵ 🕯;;andrewgiftschat
1625162207;Бандит;burunduk_1845;;avatars/1625162207.jpg;andrewgiftschat
1627727512;Serr;Bylypai;Ку-ку,а ты чего сюда чмотришь;avatars/1627727512.jpg;andrewgiftschat
1628803470;Аля💗;Ala_456789;;avatars/1628803470.jpg;andrewgiftschat
1629034054;саньок;sashhe;в мире одиноком мне без тебя так холодно, холодно @kilI_alI_people;avatars/1629034054.jpg;andrewgiftschat
1629579627;миркис;m1rkiss;I love you and despise you @s0v11💌| основа @m1rkissnya;avatars/1629579627.jpg;andrewgiftschat
1630145322;luba🐈‍⬛;Lyuba_one;;avatars/1630145322.jpg;andrewgiftschat
1630747122;s;saio310;;avatars/1630747122.jpg;andrewgiftschat
1634398869;ᴠɪʟʟ;veiiilw;— 私の心はいつも自由です |†| # |★|;avatars/1634398869.jpg;andrewgiftschat
1635092421;ꪒꪊꪒꪊ益;cmonwilli;τы κσ ɱʜϱ υ τακ, υ τακ, α я ʜυκακ υ я ɱƴ∂ακ.;avatars/1635092421.jpg;andrewgiftschat
1635549346;🎀;ksushiksss_0;;avatars/1635549346.jpg;andrewgiftschat
1636177729;;;;;rabota_chaty1
1636736892;𝐃𝐨𝐨𝐛;MyDoob;𝘐 𝘨𝘦𝘵 𝘮𝘦𝘴𝘴𝘢𝘨𝘦𝘴 𝘧𝘳𝘰𝘮 𝘵𝘩𝘦 𝘴𝘵𝘢𝘳𝘴...;avatars/1636736892.jpg;andrewgiftschat
1639030796;̶A̶n̶e̶m̶o̶<5;Amemik;I have a dream;avatars/1639030796.jpg;andrewgiftschat
1643750450;.;fas3ka;;;andrewgiftschat
1643914924;ало;qganlo;https://t.me/anonimnye_smss_bot?start=1643914924;avatars/1643914924.jpg;andrewgiftschat
1644762405;v;zetlyyv;i‘m made of memories Elena Greco;avatars/1644762405.jpg;andrewgiftschat
1646951953;sim;wannasexe;;;andrewgiftschat
1650135672;Mikael;;;;python_ru
1650152587;;;;;rabota_chaty1
1651464846;Комару сола😈👆;komaru_sola;UQArOVIaIxrW-IpNLWc0-bUcuWLw1XGP7Bv80Zxc1LndYTU;avatars/1651464846.jpg;andrewgiftschat
1653438438;Rozy;RozyJumayew;Full stack developer;avatars/1653438438.jpg;laravel_pro
1653976703;ᛉ‡𝕶𝖓𝖔𝖈𝖐𝖊𝖗†ᛉ🐮;KarinaAnya;𝕴 𝖆𝖒 𝖁𝖊𝖓𝖚𝖘, 𝖆𝖓𝖉 𝖞𝖔𝖚 𝖆𝖗𝖊 𝖒𝖞 𝕸𝖆𝖗𝖘. @werti35;avatars/1653976703.jpg;andrewgiftschat
1661396616;𝓥𝓔𝓵𝓲𝓷𝓪𝓪⁶⁹ 🕊️#велик#вонючаясвинья #члм;vEliNA1x;@h4tqid <- •My love• |||| - won't you die tonight for love? @toy_night | @vyyyda май кьют 🤭❤️ ||;avatars/1661396616.jpg;andrewgiftschat
1662456774;самат;KRYZAK_77;;avatars/1662456774.jpg;andrewgiftschat
1664156726;𝑀.𝑅.;Iiimmba;⭕️;avatars/1664156726.jpg;andrewgiftschat
1665444676;bi0scuit𓆪;NEKOGLAl;;avatars/1665444676.jpg;andrewgiftschat
1665706232;Daniel;DanielSpravtsev;🧑‍💻 Senior Web Developer | Founder & CEO Deploykin & Spravtsev Web | Разработка веб-сервисов и онлайн-платформ — https://spravtsev.pro;avatars/1665706232.jpg;laravel_pro
1666126061;тигран;zeraaks;;;andrewgiftschat
1668944794;;;;;tproger_chat
1669551810;🍭;xwqzvy;;avatars/1669551810.jpg;andrewgiftschat
1669746821;ᛒᚨᛞᛁᛗ;xacvu;;avatars/1669746821.jpg;andrewgiftschat
1673360087;_;smrtvana;;avatars/1673360087.jpg;laravel_pro
1673674928;SECRET;SmREpsik;;;andrewgiftschat
1674264144;𝚊𝚗𝚊𝚜𝚝𝚎𝚢𝚜𝚑𝚊𝚊🤍;chkchikiboom;если меня спросят, что такое в мире красота.. @Olfik228 / @Dedan_side;avatars/1674264144.jpg;andrewgiftschat
1678449575;essentov;essentov;@bi0o01 || kent: @oqezo,;avatars/1678449575.jpg;andrewgiftschat
1681084247;𝖘𝖔𝖓𝖍𝖜𝖘 #ᏦnᴀffᴀᏴᴇlᴏvᴇd 𓆩🐮𓆪;S0nxwh;- Ꮯᴀusᴇ Ꮖ'ʍ hᴇrᴇ, Ꮖ'ʍ ᴀlwᴀys righᴛ hᴇrᴇ @knaff4enok;avatars/1681084247.jpg;andrewgiftschat
1683223088;Дмитрий;Renar_Pathfinder;;avatars/1683223088.jpg;laravel_pro
1684074284;"𓆩stupid♰fool𓆪;";Zxc_Dora_1000;- ᴛʙои ᴀᴧыᴇ ᴦᴧᴀзᴀ, ʍᴇдᴧᴇнно бᴇжиᴛ иᴄᴋᴩᴀ @zznastlli;avatars/1684074284.jpg;andrewgiftschat
1692487559;TRAVOLTA;joetravolta;Отвечаю по мере возможности! СПАМ = БАН!;;tproger_chat
1692940986;Аня;Anna_Yarygina;;avatars/1692940986.jpg;andrewgiftschat
1694926659;eclipse;minni_starrr;i thought i was a fool for no one @minni_star;avatars/1694926659.jpg;andrewgiftschat
1698996179;｡*✧Ясечка✧⁠*｡;yassia_krm;— ᴄ ᴛобой ʙᴄᴇᴦдᴀ дᴀ, ᴋᴩоʍᴇ ᴛᴇх ᴄᴧучᴀᴇʙ ᴋоᴦдᴀ оᴛʙᴇᴛ нᴇᴛ @Josten10_Drew3 |⚯ ͛жоски фан ГП,аниме,манхв| 𓆩ꨄ𓆪;avatars/1698996179.jpg;andrewgiftschat
1700526671;bezkrovnyy_;hjzfkzfhhs;вы умрете вы знаете этл;avatars/1700526671.jpg;andrewgiftschat
1704922402;Kvanya;Imkvanex;;avatars/1704922402.jpg;andrewgiftschat
1706743638;nadea;nadea_hh;#canthurtme #The40PercentRule;;laravel_pro
1707794718;Сергей;inwall_ch;;avatars/1707794718.jpg;laravel_pro
1707825630;vlad;Bshidow;;avatars/1707825630.jpg;andrewgiftschat
1707982893;sr;sr44btw;;avatars/1707982893.jpg;laravel_pro
1716484759;𝒦𝒾𝓇𝓊𝓈𝒽𝒶;Kirusha_Novikov;;;andrewgiftschat
1719219926;𝙸𝚗𝚏𝚒𝚗𝚒𝚝𝚢シ︎;infiniity17;;;andrewgiftschat
1721774867;#тёмамладший|подключу платежку;;нету-;avatars/1721774867.jpg;andrewgiftschat
1722869029;🌀•𝒮𝐿𝒜𝒱𝒜•🌀#olev;Yasaew;моя самая любимая @pinG69 │ мой бро @xo4yzhit | @marinkis01;avatars/1722869029.jpg;andrewgiftschat
1724778896;fl1mer;fl1mer;UQBA31wAo28ZTayivCmoJKVMnWkJOoTmy8-F1ozCpI_9rBk_;avatars/1724778896.jpg;andrewgiftschat
1726950785;⁬⁯⁬⁯⁬⁯⁬⁯⁬⁯⁬⁯⁬⁯⁬⁯⁬⁯⁬⁯⁬⁯⁬⁯⁬⁯⁬⁯⁬⁯⁬⁯⁬⁯⁬⁯⁬;xaxaxassq;02:00;avatars/1726950785.jpg;andrewgiftschat
1730717757;thefr0zinax;thefr0zinax;хз;avatars/1730717757.jpg;andrewgiftschat
1733533823;;;;;rabota_chaty1
1738166833;dearty_sun;Dearty_sun;- ᴨᴩᴏᴄᴛи ʍᴇня, ʙᴇᴩниᴄь ᴋᴏ ʍнᴇ ᴩᴏднᴀя;;andrewgiftschat
1739646102;Тема;WhyPsychoAang;🫶01.06.25🫶 Не отвечаю- не интересно.;avatars/1739646102.jpg;andrewgiftschat
1740420726;rodilow;rodilow;;avatars/1740420726.jpg;andrewgiftschat
1742214030;︎пизда;qii3i;;avatars/1742214030.jpg;andrewgiftschat
1744139325;Азамат;Azamat_280311;;avatars/1744139325.jpg;andrewgiftschat
1744827526;маскек1ки;yspeu;teg @anymodels //thoughts about one... // my kent @zeropane угрозы=чс;avatars/1744827526.jpg;andrewgiftschat
1744899303;Welcome;hdiek93;;avatars/1744899303.jpg;andrewgiftschat
1750531779;турик зв 1.4 😁;turikxq;;avatars/1750531779.jpg;andrewgiftschat
1751512678;Артём;RussianSunny;Редактирую текстовые файлы, чтобы заработать себе на жизнь;avatars/1751512678.jpg;laravel_pro
1754716375;Григорий;Gri_Shark;;avatars/1754716375.jpg;andrewgiftschat
1755517658;𝗿𝗮𝗶𝗹𝗶𝗸;railikth;;avatars/1755517658.jpg;andrewgiftschat
1755989202;Иван;Ivan23ru;;avatars/1755989202.jpg;andrewgiftschat
1759716616;лера;riaaaxz;;avatars/1759716616.jpg;andrewgiftschat
1760558254;Timur;thetimg;;;laravel_pro
1763785460;🏹;sdespiro;;;andrewgiftschat
1768198170;neongx;neongx;Я с водкой и @freerio77;avatars/1768198170.jpg;andrewgiftschat
1768428709;#фанатSBP |;;Бот: @Sbpctars_bot | отзывы: https://t.me/+1km330sPewg1OWJi;avatars/1768428709.jpg;andrewgiftschat
1774211676;Артем;Artem864;;;andrewgiftschat
1775327525;ᅠᅠ;lalalaxll;тгк: https://t.me/+JDqwTjUX5II0MjYy;avatars/1775327525.jpg;andrewgiftschat
1775711438;София;sofia130693;;avatars/1775711438.jpg;laravel_pro
1776275734;ангельская;angelskayay;;avatars/1776275734.jpg;andrewgiftschat
1777346251;Unnecessary ♱;hateexisting;Forever young. @neprivetrussia;avatars/1777346251.jpg;andrewgiftschat
1778329095;ad4mn;springtrapixh;@T_leyka бебебе Турбек узбек (твою налево) | Вот она, боль утраты;avatars/1778329095.jpg;andrewgiftschat
1778462146;erpy;erpyshnost;;avatars/1778462146.jpg;andrewgiftschat
1781102463;.𖥔 ݁ 𝐳𝒆𝐮𝐱𝐯𝐢𝐬³⁰ʳᵉᵛˢ ⲅⲁⲣⲁⲏⲧ #𝕚𝕟𝕧𝕚𝕟𝕔𝕚𝕓𝕝𝕖 ʙɪʟʟɪ ɴᴏɢᴀᴍɪ;Minoande;|❗| 𝐆𝐚𝐫𝐚𝐧𝐭 𝟎% 𝐬𝐨 𝐬𝐝𝐞𝐥𝐤𝐢 |❗| 𝐃𝐞𝐟 @police_troll @NoTrolls |❗| 𝐍𝐅𝐓 𝐧𝐞 𝐭𝐫𝐞𝐢𝐳𝐡𝐲 |❗| 𝐓𝐨𝐩 𝐝𝐨𝐯𝐚: 𝟒𝟖𝟎𝟎₽ |❗|;avatars/1781102463.jpg;andrewgiftschat
1784340534;dementia2013;dementia2013;Ковбой ПБОЮЛ;;python_ru
1784555050;wྀི;ricruta;;;andrewgiftschat
1791327976;ᅠ ︎ ︎ ︎ ︎ ᅠ ︎ ︎ ︎ ︎ ᅠ ︎ ︎;oskwekidk;The cheapest thing in the world is someone else's opinion of you.;;andrewgiftschat
1793277661;Nike;Wadard;Трудись тихо-пусть успех будет шумным;avatars/1793277661.jpg;andrewgiftschat
1794456476;Хумунс#loser;Humunss;Won't you die tonight for love? @Mch4ko;avatars/1794456476.jpg;andrewgiftschat
1794509071;ي;ssstees6;i got golden teeth, she got bright green eyes🪽🪽;avatars/1794509071.jpg;andrewgiftschat
1795729757;Doshik♡;Dysh_3;You are my today and all of my tomorrows♡. @Cmiwinka04;avatars/1795729757.jpg;andrewgiftschat
1801404822;عشب;mi1shaa;I luv my sweetie boy sm @p4elkaaa;avatars/1801404822.jpg;andrewgiftschat
1801960976;Andrey;Promotion_tg_smm;;avatars/1801960976.jpg;laravel_pro
1802768768;аnn🗽;pwderl;;avatars/1802768768.jpg;andrewgiftschat
1803153204;mmm;miy_miy_miy3;;avatars/1803153204.jpg;andrewgiftschat
1803787634;Альберт;akurbanovDev;Разработка/поддержка веб-проектов под задачи бизнеса в stavtrack.ru;avatars/1803787634.jpg;laravel_pro
1807480742;Скворец;likohv;;avatars/1807480742.jpg;laravel_pro
1812653802;ㅤ;;;;andrewgiftschat
1814468006;MariaEchо;MariaEcho;HRD ECHO COMPANY Php Node JS 3D React OUTSTAFF echo-company.ru;avatars/1814468006.jpg;laravel_pro
1817945579;Анис;monikersdepict;Queen👑👸😈;avatars/1817945579.jpg;andrewgiftschat
1818153860;Егор;Virusnjak040593;;avatars/1818153860.jpg;python_ru
1819543129;America_Gamer;Gaming_CentreMB;I'm not just rest of you,I'm stronger I'm smarter I'm better🗿;;andrewgiftschat
1819932963;ghloriss;ghloriss;;avatars/1819932963.jpg;andrewgiftschat
1820703832;D♡;DarkKillua;Сильнее тебя я ещё не кого не любила♡ @Lizkalove21;;andrewgiftschat
1821252109;Muhammadiy;;Data bias creates a distorted of people;avatars/1821252109.jpg;laravel_pro
1822183935;Server;serverlocal;卡图沙;avatars/1822183935.jpg;andrewgiftschat
1825966986;Дмитрий;tako_god;;avatars/1825966986.jpg;andrewgiftschat
1826290383;Аббос;abbos_9500;;avatars/1826290383.jpg;python_ru
1827812089;Rahul;;...;;python_ru
1828205361;ADOLF;soszxc7;;;andrewgiftschat
1828305321;янка;o0o0o0o0o0o00000o;👼✌🏻;avatars/1828305321.jpg;andrewgiftschat
1829112380;ccxlwsss//1;;https://t.me/+agb0pxf2R7xhMGEy;avatars/1829112380.jpg;andrewgiftschat
1834865263;Арыстанбек;Est_Zhe_Aris;Нюхай Аяк;avatars/1834865263.jpg;laravel_pro
1836063419;darl1ixx;huuir;ПОПРОШАЙНИЧЕСТВО-ЧС🚫;avatars/1836063419.jpg;andrewgiftschat
1844547622;✨𓆩❄️⃟ ̸̽𝓡𝓮𝓲𝓱𝓪𝓷𝓮ꦿ𓆪✨;Reihane10ap;💕 or ☠️?! ☠️ is 🏆;avatars/1844547622.jpg;andrewgiftschat
1846594041;˖ ࣪ 𝒂𝒓𝒕𝒆𝒓𝒏𝒙 ༅;arternx;;avatars/1846594041.jpg;andrewgiftschat
1847103378;Егор (!);egorbatutov;𝚊𝚗𝚍 𝚒𝚏 𝚢𝚘𝚞 𝚐𝚘, 𝚒 𝚠𝚊𝚗𝚗𝚊 𝚐𝚘 𝚠𝚒𝚝𝚑 𝚢𝚘𝚞... https://t.me/+ig9UusMLsd80MTg6;avatars/1847103378.jpg;tproger_chat
1848422619;Вадим Александрович;;48, NN;avatars/1848422619.jpg;laravel_pro
1848944711;Дмитрий;MCDias;One Thing Is Not Another;avatars/1848944711.jpg;andrewgiftschat
1849963118;@vllxy;nuzvill;;avatars/1849963118.jpg;andrewgiftschat
1855045748;Даня;zhevna7;;avatars/1855045748.jpg;andrewgiftschat
1856196537;Mavrodik;Chikenui3;;avatars/1856196537.jpg;andrewgiftschat
1856709096;Николай;nikOstap88;;avatars/1856709096.jpg;laravel_pro
1857058793;Евгений;;;;laravel_pro
1858953250;Victor️;sazonov19;;avatars/1858953250.jpg;laravel_pro
1861166673;София Агеева;djkfodf;«Я - не результат обстоятельств, я - результат своих решений.»;avatars/1861166673.jpg;rabota_chaty1
1861195357;Викач🏒¹⁴;kwerixcs;«Только думаю о тебе» 14S;avatars/1861195357.jpg;andrewgiftschat
1864937984;Алексей;master_pop_s;Esse quam videri;avatars/1864937984.jpg;laravel_pro
1868853324;Юра;clowneezz;@ClownezzStarsBot ✨;avatars/1868853324.jpg;andrewgiftschat
1871567395;︎ ︎ ︎Илья;scam_8888;;avatars/1871567395.jpg;andrewgiftschat
1874023456;_______;svittttssa;Я жив як карта ляже а шяс як жінка скаже 🥰❤️❤️‍🔥;;andrewgiftschat
1874103591;ًًًً;adusyaam;навряд ли теперь сможешь отвязаться,привыкла так сильно @Varvara_chevt;avatars/1874103591.jpg;andrewgiftschat
1874798844;свити витя соски;chededyvhui;.;;andrewgiftschat
1875955500;𝓀𝒶𝓇ℴ𝓁𝒾𝓃𝓀𝒶🤍;M_Lin_lin;-Де ти намалюєш квіти навколо слідів від куль на стіні @Aliso_4kaXD;avatars/1875955500.jpg;andrewgiftschat
1876991613;Kytaro;Kytaro_76;;avatars/1876991613.jpg;andrewgiftschat
1877269996;. ᯏ B🅴NZZO;sknkhnt42;punch your lights out, hit the pavement, that's what I call entertainment;avatars/1877269996.jpg;andrewgiftschat
1877487294;ِangelina;clar_ange;Raina🩵;avatars/1877487294.jpg;andrewgiftschat
1879064419;Александр;ne_svayzivaisya;;;laravel_pro
1880183786;хаунихау;lilp3ep1;https://t.me/patrickstarsrobot?start=1880183786;avatars/1880183786.jpg;andrewgiftschat
1880225297;Тимур;brakdz;Stop dreaming, start doing;avatars/1880225297.jpg;rabota_chaty1
1884201676;Greedy;Greedy_SCAM;ㅤ;avatars/1884201676.jpg;andrewgiftschat
1886324531;меф :D #пм #мм #krt;hea1wi;– ты пизданутый мудак, по тебе плачет дурка 😛😛 @hxtov #люполинуу;avatars/1886324531.jpg;andrewgiftschat
1887690689;𝔰𝔨𝔦𝔡𝔢𝔯𝔦𝔨;aph_t;https://t.me/+jYjYrfJquv83YjBi;avatars/1887690689.jpg;andrewgiftschat
1889889533;ᴜɴᴋɴᴏᴡɴ ᴛʏᴄᴏᴏɴ;tycoh;ᴇᴠᴇɴ ᴛʜᴇ ᴅᴇᴠɪʟ ᴡɪʟʟ ǫᴜᴏᴛᴇ ᴛʜᴇ ʙɪʙʟᴇ ꜰᴏʀ ʜɪs ᴏᴡɴ ʙᴇɴᴇꜰɪᴛ;avatars/1889889533.jpg;andrewgiftschat
1892140739;Mira;vkk9597;;;andrewgiftschat
1894294137;Kirill;ll_174;;avatars/1894294137.jpg;laravel_pro
1895388244;ⲁⲥя;asyallbld;d🦋;avatars/1895388244.jpg;andrewgiftschat
1895497005;Liza;;;avatars/1895497005.jpg;rabota_chaty1
1899703611;༒𝙬𝙤𝙤;wowwx1;;avatars/1899703611.jpg;andrewgiftschat
1900449076;#krt;imamthfckstarboy;ɪ'ᴍ ᴄᴏᴍɪɴɢ ᴛᴏ ᴛʜᴇ ᴄᴏᴛᴛᴀɢᴇ. ʜʀ®️;;andrewgiftschat
1901586225;It’s me;hipppy420;;avatars/1901586225.jpg;laravel_pro
1907429629;../^pepSic0 `` #𝘬𝘪𝘴𝘴𝘭𝘢𝘬𝘬;PepSsiC0;;avatars/1907429629.jpg;andrewgiftschat
1912734220;Mark;TarhunWave;Созидай путь, а не ищи его.;avatars/1912734220.jpg;andrewgiftschat
1913041665;𝓵𝓾𝓽𝓲𝓴;sofzente;;avatars/1913041665.jpg;andrewgiftschat
1916762523;Zuzziks;zuzziks_68;.;avatars/1916762523.jpg;andrewgiftschat
1917142791;Ⲙⲓⲛⲓⲣⳑυⳋⳋ✨🎰 #lng#𝙺𝙴𝚅𝙸𝙽#shiaws#RVX#obil#irs#d🦋;mkplugg_mini;✩°「ちょっとでも その気にさせたいな 僕だけに 微笑んで」°✩ //Ⳝⲟⲯⲉ ⲙⲟύ, ⲃυⲇυⲙⲟ, ⲡⲣυⲅⲗⲁⲱⲉⲏυⲉ ⲏⲉ ⳝыⲗⲟ ⲇⲟⲥⲧⲁⲃⲗⲉⲏⲟ ⲕⲟ ⲙⲏⲉ ⲥⲏⲟⲃⲁ.//20200 ⲃⲟⲏ!/-Ⲟⲏ ⲧⲟⲧ, ⲕⲧⲟ ⲙⲉⲏя ⲥⲩⲇυⲧ./;avatars/1917142791.jpg;andrewgiftschat
1917722102;Rakesh;;;;andrewgiftschat
1917808152;holymice;genfop;;avatars/1917808152.jpg;andrewgiftschat
1919790048;Nikita;vaaxooo;;avatars/1919790048.jpg;laravel_pro
1920144494;ᅠᅠw;ment034;;avatars/1920144494.jpg;andrewgiftschat
1920497054;死 ʏᴜᴍᴇ.;;;avatars/1920497054.jpg;andrewgiftschat
1923057058;?;Rel_ex;Иди нахуй @LeshaHG;avatars/1923057058.jpg;andrewgiftschat
1923735427;ᅠ;Not_FittOk;;avatars/1923735427.jpg;andrewgiftschat
1926088173;ⲛɪɢeⲛɑ¹²³;KvH_112;.;avatars/1926088173.jpg;andrewgiftschat
1930312229;Nameless;yrolg_eniarku;war is peace, freedom is slavery, ignorance is strength;avatars/1930312229.jpg;tproger_chat
1931107298;RAdIANNt;Radianntt;PASSE-MOI UN SEAU DE CREVETTES ET DU LAIT!!!;avatars/1931107298.jpg;andrewgiftschat
1932072541;🥱;Zevakk;;;andrewgiftschat
1934462859;﹫𝘚𝘦𝘳𝘦𝘯𝘪𝘵𝘺;S3R3N1T1;◉︎ ︎ ︎. . 𝐴𝐻! 𝑡𝑜𝑜 𝑚𝑢𝑐ℎ 𝑝꯭𝑟𝑒𝑠꯭𝑠𝑢𝑟꯭𝑒！✩;avatars/1934462859.jpg;andrewgiftschat
1935791333;11 поражений подряд x лоу таб x 120 fps Monster TDM Zero x s1mpl;;;avatars/1935791333.jpg;andrewgiftschat
1937352498;Swann🦢;General_Swann;;;python_ru
1943303658;PsYcHo;PSYCHOFD;Świątynię można rozpoznać po jej bramach.;;python_ru
1946517209;𝘯𝘢𝘴𝘵𝘪𝘬𝘲𝘸𝘹;nastixqwx;НФТ НЕ ПРОДАЮ❗;;andrewgiftschat
1947316685;Treepfire;Treepfire;;avatars/1947316685.jpg;andrewgiftschat
1947788227;;;;;rabota_chaty1
1947965048;Ок;LeMih01;😎Life is a game, so play it beautifully😎;;andrewgiftschat
1950878910;𝘽𝙖𝙯𝙮𝙠;Bazyk_splaf;;avatars/1950878910.jpg;andrewgiftschat
1952331669;З;gg23456789012;;;rabota_chaty1
1956040650;Armen;;;;rabota_chaty1
1956762711;C13H16ClNO.؟;Milifk;;avatars/1956762711.jpg;andrewgiftschat
1959369183;Kartoshechka🪿;Wegzzy;- у меня тоже нет объяснения зачем по утрам просыпаться ☆;avatars/1959369183.jpg;andrewgiftschat
1961966654;xd;misomarnia;luv my a;avatars/1961966654.jpg;andrewgiftschat
1963298178;tgxgifts;TgxGifts;Дарю нфт в БИО | Пополнить звёзды — @TgxGifts_bot;avatars/1963298178.jpg;andrewgiftschat
1963401012;_________________👩‍🦽 ______🚓;Ggpop567;;;andrewgiftschat
1964406787;;;;;tproger_chat
1964430599;мотя;motya_vo;✝️;;andrewgiftschat
1967275383;?;SaveTonWallet;;avatars/1967275383.jpg;python_ru
1968456391;gidroid;GIDROID1;https://t.me/budabonus_bot?start=1968456391;avatars/1968456391.jpg;andrewgiftschat
1976386900;|3³Jl0|\/|;GeoLaTruco;;avatars/1976386900.jpg;andrewgiftschat
1977214229;Илья;Menacing470;В тебе есть чуитс 85/99 🌹;avatars/1977214229.jpg;andrewgiftschat
1979195054;Булатище;Fizovv229;Крутой чел;;andrewgiftschat
1979582995;𝑚𝑖𝑠𝑠 𝑦𝑜𝑢🤍;IloveYulkaa;;avatars/1979582995.jpg;andrewgiftschat
1979848880;Демонесса;The_Demoness_1;;;andrewgiftschat
1980275064;marlboro;montano173;;;andrewgiftschat
1980407057;ꦿ➢𝙃𝙃 🍇ᅠ➲︎;CKORO_3AKAT;Def @monk Если меня не будет долгое время, чек этот юз @Offical_gifts;;andrewgiftschat
1983524521;Богдан;true_normis;;avatars/1983524521.jpg;laravel_pro
1983674793;Nikolai;prokhorenkon;;avatars/1983674793.jpg;laravel_pro
1989292569;ксюханя #явтомивсі🏰;kslovme;;avatars/1989292569.jpg;andrewgiftschat
1993265796;Асланчик;aslanalborov07;Адыгэ-Турк 🇹🇷;avatars/1993265796.jpg;laravel_pro
1993294279;elsy wye;elsyxw;i would never lie to u, i would never fool u;avatars/1993294279.jpg;andrewgiftschat
1994984435;СиСиметр;sisiupbot;"Развлекательный бот для групп (чатов)

🍼 Помощь — @upbotshelpbot";avatars/1994984435.jpg;andrewgiftschat
1996007771;Витуся🐾💙#krt;Vikku466;И встретишь ты, когда не ждёшь,и обретёшь не там, где ищешь.;;andrewgiftschat
2004682657;Fissssser;Fissssser;;;andrewgiftschat
2005809338;Shohjahon;moShok11;;;laravel_pro
2009252915;bywthlo ❄️;bywthlo;;avatars/2009252915.jpg;andrewgiftschat
2011062098;Татьянка;transyxa_23_2002;Видом богиня, а сердцем Трансуха♥️ https://t.me/+OY-d8o15-DQxMTU6 -ТГК и анон https://t.me/anonimqbot?start=lkprle, и инста l.tana.l;avatars/2011062098.jpg;andrewgiftschat
2012356895;DIOR;DH_2244;https://t.me/+5tIrsu1sTVxlMzZi;avatars/2012356895.jpg;andrewgiftschat
2012799710;Contestant;;;avatars/2012799710.jpg;andrewgiftschat
2013839017;Анжелка🔞;Bratzqv;анонки http://t.me/AnonAskcBot?start=ekkvcy-Q;avatars/2013839017.jpg;andrewgiftschat
2017539129;бе;shkebede_autist;Ты стала для меня роднее мамы, когда ты не в сети, я плачу;avatars/2017539129.jpg;andrewgiftschat
2023914208;Alex;AlexS735;;avatars/2023914208.jpg;laravel_pro
2031124556;;;;;rabota_chaty1
2031333387;MEKTY;M3KTY;Спам блок - @M3KTYY_bot;avatars/2031333387.jpg;andrewgiftschat
2033399505;^᪲᪲᪲kil.s🃁^᪲᪲᪲;angel_killss;«Лечит не время.Лечат психотерапия,отдых, работа, книги. Любовь»;avatars/2033399505.jpg;andrewgiftschat
2033624594;ZEQNkun;ZZexs;;avatars/2033624594.jpg;andrewgiftschat
2035242016;Анна;Shinewize;;avatars/2035242016.jpg;tproger_chat
2036692651;Михаил;mis_ha7;;;andrewgiftschat
2038314654;Podkaifom #moew;tydaom;;avatars/2038314654.jpg;andrewgiftschat
2041928905;Anaevskiy;aevs_tg;Backend Dev;avatars/2041928905.jpg;laravel_pro
2047453065;Руслан;ru51a4;28yo, web dev;avatars/2047453065.jpg;laravel_pro
2051308894;Aziz;azizbekodilov;;;laravel_pro
2051617348;Артем;Kepper_2022;;;laravel_pro
2053022242;AntiSpam Name Bot;antispamname_bot;"Удаляю ботов по спамными, арабскими, китайскими никами; чищу системные сообщения и спам от каналов
Инфо: @botsbaseru 👀";avatars/2053022242.jpg;tproger_chat
2053300244;exetov;exetoviy;Channel @dentroNFTnews;avatars/2053300244.jpg;andrewgiftschat
2053861222;λ;Tyler_DurdaH;Без лоха и жизнь плоха;avatars/2053861222.jpg;andrewgiftschat
2054780132;Tysya;Natulia_r;Люблю свою семью ❤️;avatars/2054780132.jpg;rabota_chaty1
2056688147;Василь;Vasilpubg;https://t.me/VASIKgifts;avatars/2056688147.jpg;andrewgiftschat
2058685428;Palas12|Hyper☠️;PalasikiTG;;avatars/2058685428.jpg;andrewgiftschat
2059163794;Абдул;Otmena310;;avatars/2059163794.jpg;andrewgiftschat
2059437078;Jasur Bakhodirov;jasurbaxodirov;;;laravel_pro
2059957613;тимофей;zzirtx;my best lowtab @Gr1mnarr;avatars/2059957613.jpg;andrewgiftschat
2064279460;твой озон @AdvanceStars_Bot;khl40;@AdvanceStars_Bot - первый игровой бот на телеграм звезды 🌟;avatars/2064279460.jpg;andrewgiftschat
2067607395;чᴇᴩникᴀ #𝗺𝗻𝘃 #bliss;pzzdd4x;ᴛᴇʟʟ ᴍᴇ, ʟᴏᴠᴇʀ ᴅᴏ ʏᴏᴜ ʟᴏᴠᴇ ᴍᴇ? ᴅᴇᴀᴛʜ ɪs ᴀʟᴡᴀʏs ɴᴇᴀʀ ᴍᴇ, ᴡᴀᴛᴄʜɪɴɢ;avatars/2067607395.jpg;andrewgiftschat
2069720231;Duma;Dumaoff;;avatars/2069720231.jpg;andrewgiftschat
2071603055;афонька;changertqq;;avatars/2071603055.jpg;andrewgiftschat
2072357317;𝒖𝒛𝒆𝒆𝒗;uzeev1;http://t.me/anonaskbot?start=NOUgAZQLme2XEi3 связь;avatars/2072357317.jpg;andrewgiftschat
2073397472;ᴀᴅᴊɪɢᴀɴ;AdjiganOfficial;;;andrewgiftschat
2076716086;𝘒𝘪𝘴𝘴𝘺 𝘋𝘦𝘷𝘪𝘭;;Реклама NFT/игры | Эмодзи 1$ | @privetdevil | Гарант 2%| Реп в био | Блог - t.me/+M0wjuYAqKjk3OTUy | Воздух/угрозы = чс + спамблок;avatars/2076716086.jpg;andrewgiftschat
2076966099;ванюша грязный панк;GRAZNIPANK_YMER;я написал жизнь как захотел перепробовав кучу страниц;avatars/2076966099.jpg;andrewgiftschat
2077295456;<code>;serves6s;;avatars/2077295456.jpg;laravel_pro
2078831199;pixwillxx;yazykidlyy;-все без слов, по глазам понимает @uoveru;avatars/2078831199.jpg;andrewgiftschat
2080748867;٭ʙʀᴇɴᴅɪ٭;leeknowsaurus_1;;avatars/2080748867.jpg;andrewgiftschat
2081625949;𝔱𝔥𝔲𝔫𝔡𝔢𝔯;scamost;;;andrewgiftschat
2082715723;Artemi;Ag1xis;;avatars/2082715723.jpg;andrewgiftschat
2093781692;Fehuginn;FehuginS;Обращаться по поводу сотрудничества.;avatars/2093781692.jpg;laravel_pro
2099148966;₊𖥔 ℬℴ𝓉𝒾𝓃ℴ𝓀 ׅ𖥔ׄ𝆹𝅥 𝆭;wbswb5;๋͜ . ๋͜ ࿙ .ꕮ. ࿚ ๋͜ ׁ⏜𐌖ᱛ𐌉ᱚ 𐌉Ⴝ ꤍᱛᱬ𐌉𐌽᱙... ๋͜ ࿙ .ꕮ. ๋͜ .࿚๋͜;avatars/2099148966.jpg;andrewgiftschat
2099270766;🎃;doorand1;я начинаю болеть тобой https://t.me/+jI1hKanrQKxhN2Ni;avatars/2099270766.jpg;andrewgiftschat
2100356624;КОЛЛЕКТОР 🇲🇽;econ_yaluzz;я люблю одну малышку;avatars/2100356624.jpg;andrewgiftschat
2102965984;︎;aafectt;;avatars/2102965984.jpg;andrewgiftschat
2108478655;venomus;venomusfn;;;andrewgiftschat
2108754329;Pulse🌪️;neploxoychel;;avatars/2108754329.jpg;andrewgiftschat
2112149229;𝙣𝙤𝙩𝙞𝙣𝙜𝙝𝙚𝙡𝙡;Sansdon;;avatars/2112149229.jpg;andrewgiftschat
2114013960;ᅠ ᅠ⏤͟͟͞͞𝒦 е🄵ꪱׁׁׁׅׅׅ͜͜͜͜͜͜͜͡͡͡͡͡͡͡ ིྀꭈׁ͜͜͡͡ᬊ 𝆭 #kotletы;kepf1r;ㅤ ㅤ @caramellddw …ℋ۪а͜м с тобꪮй нℯ стр𐐼шны ни тучи, ни дྀིྀིжди!࣪ лю!;avatars/2114013960.jpg;andrewgiftschat
2121050681;ꌩꀎꀎꀤꉓꃅꀤ ꀘꍏ꓄ꍏꁅꀤꋪꀤ#XX;;tt:yuuichi_babaxovod;avatars/2121050681.jpg;andrewgiftschat
2121972799;𝑻𝒆𝒂𝑳𝒐𝑿;azurTLX;;avatars/2121972799.jpg;andrewgiftschat
2124617358;Enryu;enryu2;;avatars/2124617358.jpg;laravel_pro
2125047045;🌑𝐸𝑙𝑖𝑧𝑎𝑣𝑒𝑡𝑎𝑎🌑;draconity_q;;avatars/2125047045.jpg;andrewgiftschat
2125604705;Джабир;jabir_sabitov;;avatars/2125604705.jpg;laravel_pro
2126060392;pokaifu^^;Qwqqqwqwqw5;;;andrewgiftschat
2126305615;ㅤㅤ;;;;andrewgiftschat
2129000243;qwello;pitimq;;;andrewgiftschat
2133943511;Денис;deniswedb;;avatars/2133943511.jpg;laravel_pro
2134805748;👨🏻‍✈️ 𝒂𝒅𝒂𝒎𝒂𝒏𝒕𝒊𝒏𝒆𝒔𝒔𝒔༽ٖٖٜٖٖٜٖٜٖ 𝖆𝔣𝘬 #ＩＧＮＯＲＥ #ＣＡＬＭ #ＳＩＬＥＮＴ #ＨＯＮＥＳＴ;adamantinesss;@good_biznesbot @temartembot @chatzarazabot @mine_evo_bot;avatars/2134805748.jpg;andrewgiftschat
2135163497;Mia;MiaRieya;;avatars/2135163497.jpg;python_ru
2137117912;Виктория🖤;Viki123467;Ᏼᴄё бᴇɜ ᴄᴧᴏʙ, ᴨᴏ ᴦᴧᴀɜᴀʍ ᴨᴏниʍᴀᴇᴛ – @Nastyushka123 💋;avatars/2137117912.jpg;andrewgiftschat
2140522969;Artemka;Dur0vmee;;avatars/2140522969.jpg;andrewgiftschat
2141290628;алеха;allxqli;,;avatars/2141290628.jpg;andrewgiftschat
2145497087;PAVLO;biodynamist;https://it-healer.com Целитель. Специалист по работе с подсознанием. Биодинамика.;avatars/2145497087.jpg;laravel_pro
5000962492;Xasist;Cinroving;;avatars/5000962492.jpg;andrewgiftschat
5003225533;Fan_Topsy;Fan_TOPSY_YT;🦋Лучший бот - https://t.me/felon_stars / @felonstars_bot;avatars/5003225533.jpg;andrewgiftschat
5005722649;Нефтевоз #Nexzon;NEXZON7;Adygha way way;avatars/5005722649.jpg;andrewgiftschat
5007005929;Gerasimenko Anastasia🐮;Dana_Bro;Люблю Вику @vikkiitg 🥰😘❤️;avatars/5007005929.jpg;andrewgiftschat
5007410981;Private;mnsrv22;;;laravel_pro
5007681507;Руслан;neebikamnemozgi;https://t.me/+dDB5CwRvlRM1MGZi;avatars/5007681507.jpg;andrewgiftschat
5008319575;Ꮥ૮ᏗᏒᏗᎷᎧᏬ૮ᏂᏋ #611канон LoveMySun;ScarM3ow;[🌃] – My sun @SunEat | — Я скучен до безобразия;avatars/5008319575.jpg;andrewgiftschat
5010198267;ℳ𝒾𝓀;Mikorcg;Типо умный💼;avatars/5010198267.jpg;andrewgiftschat
5013386203;Lumik;lumik_143;;;andrewgiftschat
5016641049;ripsi;ripsio;;avatars/5016641049.jpg;andrewgiftschat
5017500358;…;myrhila;;avatars/5017500358.jpg;tproger_chat
5025251119;Sweet_zubachistka #СнфтОтИндиго;Zubachistka25;Пы❤️ @AdvanceStars_Bot - первый игровой бот на телеграм звезды 🌟;avatars/5025251119.jpg;andrewgiftschat
5028937399;гниль;mafiaymb812;;;andrewgiftschat
5029101570;Ёрик;Oltimik;Ишак побольше. @meoruo1;avatars/5029101570.jpg;andrewgiftschat
5029637095;akynu;cxtrAttack;;avatars/5029637095.jpg;andrewgiftschat
5029879611;∞LV;QueenL8;;;andrewgiftschat
5029989069;D.S.B;dsb0407;;avatars/5029989069.jpg;andrewgiftschat
5030718575;лондон;smabbaba;ты? tg://settings;avatars/5030718575.jpg;andrewgiftschat
5032132738;marty;Agokija;;avatars/5032132738.jpg;laravel_pro
5036559147;~_𝑆𝑙𝑎𝑣𝑎 𝐵𝑒𝑏𝑟𝑜𝑤_~;slavaytebiglazanajopi;｡･:*:･ﾟ’☆когда герою тяжело, кто станет героем для него?｡･:*:･ﾟ’☆;avatars/5036559147.jpg;andrewgiftschat
5036609271;жир;zhir_day;;avatars/5036609271.jpg;andrewgiftschat
5037293640;.;aphonicus;;;laravel_pro
5037494743;︎;anon22n;Тренера не играют http://t.me/voprosy?start=plhhp0;avatars/5037494743.jpg;andrewgiftschat
5038953300;𝐬𝐰𝐞𝐚𝐮𝐲𝐲;wxg0qw;;;andrewgiftschat
5040753316;cottoc2021;cottoc2021;http://t.me/anonaskbot?start=qfucuw4 ᠌ ᠌᠌ ᠌ ᠌ ᠌ ᠌ ᠌ᴬ ʸᵇᵃ ᵏᵒᵍᵈᵃ? Участн;avatars/5040753316.jpg;andrewgiftschat
5040802082;AeroAce;Aer0Ace;я буквально декстер морган💀💀💀;avatars/5040802082.jpg;andrewgiftschat
5041477871;Alan;;;avatars/5041477871.jpg;laravel_pro
5042226646;Бэд;netpishy;в пизду🫥;avatars/5042226646.jpg;andrewgiftschat
5043156233;удалённый аккаунт;zcxle;;avatars/5043156233.jpg;andrewgiftschat
5045033843;Pelmeni🥟;Abcdefghicly;https://t.me/duckearnbot?start=ref_5045033843;avatars/5045033843.jpg;andrewgiftschat
5047830960;;;;;rabota_chaty1
5048196619;𝙫𝙚𝙣𝙞𝙘;realyvenic;;avatars/5048196619.jpg;andrewgiftschat
5048719796;Кашей не нанисс;zipzerw;Горшков -пес!!Тушите Арсения!!Это мигель он мой теска классический жаб;avatars/5048719796.jpg;andrewgiftschat
5050788762;bandz;bandzei;;avatars/5050788762.jpg;andrewgiftschat
5052984662;Музыка • Скачать видео • Поиск музыки;smusic2bot;"Скачать видео ютуб, тикток, инстаграм, рутуб, вк, shazam

Реклама: @wonka888 @naxay ⚠️ СВЕРЯЙТЕ ЮЗЕРНЕЙМЫ!";avatars/5052984662.jpg;andrewgiftschat
5053391777;Nabadoon;;;avatars/5053391777.jpg;laravel_pro
5056452133;ㅤ;delwdd;;;andrewgiftschat
5057140112;votDaL1n;Dybashtbl;;avatars/5057140112.jpg;andrewgiftschat
5058236362;­;snoweyl;***;avatars/5058236362.jpg;andrewgiftschat
5058609520;kent KRUPA;Krupoderkin;;avatars/5058609520.jpg;andrewgiftschat
5058859800;Максим;ex1ztr3n;;avatars/5058859800.jpg;andrewgiftschat
5059003942;vokskela;vokskela;;;laravel_pro
5059999509;Dark Fantazy | Ноябрь;Tycaq;СКУПАЮ НФТ ПОДАРКИ ///////////////////// Мечта не всегда будет мечтой.;avatars/5059999509.jpg;andrewgiftschat
5060508316;Артём Стендофф;gyci74;;;andrewgiftschat
5061044492;kfc;vviikk19;;avatars/5061044492.jpg;andrewgiftschat
5062978008;Pac1fis7;pac1fis7;You don’t even realise what you’re on about;avatars/5062978008.jpg;andrewgiftschat
5064716115;Nektos;Marikton3;;avatars/5064716115.jpg;andrewgiftschat
5065951821;.;abcde1426;;;python_ru
5066611073;ɪ'ᴍ sᴏʀʀʏ;zivdy;;avatars/5066611073.jpg;andrewgiftschat
5068721959;ᅠ ᅠ;Allahxa;;;andrewgiftschat
5070325090;Сельдерей;swsttr;;;andrewgiftschat
5072174181;黑絨 VêllûtøNêrø;meowqxtsu;@ch1quita5 | 🤍العالم يفقد ألوانه بدونك;avatars/5072174181.jpg;andrewgiftschat
5075970585;містер крутий;lun0xz;у моей охраны есть охрана;avatars/5075970585.jpg;andrewgiftschat
5079036676;Особа под именем Denys;Denchik_UwU;And every day's the f#ckin' same Yeah, we playin' a game;avatars/5079036676.jpg;andrewgiftschat
5079075919;клинкер;snafken;https://t.me/solebot764;avatars/5079075919.jpg;andrewgiftschat
5079359168;Manjiro;Sano_Manjuro;Кому оно нужно?;avatars/5079359168.jpg;andrewgiftschat
5080314326;𝘇 𐰁 ₊˚𝐥𝐚𝐦𝐢_𝐳𝐚𝐦𝐢✧˚₊‧;lami_zami;Назойливому трепу с утра. Я самый непослушный, ведь у меня наушники @repptuk Ꮖ ᴛry ᴛᴏ ᴄᴀll yᴏu ᴇvᴇrydᴀy;avatars/5080314326.jpg;andrewgiftschat
5082438145;Алексей;AlexSile9t;;avatars/5082438145.jpg;laravel_pro
5084896033;Виталий;;;;python_ru
5085452812;ㅤ|||;maliluy;-ты ждёшь звонка день изо дня..;avatars/5085452812.jpg;andrewgiftschat
5085813038;Ivan;focusin_g;;avatars/5085813038.jpg;laravel_pro
5087290029;Artem Dev;artemeeey;web developer;avatars/5087290029.jpg;laravel_pro
5087783428;ㅤ;;;avatars/5087783428.jpg;andrewgiftschat
5090906328;няш;zombieg4rl;;avatars/5090906328.jpg;andrewgiftschat
5091376948;𝒑𝒊𝒏𝒌𝒊𝒆 𝒑𝒊𝒆🧸🎀;Ostwind_Love01;-Если хочешь плакать то я буду плакать тоже!🎀@Sab1352 .За пиар буду банить;avatars/5091376948.jpg;andrewgiftschat
5094236966;Isa! 🪖 [伊萨];IsaLiu17;Шизоид -3² [Я НЕНАВИЖУ ЧАРЛЬЗА] Шарлотку люблю!! НЕТАНЬЯХ СЛЕДИТ;avatars/5094236966.jpg;andrewgiftschat
5094718147;🐶🦴V.G.A;Climatoshi;;avatars/5094718147.jpg;andrewgiftschat
5098791009;леха;swaihi_lw;але-але, алеха гаваи;avatars/5098791009.jpg;andrewgiftschat
5101002163;Женька-котейка;Zh_koteyka;https://t.me/starsy_zarabotox_bot?start=5101002163;avatars/5101002163.jpg;andrewgiftschat
5103820158;♱caaskiis;tiskski;-think i'll miss you forever @mariaxtiq @zimusav;avatars/5103820158.jpg;andrewgiftschat
5105653036;Илья;;;avatars/5105653036.jpg;python_ru
5105777856;zervais;zerzeriz;такой тяжёлый жень, давай уснём, чтобы он кончился. 🔥💋 @kissnnu;avatars/5105777856.jpg;andrewgiftschat
5106324199;Antonov';;;avatars/5106324199.jpg;laravel_pro
5106753003;Роман;RaMoN_92;;avatars/5106753003.jpg;andrewgiftschat
5107276905;;;;;rabota_chaty1
5107364029;kristinaa;kriss_arr;;;andrewgiftschat
5112321746;Тесла;dbmm13;;avatars/5112321746.jpg;andrewgiftschat
5113079459;schwab;g4123ddas;;;laravel_pro
5113491567;Pablo;Pablospl;Гр.Об;avatars/5113491567.jpg;tproger_chat
5115714317;dilya;dilmaay;;avatars/5115714317.jpg;andrewgiftschat
5116152975;.;chitos252;;;andrewgiftschat
5116450936;Саша;Salli_098;;avatars/5116450936.jpg;rabota_chaty1
5118631839;︎ ︎ ︎2248 #хх;PoplPo6;;;andrewgiftschat
5119306377;💎𝐌𝐢𝐤𝐡𝐚𝐢𝐥 крутой💎(100+ отз.)🅣🅖;Blade_ball12;Пж не спамьте когда я вам не отвечаю😢😢 @blagorodnyyi;avatars/5119306377.jpg;andrewgiftschat
5119389067;АВУИ#трас;VXXIIIXXV;#Lif @afttek лучший;;andrewgiftschat
5120033252;Ρουσλάν;Komov76;https://t.me/KomovAdapter - адаптер и навигация.;avatars/5120033252.jpg;andrewgiftschat
5121549601;ᴩуᴄᴧᴀнᴏчᴋᴀ;rusveex;🤍🤍🤍;avatars/5121549601.jpg;andrewgiftschat
5122207884;Іван Разін;;;;laravel_pro
5122630152;Андрей;AndreyIzotov27;;;laravel_pro
5124169377;В@н1ⲗьⲏыύ ⲇⲿⲟⲏⲭⲁⲏ˖ ࣪⊹;CookieJeonghan;;avatars/5124169377.jpg;andrewgiftschat
5125790865;SonniKolya;SonniKolyaa;.;avatars/5125790865.jpg;andrewgiftschat
5126163303;Vkst;domanvik;;avatars/5126163303.jpg;andrewgiftschat
5128274170;Грусноглазка🐉;me_Martyshka_S;21:31 СССРК💘 Х🛐;avatars/5128274170.jpg;andrewgiftschat
5129673001;-_𝓯𝓮𝓭𝔂𝓪𝓪_𝓼𝓱𝓰𝓼𝓱_-;JlyChIIIui;-Быть плохим примером в тысячу раз пизже @DZT_80;;andrewgiftschat
5129790756;алюля;myr_mua01;;avatars/5129790756.jpg;andrewgiftschat
5130152764;frigoxD;frigoxD;;avatars/5130152764.jpg;andrewgiftschat
5132332111;TᗩᑭKᗩ XD;tapkaXD;нежна как кактус✨;avatars/5132332111.jpg;andrewgiftschat
5133660757;[be];be_20_5;;avatars/5133660757.jpg;andrewgiftschat
5134611906;maryy♰🫦#mf;maryy_101;знаешь, @syshka01, не передать словами то, как я люблю тебя!❤️‍🔥;avatars/5134611906.jpg;andrewgiftschat
5134756124;momaro;momaro0;Хазе чо тут писать;avatars/5134756124.jpg;andrewgiftschat
5138200782;Sqwezzy;idsqwezzy;@adaptersqwezzy;avatars/5138200782.jpg;andrewgiftschat
5138950582;которег;rus_dossier;следую @adapterofcounter | @cctadapter | @kotoreg_playlist | User @liq_skm;avatars/5138950582.jpg;andrewgiftschat
5142663558;James_Hardline🌸🌸🌸;James_Hardline;;avatars/5142663558.jpg;andrewgiftschat
5143089831;Давид;Mahashkalaq;🇲🇽🦅;avatars/5143089831.jpg;andrewgiftschat
5144271852;⤷ ゛ɕ℮ 𝗿̤͛𝗮ׄ͜.p̷ꭎ𝆹𝅥ˎˊ˗ദ്ദി◝ ⩊ ◜.ᐟ.;wizixqesera;♡̶ ⸼ ࣪ # ꤀ꤍተꤌ𐌻ꤌꤍ𑀨 ꤒγӄꤐખ ꤐ მ꤀ӄγ𐌼ꤕઞተꤌ𑀋 ઞꤌ ꤍપꤕተꤌ𑀋 @heedwe @lamnnaaa;avatars/5144271852.jpg;andrewgiftschat
5145893659;Dead glmbeidhd B2ZE;VpikeFLUK;Винтрейд n1 хижина|@NEWMMKINGS;avatars/5145893659.jpg;andrewgiftschat
5146482666;M;;;avatars/5146482666.jpg;laravel_pro
5146974856;СТЕКЛОВАТАААА;Bobrcurva5423;Я купался в стекловате;avatars/5146974856.jpg;andrewgiftschat
5147011808;Æ;worfekk;ᴇ᥎ᴇry ᴛiʍᴇ Ꮖ ᴛɦiᥒᴋ ᴀʙᴏᥙᴛ yᴏᥙ🙇🏻‍♀️;avatars/5147011808.jpg;andrewgiftschat
5148644752;Александра;;;;tproger_chat
5149870111;ilsandmfff;M3rs2;Деф @tydaom;;andrewgiftschat
5150085060;Bic;BICBEN8;;avatars/5150085060.jpg;rabota_chaty1
5150764824;ℙℝ𝕆𝕂𝔸ℤℕ𝕀𝕂®;PROKAZN1K_OR1G;http://t.me/SecretPoslaniyaBot?start=XJxHaeju;avatars/5150764824.jpg;andrewgiftschat
5151381894;Romag;Rhokin;;avatars/5151381894.jpg;andrewgiftschat
5154745020;Есеня;sesunya;;avatars/5154745020.jpg;andrewgiftschat
5155838690;Илья;Web_dev0307;Ты моя единственная любовь ❤️ anutaaaa_b♥️;;laravel_pro
5156271039;🐶;xdpptt;;;andrewgiftschat
5157624222;❝ ❞Ⲏⲉ Ⲁⲏⲅⲉⲗ✸ #44;ZOIPT;《ответь мне милая,сердце может разбиться,если оно не бьётся?》;avatars/5157624222.jpg;andrewgiftschat
5160119137;52;;;avatars/5160119137.jpg;andrewgiftschat
5162274641;VIDOK;;;;python_ru
5163093435;Басик;Zavozula;http://t.me/anonaskbot?start=hibub;avatars/5163093435.jpg;andrewgiftschat
5163295712;ОУКС;Fanat_Cska_Moscow;Нам не нужен Fan id;avatars/5163295712.jpg;andrewgiftschat
5164361932;антон;dezomorfiiiin;;avatars/5164361932.jpg;andrewgiftschat
5165439247;ZOomtq;zoomtq;💎;avatars/5165439247.jpg;andrewgiftschat
5171282213;je t'aime;satistactk_fulcro;15:26 :: ♡゙ что отличает птицу от летучей мыши? `` 🐈 | инфо:: @ve1nfo;avatars/5171282213.jpg;andrewgiftschat
5173316643;𝐬𝐚𝐯𝐚𝐞𝐯𝐯;savaevv;Птицей гермеса меня называют, свои крилья пожирая, сам себя я укрощаю🗽;avatars/5173316643.jpg;andrewgiftschat
5174897918;dnipl;Dnipl;;;andrewgiftschat
5176172510;◭ᴧиʍ ⁴⁶⁰⁺ rᴇws◮ · Скуп;;🇬🇧𝑾𝒆𝒍𝒄𝒐𝒎𝒆| · 𝗮𝗱𝗮𝗽𝘁𝗲𝗿 - [@bioLimTeg] 450+ 𝗿𝗲𝘃𝗶𝗲𝘄𝘀 - [@reputationLim] 𝘀𝘁𝗮𝘇𝗵𝗲𝗿𝘆 - [@stajerilim] 𝘀𝗽𝗮𝗺𝗯𝗹𝗼𝗰𝗸 - [@LimtegSpamBot] 𝒓𝒖𝒄𝒉 - 8000₽;avatars/5176172510.jpg;andrewgiftschat
5179329193;fiksir;ali_ksir;;avatars/5179329193.jpg;andrewgiftschat
5180376740;#𝙈𝘼𝙁𝘼𝘼 ꩜๋࣭;Aza_qwu;@XLSuerki0 ᛝ – ᥴᥱκунд ʙ ⲙᥙнуᴛᥱ κᥲᤋᥲ᧘᧐ᥴь ᴛᥲκ ⲙᥲ᧘᧐ ᝰ;avatars/5180376740.jpg;andrewgiftschat
5180902596;dababii✈️LAMBO;dababy301;Заработок - https://t.me/MakeReviewsBot?start=ref5180902596;avatars/5180902596.jpg;andrewgiftschat
5181938296;Oreo;Oreoo42;– ɪ ᴅᴏɴ'ᴛ ᴡᴀɴɴᴀ ʟᴇᴀᴠᴇ ʏᴏᴜ ᴏᴜᴛ ʜᴇʀᴇ ɪɴ ᴛʜᴇ ᴏᴘᴇɴ @JivyVLecy;avatars/5181938296.jpg;andrewgiftschat
5184086584;꧁⁣༒𓆩ЧЕБУПЕЛЬКА༒ ツ;Mr_vanilla001;ᔑᗜᘻᙓ੮iᘻᙓᔑ Ꙇ ᒍᕞᔑ੮ ᙎᗣᙁᙁᗣ ᙖᙓ ᕼᗣᖘᖘᖿ ᔑᗜᘻᙓ੮iᘻᙓᔑ Ꙇ ᒍᕞᔑ੮ ᙎᗣᙁᙁᗣ ᙖᙓ ᕼᗣᖘᖘᖿ;avatars/5184086584.jpg;andrewgiftschat
5185357073;Neko;Neko_Nakapte;Visca el barca visca el catalunya💙❤️;avatars/5185357073.jpg;andrewgiftschat
5186509451;ἰῶταˆ𐃷ˆ;yuiq0u;–どんな夜でも、必ず朝が来る.🪷;avatars/5186509451.jpg;andrewgiftschat
5188285024;•;sv1dein;;;andrewgiftschat
5189153165;София;;;avatars/5189153165.jpg;andrewgiftschat
5190269223;hh²²;hinters52;;avatars/5190269223.jpg;andrewgiftschat
5192757200;hook;etozhehook;;;laravel_pro
5193132701;Андрей❤;Annddreyy;;avatars/5193132701.jpg;andrewgiftschat
5193726220;(!?) ᨳ Насят ദ 🎀;Nasyjat;Что может быть хуже чем откусить яблоко и найти внутри червяка? Хал...;avatars/5193726220.jpg;andrewgiftschat
5196711451;Temp;;;;python_ru
5196824878;ludoman;Iud1k;;avatars/5196824878.jpg;andrewgiftschat
5198598802;˓˒ @ 𝑝𝑟𝑖𝑛͟͟𝑐͟͟𝑒͟͟𝑠𝑠 𝑠𝑒𝑦̶̶𝑜𝐦𝐢.;dollsheartie;݂ ㅤ› ㅤ ㅤㅤ𖫲ㅤㅤ𝔀𝔀.ㅤ な⁝ㅤ 𓌔ׅㅤ﹫𝓲𝗋𝗅 𝗆𝐢𝗓𝗎𝗄𝗂 ⠘𝗆𝗂͟͟𝗓͟͟𝗎͟͟𝗄𝗂 𝗄𝗂𝗌𝐬𝖾𝗋‌ִ⃔ ♡. @irlestakiyama ㅤ ︶ㅤㅤㅤㅤ @mizukiskittyㅤ ִ↝ 𝗐𝗂𝗇'𝗌;avatars/5198598802.jpg;andrewgiftschat
5198877999;пень. 🤪;peniok92;:: — ты шлюха, бе 😛 @rockws |•| жизнь одна, дота два, папа три.. 🥲;avatars/5198877999.jpg;andrewgiftschat
5199172485;ⲙ𑄝ня ！ ˓ ♡゙ ;;— 君のような人には今まで出会ったことがなかった @vikuuoy ᡣ𐭩;avatars/5199172485.jpg;andrewgiftschat
5201002443;♣️dimzeex♣️;Warreori;-Два дебила @FIRE_THE_HOLE;avatars/5201002443.jpg;andrewgiftschat
5203499027;Egor;M0narch5;| Деф @gmailcwex| нн;avatars/5203499027.jpg;andrewgiftschat
5206584903;𝙍𝙖𝙞𝙜𝙝𝙩;Raight_1;;avatars/5206584903.jpg;andrewgiftschat
5207431625;ʍᴀнᴦyᴄᴛ.;Am0lol33;§:: ʙᴇдь ʙʍᴇᴄᴛᴇ ᴄ ϶ᴛиʍ дыʍᴏʍ, ʍы нᴇ ʙдыхᴀᴇʍ жиɜнь.📸 @Fee4ka_blym;avatars/5207431625.jpg;andrewgiftschat
5207837464;Сергей;sergey_140211;;avatars/5207837464.jpg;andrewgiftschat
5210540404;𝕀𝕝𝕪𝕒;IlyaTrohov;;;andrewgiftschat
5212010471;Арслан;Arslan230812;;avatars/5212010471.jpg;andrewgiftschat
5214149615;Oksxwz;Oksxwk;6 @Casey_kaka;avatars/5214149615.jpg;andrewgiftschat
5215754222;Xizm;Xizmik;Угрозы - чс мне все равно;avatars/5215754222.jpg;andrewgiftschat
5216244304;соня 🆒👅;ksstmw;;avatars/5216244304.jpg;andrewgiftschat
5217676901;Storm;sarvarphp;;;laravel_pro
5221223034;;;;;rabota_chaty1
5222144428;tr1x;ex1iaz;Я не спал уже два года. Это плохо, это много;avatars/5222144428.jpg;andrewgiftschat
5222241948;TABLETKA;sNoTv0rN0E;;avatars/5222241948.jpg;andrewgiftschat
5224717160;ℑ𝔪𝔞𝔫𝔬𝔳𝔞💋;Imanova_D;𝔐𝔢𝔪𝔬𝔯𝔦𝔢𝔰 𝔫𝔢𝔳𝔢𝔯 𝔡𝔦𝔢;avatars/5224717160.jpg;andrewgiftschat
5227403363;сашааш;yumpix;;;andrewgiftschat
5229365540;lalataf;lalataf;ILD 1455 у кого аниме на аве тот даун хуесос конченый тупорылый;avatars/5229365540.jpg;andrewgiftschat
5230957278;Илюха;Ilyha0101;В долг кого не знаю не даю.;avatars/5230957278.jpg;andrewgiftschat
5231619781;Yukazo;useryukazo;;;andrewgiftschat
5232690861;Qwerty;Chupacabra_02;LOLOLOLOLO (о´∀`о) @Marryif;avatars/5232690861.jpg;andrewgiftschat
5233042352;саша;sasqalx;;;andrewgiftschat
5235255376;Alim;Alimich568;Кушай финики;avatars/5235255376.jpg;andrewgiftschat
5235415922;Ilias;anbelivebl;;avatars/5235415922.jpg;laravel_pro
5235493193;Тимур;taimer1000;;;andrewgiftschat
5235745957;Midnight #giftmid #midnice #milove #cls;Midnightnet;0QBAB3No7TOPfjwp78L5yzzedG-1ODE4WeyV48O4aN-nNnOF помогаю нуждающим;;andrewgiftschat
5238115081;𝔇𝔞𝔰𝔥𝔞;dwwshz190;ㅤㅤ;avatars/5238115081.jpg;andrewgiftschat
5238503884;PresTON_bad);Prestonbad_P;;avatars/5238503884.jpg;andrewgiftschat
5241617312;A.n.d.r.e.у;darkrisen1;;;andrewgiftschat
5241887103;xx¡lidd;xxliddd;https://t.me/xxlidddd;avatars/5241887103.jpg;andrewgiftschat
5242974588;артем #шеф;jirok_123;;avatars/5242974588.jpg;andrewgiftschat
5243799530;Faizy;Faizy68;;;andrewgiftschat
5244352818;Bloody;rakuzan_arsen;Louse;avatars/5244352818.jpg;andrewgiftschat
5247691674;mer;mersiambeya;Воч демо;avatars/5247691674.jpg;andrewgiftschat
5249157223;Alta 𓆩 𓆪;Topor113;make me a glock glock please, @gminesbot;avatars/5249157223.jpg;andrewgiftschat
5250554218;he1stq;;;avatars/5250554218.jpg;andrewgiftschat
5255290735;pennyw1se 𝟏𝟏:𝟏𝟏;k1shlak_1111;I'll kill myself soon, sorry;;andrewgiftschat
5256174580;Combinate #MrFreeman;GGmyth;Join the Freeman Cult! @nosignalgohome @nkkmnk;avatars/5256174580.jpg;python_ru
5257103299;ксюша;brattixx;;;andrewgiftschat
5258272837;Ариша;arshkkkn;В твоей голове притворюсь мыслями, только мысли могут что-то поменять;avatars/5258272837.jpg;andrewgiftschat
5259578229;аникс;ank_123;;;andrewgiftschat
5262068607;🤵‍♂️浓郁的梨;;;avatars/5262068607.jpg;andrewgiftschat
5262219697;White1314;White131411;;avatars/5262219697.jpg;andrewgiftschat
5263505823;Danil 🗣️🤙;TrudnoBeKM;80% of success is showing up in the right place at the right time.🫥🍾;avatars/5263505823.jpg;andrewgiftschat
5264518549;;;;;rabota_chaty1
5265763934;٠;yuniiixq;;avatars/5265763934.jpg;andrewgiftschat
5266615788;Elin;Elennrt6;⚠️ Warning: Many users reported this account as a scam or a fake account. Please be careful, especially if it asks you for money.;avatars/5266615788.jpg;laravel_pro
5268246674;златка;Fallvx;-ᴨᴏжᴀᴧуйᴄᴛᴀ,нᴇ уʍиᴩᴀй иᴧи ʍнᴇ ᴨᴩидёᴛᴄя ᴛᴏжᴇ @colziklp;avatars/5268246674.jpg;andrewgiftschat
5269236115;Катосик;catholic_1234;;avatars/5269236115.jpg;andrewgiftschat
5269909156;𝓭𝓪𝓻𝓲𝓷𝓴𝓪𝓪;axswvv;meow;avatars/5269909156.jpg;andrewgiftschat
5270066632;ᶻ 𝘇 𐰁 tube😈🎮▐⧯]ᡃ⃝ᡃ⃝ᡃ⃝ᡃ⃝ᡃ⃝ᡃ⃝ᡃ⃝ᡃ⃝ᡃ⃝ᡃ⃝ᡃ⃝ᡃ⃝ᡃ⃝ᡃ⃝ᡃ;sqw1x;;avatars/5270066632.jpg;andrewgiftschat
5270091884;n33xy;n33xy;Ищешь где можно продать/купить apple технику? Тогда тебе сюда — @devicen33xy;avatars/5270091884.jpg;andrewgiftschat
5274002785;Hritanchik👾;Kresapsxxx;Здарова братва;avatars/5274002785.jpg;andrewgiftschat
5274029353;;;;;tproger_chat
5274892528;Tatiana;zim1705;Backend php/go/js/ts;avatars/5274892528.jpg;laravel_pro
5275381935;Huseyn;HJavaDle2;Ölsəm bağışla.;avatars/5275381935.jpg;laravel_pro
5276563527;киса куку;sikenq;;avatars/5276563527.jpg;andrewgiftschat
5277068272;Crazes;Crazes0;No bio yet;;andrewgiftschat
5277185959;Сахар Магадан;i_skazal_net;Кари Неаполь, Перец Кострома def by @crow #号混蛋1;avatars/5277185959.jpg;andrewgiftschat
5277810080;Ваня;CKAMMAMOHTENKA;;avatars/5277810080.jpg;andrewgiftschat
5278111420;хизех;xixix0_0;;avatars/5278111420.jpg;andrewgiftschat
5280064783;❌⭕ЧУ И СТРЕЛЯЮ💥💥;PYCCKUU_3HAK;▷ Ⅱ ─◉───── Memento mori 41:42;;andrewgiftschat
5283183521;𝑎𝑛𝑟𝑖/мелкаяに;aqweoooixqq;-think I'll miss you forever @c2reatures 🫂💞;avatars/5283183521.jpg;andrewgiftschat
5283245175;Telek;telek62;¯\_(ツ)_/¯;avatars/5283245175.jpg;andrewgiftschat
5284385513;brok3 🇬🇪#33;br0k3e;+888 (48)76 4332;avatars/5284385513.jpg;andrewgiftschat
5284592991;хаё #чайтопˣʸᵘʰ;tea4ka;@postergirlxd @cauka_x33 @nipsoo @fijkrv @cute_zhou люблю // @hayotgk;avatars/5284592991.jpg;andrewgiftschat
5286467122;.;KR44_44;;avatars/5286467122.jpg;andrewgiftschat
5287486646;Aidana;aidana_amirtay;;avatars/5287486646.jpg;laravel_pro
5288040023;Himanshu;;;avatars/5288040023.jpg;rabota_chaty1
5289669273;ማጂክ ቺክህን ሲወስድ በጣም ያሳዝናል።;Werter_tyrk;;avatars/5289669273.jpg;andrewgiftschat
5289781746;Михаил;M1SS8D;;avatars/5289781746.jpg;laravel_pro
5290885423;𝚜𝚑𝚊𝚍𝚘𝚠𝚜;shizzyw;平安是福;avatars/5290885423.jpg;andrewgiftschat
5291625829;Andrusha;andrushoe;Все бананы в апельсинах;avatars/5291625829.jpg;andrewgiftschat
5295748732;𝚂𝙷𝙸𝙽𝙴;;...Ꮶᴀᴋ ʙ дᴇᴛᴄᴛʙᴇ, ᴄнᴇжинᴋᴀ, ᴧᴇᴛи-ᴧᴇᴛи, чᴛᴏбы ᴨᴏйʍᴀᴛь ʙ ᴧᴀдᴏнь...;avatars/5295748732.jpg;andrewgiftschat
5297089451;багожник;siduiaa;пачка сигарет в моем кармане...;avatars/5297089451.jpg;andrewgiftschat
5298363761;shinori #r9;;;avatars/5298363761.jpg;andrewgiftschat
5299749733;𝙅𝙖𝙣𝙚;anggggelok;Оᴄᴛᴀᴧиᴄь буᴋʙы ʙ дᴏᴋуʍᴇнᴛᴀх, нᴀ ᴄчᴇᴛᴀх @o0_777_0o // 😳😳😳⚠️⚠️⚠️⚠️Опа! Где то я уже видел этот КОММЕНТ! 😏😏@dabllekill;avatars/5299749733.jpg;andrewgiftschat
5304863322;.........;skammaster;;avatars/5304863322.jpg;rabota_chaty1
5305654480;лан;lana1n;NFT is not for sale;;andrewgiftschat
5306227190;Наталина;baskDominium;;avatars/5306227190.jpg;andrewgiftschat
5309154296;Артём;Chiburgol235;мои парни @nasckdb @Gardex_69 @Foggy_Mercenary❤️❤️❤️;avatars/5309154296.jpg;andrewgiftschat
5309757470;агуша;Agysha2;https://t.me/patrickstarsrobot?start=5309757470;avatars/5309757470.jpg;andrewgiftschat
5310789981;дашка;kittwdrr;stay with me;avatars/5310789981.jpg;andrewgiftschat
5313143722;Арбузик;felix_3987;;avatars/5313143722.jpg;andrewgiftschat
5315424766;heavy rain romantic;noireko;;;andrewgiftschat
5316693061;V;unknowwwnnn666;beni oldürmeden kurtuluş yok;avatars/5316693061.jpg;laravel_pro
5316784840;S;Serebrova666;;avatars/5316784840.jpg;andrewgiftschat
5321305648;∘₊✧─𝔰𝔥𝔞𝔫𝔱𝔦 ─✧₊∘#aeta#𝕝𝕪𝕟#𝕘𝕚𝕥𝕝𝕖𝕣#𝒩𝒶𝒾𝒾𝒾𝓇𝓎#𝒓𝒊𝒔𝒉𝒂;sh4nti3_kai;《My god, My Universe『 @l8ues @free52j 』》;avatars/5321305648.jpg;andrewgiftschat
5323963233;Vraj;;;;python_ru
5325364344;fushiguro.;Fushiguro_228;;avatars/5325364344.jpg;andrewgiftschat
5325844323;n;nanana_666;t.me/anonimnyye_voprosy_bot?start=0qhzny;;andrewgiftschat
5330766782;[рест!] Анастасия делить/игристфй компьютер;HOLLYBERRY_MYWIFE;;avatars/5330766782.jpg;andrewgiftschat
5331063396;#ᴡʜʏᴛ𝟥ʟʏ;whyt3ly;𝗯𝗲 𝗯𝗲𝘁𝘁𝗲𝗿. - ꜰᴏʀᴇᴠᴇʀ ʏᴏᴜɴɢ ɪ ᴡᴀɴᴛ ᴛᴏ ʙᴇ ꜰᴏʀᴇᴠᴇʀ ʏᴏᴜɴɢ @Komarixa_n1;avatars/5331063396.jpg;andrewgiftschat
5332683683;Dzmitry;zmicer_A;;;laravel_pro
5335502901;マルセイユ;ton_billy;@afttek лучший;avatars/5335502901.jpg;andrewgiftschat
5336818316;anIs;anIs_sW;;avatars/5336818316.jpg;andrewgiftschat
5338290320;ˊ╶ 𝕾𝖈@𝖗𝖑3𝖙𝖙'𝖘.;starrqss;— should have been the one to fill your dark soul with LIIIGHT!;avatars/5338290320.jpg;andrewgiftschat
5339193248;🌬Maksiwc🌬;Maxxxichay;блеблеблеблеблебле @Ulian_kaaar;avatars/5339193248.jpg;andrewgiftschat
5341490156;𝐿;;;avatars/5341490156.jpg;andrewgiftschat
5342307454;𝐫𝐨𝐤𝐬𝐚𝐧𝐚;roksik_8;http://t.me/voprosy?start=0h4oi;avatars/5342307454.jpg;andrewgiftschat
5342438126;Reqwer;ReqwerPidr;LOL;avatars/5342438126.jpg;andrewgiftschat
5353314115;Vanya;Vany_aaaaaa;;avatars/5353314115.jpg;andrewgiftschat
5355831823;Макс;;;avatars/5355831823.jpg;andrewgiftschat
5356053526;ᴀʟᴇʀᴛɪᴇ;Alertie;Воістину воскрес 🐇🐰🥚🌸;avatars/5356053526.jpg;andrewgiftschat
5359818433;Xochko🎌;xochko;;avatars/5359818433.jpg;andrewgiftschat
5362201821;E X C L U S I V E;bbad7faoum4;https://t.me/MELL_STARS_ROBOT?start=5362201821;avatars/5362201821.jpg;andrewgiftschat
5363740493;авелон @GIFTSDouble;Off_Avelon;@neprivet @StarsAvelon_Bot в сети ≠ отвечу;avatars/5363740493.jpg;andrewgiftschat
5364691455;Geeksonator;GeeksonatorBot;"PanteleevGroup chat assistant bot

Author @DimNS
Icon: https://flaticon.com/free-icons/robot";avatars/5364691455.jpg;laravel_pro
5366633546;M4RK;NSKRIDER;;avatars/5366633546.jpg;andrewgiftschat
5367474706;by | Дима | тгк 10к;Dumachka198;Work 95/500$. Гарант 1%. Скупаю трафик 🖤 @UGSGAME @giftstarsin я под з;avatars/5367474706.jpg;andrewgiftschat
5369895122;шухрат #vip-kazax;;[ @IndigoGif ᴧучɯий ᴛᴦᴋ ᴄ ᴩᴀɜдᴀчᴀʍи ] | [ @shysha_hd ] | [ don't live in the past ] | [ don't forget about me @ksanov1 ];avatars/5369895122.jpg;andrewgiftschat
5369962009;ㅤㅤㅤㅤㅤㅤㅤㅤㅤㅤㅤㅤ;fekrx3;;avatars/5369962009.jpg;andrewgiftschat
5375421026;матюха;matyusha_01;@afttek лучший UQAlJN_3pbieRa8w7K23ymvi-tAFc2CrNpWiJNUd7RKrQSeD;avatars/5375421026.jpg;andrewgiftschat
5376393947;Сергей;SergeyB00;;avatars/5376393947.jpg;laravel_pro
5376934773;Марина;MarinaZotovao;;avatars/5376934773.jpg;rabota_chaty1
5381432157;𝑳𝒖𝒄𝒊𝒂 // قاتل مشاعرك #dar #scw;Lucia_bu;-эй @SW4GA1 мы навсегда будем вместе? (つ･･)つ || ill kill everyone for you..im addicted to you..(･ω･) @Blitz_qwi || youre dead to me..;avatars/5381432157.jpg;andrewgiftschat
5381668518;Redskay;Redskay7;;;andrewgiftschat
5382203663;влад крайпов;ckripe;🏴‍☠️ @otzckripe — @ckripelink 10 МИН В КРИПТЕ 🥊;avatars/5382203663.jpg;andrewgiftschat
5385211644;эдуард.;devirchik;We're brawling through this night together..;avatars/5385211644.jpg;andrewgiftschat
5386092341;Настя;oxFHMs;;avatars/5386092341.jpg;rabota_chaty1
5389715493;.$hoha.🏴‍☠️💰;Shohchikuu;;avatars/5389715493.jpg;andrewgiftschat
5390285562;탕㒶 #𝐵𝑎𝑟𝑖𝑘𝑒;ponsih_01;[🧊]— Жизнь это шутка. И я смеюсь, хотя на самом деле юмора не понял.;avatars/5390285562.jpg;andrewgiftschat
5390285929;(DiXTiR) 𝚂𝙷𝚈;clash_r0yaI;боюсь дівчат;avatars/5390285929.jpg;andrewgiftschat
5391953015;мирленова#mf#k*s#абу#кул;vitokel;-she looks like something that I'd see at a museum @vitokul;avatars/5391953015.jpg;andrewgiftschat
5392022457;SPERMA2281488 позвони и мы подбросим;rockws;Ꭰᴀ я ᴨᴏᴩʙу ᴧюбᴏᴦᴏ, нᴀ ᴋᴏᴦᴏ уᴋᴀжᴇᴛ @Khlorka01 от шалавы слышу @peniok92;avatars/5392022457.jpg;andrewgiftschat
5392688684;Антон q;;Разработка ботов и mini Apps - @quantstudio @astro_ton_bot - AI астрология и таро @tgleadro_bot - AI поиск лидов в Телеграм IT;avatars/5392688684.jpg;laravel_pro
5392978992;Stf;Stfsoftt;Stfsoft;;laravel_pro
5393975696;Вэлiк Язоv;DimkaYazov228;;avatars/5393975696.jpg;andrewgiftschat
5396693536;࣪𓏲ּ彡𝑇𝑢𝑙𝑠𝑘𝑖𝑦𝑝𝑟𝑦𝑛𝑖𝑘彡࣪𓏲ּ;Tulskiyprynik_official;⚝ ࣪ ִֶָ☾.𝐼𝑛 𝑚𝑦 ℎ𝑒𝑎𝑑, 𝑜𝑛𝑙𝑦 𝑏𝑢𝑟𝑔𝑒𝑟✮𖦹 ⋆｡°;avatars/5396693536.jpg;andrewgiftschat
5397256311;𝕄𝕒𝕤𝕙𝕒;Kon1gsegg;— trust me i got nothing for you other than love @l1mice5;avatars/5397256311.jpg;andrewgiftschat
5397929999;<3;reiral;;;andrewgiftschat
5399763473;___________;jasurn6;;;andrewgiftschat
5400024658;Бабай;Babaaikaaaa;;avatars/5400024658.jpg;andrewgiftschat
5409550256;Koinddev;scrooge_pal;Senior backend/frontend developer;avatars/5409550256.jpg;laravel_pro
5414413943;GoErion;GoErion;;avatars/5414413943.jpg;laravel_pro
5415052635;🌚;gveriksss;@AdvanceStars_Bot - первый игровой бот на телеграм звезды 🌟;avatars/5415052635.jpg;andrewgiftschat
5416377823;danolul;danolul;;avatars/5416377823.jpg;andrewgiftschat
5416760939;;;;;rabota_chaty1
5418620786;sakuravv 🌨️;bama_love33;-if you really need a person hewill never let you go;avatars/5418620786.jpg;andrewgiftschat
5419794518;🎸🫀;melok_73;;avatars/5419794518.jpg;andrewgiftschat
5419821408;ProMGG66;ProMGG666;More than Ever;avatars/5419821408.jpg;tproger_chat
5421117007;komfort;imkomfortt;i will try to make the world better, trust me.;avatars/5421117007.jpg;andrewgiftschat
5426488577;Аризона;ArizonaStar18;- 𑀝᧐ ʙᥴᥱⲙᥙ ϶ᴛ᧐ δыʙᥲᥱᴛ. 𐌡юдᥙ ʙᥙдяᴛ ᥴᥱδя ᴛᥲκᥙⲙᥙ κᥲκᥙⲙᥙ ᧐нᥙ ᥊᧐ᴛᥱ᧘ᥙ δы δыᴛь @averriixq;avatars/5426488577.jpg;andrewgiftschat
5427192468;這隻螃蟹真漂亮;TIPAVANDAL;SETOR:);avatars/5427192468.jpg;andrewgiftschat
5430171527;ShnᴀᴩiNᴏw #ʙylᴇr;ShnapiNow;Есть любимая. @schnappStyle псевдо:Шнаппер, Шнаппик. [ И я ʍᴏᴦу ᴛᴇбᴇ ᴄᴋᴀɜᴀᴛь ᴏ ᴛᴏʍ, ᴋᴀᴋᴏй у нᴇᴇ ɜᴀд @starrafic ];avatars/5430171527.jpg;andrewgiftschat
5430187091;tokiimi;tokiimi;;avatars/5430187091.jpg;andrewgiftschat
5430734405;Bobby;bobbybensoon;;;laravel_pro
5432692804;𝖚𝖓𝖍𝖊𝖊𝖉𝖊𝖉;New_Gomunkul;;avatars/5432692804.jpg;andrewgiftschat
5440954362;모르겠습니 | maxx🩸;;;avatars/5440954362.jpg;andrewgiftschat
5441722030;николаевна💋;wwxiwwe;-ты днями и ночами в моем тг-канале рисуешь на экране💋 @dasha2832;;andrewgiftschat
5441921760;👣пятко;AAAAAomg;есть бести 🐺 @wertw7;avatars/5441921760.jpg;andrewgiftschat
5442475111;Afaa Elevate;Afaa_Elevate;If Anyone is Interested in Online Work, Inbox;;python_ru
5442807835;❤️‍🩹 @AdvanceStars_Bot;vsess12;@AdvanceStars_Bot - первый игровой бот на телеграм звезды 🌟;avatars/5442807835.jpg;andrewgiftschat
5443619563;Iris | Black Diamond;;Чат техподдержки: @iris_cm_chat | Канал Ириса: @iris_cm | Полезные статьи: @irissup;avatars/5443619563.jpg;andrewgiftschat
5444186107;венти ли;ventea_li;не парься, время расставит всё || ilmbf!;avatars/5444186107.jpg;andrewgiftschat
5445020048;Rophis𖣂;Rophis;thanks, God.;avatars/5445020048.jpg;andrewgiftschat
5445327796;Гоша сплит романтик🐍;Froggggggggggggggggggggggggggggg;Подарки на мркт~продаю тон по курсу 110|занимаюсь скупкой ниже флора🐍;avatars/5445327796.jpg;andrewgiftschat
5446400135;FAD23;Amur_belbli;Деф @fuckanomaly;avatars/5446400135.jpg;andrewgiftschat
5447106011;Heh;;;avatars/5447106011.jpg;andrewgiftschat
5448525109;makaka @giftstarsin;malinkiao;;avatars/5448525109.jpg;andrewgiftschat
5451735332;snickers;CHUKEPC_123;@AdvanceStars_Bot - первый игровой бот на телеграм звезды 🌟;avatars/5451735332.jpg;andrewgiftschat
5455281361;Evgen4ik;Toper151;;avatars/5455281361.jpg;andrewgiftschat
5455467752;🍒vika;vdlmtv;❤️;avatars/5455467752.jpg;andrewgiftschat
5459559727;Wolf;father_08;https://t.me/ArniArmy_bot/app?startapp=yJkUzoMyNUejlMwQh1QUXw рекламу;avatars/5459559727.jpg;andrewgiftschat
5461675478;𝟏𝟏𝟏🪽;zxwer31;;avatars/5461675478.jpg;andrewgiftschat
5462096627;Уильям;djdjevegdgeg;;avatars/5462096627.jpg;laravel_pro
5463269662;Я Негр⁶⁷;befoshy;Gamble so fkn much that the hate in your eyes will last forever;avatars/5463269662.jpg;andrewgiftschat
5465859262;Not🛜;I_aurelix;;avatars/5465859262.jpg;andrewgiftschat
5469763437;П;;;;laravel_pro
5471330068;;;;;rabota_chaty1
5471393591;Sumit;Salangidunstoicize;@work_day12_bot;avatars/5471393591.jpg;andrewgiftschat
5471596515;Долларовый квадромиллионер;versach4;ℑ 𝔰𝔢𝔢 𝔶𝔬𝔲.;avatars/5471596515.jpg;andrewgiftschat
5471733767;☘️☘️☘️☘️ чебупелькк🍀🍀🍀🍀;cheebureekk;Деф @didrivc.;avatars/5471733767.jpg;andrewgiftschat
5475162013;Марина;;;avatars/5475162013.jpg;rabota_chaty1
5476069446;𝖝𝖝 𝕯𝕬𝖃𝕺 𝟣𝟫𝟣 𝖝𝖝;Danilo_191;repa → @D191_otzivi + @Black_and_White_shop д3ф → @nifonin;avatars/5476069446.jpg;andrewgiftschat
5476989391;скибиди тулает🔥🔥🔥😎😎😎😎;arcantdothisanymore;;avatars/5476989391.jpg;rabota_chaty1
5478356379;ruslan;owayt;;;laravel_pro
5481251372;‍‍ ‍ ㅤ𓂅;Userrr315;i don't care how long it takes^^ @ENISap;avatars/5481251372.jpg;andrewgiftschat
5483777496;Артём;PopularSanta69;нᴇ ᴄᴋᴀжу чᴛᴏ я ᴧюбᴧю ᴛᴇбя, ᴨᴏᴛᴏʍу чᴛᴏ ʙᴄя ᴛʙᴏя ᴧюбᴏʙь ϶ᴛᴏ иᴧᴧюɜия;avatars/5483777496.jpg;andrewgiftschat
5485069920;Mef;Godzilla_RARAR;- Мᴇжду нᴀʍи ᴛᴀᴋᴀя ᴨᴩᴏᴨᴀᴄᴛь, @lublu_strah нᴏ я ᴛᴀᴋ ᴧюбᴧю ᴛᴇбя;avatars/5485069920.jpg;andrewgiftschat
5488051276;Vahe;w33bvGL;Full-Stack Engineer vahe.anidzen.com;avatars/5488051276.jpg;laravel_pro
5491536546;Хс кто;cucumber_320;;avatars/5491536546.jpg;andrewgiftschat
5496433524;Vali;nvx_exe;;avatars/5496433524.jpg;andrewgiftschat
5499404863;...;IQelz;;;andrewgiftschat
5499632622;M.A.;cestoc;No risk — No Ferrari;avatars/5499632622.jpg;andrewgiftschat
5499992328;Antony;Infuzoria_tufilka;;avatars/5499992328.jpg;andrewgiftschat
5500881516;DIEZ;velya_promokodi;;avatars/5500881516.jpg;andrewgiftschat
5502807145;LedeN4ik;LedeN4iks;;;andrewgiftschat
5503592558;Manoj;;;;andrewgiftschat
5505991938;No;;;avatars/5505991938.jpg;laravel_pro
5508567039;Delg#чупократия;Bolen_Di;;avatars/5508567039.jpg;andrewgiftschat
5510757496;乃𝖊𝚛ƚ𝐢𝚔;Bertov_dub;симпапусик @Bobrik_22809 | а зачем все это? | до августа не будет нормально проявлять актив!;avatars/5510757496.jpg;andrewgiftschat
5512187336;Eugene;Evg_d3;;;laravel_pro
5518528485;Жан;ihxnnxs;;;laravel_pro
5525056024;леон𖣂;;я молчу и я вангог;avatars/5525056024.jpg;andrewgiftschat
5526583992;Pushik;Pushik5;;;andrewgiftschat
5527526093;.;nezhayshton;;avatars/5527526093.jpg;andrewgiftschat
5527874302;eq;ex_was;backend engineer // https://ex-was.sh;avatars/5527874302.jpg;laravel_pro
5534001870;蕾姆;Re0Rem;;avatars/5534001870.jpg;python_ru
5534247322;лика 𝜗ৎ;malixxx_1;— let it run my mood @madicc @ahehasoni;avatars/5534247322.jpg;andrewgiftschat
5539971861;Сергей;mr_udacha;;avatars/5539971861.jpg;laravel_pro
5541218652;t;sliencedd;;avatars/5541218652.jpg;andrewgiftschat
5541242667;୭ ֹ ֪ ּⲘᎥⲧᏕυ🥢۫۫ ׇֺ ٭ !¡𝑏𝑒𝑎𝑏𝑎𝑑𝑜𝑜𝑏𝑒𝑒🦇;CassGiwf;– I found your vibe, and i found my night, yeah @Merruuww // Коля, что это за фильм?.. @fekqxx;avatars/5541242667.jpg;andrewgiftschat
5542261658;SQUAD;Danilkasquad;;avatars/5542261658.jpg;andrewgiftschat
5542864024;SOLANKI;;🙏જય 🥰માઁ ❤️અંબે 💞;avatars/5542864024.jpg;rabota_chaty1
5543057171;Владислав;Vladibi24;;;laravel_pro
5543731832;toxic;Mr_tooxic;;avatars/5543731832.jpg;andrewgiftschat
5544640837;🆅𝙰𝚉𝚉𝙰;;Спамблок - @AzzaMes_bot|Fidonet - my world | | https://t.me/babypilllls - мир в страну Фидо| https://t.me/notkideyes 🎶;avatars/5544640837.jpg;andrewgiftschat
5547747005;Zelaje;Zelaje;;avatars/5547747005.jpg;andrewgiftschat
5547959654;АлЕкС;Alexkrasavchic;;avatars/5547959654.jpg;andrewgiftschat
5554879150;ого;gleogogento_ogo;信じればすべては可能になります。1 今晩あなたに手紙を書きます。🫩;avatars/5554879150.jpg;andrewgiftschat
5556503486;ника фудкорт;tytmonstr;;avatars/5556503486.jpg;andrewgiftschat
5557123292;Никита;SL_MrStarLand;;avatars/5557123292.jpg;andrewgiftschat
5557455540;Deeeeef;kaifarik1937;𝗹 𝘄𝗮𝗹𝗸 𝘁𝗵𝗶𝘀 𝗲𝗮𝗿𝘁𝗵 𝗮𝗹𝗹 𝗯𝘆 𝗺𝘆𝘀𝗲𝗹𝗳.;avatars/5557455540.jpg;andrewgiftschat
5557769220;❤️‍🔥sʜᴀᴅᴏᴡʀᴀᴢᴇ❤️‍🔥;DaringWayBR;кент @bobro_2, @secretov1ch, @aexoea, @Radiska28;avatars/5557769220.jpg;andrewgiftschat
5558032424;𝔻𝕒𝕤𝕙𝕒𝕒𝕒;daria24251;;avatars/5558032424.jpg;andrewgiftschat
5558797751;Нн #ОПГ;pavlich4ikk;;;andrewgiftschat
5561361130;🇸🇪🇳🇴/𝟣𝟦𝟣/ᴋwᴇᴛᴛy;W1f1Sk3l3t0n;I love Metro 203,'3;avatars/5561361130.jpg;andrewgiftschat
5562931059;￶ ￶￶ ￶￶ ￶￶ ￶￶ ￶￶ ￶￶ ￶;Eragonloves;;;andrewgiftschat
5563021627;Артëм;zxcar1;«Ты и я — и этого достаточно». @luuyy10;avatars/5563021627.jpg;andrewgiftschat
5563561119;∘˙˚🌺℘0 ꩇׁׅ݊ϐׁׅ֒1ᝯׁƙׁׅ֑⁸⁰+🪷˙∘;P0mb1ck;-Typical North South Collide, Love To Hit You,Hate To Fight @Woof6967;avatars/5563561119.jpg;andrewgiftschat
5565756076;𝙓𝙪𝙨𝙖𝙣 ⁰¹ 🪽 Dopamine;zxxc_x;Потерять тебя не хочу, а спать? нет @KAHOH457;avatars/5565756076.jpg;andrewgiftschat
5567392767;w1nny;k1z1kXD;;avatars/5567392767.jpg;andrewgiftschat
5568109817;Эдгор;GigaPyk;–Еᴄᴧи ᴛы 5-5-5, ᴛᴏ я 6-6-6 @An_Anastasia8 🤗😝🐈‍⬛;avatars/5568109817.jpg;andrewgiftschat
5572017070;ᶻz#angel#snr;g1lowy;кто лучший ха ха ха да я знаю;avatars/5572017070.jpg;andrewgiftschat
5573067871;kittwitxs , #s1k #лм;hacok_123;-you can text me, you know l’ m up;avatars/5573067871.jpg;andrewgiftschat
5576146472;Богдан;lead_web_developer;;;laravel_pro
5576639505;︎ ︎ ︎ ︎ ︎;ximka1;;;andrewgiftschat
5578666442;Александр;aaalunegov;;avatars/5578666442.jpg;laravel_pro
5579768382;#яненомальный✞︎#янестабильный✞︎#Кэп✞︎;niceNuggets;[:Ꭲы ᴦᴏʙᴏᴩиɯь чᴛᴏ ϶ᴛᴏ ʙᴄᴇ нᴇʙᴏɜʍᴏжнᴏ? Ꮋᴀхуй иди, я ᴛᴇбя нᴇ ᴄᴨᴩᴀɯиʙᴀᴧ!];avatars/5579768382.jpg;andrewgiftschat
5580011996;キティ#𝔳𝔢𝔰𝔢𝔫𝔫𝔦𝔢;astifss;私は本当にバカだ;avatars/5580011996.jpg;andrewgiftschat
5588143762;Жизнь;Fgovov;@qalais_bot;avatars/5588143762.jpg;andrewgiftschat
5596209575;⛧ᴋɪᴛᴛsᴇᴇ🍧;kkittz;не хочу в школу, хочу на сво🍥||нспл вернись ай лав ю;avatars/5596209575.jpg;andrewgiftschat
5596313059;〠ꪀꫀɀꪀɀ〠;Yaneznz;https://t.me/+C6VYWlweI7A4Yzky https://t.me/anonimnye_smss_bot?start=5;;andrewgiftschat
5600203707;vlllsnk🎰;WbrishkaW;all l did just to make you happy still, you don't even fucking love me;avatars/5600203707.jpg;andrewgiftschat
5601970579;ThereIsNull;ThereIsNull;проведу сделку за 2% | лучший тгк https://t.me/+T7HvRRImhXw2Y2My| любимый кент @AlyuStrax;avatars/5601970579.jpg;andrewgiftschat
5602850744;𝒅𝒂𝒔𝒉𝒖𝒕𝒌𝒂;foreverxgyoung;;;andrewgiftschat
5606475387;Shah;Lsspspz;;avatars/5606475387.jpg;andrewgiftschat
5607948434;🪙;httpstmeaddemojiaccount_verified;;avatars/5607948434.jpg;python_ru
5610065475;Antonio;Pozitivv_official;;avatars/5610065475.jpg;andrewgiftschat
5610307037;#онлик;zzgewas01;;avatars/5610307037.jpg;andrewgiftschat
5614416931;Botir;YsbElnj;;;rabota_chaty1
5614738688;︎ ︎ ︎ ︎ ︎ ︎ ︎;emoyf;;;andrewgiftschat
5616161151;A;;;;andrewgiftschat
5616320373;Rkw🐳;c_r_e_a_t_o_r_1;,;avatars/5616320373.jpg;andrewgiftschat
5620755639;друн;lusynok;;avatars/5620755639.jpg;andrewgiftschat
5620826248;Hmz;;;;laravel_pro
5621160246;𝗗𝗨𝗖𝗛𝗛𝗘𝗡𝗘𝗹¹;DUCHHENEl;waarom bang zijn voor iets als het toch gebeurt;avatars/5621160246.jpg;andrewgiftschat
5621267722;макс;mesmeric10;;;andrewgiftschat
5621797431;United(Чек Био);Sergo500;Кто-то это вообще читает?;avatars/5621797431.jpg;andrewgiftschat
5622796954;Ast;sponger_code;Web developer / Owner @fizo_calc_bot;avatars/5622796954.jpg;tproger_chat
5626587601;неśvı;nesvihh;;avatars/5626587601.jpg;andrewgiftschat
5628256672;Пропал;gamsuw;;avatars/5628256672.jpg;andrewgiftschat
5629657796;Неля | ♱;Shavukha3;| -i'll break your bones with all the love i carry. || ISTP;avatars/5629657796.jpg;andrewgiftschat
5629704188;Белый #FSO;mmmmmmmmmmmmmmmmmmmmmmmmmmwmmm;;avatars/5629704188.jpg;andrewgiftschat
5632451273;Lutiy_popusk;;Top trust:11300₽ по ордерам в лс не пишу, сверяйте меня по нфт юзу @trytonotcrying;;andrewgiftschat
5633671417;Пон;Qiqiponkapton;;avatars/5633671417.jpg;andrewgiftschat
5635791940;#ЕГОРДУПЛОН @Diamond1604 пишите ему что он дуплон ム;KatrinaDro;-мне снятся только кошмары, но я мечтаю уснуть;avatars/5635791940.jpg;andrewgiftschat
5636115462;софочка;sfffshka;You know where to find me @Strakess;avatars/5636115462.jpg;andrewgiftschat
5638050214;MKO;Pon_chukk;;;andrewgiftschat
5641420735;Максим;maximdddd;;avatars/5641420735.jpg;andrewgiftschat
5641607410;Rokvawv;Rokvawv;PHP backend developer. GitHub: https://github.com/lokusok;avatars/5641607410.jpg;laravel_pro
5642274046;Xlofhb;xlofhb;;avatars/5642274046.jpg;andrewgiftschat
5642438659;#ɑⲙυⲏκɑ;manekineko_52;А ты просто чудо! А ты просто чудо! А ты просто чудо.. @Oguzok_777;avatars/5642438659.jpg;andrewgiftschat
5644019882;mohammed;MK_017;;;laravel_pro
5645551607;;;;;rabota_chaty1
5648199476;Gamb;affgamb;;avatars/5648199476.jpg;laravel_pro
5648690868;Ciężkiz;heavyyzz;;avatars/5648690868.jpg;andrewgiftschat
5649069106;fanatikk☦️🪬;fanatikk_kaka;;avatars/5649069106.jpg;andrewgiftschat
5650149150;Сергей Николаевич;afonin_sergey8;;;tproger_chat
5652738187;торнадо;APTornadoRUS;Пн-Пт - 10:00-22:30 Сб-Вс - 12:00 - 23:00 def by - Zmeydox.t.me;avatars/5652738187.jpg;andrewgiftschat
5653069400;⌑ 𝓼𝓸𝓷𝓯𝓲𝓴 ⌑ #str;sonf1k;;avatars/5653069400.jpg;andrewgiftschat
5655649350;Korolevich;korolevskiymurah;;avatars/5655649350.jpg;andrewgiftschat
5656120059;котяра;ssssslaaaay;Научится бы арбузы есть по пустякам 🥷;avatars/5656120059.jpg;andrewgiftschat
5657298843;ᅠᅠᅠнастя зайчик бурмалдайчик;acidahh;Фембои мой антидепрессант, они кажется приносят мне удачу;avatars/5657298843.jpg;andrewgiftschat
5658494386;ᴡᴇʟʟᴋᴏss;SakuSSan;Кандай гана карабаңыз;avatars/5658494386.jpg;andrewgiftschat
5658603330;Мария;Mary19881304;;avatars/5658603330.jpg;laravel_pro
5659581533;proka3nikk;proka3nikk;ㅤ 🏹 :: // ⁀➷ — 𝙄 𝙬𝙖𝙣𝙩 𝙩𝙤 𝙠𝙞𝙨𝙨 𝙮𝙤𝙪 𝙤𝙣 𝙩𝙝𝙚 𝙢𝙤𝙪𝙩𝙝.. @azalikXD 「#люблюазалию」;avatars/5659581533.jpg;andrewgiftschat
5660023379;R;Pon002;;avatars/5660023379.jpg;andrewgiftschat
5660996301;udhhhu;udhhhu;im 56 now but yd i was 20 || -say you needed me, need me, cause i can't breathe;avatars/5660996301.jpg;andrewgiftschat
5661521642;Ищи @jordan74_new;;;;andrewgiftschat
5661915941;𝒞𝒽ℴ𝓃 #𝐽𝑜ℎ𝑛𝑦𝑑𝑒𝑝𝑝;;;;andrewgiftschat
5665227459;#Skywhywalker;MafinBlue;@AWOLNATION0_0 @qwiaue @Donlipl;avatars/5665227459.jpg;andrewgiftschat
5666402247;Гена#колесо_телеги;genasigma;;avatars/5666402247.jpg;andrewgiftschat
5667637431;XPESTAHOC;Im_pufikk;kenti @KEKSIK_GOAYT1 макс def @ABCTPiUCKiU_hydojnik спам,угроза и тому подобние спам❤️ люблю свою девочку<3;avatars/5667637431.jpg;andrewgiftschat
5668840514;nvsmf#str#вишLone#дл#als#лиmf#kt#ді#am#абу#kotevvyᛖⴼƁ#krt#𝑺𝒉;kexsixka;@AdvanceStars_Bot - первый игровой бот на телеграм звезды 🌟;avatars/5668840514.jpg;andrewgiftschat
5672060041;rishᴀ ᴛvᴀrᴇvᴀ;ioyghy;;avatars/5672060041.jpg;andrewgiftschat
5677202221;;;;;rabota_chaty1
5678359329;m;Milka_imba;у меня так много вариантов,но не надо @Mil_kshe;avatars/5678359329.jpg;andrewgiftschat
5679997406;♫;;;avatars/5679997406.jpg;andrewgiftschat
5687340418;Maus;Tueskd;;avatars/5687340418.jpg;andrewgiftschat
5689066049;Карим;PornoIove;;;andrewgiftschat
5689997853;Берналдо;bernaldo_bredt_1954;;;python_ru
5690667003;Oleg • project manager;amdevmanager;;avatars/5690667003.jpg;laravel_pro
5690991879;.;wizons;;avatars/5690991879.jpg;andrewgiftschat
5691795934;🥢;kijiioy;;avatars/5691795934.jpg;andrewgiftschat
5694054233;соля;solomiykzzz;;;andrewgiftschat
5694985505;⋒┋ɴᴏʀɪʏᴛᴠᴀʏ⌞⌝¤๋ࣩࣩࣩࣩࣩࣩࣩࣩࣩࣩࣩࣩࣩࣩࣩࣧࣧࣧࣧࣧࣧࣧࣧࣧࣧࣧ͜͡┋⋓/~;NoriYTVay;;;andrewgiftschat
5697217384;mandarin🫦;mandarinloveee;;avatars/5697217384.jpg;andrewgiftschat
5698947658;ࣩࣩࣩࣩࣩࣩࣩࣩࣩࣧࣧࣧࣧࣧࣧࣧࣧࣧࣧࣧࣧࣧࣧࣧࣧࣧࣧࣧࣧࣧࣧࣧࣧࣧࣧࣧࣧࣧࣧࣧࣧ;Gk4k41;Привет! я использую WhatsApp!;avatars/5698947658.jpg;andrewgiftschat
5699131752;FasDger;FasDger;@afttek лучший;avatars/5699131752.jpg;andrewgiftschat
5700017117;ღ;v_int_alt_dll;- тебя раздевает мой взгляд, но я не стою на ногах💗🖤;avatars/5700017117.jpg;andrewgiftschat
5700116600;ⓢⒺⓁⒾⓜ;selim857;;;andrewgiftschat
5700617328;ксафикс;Ksafix;Bio - @ksf_b | Я он;avatars/5700617328.jpg;andrewgiftschat
5702706423;Moonshine;Otoya_love;;;andrewgiftschat
5703800862;Анна;;;;tproger_chat
5703967895;Andreas;djdjxxxa;;avatars/5703967895.jpg;andrewgiftschat
5705141512;﷽;lrk7s;- it’s just a dream 🖤 @Dihkol;avatars/5705141512.jpg;andrewgiftschat
5707045874;Polytre;o0o0o0l1;🌟 https://t.me/patrickstarsrobot?start=5707045874;avatars/5707045874.jpg;andrewgiftschat
5708598625;Котейка;Koteyka_loh;@AdvanceStars_Bot - первый игровой бот на телеграм звезды 🌟;avatars/5708598625.jpg;andrewgiftschat
5710790869;gellss𓆪;gellsswr;🫀;;andrewgiftschat
5711139664;✌️s1ʟᴇɴᴛ✌️#zxc;s1lent_n1;причина number one: я пиздец тупой еблан @susboi1488;avatars/5711139664.jpg;andrewgiftschat
5713190178;zzz;que1ro;1с;avatars/5713190178.jpg;andrewgiftschat
5713370430;;;;;rabota_chaty1
5713391368;🥄˗ˏˋ✧Ƭɤɛɼⅆℽⅉ ʑɳɑƙ✧ˎˊ˗⁹² 『 ЪъЪ 』;Tverdijznakk;;avatars/5713391368.jpg;andrewgiftschat
5716665985;Ditrix_leyy;distrix_van;;;andrewgiftschat
5718503576;I;Dergunow;;;andrewgiftschat
5718723432;Мisа ♱;Missaaa_m;@Kazakh413 , @Pacok67, МОИ ПЕШКИ;avatars/5718723432.jpg;andrewgiftschat
5723829920;𖤍♱ᵃᷝᷝᷝᶥᶥu♱𖤍 🍀;PsychoAnamaliya;;avatars/5723829920.jpg;andrewgiftschat
5723968118;🩸;memeememeemme;мне наплевать, поверь мне так наплевать, меня не надо спасать.;avatars/5723968118.jpg;andrewgiftschat
5724503973;𓆩𝖟𝖊𝖒𝖆𝖆𝖆𓆪;;ʙᴧᴀдᴇᴧᴇų чᴀᴛᴀ @EXPANSION_GARANT | #ʙᴜʏ #ɴꜰᴛ | ᴨᴩᴏдᴀю ɜʙᴇɜды ᴨᴏ 1.3₽ | вывожʏ звᴇзды с кᴀнᴀлᴀ и чᴀтᴀ|отзывы 300+ -> [ @Doki_zema ] 𝐆𝐀𝐑𝐀𝐍𝐓 𝟎%;avatars/5724503973.jpg;andrewgiftschat
5725853861;່ ‍ ‍ ‍соната;Angelossskpp;—𝑆𝑜𝑚𝑒𝑡ℎ𝑖𝑛𝑔 𝑏𝑎𝑑 𝑖𝑠 𝑎𝑏𝑜𝑢𝑡 𝑡𝑜 ℎ𝑎𝑝𝑝𝑒𝑛 𝑡𝑜 𝑚𝑒;;andrewgiftschat
5729839457;Vadim;Wadimka_M;;;python_ru
5736276829;Dmitry;www_ua_zp;;;laravel_pro
5738339894;Сᴛиʙᴇн;;-𝓗𝓸𝔀 𝓬𝓪𝓷 𝔂𝓸𝓾 𝓵𝓸𝓸𝓴 𝓪𝓽 𝓶𝓮 𝓪𝓷𝓭 𝓹𝓻𝓮𝓽𝓮𝓷𝓭 𝓘'𝓶 𝓼𝓸𝓶𝓮𝓸𝓷𝓮 𝔂𝓸𝓾 𝓷𝓮𝓿𝓮𝓻 𝓶𝓮𝓽?;avatars/5738339894.jpg;andrewgiftschat
5743340046;Stanislav;aero_usa;;avatars/5743340046.jpg;laravel_pro
5743722002;;;;;rabota_chaty1
5744128955;ᛝの⃯ӄ͠ɨ͜ƙָׂυ꒰ྀི১໒꒱ིྀ🍧 #mf#scw#хлс#snr#aбу;Hakidamee;‧˚꒰🕯୭ ˚. ᵎᵎ 𝟐𝟐/𝟎𝟐. ᛝ 𝟐͟͟𝟏͟:͟𝟒͟͟𝟑͟ ⋆˚𝜗𝜚˚⋆;avatars/5744128955.jpg;andrewgiftschat
5744562553;Ni Moka;niymoka;;;laravel_pro
5750223340;КТО-ТО;dazai_56999;;;andrewgiftschat
5751739963;ximora;porn_legend;купить тг старсы - @XimoraStars_bot;avatars/5751739963.jpg;andrewgiftschat
5752603456;високосность aura | звезды и впн;wecok_official;afk | ЛУЧШИЕ ЗВЁЗДЫ https://t.me/coltmarketbot?start=5752603456 | Мой бот для звёзд @starswecok_bot;avatars/5752603456.jpg;andrewgiftschat
5754321220;Равил;Ravil_228;;;andrewgiftschat
5757959439;𓆩кариша𓆪;nnnnnesik;;avatars/5757959439.jpg;andrewgiftschat
5758001114;Хинси🐮;Lady_buff;villain and violent infant and innocent;avatars/5758001114.jpg;andrewgiftschat
5760881946;M1konix;M1konix;Шо ти смотриш сюда;avatars/5760881946.jpg;andrewgiftschat
5765212844;Xaizzz#SparkTeam;xnelyyyy;;avatars/5765212844.jpg;andrewgiftschat
5766547505;˙⋆˙Ⲙⲟⲧⲓⲥⲁⲧ111⋆˙;Motistar_RBX;Я тя щас съем):( пшол из моего профиля по дальше;avatars/5766547505.jpg;andrewgiftschat
5770598119;ㅤ;;;;andrewgiftschat
5771267232;Бекзод;BekzodNazirbekov;;;laravel_pro
5771705257;;;;;rabota_chaty1
5773934977;𝒕𝒐𝒎𝒂𝒐𝒏𝒆 #ᴅᴇꜰᴠᴏʟᴛᴀɢᴇ;tomaonee;uezdshimok;avatars/5773934977.jpg;andrewgiftschat
5774287423;🎧𝔗𝔚𝔈𝔛𝔛𝔗💿¹⁴¹;ATrain90;Только для @nakkqtw009 просыпаюсь каждый день!|Bеst: @Elasbri★;avatars/5774287423.jpg;andrewgiftschat
5776125427;Sem;Semmara1340;;avatars/5776125427.jpg;andrewgiftschat
5776349362;gm;jauewqq22;;;laravel_pro
5777303503;;;;;rabota_chaty1
5777680204;;;;;rabota_chaty1
5777884713;Keller;KellerNixon;;;andrewgiftschat
5782004856;AnnA✨;rox_anna4ka;Мир не идеален, но со мной гораздо лучше😉;avatars/5782004856.jpg;andrewgiftschat
5782653072;N🙏;reckl04;;;laravel_pro
5785231445;nezum;nezumm8;;;laravel_pro
5786727496;⋆｡˚ .🗽⚜️் ༘;mortishkank;Did u think i'd lay down and die?Oh,not i. I'll survive!;avatars/5786727496.jpg;andrewgiftschat
5787270502;маяскач mf;zxcffg346;;;andrewgiftschat
5788046441;GRAM;valyutaTG_bot;"GRAM - крутой игровой бот с большим выбором разнообразных игр.
Cвязь @creator_gram
Канал @gram_chanel";avatars/5788046441.jpg;andrewgiftschat
5790227642;Дана #ts #s14v #s1k #mf #krt #абу;Bogdanochka11;;avatars/5790227642.jpg;andrewgiftschat
5791786469;дішаа|😮‍💨;errrrrrrrrrror404;ю-хуу;avatars/5791786469.jpg;andrewgiftschat
5792363683;𝑺𝒐𝓃𝒾𝓀;sonik261;;avatars/5792363683.jpg;andrewgiftschat
5795233988;Нургали;;;;andrewgiftschat
5795416327;fresh;freshxw;;avatars/5795416327.jpg;andrewgiftschat
5796069714;𝖌𝖑𝖆𝖛𝖓𝖞𝖞 𝖐𝖔𝖙;gwexsawi;ოꫀ𑄝ω, ოꫀ𑄝ω !! 🐾;avatars/5796069714.jpg;andrewgiftschat
5796741464;Камиль;Kamilcheg1;;;andrewgiftschat
5797395175;Eugene;RomanoffEU;;;laravel_pro
5798310334;☠️#/𝓝𝓲𝓴𝓪𝓧/#🐉 #🕷️ #aylak#r#୨୧Ꮲᴏуɜ#иᴋн#садист;nika_1451;×ᴦᴧухᴏй ʍуɜыᴋᴀнᴛ— @Seniccha×;avatars/5798310334.jpg;andrewgiftschat
5798630779;Wentropis;Wentropis;;avatars/5798630779.jpg;laravel_pro
5798687993;𓆩٭𝙅𝘿𝙃٭𓆪;Doktor_JDH;—ᴄʍᴇᴩᴛь - ϶ᴛᴏ ᴨᴏᴄᴧᴇднᴇᴇ чᴛᴏ ᴛы уʙидиɯь, бᴇᴩᴇᴦи ᴦᴧᴀɜᴀ.;avatars/5798687993.jpg;andrewgiftschat
5800301507;𝙧𝙠’💎 #𝙨𝙠𝙮;kamillka_kamic;-мы были вдвоём несмотря ни на что @danixx_d 💓 / @podpiskagde -канальчик;avatars/5800301507.jpg;andrewgiftschat
5800464526;Weellir;Weellir;;;andrewgiftschat
5802043888;Артёмка;sworddao;;avatars/5802043888.jpg;andrewgiftschat
5804041066;КРуТОЙ-_* 𓍼;K_R_u_T_O_I;🎰;avatars/5804041066.jpg;andrewgiftschat
5804545457;ཐི♱ 🩸Fall in love🥀 ♱ཋྀ;FFalliinllove;Нет никого лучше их ( ˊ ᵕ ˋ )♡.°⑅ — @pazzangtr @Rayven_s;avatars/5804545457.jpg;andrewgiftschat
5809751837;Slim;nwyass;💤💤💤;avatars/5809751837.jpg;andrewgiftschat
5810771143;🪬✟ممنوع التدخي;mi4kq2;Sólo quiero el mar y una gran vida.;avatars/5810771143.jpg;andrewgiftschat
5811120294;Tirix;F0rMu15;;avatars/5811120294.jpg;andrewgiftschat
5811954410;Миша;Sigma_ez;;avatars/5811954410.jpg;andrewgiftschat
5811988331;HiFis;hifis19;何かを達成するには、何かを犠牲にする必要があります. Сделайте сигну, пожалуйста 💋;avatars/5811988331.jpg;andrewgiftschat
5812902390;GLEBASIK;Glibasik12;А.П,О.П,А.М,А.П,Л.Р;avatars/5812902390.jpg;andrewgiftschat
5815604034;☥;a_xzxz_a;:/;avatars/5815604034.jpg;andrewgiftschat
5816555879;Oybek;;;avatars/5816555879.jpg;rabota_chaty1
5816687254;Velvet night 🎧🥀;your_whisperr;He who passes judgment draws the sword himself <Lord Stark @Rock_Olech;avatars/5816687254.jpg;andrewgiftschat
5817404153;𝚛𝚊𝚟𝚒𝚘𝚕𝚕𝚒 #antiгуфи;ravion4356;;;andrewgiftschat
5820700560;Mykhailo;mykhailo_telegram_user;Що це...;avatars/5820700560.jpg;laravel_pro
5821391215;User123456789;Orakbayeva;;;python_ru
5826732652;shizy @afttek лучшийй;Fayzen13;put it on me that's the best part baby the trust- @improvtu;avatars/5826732652.jpg;andrewgiftschat
5829401777;Ксюшоб🫟;nomiDor_24;Кого ты там затыкаеш @Gorillazka;avatars/5829401777.jpg;andrewgiftschat
5830926685;微風;GlowUp04321;— 我疲憊地在你身邊哼了一聲;avatars/5830926685.jpg;andrewgiftschat
5831167385;ㅤ;noezi;95 - 4;avatars/5831167385.jpg;andrewgiftschat
5832086615;карапус;krpzz;отказано;avatars/5832086615.jpg;andrewgiftschat
5832365079;#qwi #Dus #s1k#pe#Kitty#naya#shiaws#Evelin#КвSveic#ln#kн#лет#ꪋꪶꪱ;Jupik01;- я загадаю вечность рядом с тобой @Dasherrr_13 💓🫶;avatars/5832365079.jpg;andrewgiftschat
5835949162;sonchezz;skibiiib;;;andrewgiftschat
5839378464;𝙎𝙖𝙗𝙞;Sabi_asr;;avatars/5839378464.jpg;andrewgiftschat
5841225006;ᵏˣКатюшкаʳᵃⁱ;santiksic;тут пусто 907💋;avatars/5841225006.jpg;andrewgiftschat
5841515045;;;;;rabota_chaty1
5843476076;Вероника;;;avatars/5843476076.jpg;laravel_pro
5843877433;#сликий;BV_ZAG;Анонимность — иллюзия безопасности;avatars/5843877433.jpg;andrewgiftschat
5844345215;𝕵;Jumanazarov_009;https://t.me/patrickstarsrobot?start=5844345215;avatars/5844345215.jpg;andrewgiftschat
5846898488;maktraxer;kaidih1;call me at midnight!! >ᴗ< @tsukasa_kinnie;avatars/5846898488.jpg;andrewgiftschat
5848015622;Хз🎲;Spalk03;;avatars/5848015622.jpg;andrewgiftschat
5848130958;Timofey;Person37833653;;avatars/5848130958.jpg;andrewgiftschat
5852866490;[Afk];Parallyyzed;7;avatars/5852866490.jpg;andrewgiftschat
5852972918;Anvar;itztdn;Full-stack Developer;avatars/5852972918.jpg;laravel_pro
5853381468;R;AblaasR;Имба;avatars/5853381468.jpg;andrewgiftschat
5853614516;ᅠChester;UseTheChester;For bro @Yafuzzik;avatars/5853614516.jpg;andrewgiftschat
5858655950;𝕶и𝖕и𝖊ше𝖐;Thekidofpain;Жизнь одна, а сталкер 2// @Mokarowkomarek_ixilefchek 🫂;avatars/5858655950.jpg;andrewgiftschat
5859180157;MuhammadSharif🧑‍💻;TON66871984934939393837674370464;;avatars/5859180157.jpg;andrewgiftschat
5863905904;[𝖈𝖘];termls;а если вселенная бесконечна действительно?;avatars/5863905904.jpg;andrewgiftschat
5864330313;камила;Kam_1404;;avatars/5864330313.jpg;andrewgiftschat
5864544934;Walls|sep;durovanalnoeotverstie;Empire needs you|||;avatars/5864544934.jpg;andrewgiftschat
5865267609;NIX;Catapes666;https://t.me/nft12345678 Мой отзывы;avatars/5865267609.jpg;andrewgiftschat
5868939493;ᅠtixnu ᅠ;;;avatars/5868939493.jpg;andrewgiftschat
5869568005;млечный # младший #;mirrelllll;старший-@Tepliy_Sokol средний-@arsench4k1;avatars/5869568005.jpg;andrewgiftschat
5869777445;6zxt;;деф @king_defa: https://t.me/+AFUkZAF-r5AwNWEy;avatars/5869777445.jpg;andrewgiftschat
5871565305;𝓡𝓲𝓷𝓭𝓸 𝓗𝓪𝔂𝓽𝓪𝓷𝓲;RankHaitini;I ᥕᥲᥒᥒᥲ δᥱ y᧐ᥙr ᥣ᧐᥎ᥱr @Miss_Misterio;avatars/5871565305.jpg;andrewgiftschat
5872616051;The[]Star[]Sky?;snehwx;учител:дети севодня тема депресия весь класс *смотрит наменя* я:пр✌️😔;avatars/5872616051.jpg;andrewgiftschat
5873341153;Венегрет;GoldKotik;Тᴜᴍʏᴘ вᴀᴘᴇ̈нᴏᴇ яйцо @TimurCHYVAK | а ты моя кошка 💘 @GoldKotiki |;avatars/5873341153.jpg;andrewgiftschat
5873801471;ustaqx;drunpodrynu;Мои руки не крылья, да и люди не птицы @aalin_wqz0;avatars/5873801471.jpg;andrewgiftschat
5874176610;Синеглазка, но не Туманова;Vasssssik;http://t.me/voprosy?start=voxqk;avatars/5874176610.jpg;andrewgiftschat
5876806361;丂乇尺千ㄖㄥ丨爪🕊️;wI808Iw;Жизнь - туман, а ты в ней - ёжик🦔🕊️... L.I.M.P.;avatars/5876806361.jpg;andrewgiftschat
5877162960;;;;;rabota_chaty1
5878606197;Саша;CHENOBIO;;avatars/5878606197.jpg;andrewgiftschat
5878884942;Кириешкин;Kirieshkin_Tech;Че писать то;avatars/5878884942.jpg;andrewgiftschat
5878929286;Полина<3 #rizii;Polina_chipolina433;:о;avatars/5878929286.jpg;andrewgiftschat
5880416366;🌷 𐙚 ִ ࣪;ilpov;угрозы докс скам мимо |;avatars/5880416366.jpg;andrewgiftschat
5880416864;TheNeo;theneo777;По вопросам сотрудничества ко мне.;avatars/5880416864.jpg;laravel_pro
5880737461;Vladosik;kurasan4k;;avatars/5880737461.jpg;andrewgiftschat
5882017347;౿ ° 🪻 ࿙݃࿙‌̼ ⸼࣪ ִ;Purple_Yuri;;avatars/5882017347.jpg;andrewgiftschat
5883354319;赤毛;handsinblood1;давай сыграем в любовь?;avatars/5883354319.jpg;andrewgiftschat
5884012305;admin;mgameadmin;Monopoly Game @mgamexbot;avatars/5884012305.jpg;andrewgiftschat
5884288887;amww_x:3🪽#mlo;amwwx1;🧔‍♀️||https://t.me/askrubot?start=5884288887;;andrewgiftschat
5885098457;Anvarbek;Anvarbek_Ergashev;;avatars/5885098457.jpg;laravel_pro
5885167145;@pecish;wh1te1836;.;avatars/5885167145.jpg;andrewgiftschat
5885532289;kpyт;seXkpyT;;avatars/5885532289.jpg;andrewgiftschat
5887646031;Тако;takobeIl;;avatars/5887646031.jpg;andrewgiftschat
5891051761;Сергей;DeDaa_Sergey;Всегда будь немного добрее, чем необходимо;avatars/5891051761.jpg;andrewgiftschat
5891879239;Джон гарик;djongandon;;;rabota_chaty1
5896173336;Максим #zuza 🐀;Zuza230182;🐀👀;avatars/5896173336.jpg;andrewgiftschat
5897855274;🐜;lasqwwxi;https://t.me/petiti_bot?start=ref_5897855274;avatars/5897855274.jpg;andrewgiftschat
5899890251;tryxcva;capsli;;avatars/5899890251.jpg;andrewgiftschat
5899971555;кит кат;loveyakitkat;𝒾' jusᴛ #waiᴛ fᴏr ʍy 𖹭wn ⇄ @NNPHJ_KISSER |𝒾' lᴏvᴇ y𖹭u⇄ @augustbaab;avatars/5899971555.jpg;andrewgiftschat
5900233811;ᗢZeR0|XD;IsItZeR0;-put it on me that's the best part baby the trust @Nillka_J |19.01.26|;avatars/5900233811.jpg;andrewgiftschat
5901058139;✞ΛИRA✞дɪʟᴅᴀ;Liriksans;Пиши мне анонимно http://t.me/thevoprosybot?start=npcai;avatars/5901058139.jpg;andrewgiftschat
5902690003;ᅠ ￴￴￴￴✞︎kotik✞︎;kotikq01;Люблю гулять и задротить;avatars/5902690003.jpg;andrewgiftschat
5903161739;Новогодний Angel 3,8к+;angelprorok1;доксер, богинец, король, сватер,троллер,миллионер! @vellskayaa сучка;avatars/5903161739.jpg;andrewgiftschat
5905235546;машечка💕;meow00993;;;andrewgiftschat
5908503024;"ⲡυⲗюⲗя;3 | 06:46 / 2 own kttns";annagwx00;Thinᴋing I'll ʍiss yᴏu fᴏrᴇvᴇr💤💋🫂@meovlmeov;avatars/5908503024.jpg;andrewgiftschat
5909812874;daxe;cute1337;;avatars/5909812874.jpg;andrewgiftschat
5910126038;˚✶₊‧ ꒰ა 𝐾𝑖𝑡𝑡𝑦 ໒꒱ ‧₊✶˚ (˶˃ ᵕ ˂˶);MeOwMeOwB89;ᶻ 𝘇 𐰁... 𝓗𝓸𝔀 𝓬𝓪𝓷 𝓘 𝓵𝓲𝓿𝓮 𝓯𝓸𝓻𝓮𝓿𝓮𝓻? ┊┊ @dioso_h ♡゙;avatars/5910126038.jpg;andrewgiftschat
5910183387;Имиль;imilxxx;Happiness is in money;avatars/5910183387.jpg;andrewgiftschat
5913720487;;;;;rabota_chaty1
5913826747;BunkerRP;BunkerRP_bot;"Бот-ведущий для игры в «Бункер»

Новости: @BunkerRP_news
По всем вопросам: @vingronk";avatars/5913826747.jpg;andrewgiftschat
5918662333;;;;;rabota_chaty1
5918770428;𝖘𝖕𝖖𝖝𝖝 👾;spqxx162;глору люблю❤️;avatars/5918770428.jpg;andrewgiftschat
5922412571;.;viweqe;;avatars/5922412571.jpg;andrewgiftschat
5923475758;А;raaa_aa111;;avatars/5923475758.jpg;andrewgiftschat
5927600245;ᵗᵒᵘᵏᵃ;angejix;𝐖𝐨𝐧'𝐭 𝐲𝐨𝐮 𝐝𝐢𝐞 𝐭𝐨𝐧𝐢𝐠𝐡𝐭 𝐟𝐨𝐫 𝐥𝐨𝐯𝐞? @munurety;avatars/5927600245.jpg;andrewgiftschat
5928824334;Ч1NんЇ;ban_chanushka;@Sasha_FANTA_AM and @L7KCHAN м¥ ф1B0рìтē;avatars/5928824334.jpg;andrewgiftschat
5929608848;Алексей;alexsunarchin;;;laravel_pro
5929635213;миша :Р;nolyex;Те, кто не могут принять изменения, обречены остаться в тени истории.;avatars/5929635213.jpg;andrewgiftschat
5931770012;.;skeeex;беееееебеееее @Gg_pyp;;andrewgiftschat
5934524548;[L];itz_sakuraa;.;avatars/5934524548.jpg;andrewgiftschat
5935069704;I̟̅͂N̷̨͂$P̵̩ͦŔ̷̜4T̙̓͠I̵ͤ̂Ȯ̥͞N̷̶ͧ crm;sanii_u;;avatars/5935069704.jpg;andrewgiftschat
5937004464;Ⓖ︎Ⓤ︎Ⓛ︎Ⓛ︎;rokysz;;;andrewgiftschat
5938742910;𝐩𝐨𝐥𝐢𝐧𝐤𝐮𝐬𝐩;polinkusp;;;andrewgiftschat
5941010780;Varya;;;avatars/5941010780.jpg;laravel_pro
5941748491;S1lent #крм;;;avatars/5941748491.jpg;andrewgiftschat
5943220339;𝑨𝒍𝒊𝒔𝒊𝒌ೀ #люблюклубничногобета🍓;Alisa_kaka666;Только для @JEHDDHY возращаюсь я в постель)> @bassietrue когда врб;avatars/5943220339.jpg;andrewgiftschat
5943263532;𝕻𝖗𝖊𝖉𝖆𝖙𝖔𝖗;Hashborne;Присоединяйся: https://t.me/rollsgame_bot?start=_tgr_bve8IlgyZjg6;avatars/5943263532.jpg;andrewgiftschat
5943910920;^ELIMDAR^;Voplotyy;https://t.me/starsy_zarabotox_bot?start=5943910920;avatars/5943910920.jpg;andrewgiftschat
5943917548;Евгений;geniward;;;laravel_pro
5944230479;Astral🧸;Astral_se2;Ку🧸💝🎁🌹💐;avatars/5944230479.jpg;andrewgiftschat
5947182041;помпурун;omorui;Словно падающая звезда, ты упала с небес. Скажи мне это нападение или дар небес? @qisukx - жир;avatars/5947182041.jpg;andrewgiftschat
5950739873;"(_""_---_""_)";Wdeelon;;avatars/5950739873.jpg;andrewgiftschat
5950784876;Kom🩶;Kom505kom;落ちた花びらは二度と咲くことはない;avatars/5950784876.jpg;andrewgiftschat
5951452935;“A-Site Studio”;A_Site_Studio_Support;;avatars/5951452935.jpg;laravel_pro
5952418572;dashaawq;dashaawk;;avatars/5952418572.jpg;andrewgiftschat
5952969794;⤷ ݂ ֹ 𝒦 𝘢𝘱𝘳𝘪 🏩‹ 𖦹 ༘;Ponyashkameow;і'ᥣᥣ ᑲrᥱᥲk ᥡ᥆ᥙr ᑲ᥆ᥒᥱs ᥕі𝗍һ ᥲᥣᥣ 𝗍һᥱ ᥣ᥆᥎ᥱ і ᥴᥲrrᥡ;avatars/5952969794.jpg;andrewgiftschat
5954411799;ᴘʀᴏғᴇssɪᴏɴᴀʟ;sixtyer;;avatars/5954411799.jpg;andrewgiftschat
5955934182;.;Nikto1345;;;andrewgiftschat
5957182672;аня;avswip;;;andrewgiftschat
5957831547;дресс#Drail▪️;anexpl;;avatars/5957831547.jpg;andrewgiftschat
5958175922;♠;hitrmot;нет;avatars/5958175922.jpg;andrewgiftschat
5960336912;wididi;wididi;;avatars/5960336912.jpg;andrewgiftschat
5962969471;Камила🫶🏻;Lovelosko;—I feel glad when you're glad @okeokeokeooke;avatars/5962969471.jpg;andrewgiftschat
5963589204;не алиса, а элис.dev;Alica_ee;Upset'ы и I am sad Step back, заканчивай этот set @listdevv;avatars/5963589204.jpg;andrewgiftschat
5966564245;precious;wwprecious;;avatars/5966564245.jpg;andrewgiftschat
5966904086;ㅤㅤㅤㅤㅤㅤ;V0R_MSK;я под защитой @vkmafioznik;;andrewgiftschat
5966960782;ᴄᴋияʍиᴄ;skyamy_s;зима не лето - арбуз не котлета;avatars/5966960782.jpg;andrewgiftschat
5967054357;У МЯ ПЕРЕДОЗ;pornhub_peredozvik;What do you want? #святая;avatars/5967054357.jpg;andrewgiftschat
5967747519;RiPnYt;RiPnYt;♱ 𝓡𝓲𝓟𝓷𝓨𝓽 ♱;avatars/5967747519.jpg;andrewgiftschat
5971197711;Унитайзер7;G225225;;;andrewgiftschat
5971847916;danil_msk;FUgeegUF;;avatars/5971847916.jpg;andrewgiftschat
5972655162;Светлана;;;;tproger_chat
5977345468;ㅤ ㅤ;bliinya;;avatars/5977345468.jpg;andrewgiftschat
5978648919;Дима;dima30r;;avatars/5978648919.jpg;andrewgiftschat
5979126953;igoryf_13#SKNICE;M3PZOCT;@Mzmzlk я хотел жить без проблем...;avatars/5979126953.jpg;andrewgiftschat
5979291685;pedro;GoldenBlossom55;;;laravel_pro
5979772752;𝗩𝗮𝗹𝗶𝗽𝗮;Valipochka;𝗬𝗼𝘂 𝗸𝗻𝗼𝘄 𝘄𝗵𝗲𝗿𝗲 𝘁𝗼 𝗳𝗶𝗻𝗱 𝗺𝗲 @Milisik_s | @Tremorlabs;avatars/5979772752.jpg;andrewgiftschat
5980458706;;;;;rabota_chaty1
5982125050;vertoks;vertoks_m;блин бейби ватфааак;avatars/5982125050.jpg;andrewgiftschat
5982145356;Merrir0sses;Merir0sses;;avatars/5982145356.jpg;andrewgiftschat
5982303499;#b’t.;wertlosee;𝘐𝘵’𝘴 𝘴𝘶𝘤𝘩 𝘢 𝘭𝘰𝘷𝘦𝘭𝘺 𝘥𝘢𝘺, 𝘸𝘦 𝘴𝘩𝘰𝘶𝘭𝘥 𝘱𝘰𝘤𝘬𝘦𝘵 𝘵𝘩𝘦 𝘴𝘶𝘯𝘴𝘩𝘪𝘯𝘦;avatars/5982303499.jpg;andrewgiftschat
5982321735;𝓥𝓪𝓻𝓲𝔁𝓲𝓲♡👅;mne_noxyiu;~᧐дᥙн уκ᧐᧘ ᥙ я ʙ᧐ᥴκρᥱᥴну,дуɯᥙᴛ ᴦ᧐᧘᧐ᥴ ᴛʙ᧐ᥔ чудᥱᥴныᥔ @SonicViperSVZ5 👅;avatars/5982321735.jpg;andrewgiftschat
5982413099;Lixzx.^_^ #газоваядовалка #CKK;lizznnz;—you heard i like the bad girls baby @kamik_x ヾ(≧▽≦*)o;avatars/5982413099.jpg;andrewgiftschat
5982596117;xx;xselyavi;;avatars/5982596117.jpg;andrewgiftschat
5984309819;95🥇;temagifts62;;avatars/5984309819.jpg;andrewgiftschat
5984516829;antisocial;zxclown888;мае лицо замазано ща гримом я пu3дкц красиви😎✌️;avatars/5984516829.jpg;andrewgiftschat
5984522922;ⲏⲁⲥⲧя 👻 #kl;CMETAHKA_LE;ⳡⲧⲟ ⲗⲩⳡⲱⲉ ⲙⲉⲏя ⲏυⲕⲟⲅⲟ ⲏⲉ ⲃⲥⲧⲣⲉⳡⲁⲗⲁ.. 💘🥰 @CAXAPOK_LE ❤‍🩹 - д, с, р;avatars/5984522922.jpg;andrewgiftschat
5984671731;флешмоб;minami_xqw;а4 аригинал;avatars/5984671731.jpg;andrewgiftschat
5985775993;…;mafw_42;;;andrewgiftschat
5987359077;kramalovv;kramalovv;;;andrewgiftschat
5987725496;лиловая #гладиатор;LHGBXtxD;-среди берез,болот и звезд,цыганских свадеб,волчьих слез мне нет местаааа;avatars/5987725496.jpg;andrewgiftschat
5990488670;...;Pigeon1Pigeon;;avatars/5990488670.jpg;andrewgiftschat
5990644195;Ofiur.;Ofiur;<⸻<< 「Carpe diem.」 >>⸻> https://t.me/+8RzdxtWXh8A1MDhi| @Moki_Milkiway;;andrewgiftschat
5994615876;Данил;Fafauyi;;avatars/5994615876.jpg;andrewgiftschat
5996831769;Что?;Squiizzyy;;avatars/5996831769.jpg;andrewgiftschat
5996955795;СВЯТАЯЯ;salineeee;;avatars/5996955795.jpg;andrewgiftschat
5997942594;Muhammad;;;;andrewgiftschat
6002538934;Дашечка;Tyt_rovno77;;avatars/6002538934.jpg;rabota_chaty1
6003232416;Stanislav;Stas_turner;;;andrewgiftschat
6004539414;Ilya;;;;laravel_pro
6005669274;Человек;Chill_gue;человек которого почти никто не знает, но его можешь узнать именно ты;;andrewgiftschat
6006998418;10;imlegendaren;.;;andrewgiftschat
6008568728;𝓜𝓻𝓪𝓴;Xboksss;Xz;avatars/6008568728.jpg;andrewgiftschat
6012566053;av3rag3r;av3rag3r;🧩я, 𐔖ɥᥱⲏь 𐔤ᥴⲧᥲ᥈, ⲙⲏᥱ ⲭ𐔖ɥᥱⲧᥴя ᥴᥒᥲⲧь, ⲙⲏᥱ ⲭ𐔖ɥᥱⲧᥴя ⳅⲏᥲⲧь, ᥒ𐔖ɥᥱⲙ𐔤 ⲃᥴᥱ ⲧᥲⲕ🧩;avatars/6012566053.jpg;andrewgiftschat
6013861183;.;rocketskywa1kerr;похоже на любовь и я болен тобой;avatars/6013861183.jpg;andrewgiftschat
6015296935;блин блинский;xuxexo;;avatars/6015296935.jpg;andrewgiftschat
6015954726;Азизбек;;;;rabota_chaty1
6016936533;𝐒𝐢𝐥//𝐤𝐢🪿;sil_ku;;;andrewgiftschat
6017344403;MaDmAtViT;Typoy_i_daun;당신은 똑똑하고 아름답습니 @Kofiixs;avatars/6017344403.jpg;andrewgiftschat
6019534927;J;Guestest;;;python_ru
6019698714;Еваааа;evriska;—small world, all her friends know of me @mmiq_z|| 𝙷𝚘𝚠 𝚌𝚊𝚗 𝚢𝚘𝚞 𝚕𝚘𝚘𝚔 𝚊𝚝 𝚖𝚎 𝚊𝚗𝚍 𝚙𝚛𝚎𝚝𝚎𝚗𝚍 𝙸'𝚖 𝚜𝚘𝚖𝚎𝚘𝚗𝚎 𝚢𝚘𝚞 𝚗𝚎𝚟𝚎𝚛 𝚖𝚎𝚝?;avatars/6019698714.jpg;andrewgiftschat
6020833208;midav;lmidav;|?_?| бро @tgantilopa;avatars/6020833208.jpg;andrewgiftschat
6021216325;𝙼𝚊𝚐𝚊_;Mr_mm3;“Воистину, за каждой тягостью наступает облегчение”;avatars/6021216325.jpg;andrewgiftschat
6021301271;ʏᴍᴇʀ!ɯий#ᴀɴɢᴇʟ;moonsexsizzex;;avatars/6021301271.jpg;andrewgiftschat
6024464870;Tatiana;;;avatars/6024464870.jpg;laravel_pro
6026667647;Decon бабкиХАСЛ;axowp;дальше меньше, #кимпиньтяо;avatars/6026667647.jpg;andrewgiftschat
6027386798;Alex Gambling;topgamblersstudio;Gambling projects;avatars/6027386798.jpg;laravel_pro
6027518804;ashzxx;ashxkz;be yourself;;andrewgiftschat
6027959857;·.¸¸.·♩♪♫𝑯𝒖𝒍𝒆𝒇𝒐𝒏 𝒅𝒛𝒉𝒊𝒎𝒂𝒍𝒖𝒊𝒄𝒉𝒊𝒇𝒐𝒏 ♫♪♩·.¸¸.·;hulefon0;Алелуя;avatars/6027959857.jpg;andrewgiftschat
6029684380;Dopixxxx;jiropix;;avatars/6029684380.jpg;andrewgiftschat
6030915202;fazenn;fazen_tag;;avatars/6030915202.jpg;andrewgiftschat
6031507233;Áir🪽;a1ries;;avatars/6031507233.jpg;andrewgiftschat
6031789238;.;;;avatars/6031789238.jpg;andrewgiftschat
6033815583;Farid Rustamov;Texnokursor;;avatars/6033815583.jpg;laravel_pro
6037440911;🍦;Pusheen_fan_bebebe;@vvtrhzp если ты 6-6-6 то я жесть-жесть-жесть #Даянафембой;avatars/6037440911.jpg;andrewgiftschat
6038505241;ᶻ 𝗓 𐰁 𝙱𝚎𝚕 | 𝑩𝑹𝑬𝑿𝑿𝑿;anti_depr;— Дᴀᴧьɯᴇ ᴋᴩуᴛяᴛᴄя ᴨᴧᴀнᴇᴛы, ничᴇᴦᴏ нᴇ ᴨᴏʍᴇняᴛь.. | @Natural1049;avatars/6038505241.jpg;andrewgiftschat
6038756035;Дарья;dsh_aa114;;avatars/6038756035.jpg;andrewgiftschat
6041849928;Денис;dpikaev;;avatars/6041849928.jpg;tproger_chat
6042689515;No Name;makeaccount2a;;;laravel_pro
6046746515;Викуля;vikalubb;;avatars/6046746515.jpg;rabota_chaty1
6047385828;𝗖𝗶𝘃𝗼𝗿;RadiantShard;𝗛𝗶𝘀 𝗻𝗮𝗺𝗲 𝗶𝘀 𝗠𝗮𝘅.;avatars/6047385828.jpg;andrewgiftschat
6048019878;NN;E100rr;;avatars/6048019878.jpg;andrewgiftschat
6049103065;крюга;cruqa;;avatars/6049103065.jpg;andrewgiftschat
6050840730;Mr Dezze @andrusho;Killler019;;avatars/6050840730.jpg;andrewgiftschat
6051926038;дишка;diixssii;;avatars/6051926038.jpg;andrewgiftschat
6053797273;𝘽𝙞𝙜𝘾𝙝𝙞𝙛;Goychick;Win or win;avatars/6053797273.jpg;andrewgiftschat
6054227174;🤑;xvdvbd;;avatars/6054227174.jpg;andrewgiftschat
6057366053;Legmar;Legmar1340;🟢;avatars/6057366053.jpg;andrewgiftschat
6060150607;Stasy 🦦;Killer_cutie;ᴍʏ ʙᴀʙʏ ɪs ᴀ ᴍᴏɴsᴛᴇʀ ᴀ ʜᴜɴᴛᴇʀ ʙᴜᴛ ɪ'ᴍ ɴᴏᴛ ᴀꜰʀᴀɪᴅ;avatars/6060150607.jpg;andrewgiftschat
6060869851;Barmoley;Artem_Barmoleyy;Манагер;avatars/6060869851.jpg;andrewgiftschat
6065034190;поляя;komiskii;;avatars/6065034190.jpg;andrewgiftschat
6065676896;валенок;Inoprishlenexc;;;andrewgiftschat
6067757781;ⓃⒾⓀⒾⓉⒶ❥••࿐;nikitaaa299;Самый добрый;avatars/6067757781.jpg;andrewgiftschat
6069194406;David;david_555;Залетайте в наш канал с лудками на нфт) (канал)https://t.me/NeonWolfGifts https://t.me/NeonWolfRep (Отзывы) https://t.me/NeonWolfChat (Чат);avatars/6069194406.jpg;andrewgiftschat
6071202591;⸝⸝═˗.˚⌗𝐤𝐫𝐨𝐳𝐢𝐤___𝐤𝐙.°═⸝⸝;Krozz_kZ;[🫁] - И как стать лучше? Увы, никто не расскажет..;avatars/6071202591.jpg;andrewgiftschat
6071606655;ALI;ALI_777tm;;avatars/6071606655.jpg;andrewgiftschat
6076378207;sprite#vnl#mf#krt#scw;Daryx6;;avatars/6076378207.jpg;andrewgiftschat
6077186417;i.s;is_hhhk;;avatars/6077186417.jpg;andrewgiftschat
6077829559;s;xxx_poo;;;andrewgiftschat
6078890370;Reb3c1ak ∆;Lerch_3_1_1;;avatars/6078890370.jpg;python_ru
6082202606;PAБOTA;;;;rabota_chaty1
6083444425;𝐒𝐮𝐧𝐬𝐡𝐢𝐧𝐞 | 𝑰𝒍𝒊𝒂𝒏𝒏𝒐𝒄𝒉𝒌𝒂;Iliannochka;ⲕⲟⲅⲇⲁ ⲏⲁ ⲏⲉⳝⲟ ⲃⳅⲟύⲇⲩⲧ ⲇⲃⲁ ⲡⲟⲗⲩⲙⲉⲥяцⲁ - @onlbred♡〡иногда пропадаю;avatars/6083444425.jpg;andrewgiftschat
6084357339;тумбочка;xeydsik;-йоу @Minoande;avatars/6084357339.jpg;andrewgiftschat
6085362707;私は|ヴァーニャが|大好き|です。|14+16;Fawifst;— ʍᴏᴦу ʙ ᴄᴇбя ʙᴧюбиᴛь и иᴄᴨᴀᴩиᴛьᴄя нᴀʙᴄᴇᴦдᴀ.@astreer_cc;avatars/6085362707.jpg;andrewgiftschat
6085896655;;;;;rabota_chaty1
6089330040;Miguel;klngoflive;;avatars/6089330040.jpg;andrewgiftschat
6090522023;дашулик;dashasdf99;;avatars/6090522023.jpg;andrewgiftschat
6093844255;Alexander;alexander_otwell;;avatars/6093844255.jpg;laravel_pro
6095457771;Алина ✨;Linana136;🌸🌸🌸;avatars/6095457771.jpg;andrewgiftschat
6096784753;Артур;Ejjexjxb;Мой раб tg://settings;;andrewgiftschat
6097022279;84780;kJAfMx;;avatars/6097022279.jpg;andrewgiftschat
6099310879;Олег;oleg_puan;Программирую: боты, сайты, ИИ, любые пожелания. 10+ лет опыта;avatars/6099310879.jpg;laravel_pro
6099501234;Максим;Maxon4ik0305;;;andrewgiftschat
6102715125;VladisSlay;Vladisslay4;Lego colorful blocks have been popular for many years. You can build almost anything with them! Make sure to visit Legoland in California!;;andrewgiftschat
6104009843;love;qwericxx;;;andrewgiftschat
6105563552;YepBro;yepbro_ru;Веб-разработка на Laravel/Vue/Nuxt;avatars/6105563552.jpg;laravel_pro
6109291875;дᴇʜᴘᴜᴋᴄ⚰️;cenkriix;;;andrewgiftschat
6113201428;Кара﹆🗣️;ka1iks;мне твои советы как мертвому минеты😺 || в💘;avatars/6113201428.jpg;andrewgiftschat
6114544849;Artyomka;Artyomka1111;;;andrewgiftschat
6114609606;Дєкстєр Морган;ShturmoviKkk;Ґазґаз нафта ґаз За це люблю ДонбасГосподи памажи всіх зубожи @V5NIGER;avatars/6114609606.jpg;andrewgiftschat
6114776509;Sasha;sas_rodionova;Blogger, Beauty. Project in sentry.io;avatars/6114776509.jpg;laravel_pro
6117583647;Дanya;yesdanya;;avatars/6117583647.jpg;andrewgiftschat
6117609689;hmstr;usenxt1;;avatars/6117609689.jpg;andrewgiftschat
6118070597;{°•.ⲙᥲrsɦⲙᥲᥣᥣ᧐ᥕ.•°};marshmallow555;𐌑y ɦᥱᥲrᴛ ᧐ᥒᥣy ᥕᥲᥒᴛs jᥙsᴛiᥴᥱ.;avatars/6118070597.jpg;andrewgiftschat
6118612815;олег;imrealbug;| ЧyвAk эта ВeЧeринka oтCтOй- @Wheelchair96 |;avatars/6118612815.jpg;andrewgiftschat
6119131035;Kit :);Reytmanqq;https://t.me/tgifts_stars_bot?start=AnqntRsj;avatars/6119131035.jpg;andrewgiftschat
6119600675;WsQUIL;JESTERRRRRRRRRRRRRRRRRRR;;avatars/6119600675.jpg;andrewgiftschat
6119956710;𝑅𝑎𝑆𝑢𝑙;Crizik;Обсуждать хуйню и жить счастливо @tubus955;avatars/6119956710.jpg;andrewgiftschat
6122476986;Isaac;Isaaklover;*Плачу в какашки*;avatars/6122476986.jpg;andrewgiftschat
6122972454;Slab;slabn67;;avatars/6122972454.jpg;andrewgiftschat
6123765383;Канаво;Railsey;"Канава. Напиши мне в лс слово ""Зюзя"" @Sssseeeehhhh - черни бро";avatars/6123765383.jpg;andrewgiftschat
6124290020;Владимир;PereSvet001;;avatars/6124290020.jpg;andrewgiftschat
6125969463;𝕸𝖆𝖉𝖗𝖆;Maaadraa;;avatars/6125969463.jpg;andrewgiftschat
6129126536;Hollow;The_best_scamer_ever;;avatars/6129126536.jpg;andrewgiftschat
6129191583;Ярослав;hardbobrik;;;andrewgiftschat
6130269341;Данон;danon_x;;avatars/6130269341.jpg;andrewgiftschat
6132949085;Murodxon;murodqodirxonov;;;laravel_pro
6134453464;Mule;Mr1R0b0t;;avatars/6134453464.jpg;laravel_pro
6136512352;Xnks;Internil7;my def @zvon000 || лучшие номера тг @nomera_buy;avatars/6136512352.jpg;rabota_chaty1
6137287760;Пряник;wawasek;віч дімо;avatars/6137287760.jpg;andrewgiftschat
6140599356;𝓐𝓻𝓶𝓮𝓷159;King15179;;avatars/6140599356.jpg;andrewgiftschat
6140764897;W;itwasburning;;avatars/6140764897.jpg;andrewgiftschat
6141724068;ㅤ ⟢۪ ֹ ᮫ 𝐌𝟏𝐤𝐤𝐚ྀི ׁ ۪ ֹ ᮫ ｜;m1kaurii;- 𝐧𝐨 𝐨𝐧𝐞 𝐥𝐨𝐨𝐤 𝐠𝐨𝐨𝐝 𝐰𝐢𝐭𝐡 𝐦𝐞 𝐛𝐮𝐭 𝐲𝐨𝐮𝐮!࣪ 𓏲ᥫ᭡ ⊹ ˑ @l_like_rain 🎐💍💍;avatars/6141724068.jpg;andrewgiftschat
6142122783;༒︎🌱𝑭𝒊𝒌𝒖𝒔🌱༒︎;RastenieKlassaFikusovoe;Бегущий фикус;avatars/6142122783.jpg;andrewgiftschat
6143736217;𝓝𝓾;Nushnu;😝;avatars/6143736217.jpg;andrewgiftschat
6144790218;Momen;momensameer;Software Development Engineering;avatars/6144790218.jpg;laravel_pro
6146869737;eren;erehh_h;;avatars/6146869737.jpg;andrewgiftschat
6148950068;§;difuehdj8;;avatars/6148950068.jpg;andrewgiftschat
6152909979;Kim 🛡️;AKIM_812;def : t.me/bogmajor;avatars/6152909979.jpg;andrewgiftschat
6153145623;𝑚𝑖𝑛𝑦𝑜𝑛𝑛𝑜𝑣𝑎;XXPPLL11;;avatars/6153145623.jpg;andrewgiftschat
6156248027;* ₊˚𝓓𝓪𝓻𝓻𝓲𝓷𝓪𝓪𝓪˚₊‧*;Launeeexx;;avatars/6156248027.jpg;andrewgiftschat
6156514133;Naitik;;;;rabota_chaty1
6157923617;abi;viiyyyr;"You tell me I'm wrong ; then you better prove you are right";avatars/6157923617.jpg;andrewgiftschat
6159515392;J💘;jeni_offs;🤷🏻‍♀️;avatars/6159515392.jpg;andrewgiftschat
6160457090;ᅠкарти;vertxxx;;avatars/6160457090.jpg;andrewgiftschat
6160836208;Nastya;;SheIn (Europe), travel, photography 📸 Thailand;avatars/6160836208.jpg;laravel_pro
6163775235;Have_Fun;ayvolky;https://t.me/nftayvolky;avatars/6163775235.jpg;andrewgiftschat
6168044087;.;suhrob_47;Купить звёзды и нфт можно через @Starsselb_bot;avatars/6168044087.jpg;andrewgiftschat
6168885159;mey;meyyy_nem;How can you look at me and pretend I'm someone you never met?;avatars/6168885159.jpg;andrewgiftschat
6180820217;︎ марихуановa;;https://t.me/GID_ScamBase - Скам база;avatars/6180820217.jpg;andrewgiftschat
6181391519;;;;;rabota_chaty1
6181501868;анечка⁴⁷;tblovvki;-𝑖𝑓 𝑡ℎ𝑒 𝑤𝑜𝑟𝑙𝑑 𝑤𝑎𝑠 𝑒𝑛𝑑𝑖𝑛𝑔. @lottery_aaa | ²¹⁴⁷⁶¹;avatars/6181501868.jpg;andrewgiftschat
6184460092;[Сын Дурова] garant 190+ rev #visk;Son_of_Durovv;Я под защитой @def_zendy;avatars/6184460092.jpg;andrewgiftschat
6185049512;ᅟ котейка😝;KAHOH457;-ты спать не хочешь? @zxxc_x;avatars/6185049512.jpg;andrewgiftschat
6185875320;Zubаツ;XZuba;player bs;avatars/6185875320.jpg;andrewgiftschat
6186389158;kharisanova ‘ #аby;kharisanovaa;MDD;avatars/6186389158.jpg;andrewgiftschat
6187375040;BOBRIK;BOBRIK_VI;;avatars/6187375040.jpg;andrewgiftschat
6189995728;Zo1x;zo1x_71;;avatars/6189995728.jpg;andrewgiftschat
6192277523;Ketchup;Dodds18;;;andrewgiftschat
6193316867;hitwaveⓘᶻˣᶜ🇺🇲;frikpdr;𝒗𝒐𝒍𝒉𝒆𝒚 𝒇𝒕. 𝒅𝒂𝒃𝒃𝒂𝒄𝒌𝒘𝒐𝒐𝒅–ᴛᴩиᴨᴀ нᴇᴛ⋆˚‧˚♪⊹🚬;avatars/6193316867.jpg;andrewgiftschat
6194193370;Халель что то как то не эщкере;Krutoi_kot_zeleni;;avatars/6194193370.jpg;andrewgiftschat
6194393338;RS | Денис | USSR • ∞ ™©®⁷ |;RealMadridFunDenis;¡HALA MADRID!¡HALA MADRID!¡HALA MADRID!Люблю играть в Grow a Garden;avatars/6194393338.jpg;andrewgiftschat
6195020314;⌗ . ᵎᵎ ⸝⸝ 𝓑𝑎𝑠𝑠𝑖𝑒 𝐵𝑙𝑜𝑜𝑚𝑖𝑛𝑔𝑡𝑜𝑛 ᛝ⁠⁠ .ᐟ ⨝;Woeweru;⏜۫𓏸⃘⌣۪ ׄ⏜۫𓏸⃘⌣ 𖥔 ۪ ׄ⏜۫𓏸⃘⌣۪ ⏜ׄ۫𓏸⃘⌣ ι ᥕᥲᥒt tо ⲙᥱᥱt hιⲙ @Hornet_v_kedax| @UltGabriel| Fᥙtᥙrᥱ'᥉ ⲙᥲᦔᥱ 𐔖𐔥 @Leonid_Steiner 𐔌՞ ܸ.ˬ.ܸ՞𐦯;avatars/6195020314.jpg;andrewgiftschat
6196531968;⍥⃝♟️;Black_andwhite_Goose;Тгк: https://t.me/Chef_Shusha;avatars/6196531968.jpg;andrewgiftschat
6197569345;ᅠ;tuva17ru;;;andrewgiftschat
6198694010;PxAAMRSHLL;pxaamrshll;;avatars/6198694010.jpg;laravel_pro
6199128894;Эвко 差;Dildo_171;;avatars/6199128894.jpg;andrewgiftschat
6199983536;Lunassi 🌑;Lonssyyy;+888 0808 0888;avatars/6199983536.jpg;andrewgiftschat
6201082692;Юра;Premium686;http://t.me/voprosy?start=9l3pe;avatars/6201082692.jpg;andrewgiftschat
6201964837;sonch🙊;muwmuv;;avatars/6201964837.jpg;andrewgiftschat
6202588652;даша;slimey52;;avatars/6202588652.jpg;andrewgiftschat
6202779927;Глеб𖣂;confusso;;avatars/6202779927.jpg;andrewgiftschat
6203860891;мопс;wwwwwvwvvwwwv;;;andrewgiftschat
6204945212;Роман;roma_name;;;laravel_pro
6205726864;𝐅𝐒 | 𝐍𝐢𝐠𝐡𝐭 🩸𝙹𝚘𝚔𝚎𝚛𝚜 🃏;wizzer07;;avatars/6205726864.jpg;andrewgiftschat
6207149894;𝒂𝒈𝒂𝒕𝒂 𝒔𝒊𝒏𝒚𝒂𝒆𝒗𝒂;Agata2110;;avatars/6207149894.jpg;andrewgiftschat
6208120673;Мишаня;Omckindnk;;avatars/6208120673.jpg;andrewgiftschat
6209821205;𝗟𝗮𝘃𝘇𝗮𝘆;lavzay;о себе;avatars/6209821205.jpg;andrewgiftschat
6210523459;спящий 🏴‍☠️;Gomer8282;;avatars/6210523459.jpg;andrewgiftschat
6213708590;Olga;;Product manager 🇹🇭;avatars/6213708590.jpg;laravel_pro
6215222997;50 | Ersancik;Ersancik;Создатель ARENAS BRAWL - @ARENASBRAWLCOMM;avatars/6215222997.jpg;andrewgiftschat
6215965590;#беспечная🎰;guksiuyy;;avatars/6215965590.jpg;andrewgiftschat
6216152364;Мг. #fr;Dadaya2340;;;andrewgiftschat
6219255417;ɪɴᴛ | ɴᴀᴊᴊɪᴍᴇ;vuonc;𝘐 𝘮𝘶𝘴𝘵 𝘣𝘦 𝘮𝘢𝘥𝘦 𝘰𝘧 𝘴𝘵𝘦𝘦𝘭 | ᴛᴀᴋ ᴦᴩіє @osdpopo;avatars/6219255417.jpg;andrewgiftschat
6220492538;аришка 🪽;mi_rinnn1;;;andrewgiftschat
6220780747;ᅠNett;NettSpace;ᅠ¹⁷;avatars/6220780747.jpg;andrewgiftschat
6221092199;Владимир;glumeshka;;avatars/6221092199.jpg;laravel_pro
6223139514;Edward;haysnaeidrefiraa;Happiness lies in the joy of achievement and the thrill of creative ef;avatars/6223139514.jpg;python_ru
6225137831;Svetoos𐙚;svet_oos;>>>;avatars/6225137831.jpg;andrewgiftschat
6225714088;₊˚౨ৎ𝙣𝙨1𝙡𝙬𝙬˚౨ৎ˚₊;ns1lww;⛄️ʚɞ˚‧｡⋆ ᕼᙓᒐᒐᗜ! ⋆｡‧˚ʚɞ⛄️;avatars/6225714088.jpg;andrewgiftschat
6225891520;Маруся;mashytikl;;avatars/6225891520.jpg;andrewgiftschat
6231004819;Murzey;Murzey4;🐈;avatars/6231004819.jpg;andrewgiftschat
6231133374;戏;;;;python_ru
6231390744;RAIM;raim_lv;;avatars/6231390744.jpg;laravel_pro
6233301099;Кот ⠒̫⃝🍔;Itz_catnap;;avatars/6233301099.jpg;andrewgiftschat
6234834036;ASER;Aseriz121;14.03.26🤎;avatars/6234834036.jpg;andrewgiftschat
6236308902;?;;;;andrewgiftschat
6237998605;Ховард;howard_16;;avatars/6237998605.jpg;laravel_pro
6239396659;ˢʷᶤ ❦;elecarol;👹;avatars/6239396659.jpg;andrewgiftschat
6239412033;Opiks100;Paul_du_nowkie;Рыбки плавают по дну,не поймаешь не одну @didjey_ignat_sponjik;avatars/6239412033.jpg;andrewgiftschat
6242260224;sᴀdᴩigᴇᴏnᴇ.💙🎶 (400+)#хᴀниᴋᴄ;Sadpigeonefanfan;Я ɜᴀбиᴩᴀю @veroshiks_22_0 ʙ ᴄᴛᴩᴀɯный дᴏᴏᴏᴏʍ...;avatars/6242260224.jpg;andrewgiftschat
6243986756;sakiko🌒 #scw #gav;ssakkiko;𝒘𝒐𝒏’𝒕 𝒚𝒐𝒖 𝒅𝒊𝒆 𝒕𝒐𝒏𝒊𝒈𝒉𝒕 𝒇𝒐𝒓 𝒍𝒐𝒗𝒆?;;andrewgiftschat
6253340670;Kamaz;Kamaz226;Я остаюсь Я буду здесь жить;avatars/6253340670.jpg;andrewgiftschat
6255566627;ᴋᴏʀᴜᴘᴛsᴏᴠ #nptkbv #knt #ns #ng #ilooins;Kkorupt;;avatars/6255566627.jpg;andrewgiftschat
6256301493;арм;armenches;;;andrewgiftschat
6258465776;wrixis🪽;wrixis4;крылатая;avatars/6258465776.jpg;andrewgiftschat
6259101045;бутылка;bottledaa;;avatars/6259101045.jpg;andrewgiftschat
6259271753;Гаэль;gael_hektor_1950;;;tproger_chat
6260235326;Okixo;;;avatars/6260235326.jpg;andrewgiftschat
6260736399;Jet;hamasakibrain;Разработка Сайтов, CRM, Личных кабинетов и интеграция платежных систем;;laravel_pro
6268148243;Апрельская Мизулина🌹🏞️🐇;CTRAX0VKA;био: @bio_aIternativa нфт не продаю, не дарю!!! DEF by @fuzyk;avatars/6268148243.jpg;andrewgiftschat
6268738926;P1nkip1e;P1nkip1e;;avatars/6268738926.jpg;andrewgiftschat
6269153779;Домик;Tixo228k;Давай🤫 @hip_ff;avatars/6269153779.jpg;andrewgiftschat
6272816012;Культурный St3lsik;Ngngngngngngngngnng;;avatars/6272816012.jpg;andrewgiftschat
6273234592;x;ihihihihhi11;;;laravel_pro
6273535608;𝒱𝒾𝓀𝓉ℴ𝓇𝒾𝓎𝒶🐶;Viktoria_z2014;;avatars/6273535608.jpg;andrewgiftschat
6275207419;ₖₒwₛₐᵣ;K0vs4r;;avatars/6275207419.jpg;andrewgiftschat
6276217822;𝐓𝐞𝐦𝐚v | 𝐦𝐧𝐯;Mestichny;(A❤️‍🩹);avatars/6276217822.jpg;andrewgiftschat
6280471365;Stepanova Arina 🌷🫶🏻;Arshikvvs;Не люблю когда обменивают мои подарки:(;avatars/6280471365.jpg;andrewgiftschat
6283855124;😘𝔟𝔞𝔱𝔬𝔫 𝔟𝔞𝔱𝔬𝔫𝔬𝔳𝔦𝔠𝔥 🍀;Batontopchic;Вы можете не верить в меня, но я верю в себя, верю в свою веру в себя(ну а также я хочу пиццы🍕);avatars/6283855124.jpg;andrewgiftschat
6284933877;ⲃыⲇⲩⲙⲁⲏⲏыύ;froumy;Пишите по делу;avatars/6284933877.jpg;andrewgiftschat
6284989990;;;;;rabota_chaty1
6290293723;🦆;miseo4;@bitegame_bot 💿 - Играйте там, где реально выиграть!;avatars/6290293723.jpg;andrewgiftschat
6291325842;Андрей;dronsan;;avatars/6291325842.jpg;python_ru
6293571554;🧛🏻‍♀️;li1kill;;;andrewgiftschat
6294100266;милана филимонова;Venierr0;;avatars/6294100266.jpg;andrewgiftschat
6297092167;A;legitll;;avatars/6297092167.jpg;andrewgiftschat
6298593340;Порно с рэдом;Author2IsMyWaifu;третий стонет | @MipysiaIsMyWaifu @Red_SomeCuteWords;avatars/6298593340.jpg;andrewgiftschat
6299721486;Poki;KittyPoki333;Мечтайте по-крупному, работайте с умом, достигайте величия! 🏃🏻‍♀️;avatars/6299721486.jpg;python_ru
6301169373;Pai;;;;tproger_chat
6301539285;𝙢𝙖𝙧𝙞𝙥𝙤𝙡𝙡𝙡𝙤;maripollloxxx;https://t.me/maripolllo;avatars/6301539285.jpg;andrewgiftschat
6303196030;Человек;Gameepl;https://t.me/patrikmens1;avatars/6303196030.jpg;andrewgiftschat
6305085884;Артур;Mkwicpwp16;?;avatars/6305085884.jpg;andrewgiftschat
6306554605;Регина;;;;tproger_chat
6309690423;Кто вообще этот ваш камина;Benzin657;;avatars/6309690423.jpg;andrewgiftschat
6309839718;Admin 2;Def4nce;Footbal⚽⚽⚽;;andrewgiftschat
6310383082;宿日｜𝙏𝙤𝙢𝙞𝙠 | sell stars;noresets;🌟 Дешевые звезды - @Tomikgifts_bot 🌟 1.1₽;avatars/6310383082.jpg;andrewgiftschat
6311073986;𝙨𝙖𝙢𝙪𝙧𝙖𝙞𝙥𝙧𝙤 | ЧЕК БИО;samuraipro;спам блок? @spam_samuraipro_bot;avatars/6311073986.jpg;andrewgiftschat
6311115907;Weex;;;;andrewgiftschat
6311251185;Europe;EurSMM;По вопросам рекламы и сотрудничества;avatars/6311251185.jpg;laravel_pro
6313167669;ChessVania;gemini_3_1_pro;Продам юзернейм, писать в ЛС. Администратор СУПФ, программист, кот;avatars/6313167669.jpg;andrewgiftschat
6314169831;ᅠ ᅠ ;oganww;#mys #scar;avatars/6314169831.jpg;andrewgiftschat
6315824145;Миша;Larsitop;https://t.me/crasivcat;avatars/6315824145.jpg;andrewgiftschat
6317950951;𒉭PSYXO𒉭;Talez1k;有勇气的人永远不会无能为力🫠;avatars/6317950951.jpg;andrewgiftschat
6320691061;𝙎𝙖𝙛𝙡𝙞𝙭 #prime;OHA_KAK_M6;;avatars/6320691061.jpg;andrewgiftschat
6321727116;.;kkksssvf;;avatars/6321727116.jpg;andrewgiftschat
6323058594;𝓐;silwanq;ай кот тигрица @kkot_t;avatars/6323058594.jpg;andrewgiftschat
6323682673;Ogurch8k;upket;;avatars/6323682673.jpg;andrewgiftschat
6324153987;,;Petroiok;;avatars/6324153987.jpg;andrewgiftschat
6324181066;Мотя :);TottaMota;;;andrewgiftschat
6325360072;сигма;meowowonv;;;andrewgiftschat
6325494623;Developer ( 王 兴财 )🥰;career777;Do your best to get all the best;avatars/6325494623.jpg;laravel_pro
6326268633;Homo sapiens;homosapiens342;I love cats;avatars/6326268633.jpg;andrewgiftschat
6327552570;Удаленный аккаунт;Jenna0my0empire;Была давно;avatars/6327552570.jpg;andrewgiftschat
6328546495;Skittle;Dogsstara;Big bro 😎;avatars/6328546495.jpg;andrewgiftschat
6329149808;Maiva-sslowley;;;avatars/6329149808.jpg;andrewgiftschat
6329255783;@Nexter_YouTube*;SENDERGER;...;avatars/6329255783.jpg;andrewgiftschat
6329460946;белка #krt #scw #ксар #𝕯𝖆𝖓𝖗 #miku #mav #маньякмоймуж #siren;userpolichkasq;лю полю 🩷 #𝙺𝙴𝚅𝙸𝙽 #мишка #сердце #трас #KTN #pkr #ss #har #keу;;andrewgiftschat
6330105859;Дима;;;;rabota_chaty1
6333513650;tenshi.ts;koori_no_tenshi;Node.js Backend Developer;avatars/6333513650.jpg;laravel_pro
6334416318;nastyusha;;(скупаю строго через @Funpay_menegr_bot) @xrocket официальная биржа TON 🏆 @btcprices bitcoin price 🧑‍💻 @tonznatok новости 🎁;avatars/6334416318.jpg;andrewgiftschat
6335708038;Ms;EMOgirl11;;avatars/6335708038.jpg;rabota_chaty1
6335817125;аняя;anyaafff;как облегчить твою боль прибывании в dreamcore? @Frogertlop | изи бриджи бэ бэ , изи бри бри джи джи джи @anutochka988;avatars/6335817125.jpg;andrewgiftschat
6336899018;𝔫𝔦𝔨𝔦𝔠𝔥💤;nichka_sleep;[💤]-скажи мне всё как есть, сядем в пустой вагон, я тоже не в курсе, куда идет поезд, узнаем потом..;;andrewgiftschat
6338585401;wermlllk' |19:32|#ма, я лаю;wermlllk;—верните в моду любовь, где было очень тепло @samosttt;avatars/6338585401.jpg;andrewgiftschat
6339213598;(⁠＾⁠3⁠＾⁠♪;BalerinaMina00;;avatars/6339213598.jpg;andrewgiftschat
6341297346;3eRox;na_respy_botikov;Мои отзывы: @otzivi3eRox and my bio @sosimolcha;;andrewgiftschat
6341548795;￶@rroutinne;rroutinne;;avatars/6341548795.jpg;andrewgiftschat
6342706212;мяу;Nightmarine_56;НЕ ВСТУПАЮ ВО ФЛУДЫ.;avatars/6342706212.jpg;andrewgiftschat
6345443078;Арина;I_am_resting_now;Цени наше общение,пока не стало ПОЗДНО;;andrewgiftschat
6349220540;.....😺;Capogbabushkii;;avatars/6349220540.jpg;andrewgiftschat
6352485943;.⊹ ࣪ ˖;lellels;;;andrewgiftschat
6354411815;𝑠𝑢𝑖𝑛;suinxx;;avatars/6354411815.jpg;andrewgiftschat
6356244265;трушная;;#LE #tortik #vex;avatars/6356244265.jpg;andrewgiftschat
6357233188;sofixxq;sofiaslh;;avatars/6357233188.jpg;andrewgiftschat
6362279122;ᴄʜᴀᴍᴘɪᴄᴋ 🪭;Champick1;N;avatars/6362279122.jpg;andrewgiftschat
6364086815;\sʜᴀ•°→•°꒯꒐꒐꒐꒐ꅐ/;Shadiiiiiw;–И всё так же семь дней в неделю и каждый день - как семь бед... Но я живой... // I'm fine...;avatars/6364086815.jpg;andrewgiftschat
6364884074;Лариса;Cheeky_077;Заработок без вложений 17+ 🎄🎁 https://t.me/+GgIaq56xeOk4MGIy;avatars/6364884074.jpg;rabota_chaty1
6365009719;𝓐𝓷𝓭𝓻𝓮𝔂;frenchess71;;;python_ru
6365271947;19;i52lil;Тгк: https://t.me/+gP-8u-MIHhExMTgy;avatars/6365271947.jpg;andrewgiftschat
6367732975;𝄃𝄃𝄂𝄂𝄀𝄁𝄃𝄂𝄂𝄃;McLover888;Y entre todas esas cosas, déjame quererte, entrégate a mí.;avatars/6367732975.jpg;andrewgiftschat
6368100864;Виктория;;;avatars/6368100864.jpg;rabota_chaty1
6369951853;sweetychu#megaroflik👅;megaroflikk;я тебя любила всем сердцем и ты мне верила @yum1ns #Iⲙiss #kertmygirl;;andrewgiftschat
6371042870;невско;hhowin;подарки тут https://t.me/+serO3sFxMddhNGQy;avatars/6371042870.jpg;andrewgiftschat
6372387857;𝕸𝖎𝖙𝖘𝖚𝖗𝖊🍀 || afk;;i close my eyes, and all i see is you @vellskayaa;avatars/6372387857.jpg;andrewgiftschat
6374853514;Kanokt;kanokt;;;andrewgiftschat
6375374085;Кирилл;kirill_ok11;t.me/starbanana_bot. <-- Не обращать внимания. Сверху просто гуд песни;avatars/6375374085.jpg;andrewgiftschat
6378532722;котофей;vuchlak;and if you go, l wanna go with you @nastwsg;avatars/6378532722.jpg;andrewgiftschat
6381284388;weksers;weksers;;avatars/6381284388.jpg;andrewgiftschat
6382096689;Дмитрий;Dmit_lis_else;bio: @Dmit_lis;;python_ru
6384400979;ASO;asowalot;который так пронзает тело @swet_u @wqwbee яйцв;avatars/6384400979.jpg;andrewgiftschat
6384850518;ася🥂;anomox;;avatars/6384850518.jpg;andrewgiftschat
6385269330;Глеб🌶️;Gleb10077;я фанатик @nrdem;avatars/6385269330.jpg;andrewgiftschat
6386182049;1nwwq#mlo;amww_x1;♡;;andrewgiftschat
6387292991;someone;someonebob;;avatars/6387292991.jpg;andrewgiftschat
6388137905;#mqswkks × #FATE;ke0szwarz;;avatars/6388137905.jpg;andrewgiftschat
6388679875;Остяк;xxxx9916;;avatars/6388679875.jpg;andrewgiftschat
6390502371;rieltor;Xav4i;Чача;avatars/6390502371.jpg;andrewgiftschat
6393359431;spapa;spa0pa;;;andrewgiftschat
6398374008;𝗺𝗮𝗱.;madk1d_66;-демоны не спят. ночью я уеду в ад @xxxxxxxxxqwz ✚;avatars/6398374008.jpg;andrewgiftschat
6398681298;Racoon;Rac_on;Менеджер @Rogeeeeeeeeee 🦖✔️;avatars/6398681298.jpg;andrewgiftschat
6402418042;Artik;artik349;— ʜᴏᴡ ᴄᴀɴ ʏᴏᴜ ʟᴏᴏᴋ ᴀᴛ ᴍᴇ ᴀɴᴅ ᴘʀᴇᴛᴇɴᴅ ɪ'ᴍ sᴏᴍᴇᴏɴᴇ ʏᴏᴜ ɴᴇᴠᴇʀ ᴍᴇᴛ?;avatars/6402418042.jpg;andrewgiftschat
6404915357;𝄂𝄚𝅦𝄞ׄ꧁♪𓆩𝟘.𝚗𝚒𝚌𝚒.𝟘.𝟘𝟡𓆪♪꧂𝄞𝄂𝄚𝅦;monluif;𝄞–Oh,if l were a zombie I'd never eat your brain –𝄞 –@margiipp–;avatars/6404915357.jpg;andrewgiftschat
6405307540;C¹⁸H²⁶O²;Nandrolona_0;;avatars/6405307540.jpg;andrewgiftschat
6407079466;ت! ᗢ و.;;https://youtu.be/Tp7N0B7bgqI?si=uHF-hDS_5VPukeW3;avatars/6407079466.jpg;andrewgiftschat
6408183349;Shayba▪️;Shayba_use;.;avatars/6408183349.jpg;andrewgiftschat
6408613509;Serine;;;avatars/6408613509.jpg;laravel_pro
6408783052;✧ 𝑽𝒂𝒍𝒆𝒓𝒊𝒂;Krosh_for_end;ᴛы оᴛᴋᴀзыʙᴀᴧᴀ ʍнᴇ, ᴨод ʍоᴧчᴀᴧиʙоᴇ ᴄоᴦᴧᴀᴄиᴇ нᴇбᴇᴄ. ᴇʀᴇɴ ʙ ᴄᴇᴩдцᴇ. 😭;avatars/6408783052.jpg;andrewgiftschat
6408931506;ʙᴇᴩᴛуᴏɜ #бᴧᴀᴦᴏᴄᴧᴏʙᴇнный;Vertouz_1;;avatars/6408931506.jpg;andrewgiftschat
6414694975;ㅤ//𝕭𝖆𝖈𝖚ⲗ𝖚𝖈𝖆//🐰🕯//#ОгоньПожарГорим#шмыбзик;riptikorca;ㅤ ㅤ ㅤ;avatars/6414694975.jpg;andrewgiftschat
6425150372;ŃĘkŠŦI ᵒᶰᶫᶦᵏ ᴬ;nneksti;лящкі такіє вкусняшкі я німагу с єйо ног @ryuiirxx ❤️❤️❤️;avatars/6425150372.jpg;andrewgiftschat
6426717433;;;;;rabota_chaty1
6426728725;Balvan;Balvann228;.;avatars/6426728725.jpg;andrewgiftschat
6427755042;𝐅𝐢𝐳𝐮𝐥𝐲𝐚;fizulya;https://t.me/lineage2_telegram_bot?start=6427755042 I love kitsun (fak;;python_ru
6430896892;Balambula;Balambula;;avatars/6430896892.jpg;andrewgiftschat
6431398608;ᴋᴀsᴘᴇʀ | тoxıс;Andy_Kasper;;avatars/6431398608.jpg;andrewgiftschat
6432930865;Gleb☃️🌱🔥 /𝑠ℎ𝑎𝑑𝑜𝑤 ᴬᴸᴸᴱᵀᵂᴵˣ;kotikanetrogati;;avatars/6432930865.jpg;andrewgiftschat
6434579961;ムシャ;Freed0m_149;- 進撃の巨人シーズン4のオープニングテーマみたいですね。 @rrrrewwpi;avatars/6434579961.jpg;andrewgiftschat
6435117365;TLR;TLRdarling;;avatars/6435117365.jpg;andrewgiftschat
6438610793;Vanek;Zaza_kent;;avatars/6438610793.jpg;andrewgiftschat
6439335248;.;nnnm_01;;avatars/6439335248.jpg;andrewgiftschat
6441380811;memory? ♡;Dimasqv;;avatars/6441380811.jpg;andrewgiftschat
6442007158;Евгений;jenyaetojon;До тебя ниразу я не делал комплименты;;laravel_pro
6442453798;ㅤㅤbye bye kitty ‘;sediderova;тремор обеих рук, сигарета летит в проем — 18.10.24;avatars/6442453798.jpg;andrewgiftschat
6443203200;pU5hk1n;PushkinGifts;;avatars/6443203200.jpg;andrewgiftschat
6444225012;Fontainebleau;Unplugged2llk;;;andrewgiftschat
6444908314;𝕴 𝖆𝖒 𝖙𝖍𝖊 𝖐𝖓𝖎𝖌𝖍𝖙 𝖔𝖋 𝖉𝖆𝖗𝖐𝖓𝖊𝖘𝖘;meowwwqwqq;;;andrewgiftschat
6446960387;;;;;rabota_chaty1
6447528550;☢️匚ㄒ乇ЛҜ乇卩☢️;SSS_4537;;;andrewgiftschat
6452292378;карина.;ndjskso9;я люблю М💘;;andrewgiftschat
6454164441;N3for_Nuller;N3for_Nuller;Sister, I will never forget our date. Im A TonCoin Holder. SOON Release...;avatars/6454164441.jpg;andrewgiftschat
6454499718;Машка;florova_034;;avatars/6454499718.jpg;andrewgiftschat
6455468272;ily;razorblade4;;;andrewgiftschat
6457180142;Parashuram;;;;rabota_chaty1
6457265103;𝓶 𝓯 𝓸 𝓮 𝔁 𝓹 𝔂 𝔂 𝔂;mfoexpe;;avatars/6457265103.jpg;andrewgiftschat
6457832053;ᴡʜʏ ɴᴏᴛ???;Moskow_never_sleepX;-Цᴇᴧуй ʍᴇня ʙ ᴧицо, бᴩоᴄᴀй ʍᴇня нᴀзᴧо.. @pudeel4/любимая @NastyaUfik💋;avatars/6457832053.jpg;andrewgiftschat
6458249792;mfz;ebnutiy_tip;😵;avatars/6458249792.jpg;andrewgiftschat
6460937474;k;roketll;;avatars/6460937474.jpg;andrewgiftschat
6461139740;🥷;HI319;🫤;avatars/6461139740.jpg;andrewgiftschat
6461795414;⏤͟͟͞͞𝐂𝐨𝐟𝐟𝐞𝐞.ᝰ.ᐟ ☕︎ ║ [Sʜᴇ/ʜᴇʀ] #𝙻𝚞𝚗𝚒𝚡𝙺𝚒𝚜𝚜𝚎𝚛!!;coffee_zz;—Aɴᴅ ɪғ ʏᴏᴜ ᴅɪᴇ I ᴡᴀɴɴᴀ ᴅɪᴇ ᴡɪᴛʜ ʏᴏᴜ!ꨄ @xlunixzz 𝙸 love u so much. !!;avatars/6461795414.jpg;andrewgiftschat
6462099565;;;;;rabota_chaty1
6462419857;𓆩𝑹𝑨𝑾𝑾𝑾𓆪;lexuss_lovess;ᴄʍоᴛᴩи ᴋᴩᴀᴄиʙо ᴋᴀᴋ, ᴀ ʙ ᴦоᴩодᴇ нᴇ ʙидно зʙᴇзд✞ @nobbodyxx;avatars/6462419857.jpg;andrewgiftschat
6463909480;ᴠᴋ | ᴡɪɴᴛᴇᴢᴢᴢ;W1nteZzz0;ᴨᴩᴇждᴇ чᴇʍ ᴨиᴄᴀᴛь, ᴨᴩᴏчᴛи ϶ᴛᴏ t.me/oqesL | ʙɪᴏɢʀᴀᴘʜʏ t.me/R5dox | ʙʀᴏ - @ternotecrat;avatars/6463909480.jpg;andrewgiftschat
6464408145;wex🇫🇷;wexiwew;;avatars/6464408145.jpg;andrewgiftschat
6466046252;дашка;daashkkaq;;;andrewgiftschat
6466245270;𝑫𝒆𝒍𝒍𝒐𝒏𝒕𝒚 | 43 𝒓𝒆𝒑;Dellontygifts;Прежде чем писать,просмотри: @N0Privet снимаю и монтирую для @spokn1;avatars/6466245270.jpg;andrewgiftschat
6468636352;Лана;;;avatars/6468636352.jpg;rabota_chaty1
6469528938;koroli#NNSWAG;korolinis;;;andrewgiftschat
6469869510;Ivan;Ivan175;;;andrewgiftschat
6470574404;Алина;alina342566;;avatars/6470574404.jpg;rabota_chaty1
6472385814;киса🐈‍⬛;minibro_52;;avatars/6472385814.jpg;andrewgiftschat
6472856393;ʙᴏʙʀ;BOBR_OFFF;ᴇɴɪᴏʏ ʏᴏᴜʀsᴇʟғ;avatars/6472856393.jpg;andrewgiftschat
6474757213;Lu 🎐;L1llush;Ади бади гетте;avatars/6474757213.jpg;andrewgiftschat
6476443364;Артём;BIGZAIS;Самое главное в жизни это не быть таким как все;avatars/6476443364.jpg;andrewgiftschat
6477263710;тiхонечко );Anemizzz12;не счастливый обладатель телеграм премиум =) inst: anemic_pattern12;avatars/6477263710.jpg;andrewgiftschat
6477285689;𝒌𝒊𝒍𝒍𝒆𝒓 𝒒𝒖𝒆𝒆𝒏♡︎;ckfaq;-𝑎𝑛𝑑 𝑖𝑓 𝑦𝑜𝑢 𝑔𝑜,𝑖 𝑤𝑎𝑛𝑛𝑎 𝑔𝑜 𝑤𝑖𝑡ℎ 𝑦𝑜𝑢. @ctzdlm;avatars/6477285689.jpg;andrewgiftschat
6480380311;۶ৎ;zzndin;;avatars/6480380311.jpg;andrewgiftschat
6482958533;Vay;Xay74;;avatars/6482958533.jpg;andrewgiftschat
6485112265;🙋🏽;Genrikh_Gasparyam89;;;rabota_chaty1
6486532457;2̪̀̏͟x̜̯̝̎̋͒2x̛̘͕͖͗͌2̘̂x̪͗2̰͋;Glists228;;;andrewgiftschat
6488482279;[ᵉᵐᵖᵉʳᵒʳ];;half baked;avatars/6488482279.jpg;andrewgiftschat
6489065895;Dexta;HarborButtcher;Tonight's the night. Мій кінільчік- https://t.me/DexterMrgn1;avatars/6489065895.jpg;andrewgiftschat
6489676114;@RaysWin;aligarhhh777;;avatars/6489676114.jpg;laravel_pro
6489707387;сырнiкᅠ;blin_on_ton;;avatars/6489707387.jpg;andrewgiftschat
6489825104;𝑴𝑪. 𝑾𝒐𝒍𝒅𝒊𝒊𝒊𝒊~~(⁠≧⁠▽⁠≦⁠) 🎇🃏;Goegoldberg;- schrei!-auch wenn es wen tut @Keropikero;avatars/6489825104.jpg;andrewgiftschat
6497458438;меня съела кислота;wherey0uu;;avatars/6497458438.jpg;andrewgiftschat
6497550051;￶ ￶ ￶ ￶￶ NnaakkII;l8ues;;avatars/6497550051.jpg;andrewgiftschat
6497890278;goAway.#;Nixsidee1;Я нᴀᴄᴛᴏящий ϶ᴋᴄᴛᴩᴇʍᴀᴧ, я ᴄᴩᴀᴧ ʙ ᴦᴏᴄᴛях и нᴇ ᴄʍыʙᴀᴧ;;andrewgiftschat
6498563624;ㅤㅤㅤ- #KTN;treshau;https://t.me/patrickstarsrobot?start=6498563624;;andrewgiftschat
6498582791;а;annapq_ww;𝓬𝓪𝓷'𝓽 𝓼𝓽𝓸𝓹 𝓽𝓱𝓲𝓷𝓴𝓲𝓷𝓰 𝓸𝓯 𝔂𝓸𝓾 @Molluu9;;andrewgiftschat
6501038247;Light🗽;Lawliet148869;𝒚𝒐𝒖𝒓 𝒕𝒊𝒎𝒆 𝒉𝒂𝒔 𝒄𝒐𝒎𝒆, 𝑳𝒊𝒈𝒉𝒕...;avatars/6501038247.jpg;andrewgiftschat
6501659668;💔𝖗𝖎𝖛𝖎𝖝𝖎💔;;;avatars/6501659668.jpg;andrewgiftschat
6503506011;DevOps ru autoban bot;devops_ru_autoban_bot;Автоматическая антиспам система.;avatars/6503506011.jpg;devops_ru
6504237887;Ульяна;bnkhkztw;Только работа, а не талант может принести вам успех сегодня.;avatars/6504237887.jpg;rabota_chaty1
6504395267;Вадим;Vadim_ecom_soft_ai;Создаю интернет-магазины для продавцов маркетплейсов. Помогаю снизить;avatars/6504395267.jpg;laravel_pro
6504990853;1337;doxic1337;https://t.me/starsy_zarabotox_bot?start=6504990853;avatars/6504990853.jpg;andrewgiftschat
6507233216;kgm;criispooi;;avatars/6507233216.jpg;andrewgiftschat
6508146711;Yayyy🐣;Linder_soul;;avatars/6508146711.jpg;andrewgiftschat
6508610840;Mali🧸✨;Mamimalio;;avatars/6508610840.jpg;andrewgiftschat
6510275309;Жеkа🐯🤩🐯;Jeka4ka148842;@afttek лучший;avatars/6510275309.jpg;andrewgiftschat
6510583840;𝒯𝓇𝒾𝓀𝓈𝒾 🎟️;xx1wixti;э эй, @Kr1ptovalyta, мы навсегда будем вместе?;avatars/6510583840.jpg;andrewgiftschat
6510922794;Давид;David_Gritskevich;;;andrewgiftschat
6511564400;Екатерина;kate_vesellova;HR - менеджер;avatars/6511564400.jpg;rabota_chaty1
6512662890;Твой беспечный рыцарь of the dark #тм#scw#Lan#rvx#mp#leks#mf#krt;Please_stopping;;avatars/6512662890.jpg;andrewgiftschat
6513829060;𝑚𝑖𝑙𝑙𝑒𝑟 | котяра.✝️🐮🐾;nana_Dyrova;я смотрел на тебя, а видел счастье;avatars/6513829060.jpg;andrewgiftschat
6513883397;𝙑𝙖𝙙𝙞𝙢𝙤𝙫𝙣𝙖;VADIMOVNI;я в розыске нах;avatars/6513883397.jpg;andrewgiftschat
6514293873;Kapusto☘️ #ATE;APUC52;;avatars/6514293873.jpg;andrewgiftschat
6516131686;𝓢𝓱𝓸𝓱𝓳𝓪𝓱𝓸𝓷#scw;r_shoha0;@afttek лучший;;andrewgiftschat
6516790689;Shugochka;shuga_frag;What doesn't kill you makes you stronger.;avatars/6516790689.jpg;andrewgiftschat
6517580610;ᅠ;dcizo;;avatars/6517580610.jpg;andrewgiftschat
6519594183;Екатеринa Манина;KaterinaManina;;;laravel_pro
6521176436;тумикс;Tumikks;;avatars/6521176436.jpg;andrewgiftschat
6523013912;🤙|malleodas;Starsss08;евааа любии меняя @Cococo_cococococ;avatars/6523013912.jpg;andrewgiftschat
6523257869;Osmwod;Vsmxh;;avatars/6523257869.jpg;andrewgiftschat
6524559471;Бе;Ds_jit;;avatars/6524559471.jpg;andrewgiftschat
6526334139;nikita msw;nikitamsw;21 y.o, МГУ (MLR);;laravel_pro
6527687656;•κƿ૯ύਡυ~ɾ૯ƿʌ🎰•;alyameow228;- джинсовка Levi's, йоу (Ханна Монтана) @alyonkagav;;andrewgiftschat
6527909570;N.;NIKA_axax;.;avatars/6527909570.jpg;andrewgiftschat
6528758598;zav;sof_solo13;;;andrewgiftschat
6530351746;Debbie;Seldebbi;🐙🐙;avatars/6530351746.jpg;andrewgiftschat
6531546807;𝖒𝖔𝖌𝖌𝖊𝖗;nomogger;подарки не дарю, а разыгрываю – @mogger_news. мои юзы – @username_mogger. мой шоп (звезды 1.45₽) @mogger_stars_bot. емодзи–@mogger_emoji_bot;avatars/6531546807.jpg;andrewgiftschat
6532174154;даня;O7MENA;;avatars/6532174154.jpg;andrewgiftschat
6533065559;𝑉.;Kirllong;;;andrewgiftschat
6533645765;Димитрий;SlawaRuskim;SlawaRossie;avatars/6533645765.jpg;andrewgiftschat
6533651322;Satoru;Animehavenh;Fhgsrtgvhiiiiiiiiiiiiiiiiiiii;avatars/6533651322.jpg;laravel_pro
6533740967;@lelya;staliiik;心を閉じる時間;avatars/6533740967.jpg;andrewgiftschat
6534747323;машк.🎯;swekiz_z;-может быть,встретимся завтра,я этим зависимый 🫂😻 @dassha_zz10;avatars/6534747323.jpg;andrewgiftschat
6536556824;flopi🇭🇺;;;;andrewgiftschat
6539281332;qithanter🇪🇺🍀 | stars 1.3;qithanter;Купить звезды : @QithanterStars_bot ⭐;avatars/6539281332.jpg;andrewgiftschat
6542063751;Milka;muvekis;-чужие губы тебя ласкают @kem0nesz 🩷;;andrewgiftschat
6543761249;𝚂𝙿𝙸𝙺𝙴;Mrbeastwinner;—ты не такая как все @kkxzvmn | I'M THE 𝚂𝚃𝙰𝚁;avatars/6543761249.jpg;andrewgiftschat
6545396891;амеля;qwxxwxc;@mashkac00l - изи бриджи бэ бэ, изи бриджи джи джи;avatars/6545396891.jpg;andrewgiftschat
6547778250;Laifins;Laifins;;avatars/6547778250.jpg;andrewgiftschat
6549834982;Batuhan;;;;python_ru
6551189780;Alex Shkipper;VolkO63;;avatars/6551189780.jpg;laravel_pro
6552359707;𝒩𝒶𝓃𝓎𝓈𝒾𝓀🪐;woman0nline;https://t.me/JellyBunnySlotsBot?start=_tgr_JbrsEtUyZWZi;avatars/6552359707.jpg;andrewgiftschat
6553208532;Heiki;Wolokoloew;Wenn sie von Ordnung und Gerechtigkeit sprechen Meinen sie Unterwerfung ...... 🏴‍☠️........ レーᆺーマ;avatars/6553208532.jpg;andrewgiftschat
6553487975;Матвей;matveikharuzhka;;;andrewgiftschat
6554657650;Зеленюк Александр;azrael666raze;@wlnghh 👅;avatars/6554657650.jpg;python_ru
6554907573;.♡pol!nkaa;pollixxis;ɪ ʟᴏᴠᴇ ʏᴏᴜ sᴏ. ɪ ᴄᴀɴ ɴᴇᴠᴇʀ ʟᴇᴛ ʏᴏᴜ ɢᴏ. @A_D_R_e_n_Al_i_N;;andrewgiftschat
6556264551;server.net™️ //фортуна. #joker #artist #png #nonconformist;xxyzen;«Κι όμως, ο καθένας για κάτι σιωπά»;avatars/6556264551.jpg;andrewgiftschat
6556314311;☦️;D_m4ik;;avatars/6556314311.jpg;andrewgiftschat
6556601841;;;;;rabota_chaty1
6557389146;Mr. Mirror.;MisterMirrer;;avatars/6557389146.jpg;python_ru
6557581435;Rip morokov.;ripyk;;avatars/6557581435.jpg;andrewgiftschat
6560272503;Vishnevsiy;Ckandal;🖤;avatars/6560272503.jpg;andrewgiftschat
6560852108;Герман👾;german_18g;;avatars/6560852108.jpg;laravel_pro
6563199678;Стас;StasrtQ;;avatars/6563199678.jpg;andrewgiftschat
6565694409;Керт#@andrusho;Sophaapd;https://t.me/andrew_gifts1 лучший канал;avatars/6565694409.jpg;andrewgiftschat
6565856800;🅡︎𝖗𝖆𝖘𝖚𝖑🅛︎;Rasul_good;@Forever_ps99 второй канал;avatars/6565856800.jpg;andrewgiftschat
6568061375;н⃫и⃫к⃫а⃫;lipskwz;сладких снов;avatars/6568061375.jpg;andrewgiftschat
6568192813;nevilova;nev1lova;;avatars/6568192813.jpg;andrewgiftschat
6568753433;𝕹𝖎𝖐𝖎𝖙𝖆;ggnks_200;;avatars/6568753433.jpg;andrewgiftschat
6570175434;;;;;rabota_chaty1
6572361568;[🌸]„—𝘔𝘪𝘯𝘵..—“[𝘚𝘏𝘌/𝘏𝘌𝘙]..🌹/🔪..#ɸᴀнᴨиᴛᴇᴩᴀ:3 #нᴇʙдуᴨᴧёныɯ #𝘥𝘰𝘳𝘬 #𝘤𝘳;Mint_YB;[💓]—«I l0v3 y0u,1ʍ4g1n3 ᴀ w0rld w1ᴛh0uᴛ y0u,1ᴛ's 0nly 3v3r y0u,1 0nly ᴛh1nᴋ 0f y0u..—[🪷] /🌸/—;avatars/6572361568.jpg;andrewgiftschat
6573316543;Canyon;Deadbyy;;;andrewgiftschat
6575093284;d2llb1yob;xmnnai;𝗜-𝗼-𝗹, 𝗜'𝗺 𝗹𝗮𝘂𝗴𝗵𝗶𝗻𝗴 𝗮𝘁 𝘆𝗼𝘂 𝗵𝗼𝗺𝗶𝗲;avatars/6575093284.jpg;andrewgiftschat
6576760773;ghellw;ghellw;;avatars/6576760773.jpg;andrewgiftschat
6577339235;︎ ︎ ︎ ᅠ ︎ ︎ ︎ ︎ ᅠ(160+rew);xuilo22807;;;andrewgiftschat
6578389773;kusiil🌑;wearxx0zz;;avatars/6578389773.jpg;andrewgiftschat
6585024246;Эдуард;EduardGorbunov57;;avatars/6585024246.jpg;rabota_chaty1
6585319068;счастливая сгущенка|4;xxxskyqxxx;;avatars/6585319068.jpg;andrewgiftschat
6588500834;Раду Друмя;drumearr;;avatars/6588500834.jpg;andrewgiftschat
6590314464;DAISIES♦︎IWURY♦︎;Jejndpqoo;Catch me if you can);avatars/6590314464.jpg;andrewgiftschat
6592458386;Sonyash;sony_ash;Совпадения с реальностью случайны;avatars/6592458386.jpg;andrewgiftschat
6594346960;Eг[]pblч;BigiVasy_67;Жизнь одна а брат 2 (всем 50 звезд в лс @For_Ukra1ne);avatars/6594346960.jpg;andrewgiftschat
6594598529;Joyoce;Joyoce;;avatars/6594598529.jpg;andrewgiftschat
6596356338;Матвей :);DiDbi_Top;Пон;;andrewgiftschat
6603296969;𝐤𝐰𝐞𝐫𝐢𝐱𝐞;wydwh;https://t.me/+SihwqUSdFf8xN2Ji;avatars/6603296969.jpg;andrewgiftschat
6603447194;damnans;kkkoooaaazzz;;;andrewgiftschat
6607091311;Глафира;Glafira_38aar;;avatars/6607091311.jpg;rabota_chaty1
6608665560;∆アニマ-ヤンデレ⚯#ЖенаДжеффа;MapriderBessie;⚡️And I love you Linoshka — @Qw3rs0hp 👁️;avatars/6608665560.jpg;andrewgiftschat
6609737024;󠆜⁧󠆜⁧⁧⁧⁧♆⁧પ૯ƿተꤣӄ;Mr4epTuk;— Падший Ангел.;avatars/6609737024.jpg;andrewgiftschat
6609820312;ᥬପᏒᏬ꒱ ೃ࿔₊•୨ 残り香;Ang3lRu;𝑀𝑦 𝑔𝑜𝑑, 𝑀𝑦 𝑢𝑛𝑖𝑣𝑒𝑟𝑠𝑒! @me0wle4A | |Бью рекорды - @sulriy;avatars/6609820312.jpg;andrewgiftschat
6610233645;Поддержка;vacancies_filter_manager;;avatars/6610233645.jpg;laravel_pro
6610341047;Чепурна;chepoorna;;avatars/6610341047.jpg;andrewgiftschat
6610979251;ᅠ;l_Il_lI_l;;avatars/6610979251.jpg;andrewgiftschat
6611586780;︎;Neymar_999;;avatars/6611586780.jpg;andrewgiftschat
6613074752;🕸️𝔡𝔞𝔯𝔨𝔫𝔢𝔰𝔰✞;ZwZ_or;꧁𝒟𝑒𝒶𝓉𝒽 𝒾𝓈 𝒾𝓃𝑒𝓋𝒾𝓉𝒶𝒷𝓁𝑒꧂ https://t.me/+Y203ATRA1fk1YzI6;avatars/6613074752.jpg;andrewgiftschat
6614255674;cyrus;runald;Мы боимся Бога.;avatars/6614255674.jpg;andrewgiftschat
6614389050;Goose;GOOSe_gus;;avatars/6614389050.jpg;andrewgiftschat
6615687019;Maykidk1;Maykidk1;;;andrewgiftschat
6616091474;;;;;rabota_chaty1
6617146581;Andry;Jakrutoi1436;Никогда не выберу веревку и стул;avatars/6617146581.jpg;andrewgiftschat
6617875834;Фикс;fiks_official;;avatars/6617875834.jpg;andrewgiftschat
6618407609;Полка🕷️;Polina_Chipalina;Run, baby, run, run for your life;avatars/6618407609.jpg;andrewgiftschat
6620962883;Anchooousik💵;Anyya1513;;avatars/6620962883.jpg;andrewgiftschat
6623464036;Max;Lexxs;;avatars/6623464036.jpg;andrewgiftschat
6624152853;𝙺𝚘𝚝𝚙𝚕𝚊𝚢𝚖𝚎𝚘𝚠 | #данувас;kotplaymeowYT;⚠️///Пиɯи ᴨᴏ хуйнᴇ, ᴨᴏ дᴇᴧу - чᴄ.;avatars/6624152853.jpg;andrewgiftschat
6625938782;Вика;V61677;Сила, боль, тишина, музыка. И ты;avatars/6625938782.jpg;andrewgiftschat
6626464130;🥷#муха;xxttuss;Кенты- @cybo_bratish, @QQQQQQROEOW;avatars/6626464130.jpg;andrewgiftschat
6627618020;AGS;;https://t.me/Secret_Hube;;rabota_chaty1
6630932689;Кумушка;makaeva_14;🤍;;andrewgiftschat
6631237016;пиздализ(.)(.);qwerxxpu;— я люблю тебя, малышка киса мяу, киса мяу. @rainwsx;avatars/6631237016.jpg;andrewgiftschat
6632428993;travelling❤️;viksho6;ну давай вставай принцесса, хавай нахуй мое сердце @aaa1vvv;avatars/6632428993.jpg;andrewgiftschat
6632660189;Калыванчик;Humanwwww;Хз чо писать;avatars/6632660189.jpg;andrewgiftschat
6632835064;ᯏ ꪑꪱꪀꫀꪶꪶꪋ. 👩🏼‍💻 ˖.;Mine_lla;;;andrewgiftschat
6635969866;Mikhail;Mike_kobyshev;;avatars/6635969866.jpg;laravel_pro
6637571505;дypнaя;cumokay;пупупуп;avatars/6637571505.jpg;andrewgiftschat
6640185418;⤷ ᵗ᷒ᰰ 𓂃 𝓚𝒔𝒆𝒏𝒊𝒂 𝆹𝅥 ♡ ⎯#Lan;strawb3rryDDD;(♡´▽`♡);avatars/6640185418.jpg;andrewgiftschat
6640197679;𝐱ོᴀди́ 🪭 #хейтер;hadl4a;я хочу быᴛь ᴛᴇʍ ᴄᴀʍыʍ ᴛᴩᴇᴋоʍ нᴀ ᴨᴀʙᴛоᴩᴇ;avatars/6640197679.jpg;andrewgiftschat
6641171562;kjieqw#vex;exziles;-давай с тобой обнявшись стоя❤️‍🔥@Stern_koteyka|| -ты долбоеб?я это фото только маме своей кидала, откуда у тебя это фото? @I_Love_Tactility;;andrewgiftschat
6643449618;Изабелла;;;avatars/6643449618.jpg;andrewgiftschat
6644431584;︎ ︎ ︎ ᅠ ︎ ︎ ︎ ︎;MoneyGuardan;Deposited $3, and withdrew 80 Rubles... 🛢️;avatars/6644431584.jpg;andrewgiftschat
6645161027;𝘏𝘢𝘳𝘬𝘦𝘯;qMimnnq2;|✦|;;andrewgiftschat
6646786715;Springi #Cap_emp #сырнеке fso;Spngi;;avatars/6646786715.jpg;andrewgiftschat
6646998962;extada;;@elemeta / @nftswe | подарки не дарю, только принимаю 🤪;avatars/6646998962.jpg;andrewgiftschat
6647322076;✞ ᗞᗴᗩᗞ ᏆᔑᏞᗩᑎᗞ ✞ ;Banan_cadrolZOV;;avatars/6647322076.jpg;andrewgiftschat
6648766852;mamatkunem 🇬🇪🦅;hvkegern;;;andrewgiftschat
6649611918;🧜🏻‍♂️クソトランスジェンダー🧚🏻‍♂️;terrorllBM;;avatars/6649611918.jpg;andrewgiftschat
6654053244;ᯠ_ _ᯄ੭;kisser3;я ʙᤋᴦ᧘яд. я ʙᥙжу ʙᥴё, н᧐ δᥱᥴᥰ᧐᧘ᥱᤋн᧐ ᴦ᧐ʙ᧐ρᥙᴛь;;andrewgiftschat
6654529814;Л;Lialkaik;;avatars/6654529814.jpg;andrewgiftschat
6654986539;aec;;"""Maybe wars aren't meant to be won. Maybe they're continuous.""";avatars/6654986539.jpg;andrewgiftschat
6656709749;;;;;rabota_chaty1
6656862589;;;;;rabota_chaty1
6657961933;𝓢𝓸𝓷𝔂𝓪;soonikx14;;;andrewgiftschat
6658484371;Кирилл;k1rwzq;@tonstarskir;avatars/6658484371.jpg;andrewgiftschat
6660018225;#Яʍᴏᴦучий хᴀɯᥫ᭡ ֶָ֢ ፝֟፝֟፝֟፝֟ᎡꫝᎫ;Nefiska;;avatars/6660018225.jpg;andrewgiftschat
6664658690;Чел какой-то;NN_KakoyTo123;💩💩💩💩;avatars/6664658690.jpg;andrewgiftschat
6665337752;Hi;albert2106;Шагаем в будущее...;;laravel_pro
6666512765;⌀NULL⌀;Arkis_fan;;;andrewgiftschat
6668747725;Mazayko;Mazayko;def: @Scorpeey | sᴘᴀᴍ-ʙʟᴏᴄᴋ?Пиши сюда 👉 [ @MazaykoSpamblockbot ];avatars/6668747725.jpg;andrewgiftschat
6669055918;ℙ𝕚𝕟𝕖𝕒𝕡𝕡𝕝𝕖❄️;Pineapple_YT;Человек со смыслом — это каждый из нас🖤 | Био @bioPineapple;avatars/6669055918.jpg;andrewgiftschat
6669372427;аёка;seer14_uw;https://t.me/+CUs3D45bRfpkYjVi;avatars/6669372427.jpg;andrewgiftschat
6671229291;+888 0808 6767;Ne_zackerman;67😴👈😥68😥👉69😈;avatars/6671229291.jpg;andrewgiftschat
6673424987;✒//𝙡𝙤𝙡//;Lisa_104;;;andrewgiftschat
6673485178;­;w9nderw;;;andrewgiftschat
6673545196;"Милка;)";Millki_wey;;;andrewgiftschat
6675076484;ㅤPIRATE“🏴‍☠“💰ㅤ;Nikolai_14_Hom27;🥷🫥 Nft Ambassador 🫥🥷;avatars/6675076484.jpg;andrewgiftschat
6675308762;mychips⚜️;mych1ps;;avatars/6675308762.jpg;andrewgiftschat
6675318660;forever young #sueta📿;worktemaaa;;avatars/6675318660.jpg;andrewgiftschat
6675665112;｡･:*:･ﾟ’’stay<3｡･:*:･ﾟ’;KoreaIlovee;Красотулька (братела) @Ya7203;avatars/6675665112.jpg;andrewgiftschat
6675799728;Андрей;alex_koto1;;avatars/6675799728.jpg;laravel_pro
6676473022;𝑲 𝑵 𝑶 𝑪 𝑲 𝑶 𝑼 𝑻;KNOCKOUTopp;;;andrewgiftschat
6677482541;Максим | Продам звёзды по 1.2₽;ExTro79;;avatars/6677482541.jpg;andrewgiftschat
6679657832;ɴᴇᴏ1ʟx;nuwqzz;“ʜᴀᴘᴘɪɴᴇss ɪs ɴᴏᴛ ᴀ ᴅᴇsᴛɪɴᴀᴛɪᴏɴ, ɪᴛ’s ᴀ ᴡᴀʏ ᴏғ ʟɪᴠɪɴɢ ᴇᴠᴇʀʏ ᴅᴀʏ.”;avatars/6679657832.jpg;andrewgiftschat
6680288658;᭣֤ࣨ ♡♛𖦹夜の影🕷𓁥𖦹༅;UWU_XXD;–я ⳅⲏⲁю ⲧы ⲃυⲇυⲱь ⲥⲃⲉⲧ,ⲧы ⲇⲁⲗьⲱⲉ ⳝⲩⲇⲉⲱь ⲥⲏυⲧьⲥя ⲙⲏⲉ.💍 @y2k366;avatars/6680288658.jpg;andrewgiftschat
6681584795;AndrewNox;AndrewNoxi;;avatars/6681584795.jpg;andrewgiftschat
6682586045;Dizzy;PiDizzy;В сети ≠ могу ответить;avatars/6682586045.jpg;andrewgiftschat
6683725080;Мария;xKwhHFVKZj;❤️❤️❤️;avatars/6683725080.jpg;rabota_chaty1
6687915363;Tm|SaKuRa 🌸;TM_SaKuRaa;Я нарисую облаками твой силуэт @terebonika мур мяу @nedodeff;avatars/6687915363.jpg;andrewgiftschat
6689028177;AL | Antxfoot;Antxfoot;;avatars/6689028177.jpg;andrewgiftschat
6692576144;Mike;mikeniko;;;laravel_pro
6694357587;𝗃𝖾𝖺𝗅𝗈𝗎𝗌𝗒.;;;avatars/6694357587.jpg;andrewgiftschat
6695723479;𝚗𝚎𝚛𝚟;zxcmtty;🍀;avatars/6695723479.jpg;andrewgiftschat
6695771324;Rodolfo;Ditchagitprop;;avatars/6695771324.jpg;andrewgiftschat
6698061032;ᅠ;tri_dash;Люблююю @ponskipon17♥;;andrewgiftschat
6700434983;Roger;;;;laravel_pro
6702083308;ᶻ 𝘇 𐰁 .. х1р0к4. 💤 #MelloMyBf;h1kkywa;;;andrewgiftschat
6702587801;A & Magnificent;AleksRMB1455;;;laravel_pro
6702768992;Stefan;Darmau1;;avatars/6702768992.jpg;laravel_pro
6704420916;;;;;rabota_chaty1
6704670881;Миша#муха#Марикс#Angel;Zom093;https://t.me/patrickstarsrobot?start=6704670881;avatars/6704670881.jpg;andrewgiftschat
6705198458;𝙡𝙖𝙩𝙞𝙛𝙖#ENB;MetBreelov;сап;avatars/6705198458.jpg;andrewgiftschat
6707965027;Comfort;NastyG9;;;python_ru
6708414363;Дарвин;darwin_natural;;;laravel_pro
6719844169;Tanya;nnkakoito7493;Forever alone~;avatars/6719844169.jpg;andrewgiftschat
6722131661;Denis;;;;python_ru
6723186449;wwwww;;убить нельзя помиловать;avatars/6723186449.jpg;andrewgiftschat
6727188073;Elin;elinbrin;;avatars/6727188073.jpg;laravel_pro
6728384827;Менеджер;alex_SShel;;avatars/6728384827.jpg;rabota_chaty1
6729246540;мастер.ЛЕВ;master_LEV_ff;менеджер канала @versacenftGIFTS;avatars/6729246540.jpg;andrewgiftschat
6731023419;ℳik𝑜;S1ttiex;Если что то не так, она знает @Kse0702;avatars/6731023419.jpg;andrewgiftschat
6732837248;ромик;kryst4all;🐽🐽🐽;;andrewgiftschat
6734185059;Алина;;;avatars/6734185059.jpg;rabota_chaty1
6736022333;🅔Marshil #афк;Areztovon;Дарю всем подарки кто напишет лс;avatars/6736022333.jpg;andrewgiftschat
6736801048;Алекс;Alekskor_70;;avatars/6736801048.jpg;andrewgiftschat
6739354052;Sajib🐾;ssajib145n84p;Я люблю тебя, Бог;avatars/6739354052.jpg;andrewgiftschat
6740042316;zzayy;zaayul;;avatars/6740042316.jpg;andrewgiftschat
6740461320;Ismail;nasirov_ismayil;Backend developer 👨🏻‍💻;;laravel_pro
6740589136;;;;;rabota_chaty1
6740955576;Данила;Danila_in_tg;Никто;;andrewgiftschat
6741215850;Alex;katamaranov99;;;laravel_pro
6744981616;Batyrkhan;batyr_92;;;laravel_pro
6745906010;...;Sssa919;;avatars/6745906010.jpg;andrewgiftschat
6747254874;🚬;koy697;;;andrewgiftschat
6748451024;vlad_me;vladmees;;avatars/6748451024.jpg;andrewgiftschat
6751609001;🐶 Simba🐕‍🦺;SimbaDinofleks;😔Забывайте обиды, но никогда не забывайте доброту.😔;avatars/6751609001.jpg;andrewgiftschat
6752214439;Urozbekov ️️;Urozbekov;;avatars/6752214439.jpg;laravel_pro
6757827154;rufirufyа;rufkkary;-ʍнᴇ ʙᴀжно ᴛоᴧьᴋо ᴛо, чᴛо ʙ ʍоᴇй ᴦоᴧоʙᴇ @I_brickix🖤||I'M A RUFI;avatars/6757827154.jpg;andrewgiftschat
6758055954;𝗙𝗮𝗻𝘁𝗼𝗵|ᵇᵃᵇʸ ⁶⁹;Fantoh;;avatars/6758055954.jpg;andrewgiftschat
6759291337;Ѣѧʜϯџκ🎀;SvetaInMotion;http://t.me/anonaskbot?start=user_nyojodssfa;avatars/6759291337.jpg;andrewgiftschat
6762390624;Ююю @GIFTSDouble;mushka_fredee;UQBsZ1QHs35nA7c6VTB7JsgB33yaaDhisY_xkCP_QjIzqUY-;avatars/6762390624.jpg;andrewgiftschat
6763149551;✧;TW_tester;Верните в моду любовь где было очень тепло @TUKCUK_0 💊;;andrewgiftschat
6763330473;Vlawzqv;BOREXXX;I remember when you shined brighter than anyone...;avatars/6763330473.jpg;andrewgiftschat
6763803881;𝑸𝑼𝑰𝑿𝑶𝑻𝑰𝑪;quixoticccccc;;avatars/6763803881.jpg;andrewgiftschat
6765602436;Александр;alexiofik;;avatars/6765602436.jpg;tproger_chat
6766565830;;;;;rabota_chaty1
6769566849;Евгений;eugeny_dots;Neurodivergence life. Тесты: @audhd_ru_test_bot;avatars/6769566849.jpg;laravel_pro
6770177934;Dorian;domen_o876r;;;laravel_pro
6772052488;Кирилллл;Yurko2010;;avatars/6772052488.jpg;andrewgiftschat
6773751421;жизнь;werfasl;;avatars/6773751421.jpg;andrewgiftschat
6775417228;&;;;;rabota_chaty1
6776167650;Какашка #krt;arbuz_sex;;avatars/6776167650.jpg;andrewgiftschat
6776493126;😁😁;anglishbro6ja4;@felonstars_bot самый лучший;avatars/6776493126.jpg;andrewgiftschat
6776923295;David;david_cpm;;avatars/6776923295.jpg;andrewgiftschat
6777207168;Борис;;;avatars/6777207168.jpg;rabota_chaty1
6778258235;Naysik135;Nasko135;;avatars/6778258235.jpg;andrewgiftschat
6779922478;М...;Problemmak;- ᴨᴏɜднᴏ, ᴏ чᴇʍ-ᴛᴏ дуʍᴀᴛь ᴄᴧиɯᴋᴏʍ ᴨᴏɜднᴏ...;avatars/6779922478.jpg;andrewgiftschat
6781007387;;;;;rabota_chaty1
6783783541;venomen;venomen3;;avatars/6783783541.jpg;andrewgiftschat
6785946950;Олег;oleg_godd;;avatars/6785946950.jpg;laravel_pro
6786893311;moori;weybaii;;avatars/6786893311.jpg;andrewgiftschat
6787177929;sAt@n@_kass💀;Svet_kasq;Life is a journey 💫;avatars/6787177929.jpg;andrewgiftschat
6790517988;Катя;;;;tproger_chat
6792208763;пальма 🌴;angg_liin;;;andrewgiftschat
6792277463;GreenSmile;zebra49jxwy;В аду нас тоже знают пора открыть там филлиал;avatars/6792277463.jpg;andrewgiftschat
6792445348;🦂Марат;Marat2456;;avatars/6792445348.jpg;andrewgiftschat
6793490495;А;def_ot_mori;https://t.me/patrickstarsrobot?start=6793490495;avatars/6793490495.jpg;andrewgiftschat
6794909852;Хантерок;qwowra;;avatars/6794909852.jpg;andrewgiftschat
6795105660;Dastin;Cergeevnaaaaa;𝑙 𝑤𝑎𝑛𝑛𝑎 𝑏𝑒 𝑦𝑜𝑢 𝑙𝑜𝑣𝑒𝑟 ❤️;avatars/6795105660.jpg;andrewgiftschat
6795453252;Fleep | Дарю подарки в канале;FleepTg;||Админ канала @FleepNft|| def:@monk Sell stars || Rep:@FleepRep || есть фейки, сверяйте юз;avatars/6795453252.jpg;andrewgiftschat
6796335911;pixel;hackstylee;;avatars/6796335911.jpg;andrewgiftschat
6797184432;Samuelmk186;yoEIGyH;Software Development, Graphic Design, Architecture;avatars/6797184432.jpg;laravel_pro
6799734720;Aizen//teto;Teto_autist;-Где вместе мы вспоминаем обо всем @diva_aytist;avatars/6799734720.jpg;andrewgiftschat
6800180917;;;;;rabota_chaty1
6800711887;sxael 🦶;sxael;🦶;avatars/6800711887.jpg;andrewgiftschat
6803488120;molt;moltkun;Счастье приходит с упорством;avatars/6803488120.jpg;andrewgiftschat
6803924424;🍃🕷c٥ʷₚͦ៰ᷜ⍳;cowokpol;- think i'll miss you forever @Marinette_XDD/лю @Theaffairs;avatars/6803924424.jpg;andrewgiftschat
6805433282;Фисташки;F1ztashki;t.me/anonaskbot?start=g84t7 анон;avatars/6805433282.jpg;andrewgiftschat
6806218627;Сойду;Defiae;-ᴀɴᴅ ɪꜰ ɪ ᴏɴʟʏ ᴄᴏᴜʟᴅ, ɪ'ᴅ ᴍᴀᴋᴇ ᴀ ᴅᴇᴀʟ ᴡɪᴛʜ ɢᴏᴅ @B_KAHABE_ALWAYS;avatars/6806218627.jpg;andrewgiftschat
6808270344;frog;frog812;;avatars/6808270344.jpg;andrewgiftschat
6808543342;Anmol;;;;rabota_chaty1
6808555229;alxiff;alxiff;;;andrewgiftschat
6812895338;♫︎ ֶֶֶֶֶֶֶָָ֢ 𓏺 ꪑ૮ ઝ᥆ꪒꪋ👅 𝂅ׄ ^᪲᪲;maf1n0_o;;avatars/6812895338.jpg;andrewgiftschat
6813519689;ㅤ;lAIexanderl;;;andrewgiftschat
6815020397;ZENOX;fas0l1nkW;Подарки продаю только за звезды! За рубли не продаю!;avatars/6815020397.jpg;andrewgiftschat
6816386409;𝔄𝑛𝑔𝑒𝑙 ᶠᶫᵒʷᵉʳˢ;Minyard_28;ну конечно уверен, забери моё сердце @minjuminny ♡⁠ ♪;avatars/6816386409.jpg;andrewgiftschat
6817990918;˚₊‧꒰ა Karolina ໒꒱ ‧₊˚;kkarec;@SalllF1sher любимая моя мадам 👰‍♀️🍥 ໒꒰ྀི ˊᗜˋ* ꒱ྀིა;avatars/6817990918.jpg;andrewgiftschat
6820600517;Сабыр;;;;laravel_pro
6822826704;𝚜𝚚𝚠𝚎𝚎𝚎𝚛𝚣𝚣¹⁴³;dweeq;𝚅𝚊𝚖𝚙;avatars/6822826704.jpg;andrewgiftschat
6822841994;Бь.вь.мь.габуль.габырство.2.67 покой;B0GKV;;avatars/6822841994.jpg;andrewgiftschat
6823131435;k0TaK6A$👑;DemonTea1;Look me in my hunter eyes;avatars/6823131435.jpg;andrewgiftschat
6824625586;;;;;rabota_chaty1
6825104737;88;;Global SMS : Welcome to our official channel https://t.me/TopYing_SMS;;python_ru
6825518836;Нарцис;Wht_YYY;Семья это святое https://t.me/+PnQKs1rdQWVkMTI6;avatars/6825518836.jpg;andrewgiftschat
6827566588;Moon;mon_s_l1;;;laravel_pro
6829495719;Сын;yoma_ha_yoma_so;;avatars/6829495719.jpg;laravel_pro
6829927864;︎-#|•твоя блонда👱🏻‍♀️🖤•[🃏] =^ᴥ^=;Blondablack;-молодость сложно забыть , но я в силах все изменить🥷;avatars/6829927864.jpg;andrewgiftschat
6830037867;лэлька ☘️;kdkwo_8;- скромни_55. || нᴀʙᴇчно ʍоᴧодой, ꜰᴏʀᴠᴇʀ ʏᴏᴜɴɢ @Cenext;avatars/6830037867.jpg;andrewgiftschat
6830244569;Керилл;Tycah;-Дайте поспать! Дайте, дайте поспать!;avatars/6830244569.jpg;andrewgiftschat
6832975264;Квартирант;Sw1re;А Одинцов, это где?;avatars/6832975264.jpg;andrewgiftschat
6836623952;🎧 #krt;lerkaaa_meow;;avatars/6836623952.jpg;andrewgiftschat
6837212217;dash'ckopoo;Darinackopoo;;avatars/6837212217.jpg;andrewgiftschat
6837812184;zloy demon 777;zloydemon777;https://t.me/+OUwUi_D6l1k3MzY6;avatars/6837812184.jpg;andrewgiftschat
6845492871;Green Star #ꪋટƿ᥆ꪉƿ᥆;psixn;You're so upset with me But I'm so obsessed with you I'm fucking crazy I don't wanna damage you. @Graf_ciazkeza @Nyanqwq;avatars/6845492871.jpg;andrewgiftschat
6846174851;Roman;roman_likesoft;Мы разрабатываем AI проекты для бизнеса. https://2ly.link/20BPQ;avatars/6846174851.jpg;laravel_pro
6848787260;www;yyetvwy;;avatars/6848787260.jpg;andrewgiftschat
6849809857;Srinivasa;;;;rabota_chaty1
6854108382;агаткис;agatkis;;;andrewgiftschat
6855264231;ⲕᥱⲏⲇυ.;Candyy_LL;Мальчик был такой красивый, а теперь гниет в могиле.;avatars/6855264231.jpg;andrewgiftschat
6855353261;Юля;Yusik_19;;avatars/6855353261.jpg;andrewgiftschat
6856971097;#UrᴀgᴀnHᴏᴋᴀgᴇ🐰;demaaxx;-у ʍя ᴛᴀᴋ ʍнᴏᴦᴏ ʙᴀᴩиᴀнᴛᴏʙ,нᴏ нᴇ нᴀдᴏ @O_ᴏvsyᴀnᴋᴏvᴀᴀ😁✌🏻🤍;avatars/6856971097.jpg;andrewgiftschat
6857813534;Coder;coder_dev1231;;avatars/6857813534.jpg;laravel_pro
6858605483;Nerella;nerellaa;𝒜𝓅𝓇𝒾𝓁 𝟸𝟷𝓈𝓉 𝟸𝟶𝟸𝟻. 𝒯𝒽𝑒 𝒹𝒶𝓎 ℐ’𝓁𝓁 𝓃𝑒𝓋𝑒𝓇 𝒻𝑜𝓇𝑔𝑒𝓉;avatars/6858605483.jpg;andrewgiftschat
6861319182;Alex;porvex;;;andrewgiftschat
6861450168;Answer…..!…..? #LE;mellstroy0991;;avatars/6861450168.jpg;andrewgiftschat
6862488379;☃️;Oboccanui;;;andrewgiftschat
6862747080;Mickey;starsMickey007;;;andrewgiftschat
6864709985;retetyt ностоящи 100%️;retetytttt;;avatars/6864709985.jpg;andrewgiftschat
6865596604;Турина;bourreauCuirassier;;avatars/6865596604.jpg;andrewgiftschat
6867124659;swesas;swesas;;avatars/6867124659.jpg;andrewgiftschat
6867157575;𝖋𝖊𝖑𝖆;fela_9342;;;andrewgiftschat
6867330575;Jewish;mrewish;А обыватели-то и не знают, в чём смысл.;avatars/6867330575.jpg;andrewgiftschat
6867951400;j #neap;esseesssses;https://t.me/+U27_F_Z0YpU0ZTRi;avatars/6867951400.jpg;andrewgiftschat
6870980158;#SCHEDOL#;mujlanofobka_80lvl;Не сприймай життя надто серйозно- все одно живим з нього не виберешся);avatars/6870980158.jpg;andrewgiftschat
6871962816;Malstroy;fozyaq;;avatars/6871962816.jpg;andrewgiftschat
6873119205;Мбаппе;Mak7gg;;;andrewgiftschat
6874054472;goldberg;svtanti;恋しい;avatars/6874054472.jpg;andrewgiftschat
6874808595;(MayotkXD) Даниил Колбосенко;MayotkXD;-Я дарил тебе цветы, мне хотелось теплоты @RinoXD // Я под защитой;avatars/6874808595.jpg;andrewgiftschat
6875282963;Сильфи#fso;NICTO_NN0;@M1zuki69 Фогель♥️ どんなに遠く離れていても、私の心はいつもあなたのそばにあります。 Лучший канал @Andr;avatars/6875282963.jpg;andrewgiftschat
6879715510;кирмуська;siamkatzen;˚₊‧꒰ა {ᓚᘏᗢ }໒꒱ ‧₊˚༘⋆ —— 𝘊𝘭𝘢𝘴𝘴 𝘢𝘤𝘵, 𝘯𝘰 𝘮𝘰𝘯𝘦𝘺, 𝘵𝘳𝘶𝘦 𝘢𝘳𝘪𝘴𝘵𝘰𝘤𝘢𝘵!! ≽^-⩊-^≼ // / 𔓐𑇓 / //;avatars/6879715510.jpg;andrewgiftschat
6880597753;Ярослава;;Хочешь ? Заходи https://t.me/+bJcGj3ay8mszZGJi;avatars/6880597753.jpg;rabota_chaty1
6883383089;.;glamyrchik2007;;avatars/6883383089.jpg;andrewgiftschat
6887499307;fara;Sivere_Dsintov;;;andrewgiftschat
6887973696;dashaaa🪷;Dashytio;;avatars/6887973696.jpg;andrewgiftschat
6889210178;«𒉭»;Dolboyobikkk;;avatars/6889210178.jpg;andrewgiftschat
6889347895;Blenderinchik ¹⁴³ | COLA GANG;ne_blenderinchik;;avatars/6889347895.jpg;andrewgiftschat
6889595277;Ꮇᥱύᥴυ ݃;CutieMacy;. . Lieb mich, lieb mich, lieb mich, lieb mich, lieb mich, lieb mich, lieb mich, lieb mich, lieb mich, lieb mich;avatars/6889595277.jpg;andrewgiftschat
6890021487;ʙᴀᴩᴋ⚚;sewlerr;-уᴨᴀʙɯий ᴧᴇᴨᴇᴄᴛᴏᴋ, ужᴇ ниᴋᴏᴦдᴀ нᴇ ɜᴀцʙᴇᴛёᴛ 𓍼;avatars/6890021487.jpg;andrewgiftschat
6890244104;𑀥iᥲᥒᥲ;diana5_diana6;мы навсегда будем вместе @BlaNla_gashaba;avatars/6890244104.jpg;andrewgiftschat
6891068252;Аня;Anutkajuse;;avatars/6891068252.jpg;andrewgiftschat
6891827049;ᥒᥙⳋᥱr ᥉kᥱᥣᥱt𐔖ᥒ;nuga_skelet;У МЕНЯ НЕТУ РЕСОВ Я ИХ ПОТЕРЯЛ @F0ck_XD;avatars/6891827049.jpg;andrewgiftschat
6891901319;динкаа) ☀;mikx_www;;;andrewgiftschat
6891910924;Ангелина🧊;Ledok_017;Ты типа 10/10🍹🌹;avatars/6891910924.jpg;andrewgiftschat
6897987412;ㅤ;Soskanerealka4;;avatars/6897987412.jpg;andrewgiftschat
6899640060;Hello_sqwex;Busya_in_flop;;avatars/6899640060.jpg;andrewgiftschat
6900260319;Арбуз;SmilSwagg;;avatars/6900260319.jpg;andrewgiftschat
6901417005;Колобок;Kolobok973;Понятно;avatars/6901417005.jpg;andrewgiftschat
6902150213;Noyname #sell #stars 1.6₽;Noynamezx;Иногда ответ в загадке бывает настолько явным, что мы просто его не замечаем;avatars/6902150213.jpg;andrewgiftschat
6902862584;𝘉𝘳𝘦𝘻𝘻𝘺🧸 𝘑𝘋𝘔🔰;Acccord_1k;🤍 الهمدلله☪️;avatars/6902862584.jpg;andrewgiftschat
6906157155;Nurzi1k;Nurzi1k;Йоу @gminesbot;avatars/6906157155.jpg;andrewgiftschat
6906157721;;;;;rabota_chaty1
6909079970;Miss Lita.;Lita_Mares_16;Когда ваши мечты будут сильнее ваших страхов - они начнут сбываться;avatars/6909079970.jpg;andrewgiftschat
6910166172;диш;vellskayaa;дадада, на векии @m4ow4rr || and when we’re apare, i’m missing you @xacfo;avatars/6910166172.jpg;andrewgiftschat
6911323878;꩜;nucerocebe;;;andrewgiftschat
6911500848;𝖆𝖑𝖎𝖘𝖍𝖐𝖆 || afk;lynord;;avatars/6911500848.jpg;andrewgiftschat
6911694340;Денис;offidnsh;;;laravel_pro
6912724200;ひどいエベット;etkort;;avatars/6912724200.jpg;andrewgiftschat
6912736924;ヅ𝙼𝙰𝚃𝚅𝙴𝚈♧;Mat_vey999;Просто Матвей;avatars/6912736924.jpg;andrewgiftschat
6914868153;🪫🎧;Oguzok_777;он такой скучный! он такой скучный! он такой скучный! @manekineko_52;avatars/6914868153.jpg;andrewgiftschat
6915936796;Герман;german_bok;ссылка на бесплатный мастер-класс https://t.me/+svWX_o4zSK8xMGNk;avatars/6915936796.jpg;laravel_pro
6916714404;︻デ═一🅂🄽🄸🄿🄴🅁;M3F_SN1P3R_888;Лучше быть уверенным в хорошем результате, чем надеяться на отличный.;avatars/6916714404.jpg;andrewgiftschat
6917392238;Дмитрий;fexpexfex;;avatars/6917392238.jpg;laravel_pro
6919451125;;;;;rabota_chaty1
6923453764;🎰;E666KX333;🎰;avatars/6923453764.jpg;andrewgiftschat
6923530491;Водолаз @cs_shot_bot;VD_stars;https://t.me/cs_shot_bot/app?startapp=ref_6923530491;avatars/6923530491.jpg;andrewgiftschat
6925611351;фаsоль mhmhh | hidden;zxccazi;— let's touch the sky i’ma i’ma change your life yeah @exclus1veeg | prestando mis alas 💢 | био кефир любима @mmkaooo жена 😎😎😎 | @listhidden;avatars/6925611351.jpg;andrewgiftschat
6929259778;ㅤㅤㅤㅤㅤ ㅤㅤㅤㅤㅤ ㅤㅤㅤㅤㅤ ㅤㅤㅤㅤㅤㅤㅤㅤㅤㅤㅤㅤㅤㅤㅤ ㅤㅤㅤㅤㅤ;Iomku;+.-;avatars/6929259778.jpg;andrewgiftschat
6930859433;#𝙗𝒐␢ó⁶⁹|ᶜᵉˡᵉˢᵗᶦᵃˡ;h4tqid;| > @vEliNA1x < my love | @cyxaruk2tIme - мая бро❤❤❤;avatars/6930859433.jpg;andrewgiftschat
6931203550;Diwwrss;Diwwrss;-И ТАМ БУДЕМ МЫ В ДВОЕЕЕМММ @please_dont_leaves|@LoveB3brina112 подсос;avatars/6931203550.jpg;andrewgiftschat
6931238641;Майнкрафтер⛏️;Nikita_ykp;;avatars/6931238641.jpg;andrewgiftschat
6932237655;HAUNT BOSS;;;avatars/6932237655.jpg;rabota_chaty1
6933075978;Maша;;https://t.me/+Y7Hv9fxBMoo0M2Ri;avatars/6933075978.jpg;rabota_chaty1
6934702089;Джеймс;dzhejms_glenn_1976;;;python_ru
6937176300;ʜɪɢʜ;DoAsWellAsMe;@medal @squad;avatars/6937176300.jpg;andrewgiftschat
6937691887;Фёдор;tricky_Dostoyevsky;;avatars/6937691887.jpg;andrewgiftschat
6939616515;Гена;xrLsmosiIH;;;laravel_pro
6940020953;☕️Ꭲᴏʍʍy Ꮯᴀsh|#𑀝᧐ffᥱᥱ|☕️;I_am_Tommy_Cash;—ⲙy ᥣifᥱ iᥒ Esᴛ᧐ᥒiᥲ|;avatars/6940020953.jpg;andrewgiftschat
6941337184;Igor;igor_dushin;;avatars/6941337184.jpg;laravel_pro
6941637501;ᅠᅠ;YA_CEKCN;Мамкин хакер, папкин кібер-диктатор. he/he/he/ha;avatars/6941637501.jpg;andrewgiftschat
6942198630;МанХипе;manhipe;;;tproger_chat
6944719689;bayelm32;tgbalel;;avatars/6944719689.jpg;andrewgiftschat
6945638439;𝘄𝗲𝗿𝘂𝗺𝗽𝗵𝗵.𝗲𝘅𝗲;werumphh;I've had enough ✦;avatars/6945638439.jpg;andrewgiftschat
6946920401;Владимир;;;;tproger_chat
6948420748;nbie;xseo0;;avatars/6948420748.jpg;andrewgiftschat
6951327170;@artem;yuu_original;❀ My shop @arti_stars_bot ㅤㅤㅤㅤㅤㅤㅤㅤㅤㅤㅤㅤㅤㅤㅤㅤㅤㅤㅤㅤㅤㅤㅤㅤㅤㅤㅤㅤㅤㅤㅤㅤㅤㅤㅤㅤㅤㅤㅤㅤㅤㅤㅤㅤㅤㅤㅤㅤㅤㅤㅤㅤㅤㅤㅤㅤㅤㅤㅤㅤㅤㅤㅤㅤㅤㅤㅤㅤㅤㅤㅤㅤㅤㅤㅤㅤㅤтгк https://t.me/+53Lhmlgqnmo;;andrewgiftschat
6951365221;Dev;ProgrammerGCC;В ногу со временем;avatars/6951365221.jpg;laravel_pro
6952045850;wxx;wxxxix;;avatars/6952045850.jpg;andrewgiftschat
6953551531;.;Prosto_chel_6_7;#threefash;avatars/6953551531.jpg;andrewgiftschat
6954390199;Kitoy;;;;rabota_chaty1
6958133967;Ого;Antuvenom;"Нсдчбвы - //|/""::_, (^$^€¿€¡| яП_"" _! ""?"" лфЮчббсн2нцны☣️🚸⚠️🔇🔕📢📣уг67 @ 👽👽 куки крутой сигма";avatars/6958133967.jpg;andrewgiftschat
6958805381;меня нет;;;avatars/6958805381.jpg;andrewgiftschat
6959544071;𝐷𝑎𝑁𝑖𝐿𝑘𝐴;Danil_Gamer;Писать только по делу));avatars/6959544071.jpg;andrewgiftschat
6959625230;Neonka #Анлак☃️;has1ll_tag;А Сюда что писать надо?;avatars/6959625230.jpg;andrewgiftschat
6960433067;؜ ؜⛧;;-все не такие как ты @Mrbeastwinner;;andrewgiftschat
6961265665;Артем;Bloodbanny;;avatars/6961265665.jpg;andrewgiftschat
6967603037;Марат;vlakdk1;;;rabota_chaty1
6967822299;🐈‍⬛;rikot_14;🐈‍⬛;;andrewgiftschat
6974068653;#ᴏᴅᴜᴡᴀɴɢᴏᴅ;sexyoduwan;🙈🙉;avatars/6974068653.jpg;andrewgiftschat
6974353792;респик;respa204;;avatars/6974353792.jpg;andrewgiftschat
6975517118;kero;sxowu;;avatars/6975517118.jpg;andrewgiftschat
6975579720;K;;;;tproger_chat
6975813510;𝙽𝚎𝚟𝚎𝚛『♪』;Vezhlivaya_ip;Тот кто был мнᴇ нᴇобходим - слишком чужой чтобы быть родным 🎧;avatars/6975813510.jpg;andrewgiftschat
6979108968;Соня;;Для открытия резюме писать https://t.me/assistant_kadry;avatars/6979108968.jpg;laravel_pro
6979732223;𝐹 𝐿 𝒪 𝒪 𝐹 𝒴 ¹²³ᴿᵉᵛ;rafik2130;UQCvuAx0ATAwyxD-VCN-WFNfi6NgamwxZVPWUtbxh1iD6u9w;avatars/6979732223.jpg;andrewgiftschat
6981491571;monst;;reviews: https://t.me/monst_otzivi | tgk: @tgmonst | топка 85$/6к₽;avatars/6981491571.jpg;andrewgiftschat
6982087475;никаа;;;;andrewgiftschat
6982220644;𝔉𝔢ℜ𝔫𝔄𝔩𖠱;elupulucpalu;https://t.me/patrickstarsrobot?start=6982220644;avatars/6982220644.jpg;andrewgiftschat
6983355594;🥷;n1wq17;même l'obscurité se termine et le soleil se lève;avatars/6983355594.jpg;andrewgiftschat
6984057338;𝘙𝘰𝘴𝘵𝘪𝘬'🤑;Ixudn;𝑺𝒆𝒍𝒍𝒆𝒓 / 𝑩𝒖𝒚𝒆𝒓 𝑨𝒏𝒐𝒏𝒚𝒎𝒐𝒖𝒔 𝑵𝒖𝒎𝒃𝒆𝒓𝒔 𝑻𝒆𝒍𝒆𝒈𝒓𝒂𝒎 & 𝑮𝒊𝒇𝒕𝒔 🫠 @rostikstars_bot;avatars/6984057338.jpg;andrewgiftschat
6986617423;ᅠᅠᅠ🌶️;Vipi_04949;;avatars/6986617423.jpg;andrewgiftschat
6987002163;𝑧𝑍 “𝑣𝑖𝑙𝑘𝑎;yousarli;–sᴇɴᴅ ᴍᴇ ᴀ ᴍᴇssᴀɢᴇ, ʏᴏᴜ ᴋɴᴏᴡ ʟ'ᴍ ɴᴏᴛ sʟᴇᴇᴘɪɴɢ. || @siiva8, ʍᴀй ᴄᴩᴇди янʙᴀᴩᴇй.;avatars/6987002163.jpg;andrewgiftschat
6988344250;шуфель🥷;shyfell;никогда не ври тем,кого любишь🤷🏼‍♀️;;andrewgiftschat
6989130205;Frescoref;frescoref;https://frescoref.ru;avatars/6989130205.jpg;laravel_pro
6990085300;;;;;rabota_chaty1
6990646028;Александр;Faultlessly_Barb;;;laravel_pro
6992664164;ファントム;;Rio de Janeiro;;andrewgiftschat
6992748410;꧁༒𝐌𝐨𝐨𝐧𝐥𝐢𝐭 𝐀𝐱𝐨𝐥𝐨𝐭𝐥༒꧂;Axolotls1;ᴊᴜsᴛ ᴏɴᴇ ᴄʜᴀɴᴄᴇ, ʀɪɢʜᴛ?;avatars/6992748410.jpg;andrewgiftschat
6993609041;#𝑠𝑒𝑥𝑦 𝑠𝑤𝑎𝑔 #𝑎𝑟𝑟𝑖𝑣𝑜𝑟 #𝑙𝑜𝑣𝑒♡;edigeri2011;;avatars/6993609041.jpg;andrewgiftschat
6994036385;✨♡🎧Alisher🎧♡✨;Lustry_666;I am porn Star✨;avatars/6994036385.jpg;andrewgiftschat
6998949251;Chappa;Wertyeii;;avatars/6998949251.jpg;andrewgiftschat
7001116166;Протогенчик;Ptorogenchik;Не бойся не пиши и не звони;avatars/7001116166.jpg;andrewgiftschat
7002168557;7060;Student_7060;;avatars/7002168557.jpg;rabota_chaty1
7002222064;Ева;;;avatars/7002222064.jpg;rabota_chaty1
7002806628;;;;;rabota_chaty1
7003643833;♰;iula_qxzz;🤞🏻;avatars/7003643833.jpg;andrewgiftschat
7004052428;ÐĘÄŦĤ/afk;Dixres35;剣を手に持っている限り、私はそれを失っていません🥀🩵;avatars/7004052428.jpg;andrewgiftschat
7005039527;Ярослава;Aroslava_59vosv;07.12|/2007;;rabota_chaty1
7006662267;;;;;rabota_chaty1
7006696044;1L| Snappit | ಠ⁠∀⁠ಠ️✨ Starsfi ૮꒰ ˶• ༝ •˶꒱ა ♡;UWUBTCTON;- Ⲡⲣⲟⲧяⲏυ ⲥⲃⲟю ⲣⲩⲕⲩ, ⲁ я ⲡⲟⲡⲣⲟⳝⲩю ⲡⲟύⲙⲁⲧь @evik_miui🥹❤️;avatars/7006696044.jpg;andrewgiftschat
7007831101;Ведьмочка;Kote_u;;avatars/7007831101.jpg;andrewgiftschat
7008123971;West #escape;westtop2;;avatars/7008123971.jpg;andrewgiftschat
7012788421;西亞斯- we all dymefouns𖣂;zxcstxlox;;;andrewgiftschat
7012977819;Соня Квертова;sonbya21;;avatars/7012977819.jpg;rabota_chaty1
7014816070;shteynov;Merekeams;;avatars/7014816070.jpg;andrewgiftschat
7014957611;︎𝙼𝚒𝚗𝚒𝚙𝚎𝚔𝚊 𝙻𝚎𝚐𝚎𝚗𝚍𝚊 #ᴏꜰꜰɪᴄɪᴀʟ;Shizzy_Absolutik;︎;avatars/7014957611.jpg;andrewgiftschat
7015694947;Белла;bella_arti1;https://online.academiamillionerov.ru/mar07?utm_source=tg_rass;avatars/7015694947.jpg;laravel_pro
7016571149;;;;;tproger_chat
7017427447;Y;GayvaI79;;;rabota_chaty1
7017531485;Константин;;eq.team | Laravel/FullStack разработчик;avatars/7017531485.jpg;laravel_pro
7019126135;SPOTEK #оченьжiрныйжыр;;😂 звёзды по делу бек, просьба гифта и тп = будь здоров #оченьжiрныйжыр;avatars/7019126135.jpg;andrewgiftschat
7019876172;анаконда;s1r2n3t4;︎ ︎ ︎︎ ︎ ︎︎ ︎ ︎︎ ︎ ︎︎ ︎ ︎;avatars/7019876172.jpg;andrewgiftschat
7020433652;Полина;Annafhngh194;;avatars/7020433652.jpg;rabota_chaty1
7023478318;Mef x sleep;Durovvsprime;;avatars/7023478318.jpg;andrewgiftschat
7024416471;;;;;rabota_chaty1
7026270678;NagiCin;G0OD7;I'm shorter than you, but smarter by a head. t.me/CTALlNE;avatars/7026270678.jpg;andrewgiftschat
7029176898;ᵏⁿᵏ;IaNeKnk;;avatars/7029176898.jpg;andrewgiftschat
7029420767;Badshah;;;avatars/7029420767.jpg;rabota_chaty1
7029664081;;;;;rabota_chaty1
7031111554;𝙣🗽;w3xin11;;avatars/7031111554.jpg;andrewgiftschat
7031270614;Ирина;irinawork229;;avatars/7031270614.jpg;rabota_chaty1
7032182994;Лудик;Loodixvld;Жизнь это жизнь...;avatars/7032182994.jpg;andrewgiftschat
7034858767;VIKTOROVICH;BUONJIORNO_NFT;;avatars/7034858767.jpg;andrewgiftschat
7038281695;ss;osmzksk;Если разойдёмся здесь, может, встретимся на экваторе;avatars/7038281695.jpg;andrewgiftschat
7038592359;𝒏𝒊𝒌𝒂;Nika853;;avatars/7038592359.jpg;andrewgiftschat
7039222184;Kelly🐤 + {name} + Gra-Gra;Kelly789998855;;;tproger_chat
7041542872;Ирга;Dymaibashkoi;;avatars/7041542872.jpg;andrewgiftschat
7041593585;Рома;P0MAHCHIK;сƴ∂ьɓα — ϶τσ ʜϱ сτρϱ᧘α, α ɞυχρь. σʜα ʜϱсɛτ ʜαс ɞ ʜϱσжυ∂αʜʜыϱ ɱυρы.;avatars/7041593585.jpg;andrewgiftschat
7042275890;Пользователь🐈;polzovtell;;avatars/7042275890.jpg;rabota_chaty1
7044493510;ᅠ;deadlaki;;avatars/7044493510.jpg;andrewgiftschat
7045743295;𓆩M̷Ā̷͗̋G͇A̶𓆪;;"ɪꜰ ᴛʜᴇʏ ɢɪᴠᴇ, ᴛᴀᴋᴇ ɪᴛ; ɪꜰ ᴛʜᴇʏ ᴅᴏɴ'ᴛ, ᴛᴀᴋᴇ ɪᴛ ᴀᴡᴀʏ. ᴍʏ ᴄʜᴀɴɴᴇʟ - [t.me/maga_kanal] ꜱᴘᴀᴍ? > [t.me/magasuppa_bot] - [t.me/maga_arenda_bot]";avatars/7045743295.jpg;andrewgiftschat
7047591663;Lizikims🩷;Lizkimmm;У ⲙⲉⲏя ⲉⲥⲧь ⲡⲟⲇⲣⲩⲯⲕⲁ, ⲟⲏⲁ ⲏⲟⲥυⲧ ⲇⲯυⲏⲥы ⲕⲗυⲱёⲏⲏыⲉ,ⲩⲙⲁⲗυⲱёⲏⲏⲁя- @Vvan_58;;andrewgiftschat
7047840567;Персик;Artop_oc;;avatars/7047840567.jpg;andrewgiftschat
7048178181;P;;;;laravel_pro
7048446334;𝓞 𝓵 𝓲 𝓶 𝓹𝓲 𝔂 𝓼 𝓴 𝓲 𝔂 𝓶 𝓲 𝓼 𝓱 𝓴 𝓪;Levchenko_22;@olimpstarsbot мой бот для покупки звёзд;avatars/7048446334.jpg;andrewgiftschat
7048741086;Loser;Black_cat_Meow13;Анон: http://t.me/anonaskbot?start=v511yfc3aruum9q;avatars/7048741086.jpg;andrewgiftschat
7051154458;𝙵𝙻𝚄𝙾𝚁𝙸𝚃𝙴 [#𝙻𝚇𝚁];Fluorite_Endf1eld;ɢᴅ ɪɴ ᴍʏ ʜᴇᴀʀᴛ;avatars/7051154458.jpg;andrewgiftschat
7051954718;Карп;;;avatars/7051954718.jpg;rabota_chaty1
7052154984;Анатолий Фролов 🪴;anatoly_frolov;Fullstack разработчик из Владивостока •github.com/anafro;avatars/7052154984.jpg;laravel_pro
7054108722;Lolik;llitteh52;t.me/anonaskbot?start=wcvi2;avatars/7054108722.jpg;andrewgiftschat
7055878995;KN64D;jelebruh_Sh0ker;;avatars/7055878995.jpg;andrewgiftschat
7056321935;воzнесенная dотошность;cutvoid;;avatars/7056321935.jpg;andrewgiftschat
7057504213;;;;;rabota_chaty1
7058349537;-;park2303;god, you look so pretty when you tell me that you love me;avatars/7058349537.jpg;andrewgiftschat
7058517686;Ш.;Woxa_o16;Страх сильнее любви..;avatars/7058517686.jpg;andrewgiftschat
7059660208;VerstkaS;verstkaS;;;laravel_pro
7062489266;Jimen;Jimen_4334;;;andrewgiftschat
7064291697;°//-_k᥉𐔤᥉hιt᥉ᥲ_-\\° #Andrew #DK #DW #MZIFF #LIDA;ksyshitsaaa;//-𝐰𝐢𝐥𝐥 𝐲𝐨𝐮 𝐛𝐞 𝐦𝐲 𝐰𝐢𝐟𝐞?)💋 @opraHbl;avatars/7064291697.jpg;andrewgiftschat
7066470903;ᴛᴇᴋɪᴧᴀ sʟᴀʏ #s2000;tekilaslay;люблю только его, остальные мимо @Weeeyt;avatars/7066470903.jpg;andrewgiftschat
7066476556;Ашибка;Necrtomant;у ʍᴇня еᴄᴛь ʍноᴦо ᴄʙ϶ᴦᴀ, ᴄᴀʍый ʍоᴧодой ᴄᴇйчᴀᴄ, ʙ нᴀᴛуᴩᴇ;avatars/7066476556.jpg;andrewgiftschat
7068224518;𝕲𝖔𝖔𝖉 𝖑𝖚𝖈𝖐;good_luck2286;Сурпрайз;avatars/7068224518.jpg;andrewgiftschat
7074008441;︎ ︎ ︎ ︎ ︎ ︎;Lolpopskie;;;andrewgiftschat
7075182553;MissionFailed;travor2025;;;laravel_pro
7076236227;;;;;rabota_chaty1
7077008798;ʏᴏᴜʀ ᴍᴇᴍᴏʀ1ᴇᴤ...;;Forget the past, but remember the lessons.;avatars/7077008798.jpg;andrewgiftschat
7077278227;наsya🍁;Nasya_228;;avatars/7077278227.jpg;andrewgiftschat
7078195798;:3 #KTN;;|scs|scw|;avatars/7078195798.jpg;andrewgiftschat
7078322963; 𝕍𝕒𝕤𝕚𝕝𝕚𝕪;Zvonok1983;;;andrewgiftschat
7079675661;Диана;;;avatars/7079675661.jpg;laravel_pro
7083002024;°•Пåŧҏųҝ•°#аллигаторнагибатор#fudge#пИсЮнКоВыЙ зЛоДиШь#алибастр;Gfnpt;-я - ⲅⲟⲃⲏⲟ υ ⲧы ⲅⲟⲃⲏⲟ, ⲁ я - ⲏⲉⲇⲁⲃⲏⲟ, ⲧы - ⲇⲁⲃⲏⲟ @ndara5086❤️‍🩹I'm just a kid...http://t.me/anonaskbot?start=12bbk;avatars/7083002024.jpg;andrewgiftschat
7086652368;;;;;rabota_chaty1
7087382184;Мага;Maga142012;https://t.me/patrickstarsrobot?start=7087382184 люблю мишек;avatars/7087382184.jpg;andrewgiftschat
7089287714;Irᥲ;psinaRenji;;avatars/7089287714.jpg;andrewgiftschat
7092070122;Me :);VERON3420;;avatars/7092070122.jpg;andrewgiftschat
7092767693;Порше;Amalie_Estheticism;;;rabota_chaty1
7092789997;Shao Lin;Sha0_L1n;.;avatars/7092789997.jpg;andrewgiftschat
7093095269;Sahndareleindi;;;;rabota_chaty1
7093721512;𝓋𝒾𝓀𝒶. 𝒦𝓊𝓁ℯ𝓀;cosmic_viko;-падает звезда, с неё одно желание @Minion5858;avatars/7093721512.jpg;andrewgiftschat
7094837022;Артём;GENERAL_ARTYOM;;;andrewgiftschat
7096639760;Айлин;Ajlin_68llA;;avatars/7096639760.jpg;rabota_chaty1
7097893107;Гурий;;;avatars/7097893107.jpg;rabota_chaty1
7099273588;GANGSTER🗡️;cvehy;Ни копейки за душой и дорога дальняя В аэропорт из района спального…;avatars/7099273588.jpg;andrewgiftschat
7099854058;Indy;;- 𝑰𝒕’𝒔 𝒔𝒐 𝒔𝒘𝒆𝒆𝒕 ,𝒌𝒏𝒐𝒘𝒊𝒏𝒈 𝒕𝒉𝒂𝒕 𝒚𝒐𝒖 𝒍𝒐𝒗𝒆 𝒎𝒆 @toaln;avatars/7099854058.jpg;andrewgiftschat
7099954692;;;;;rabota_chaty1
7100446607;Art;ArtyWeb;;;laravel_pro
7100808097;☘️_𝓝𝓪𝓽𝓲𝓬𝓴_☘️#krt#Lan#Sft#ss#kell#vnl#scw#key#milf#dsh#svt☘️☘️;Nastiko_16;;avatars/7100808097.jpg;andrewgiftschat
7102867790;xz;krytoixzshka21;;avatars/7102867790.jpg;andrewgiftschat
7103770160;Саня;ryns55555;;avatars/7103770160.jpg;andrewgiftschat
7104433633;Андрей;belskycode;;;laravel_pro
7106105064;💘ℳ𝒶𝓇𝓎𝓈ℯ𝓀°𝗔🍀#fso #andrewbest sad.;masha22229;;avatars/7106105064.jpg;andrewgiftschat
7106257112;Екатерина;katrin_343;Веб-дизайнер, СММ;avatars/7106257112.jpg;laravel_pro
7106398083;Макс;Waretyih;;avatars/7106398083.jpg;andrewgiftschat
7107127089;мелодии444 🧁;swettwkiss;;avatars/7107127089.jpg;andrewgiftschat
7107141152;🏆[̲̅S]𝕾𝖆𝖍𝖆R][S7🎭;SaharRTQT;https://telegra.ph/Informaciya-03-11-8 my def @defmatrix 拆除、損壞.;;andrewgiftschat
7109320990;фейска;facekaa;nobody knows the me that you do @lix_DK;avatars/7109320990.jpg;andrewgiftschat
7110135560;Нейм;takoy_ugar4ikfwn6;DackMan;avatars/7110135560.jpg;andrewgiftschat
7113823708;Ника);sspixi;«Когда все рушится — я прячусь в Его сердце.Там тихо.Там мое спасение»;;andrewgiftschat
7114123319;#ᴄᴀᴋуᴩᴀ ɯᴀᴩиᴨᴏʙᴀ #ᴄᴋ #вк #sh_18;senile_l;#Calmy ﻿;avatars/7114123319.jpg;andrewgiftschat
7114834419;....;Anatoliyhhj;;;laravel_pro
7114908994;𝟟𝔼𝕍𝔼ℕ;RUSSKIY666;- Представь как это круто, никуда не надо утром -;avatars/7114908994.jpg;andrewgiftschat
7116254308;.;Mariaam_52;;avatars/7116254308.jpg;andrewgiftschat
7116273647;Лина;LinaHR5;;avatars/7116273647.jpg;rabota_chaty1
7117206287;.;Pypok_bobra1;;avatars/7117206287.jpg;andrewgiftschat
7117649861;Алла;;;avatars/7117649861.jpg;rabota_chaty1
7120047831;Te;;;;laravel_pro
7122140596;saaaah;;;;laravel_pro
7123160064;Faith;dislonl;;;andrewgiftschat
7126184628;Kenneth;;;;python_ru
7129700704;드림코어 ム 🌺;Diii_Favorite;たとえ困難であっても、私たちは必ず突破口を開くでしょう。 @Miro_Jean Д>>>🤍🤍🤍🌺🌺🌺;;andrewgiftschat
7129739921;𝙲𝚛𝚎𝚊𝚝𝚒𝚟𝚎 | 𝚜𝚝𝚊𝚛𝚜 𝟷.2₽;yndx000;Отзывы: @yngtl;avatars/7129739921.jpg;andrewgiftschat
7132074647;Эн;glowby_ligts;Что внутри ? Пойди пойми Скрывать себя нелегко!Наш мир в пи&#е давно!;avatars/7132074647.jpg;andrewgiftschat
7133141240;Виктория;viktoria_730;;avatars/7133141240.jpg;andrewgiftschat
7133455316;убейте меня пжззп;murrmayy11;.;avatars/7133455316.jpg;andrewgiftschat
7133999472;Алексей;alexey23914;;;laravel_pro
7134413318;викусик;vicoco_slay;;avatars/7134413318.jpg;andrewgiftschat
7135652038;💋;Mulluir;"💋""д""💋";avatars/7135652038.jpg;andrewgiftschat
7136569484;Солянка;Colianochka;;avatars/7136569484.jpg;andrewgiftschat
7136694626;Виктория;;По всем вопросам, касающимся В/У, обращайтесь по адресу: @Inspector_Mi;avatars/7136694626.jpg;rabota_chaty1
7139004225;А.;n5kor;;avatars/7139004225.jpg;andrewgiftschat
7143217418;Project;projectfull;;avatars/7143217418.jpg;laravel_pro
7143546785;;;;;rabota_chaty1
7145069850;F1rgle #фирглоковский⁸¹²;f1rgle;#frg | Work 400$ | кахаю🌷 || @otzivif1rgle, — замішав цей пітбуль, з живчиком @bugerchiks🪦👅#free 18.01XD ww bio - @biof1rgle 🫂👽;;andrewgiftschat
7145865698;Миха↯;RAFT1X;https://telegra.ph/Gosudarstvennyj-reestr-02-02;avatars/7145865698.jpg;andrewgiftschat
7146199568;𝒾𝒾.𝓃ℴ𝒸𝓉𝓊𝓇ℯ ℒℒ #by𝙈𝙇𝙂 INFJ;;Loquere mihi, angele temptator.;avatars/7146199568.jpg;andrewgiftschat
7150531306;***;lRevorKingl;;avatars/7150531306.jpg;andrewgiftschat
7152504313;Sophinka☁️;imsophinka;my lens, my mess, my magic;avatars/7152504313.jpg;rabota_chaty1
7153087187;Александр;alexander_smor;;avatars/7153087187.jpg;laravel_pro
7153181948;🤫;Ruslambus;;;andrewgiftschat
7153437863;Анна;anna_pros_1;Получи консультацию специалиста бесплатно @psy_podbor_bot;;laravel_pro
7155135151;Worse #муха;worse16;Если что не так она знает - @MIRINA_011;avatars/7155135151.jpg;andrewgiftschat
7156485605;Европей;Plack19;;avatars/7156485605.jpg;andrewgiftschat
7157035361;дашечка;Ogurtsov228;https://t.me/dashaaddddw;;andrewgiftschat
7158531169;Merlin;merlin_0_0_0_0;;avatars/7158531169.jpg;laravel_pro
7159517316;Shoxrux Mirzaxmedov;mirzakhmedov_Shokh;Audentes fortuna iuvat;avatars/7159517316.jpg;laravel_pro
7165218542;Дед UR #дешевая пенсия;Freegameet;;avatars/7165218542.jpg;andrewgiftschat
7168506338;Пюре;boberhill;Пюре;avatars/7168506338.jpg;andrewgiftschat
7169882567;Ярополк;;;avatars/7169882567.jpg;rabota_chaty1
7173166536;Flora;;;;tproger_chat
7176680682;heonxx 𝗌𝗍𝖺𝗋𝗌 𝟣.4;heonxx;;avatars/7176680682.jpg;andrewgiftschat
7178202632;Quea;;;;laravel_pro
7180329660;mxzzxs;mxzzxs;@Kugoo1maxspeed;avatars/7180329660.jpg;andrewgiftschat
7183062154;ксил. #k #krt #s1k #𝙺𝙴𝚅𝙸𝙽 #wenty #scw #mys #ts;xilyv;под защитой - @def_acsel // @gafur0v || поклонник - @xllerr_5.;avatars/7183062154.jpg;andrewgiftschat
7184096832;________________🚗___🚓__________;OreoBabl;А.н.к.я.в.л.х.п.е.н.б.а.н.в.д.к.с.ч. расшифруй, ХЕХЕХЕХЕХЕХХЕХЕХЕХЕХЕХ;avatars/7184096832.jpg;andrewgiftschat
7185721652;9055;uumous;;avatars/7185721652.jpg;andrewgiftschat
7185970926;Oleg;Lari_Greenwood;Основатель закрытого клуба Barganets, предприниматель,визионер. Пишу тут: t.me/Codename_Vlasov;avatars/7185970926.jpg;laravel_pro
7190404724;Крокозябр - Крокодил с рисунками;CrocoZyabrBot;"🐊 Крокодил, но нужно рисовать!
@CrocoDraw, @CrocoDrawChat
Помощь: @CrocoLab 
Реклама: @crocoads";avatars/7190404724.jpg;andrewgiftschat
7191405487;Кариша 🖤;wrings0;@evvixxi;avatars/7191405487.jpg;andrewgiftschat
7192674364;;;;;rabota_chaty1
7193965650;Moser | 𝓢𝓽𝓪𝓶𝓮𝓼𝓽𝓪;BrianM0SSERR;девятьсот;avatars/7193965650.jpg;andrewgiftschat
7194430450;Focuss? (focusnic ) #seraphim #tazik MY BRO is @grast1x;SixSevenFocus;;;andrewgiftschat
7195862480;Влад;vlad_swim;;;rabota_chaty1
7196724687;А;solshja;;avatars/7196724687.jpg;laravel_pro
7197343499;Анатолий;;;;rabota_chaty1
7197372482;𝚂𝙾𝙵𝚒𝙰_♡;sofka_38;;avatars/7197372482.jpg;andrewgiftschat
7198372546;VLex;VLexar;;;laravel_pro
7199467480;теодор;rephov;гарант;avatars/7199467480.jpg;andrewgiftschat
7199561707;#сашавдольчегобанна;;;;andrewgiftschat
7200693018;саша айеро адский дрочила;pestkisserr;;avatars/7200693018.jpg;andrewgiftschat
7203199923;;;;;rabota_chaty1
7206575544;-;;;;rabota_chaty1
7207597914;Croco;cr0c9;;avatars/7207597914.jpg;andrewgiftschat
7207786440;Рустам;;;;rabota_chaty1
7211064696;Ермак;;;;laravel_pro
7211454276;𐙚;nnnst3;#scw;;andrewgiftschat
7212233859;Хай;Femoz10;;avatars/7212233859.jpg;andrewgiftschat
7213266463;;;;;rabota_chaty1
7214166643;🔪Ася🔪;Boogeyman259;;avatars/7214166643.jpg;andrewgiftschat
7214748807;xxl;qwzxc01;@UGSGAME;avatars/7214748807.jpg;andrewgiftschat
7215316515;Георгий;georgiy_tell;;avatars/7215316515.jpg;laravel_pro
7215898008;🚬⚰️;UnstoppablePABLO;-Сколько бы не было слов, такую, как ты, уже не найду @fligad_25855;avatars/7215898008.jpg;andrewgiftschat
7217368531;аришкее;arishke27;мы бы не погуляли с тобой дважды @Dezlafe;avatars/7217368531.jpg;andrewgiftschat
7217522222;Дмитрий;OxSviridoff;;avatars/7217522222.jpg;laravel_pro
7217994674;G;galymovv;✰Лучший чат ✰ | @twixchat_G 💸;avatars/7217994674.jpg;andrewgiftschat
7222162537;Finn;;;;laravel_pro
7222273374;Taypups;taypups;https://t.me/taypupsrembodadik;avatars/7222273374.jpg;andrewgiftschat
7223529504;Nade;jqvyychpr;BUY and SELL CHILD PORN @Moskvazsd95Robotbot @Moskva966bot;avatars/7223529504.jpg;rabota_chaty1
7224121856;Лиана;;кидай + @Valeriano19;avatars/7224121856.jpg;rabota_chaty1
7224597456;#####;zeksipps;;avatars/7224597456.jpg;andrewgiftschat
7225856623;ᅠᅠᅠᅠᅠᅠᅠᅠм';RiskyWicky;;;andrewgiftschat
7226252434;Пятерка;romamnepodig;𝐅𝐚𝐧𝐚𝐭 5𝐨𝐫𝐤𝐢;avatars/7226252434.jpg;andrewgiftschat
7226808286;</> 𝚜𝚎𝚗𝚓𝚊𝚊 𝙵𝙻7 :𝙳;wcxqv;"""Школа давит, любимая кареглазая брюнеточка манит🥰"" @SenjaaBio";avatars/7226808286.jpg;andrewgiftschat
7229745621;Erfan;Codm_Aura;️ ‌ 𝗠𝗢𝗩𝗘 𝗜𝗡 𝗦𝗜𝗟𝗘𝗡𝗖𝗘 🌑! ️;avatars/7229745621.jpg;andrewgiftschat
7230890105;Wicked;gomanagerone;golang dev;avatars/7230890105.jpg;laravel_pro
7232188911;𝑺𝒂𝒚𝒅𝒖𝒍𝒍𝒐𝒆𝒗 🌴;Avganskiy7;𝑭𝒐𝒓 𝒆𝒗𝒆𝒓𝒚 𝒃𝒖𝒓𝒅𝒆𝒏 𝒄𝒐𝒎𝒆𝒔 𝒓𝒆𝒍𝒊𝒆𝒇. 𝟗𝟒:𝟓🌴;;andrewgiftschat
7232405568;Sh4rp;officialTornado;;avatars/7232405568.jpg;andrewgiftschat
7232763057;;;;;python_ru
7233741442;²⁰²⁶Лимон🎄🎆;Emirlanff;:|везучасть 0%|:;avatars/7233741442.jpg;andrewgiftschat
7235770826;mahabulhaque;;;;laravel_pro
7235848489;Who needs me?;Ajkwbsj_roejej;;avatars/7235848489.jpg;andrewgiftschat
7237132979;𝙾𝙿𝙸𝚄𝙼;Opium40;Я под защитой @defdimasik 🫪;avatars/7237132979.jpg;andrewgiftschat
7238129171;aarne;pekaboosykape0o;;avatars/7238129171.jpg;andrewgiftschat
7240179994;ᅠ;;;;andrewgiftschat
7242623833;юляя;juliaasqq;🤍🤍;avatars/7242623833.jpg;andrewgiftschat
7244570499;.;karnuw;;;andrewgiftschat
7245341059;Alexandr;agejkov1609;;;laravel_pro
7246335514;Вадим;VadimAleksandpovichBadexa;;avatars/7246335514.jpg;laravel_pro
7248201127;Филипп;;;;rabota_chaty1
7249166769;Kalif;;Информация: https://t.me/infokalif. Мои игры : https://t.me/+dDyBiQoKYF5mNjEy;avatars/7249166769.jpg;andrewgiftschat
7249412146;sëvgiłinᵃᵐᵒᵘʳ;S3VG1LIN;;avatars/7249412146.jpg;andrewgiftschat
7250812108;𝔑𝔞𝔰𝔱𝛾𝔲𝔰𝔥𝔞;Nast3900;;avatars/7250812108.jpg;andrewgiftschat
7254806553;<Bessie//Cocoa> #ᴀɴɢʟ 𓊆She//her 𓊇;COCMO_KOCMO;;avatars/7254806553.jpg;andrewgiftschat
7255971648;︎ ︎ ︎ ︎ ᅠ ︎ ︎ ︎ ︎ ᅠ ︎ ︎;bigbrrrrrrrrrr10;;avatars/7255971648.jpg;andrewgiftschat
7257112484;единственный лив;eepsx;| 12.03.26-лив с км | 74 ybiystva | -плыви,может быть тебя занясет туд;avatars/7257112484.jpg;andrewgiftschat
7259397238;🍾💋Pina Colada🍌🥭20+ proofs#Crazy#AngelD#Pinaa#LoUXD;Pinaa_Colad1;♩✧♪●♩○♬☆;avatars/7259397238.jpg;andrewgiftschat
7259418668;Чудище;Kur_tka;Чай?.. Кофе?.. Это не имеет смысла...;avatars/7259418668.jpg;andrewgiftschat
7260835670;чепух;chepyx375;skkrtt;;andrewgiftschat
7261220720;дашуля чеч;svo67pocoyo228ZOV;;avatars/7261220720.jpg;andrewgiftschat
7261345789;@.;yyy14x;;avatars/7261345789.jpg;andrewgiftschat
7263077740;Narin;;;avatars/7263077740.jpg;rabota_chaty1
7264850019;Ivan | zora;ivan_ivan3363;Привет;avatars/7264850019.jpg;andrewgiftschat
7265082528;некрайс #яверныйрабдофаминадогробанавсегда;nekrise;;;andrewgiftschat
7265864872;𝗌𝗁𝗂𝗆𝗈𝗇𝗇𝖾.;cisdeo;𝒔𝒂𝒅𝒍𝒚 𝒘𝒂𝒊𝒕𝒊𝒏𝒈 𝒇𝒐𝒓 𝒚𝒐𝒖𝒓 𝒔𝒚𝒎𝒑𝒂𝒕𝒉𝒚 @xeshasss || эм🤍 @quelixh;avatars/7265864872.jpg;andrewgiftschat
7266136224;ᵐⁱᵉßᵃ;miasteniia;-я ищу тебя по твоим милым следам,по твоим милым духам..| @maeineri |♡;avatars/7266136224.jpg;andrewgiftschat
7266891389;Камияр;kamyaro_o;один человек - миллион воспоминаний🚶🏻‍♂️;avatars/7266891389.jpg;andrewgiftschat
7269467593;бублик;kvqoowl;;;andrewgiftschat
7271499049;5mewmet..TM!;Sikkir118;;avatars/7271499049.jpg;andrewgiftschat
7272191727;Denchik Antisesh;Denchik_Antiseshh;22.02.2026...Начало прайма. Не отвечаю-дублируйте. @denchik_antisesher;avatars/7272191727.jpg;andrewgiftschat
7275454994;ム A͟͟m͟͟i͟͟x͟͟x͟͟w͟͟ᵐᵃᶫᵃᵃᵃʸᵃ;Dk2kx;☆˙ — 𝘲𝘶𝘢𝘯𝘥 𝘑𝘦 𝘳ê𝘷𝘦 𝘤'𝘦𝘴𝘵 𝘥𝘦 𝘵𝘰𝘪. @dark_1Rose // ᥫ᭡ 𝘵𝘶 𝘦𝘴 𝘮𝘰𝘯 𝘢𝘮𝘰𝘶𝘳. // •ˎˊ˗ ᴩядᴏʍ ᴄ ᴛᴏбᴏй ɜᴀᴦᴏᴩᴀюᴛᴄя ɜʙёɜды!!;avatars/7275454994.jpg;andrewgiftschat
7275647682;Солевая🚬;qwilkz;-ⲙⲉⲏя ⲩⳝυⲃⲁⲗ ⲁⲗⲕⲟⲅⲟⲗь @pumpersq;avatars/7275647682.jpg;andrewgiftschat
7276024253;#𝐫𝐨𝐥𝐥𝐞𝐱𝐨𝐯;;make crypto great again;avatars/7276024253.jpg;andrewgiftschat
7277936681;alladin hokage;ebanatich;пыдсолнух;avatars/7277936681.jpg;andrewgiftschat
7278069935;..;minions_owner;;;andrewgiftschat
7279090776;A person is degrading;onlyiamdegrading;I know what victory is but you dont;avatars/7279090776.jpg;andrewgiftschat
7284117782;Кейго Таками;Keigo_Takami_MHA;Жизнь тебя проиграла стуже и смерти ты не нужен. @Dabi_Todoroki_MHA;avatars/7284117782.jpg;andrewgiftschat
7284367562;Jullietta #key;Juliettxqx;ᴧюбᴏй ᴋᴏнᴇц – ϶ᴛᴏ хᴏᴩᴏɯᴇᴇ нᴀчᴀᴧᴏ.;avatars/7284367562.jpg;andrewgiftschat
7285568819;Crypto;Cyberdons;Майнинг НФТ https://getgems.io/miningvws https://t.me/MagicVipClub;avatars/7285568819.jpg;andrewgiftschat
7285697147;mary;mary_sh126;Исцелю твои порезы, заберу все гематомы @amk35;avatars/7285697147.jpg;andrewgiftschat
7289596338;даря;xaykill;;avatars/7289596338.jpg;andrewgiftschat
7290245146;Мария;kivi011;;avatars/7290245146.jpg;rabota_chaty1
7292244307;Надежда;allmatter;Будь добрее и люди к тебе потянутся 🤩;avatars/7292244307.jpg;andrewgiftschat
7292396041;ㅤ Ｄｉｚ;Dizzertyt;;;andrewgiftschat
7293144768;крутой;denismolon;яйа;avatars/7293144768.jpg;andrewgiftschat
7293266997;Dasha manashka;Dasha_manashka;🏐❤️;avatars/7293266997.jpg;andrewgiftschat
7296605462;;;;;rabota_chaty1
7296610180;Саша;tap_top_robot;;avatars/7296610180.jpg;andrewgiftschat
7297123803;Архип;uDzL6nDTbaT;;;rabota_chaty1
7297255664;/ᐠ｡ꞈ｡ᐟ\;chill8775;Белый и пушистый;avatars/7297255664.jpg;andrewgiftschat
7297358732;;;;;tproger_chat
7298419654;макс;u_lox;;avatars/7298419654.jpg;andrewgiftschat
7302908703;Ⓝ︎|ᵏ🅸︎𝓽A;NikiDashik;#викаимашапикмухи;avatars/7302908703.jpg;andrewgiftschat
7303080379;;;;;rabota_chaty1
7304304243;Daser;daser_21;Нфт не продаю пишишь-ЧС(блок) | Лах |Sonwilz Love | Гарант | Отзывы есть;avatars/7304304243.jpg;andrewgiftschat
7305391788;𝚊𝚋𝚍𝚞𝚕𝚕𝚘𝚓𝚘𝚗𝚘𝚟 | продаю тоны 🗽;abdljnv;;avatars/7305391788.jpg;andrewgiftschat
7305442135;zevs;vitalshark_500K;🦍🦍🦍🦍;avatars/7305442135.jpg;andrewgiftschat
7309061040;Vectull;Vectull;;avatars/7309061040.jpg;laravel_pro
7309945042;WW;Klesheryyy;;avatars/7309945042.jpg;andrewgiftschat
7311225842;一顆一顆一顆 [fso]@wdice;Bus1ya;;avatars/7311225842.jpg;andrewgiftschat
7316939829;CᅠO ᅠF ᅠU ᅠR 〄;homik356;The invincible must win, but sometimes it pays to be careful.;avatars/7316939829.jpg;andrewgiftschat
7316987848;С чатика;qev199;бесплатный канал- https://t.me/+PgAFUNBIWUc4Yzli АККАУНТ НЕ ОСНОВНОЙ;avatars/7316987848.jpg;python_ru
7319016947;𝖐𝖑𝖜𝖓𝖐;klwnk;;avatars/7319016947.jpg;andrewgiftschat
7319447486;Алекса;Superanimal_ockster;https://t.me/+9vakY4eMYoliZmMy ❤️;avatars/7319447486.jpg;rabota_chaty1
7325095796;彡Тебя;Loqweopxxll;;avatars/7325095796.jpg;andrewgiftschat
7325493889;кровоизлияние;agreatch4os;Darling, please worship me unless you prefer to bleed | |;avatars/7325493889.jpg;andrewgiftschat
7326254681;🔇OdDxnary#s6x⋮;oddxxnS6x;EzzzzGG!!!//⋮ ⸝⸝.mpc😔;avatars/7326254681.jpg;andrewgiftschat
7327059969;ᔦᴀйный ᑎᴀᴋᴇᴛиᴋ S ᘜyLьб0ᕫ⁹²(!)#ss;Tea_and_Ceremony;Это аргумент против которого ты не попрешь))) @your_angel013;avatars/7327059969.jpg;andrewgiftschat
7329952596;Skull;alieoplop;;avatars/7329952596.jpg;andrewgiftschat
7331395036;Hugh;;;avatars/7331395036.jpg;rabota_chaty1
7332397001;φάντασμα;Datfik1;;avatars/7332397001.jpg;andrewgiftschat
7334467178;Алсу;alsy_loml;;avatars/7334467178.jpg;laravel_pro
7334472037;༒•N𝒾k𝒾𝕥ⱥ•༒;Pesikk_kotik;"Ninjago best P.S ninjas don't give up ;)";avatars/7334472037.jpg;andrewgiftschat
7339939094;katerinashutkina;Hoffman524;;;python_ru
7342525250;Dima🙃;Dima1076;LuBly cpat;avatars/7342525250.jpg;andrewgiftschat
7343025496;Raf;Xrafi;;avatars/7343025496.jpg;andrewgiftschat
7344045027;Mister_S;MisTer_SaV;https://t.me/patrickstarsrobot?start=7344045027 просто лучший;avatars/7344045027.jpg;andrewgiftschat
7345806347;Фируз;FiruzManager;https://t.me/+anEY2cnEoEVhZjcy;avatars/7345806347.jpg;rabota_chaty1
7346371787;SoulLive;Sky1Bee;;avatars/7346371787.jpg;andrewgiftschat
7346769129;🥀｡･♡ℬ𝒶𝓃ℊ𝒞𝒽𝒶𝓃𝒶𝒶𝒶♡･｡🥀;Im_dead_143;;avatars/7346769129.jpg;andrewgiftschat
7348050656;;;;;rabota_chaty1
7348066589;Ханна;;;avatars/7348066589.jpg;rabota_chaty1
7350528409;;;;;rabota_chaty1
7351237008;Егор;;;;rabota_chaty1
7354339253;Егор крииид;mnenorm_ok;-ʙᴏɜьʍи ᴛᴇᴧᴇɸᴏн дᴇᴛᴋᴀ, я ɜнᴀю ᴛы хᴏчᴇɯь ᴨᴏɜʙᴏниᴛь @loner534;avatars/7354339253.jpg;andrewgiftschat
7354440748;monster;anonimkitoprop;;avatars/7354440748.jpg;andrewgiftschat
7355899043;Діма;Auf22898;;avatars/7355899043.jpg;andrewgiftschat
7358625207;Jéssica C. 🔥;;;;rabota_chaty1
7359070134;;;;;rabota_chaty1
7359772328;КРАССАВЧИК;;;;rabota_chaty1
7359930639;آبْوٓ ݽِفيّانُ التَدّمُِرِيّ𓏺⁵¹¹;z_e_n_511;لسَت سَهݪا أنا صَاحبَ البَدايَة وقائدَ النهايَة.;avatars/7359930639.jpg;andrewgiftschat
7363809488;Unkill;UnkillThis;;avatars/7363809488.jpg;andrewgiftschat
7365398147;tony;TONl_STARK;;avatars/7365398147.jpg;andrewgiftschat
7366348718;;;;;rabota_chaty1
7366802526;Злата;visrise;;avatars/7366802526.jpg;rabota_chaty1
7369243240;;;;;rabota_chaty1
7370655817;Dang #astifam #foreveryoung;cuqzo;- ᴀ ғᴀᴍɪʟɪᴀʀ sᴄᴇɴᴀʀɪᴏ, ᴡɪᴛʜ ᴏɴʟʏ ɴᴜᴍʙᴇʀs ᴀɴᴅ ғᴀᴄᴇs ᴄʜᴀɴɢɪɴɢ... 🕸;avatars/7370655817.jpg;andrewgiftschat
7370973454;Вероника;angel_girll2;Я на все готова просто знай детка ты моя дамаlove❤️ @kissyourlipslol;avatars/7370973454.jpg;andrewgiftschat
7371447792;Рыбалочка;MDfish_bot;"🎣 Союз рыболовов - @glavrubsoyz


🧑‍💻 Сотрудничество - @emperort1me

t.me/rubalovka

t.me/monkeys_giveaways";avatars/7371447792.jpg;andrewgiftschat
7373510549;V͟A⃠𝑫𝕀🇲;Vadimator22;Люблю играть в игры Rockstar Games,такие как Red Dead Redemption 2 и Grand Theft Auto 5;avatars/7373510549.jpg;andrewgiftschat
7374606114;DELETE;Maintou5566;˚ ✦ . . ˚ . . ✦ ˚ . ★ . . ˚ * ✦;avatars/7374606114.jpg;andrewgiftschat
7374708516;;;;;rabota_chaty1
7375089086;AXPO;;@info_axpo - Информация и навигация. @axpo_ysly - Информация по услугам. @FlagMdney - Отзывы.;avatars/7375089086.jpg;andrewgiftschat
7380340869;Chris;;;;laravel_pro
7380399030;에고르❤️;EgorikRuznikov_tyt;;;andrewgiftschat
7381945106;بیژن;bijan377m0ph;я не чурка;avatars/7381945106.jpg;andrewgiftschat
7382683470;Ajam;;;;tproger_chat
7385520416;редиска⁶⁹🫜🫜;palinaa67;;;andrewgiftschat
7386933807;Irlerveron;sQBhph;;;rabota_chaty1
7387621271;;;;;rabota_chaty1
7387623746;Устим;;;avatars/7387623746.jpg;laravel_pro
7387981122;Baba;;;;tproger_chat
7388882390;Brando ¹¹⁰+ rews🌮;notbyea;ЧАКАПАААЙ;avatars/7388882390.jpg;andrewgiftschat
7390046646;Фурри Император Фурривеч²⁵;oskolochek25;Самый лучший флуд #Psht и крутой #NST;avatars/7390046646.jpg;andrewgiftschat
7391998022;𝓐𝓻𝓶𝓮𝓷159;king151790yae;🖕🖕🖕;avatars/7391998022.jpg;andrewgiftschat
7393721236;ꮶ𝓸ṧ𝘵Ўά 𝑳𝒒;KoStyA_Lqqq;Всем привет 👋;;andrewgiftschat
7395383542;бибиай;RateMySwag;WW;avatars/7395383542.jpg;andrewgiftschat
7395833343;Stay^᪲᪲᪲•°•°•°;seunngin13;Анон:http://t.me/anonaskbot?start=uatufjn;;andrewgiftschat
7396072347;;;;;python_ru
7396753794;;;;;rabota_chaty1
7396787946;Михаил;mikegredev;;;laravel_pro
7397861638;;;;;rabota_chaty1
7398320086;;;;;python_ru
7398460764;𝙱𝚎𝚜𝚔𝚘𝚗𝚎𝚌𝚑𝚗𝚘𝚎 𝚕𝚎𝚝𝚘;Ssssssssakura;— 𝐼 𝑤𝑎𝑠 𝑠𝑐𝑎𝑟𝑒𝑑 𝑡𝑜 𝑡𝑎𝑘𝑒 𝑎 𝑏𝑟𝑒𝑎𝑡ℎ... @preser6 🫂❤️ || - 𝑻𝒐 𝒅𝒊𝒆.;avatars/7398460764.jpg;andrewgiftschat
7398535697;Владимир Соколов;gravellinessSnakemouths;;avatars/7398535697.jpg;laravel_pro
7399012785;Billy;Billy_Ii;;;rabota_chaty1
7403640071;❤️‍🔥;qqlagyshka;;avatars/7403640071.jpg;andrewgiftschat
7403948305;dimaxcore🇲🇩;Andiewg;;avatars/7403948305.jpg;andrewgiftschat
7404387261;ViTALIX $$$;;;;andrewgiftschat
7404803724;nnya69;;стану популярным в интернете, заработаю себе кучу бабла;avatars/7404803724.jpg;andrewgiftschat
7405456425;𝑆𝑙𝑎𝑦_𝑘𝑖;slay_kii;I'm Slay and you're fucked;avatars/7405456425.jpg;andrewgiftschat
7405866985;Егор;respect_movements;;avatars/7405866985.jpg;laravel_pro
7407084410;L I A N A 🪽;lianagtr;;avatars/7407084410.jpg;rabota_chaty1
7407595929;Sunny;sunny73945j1kj;Аватарки стоят с 2016 года, не введитесь на фейки.;avatars/7407595929.jpg;andrewgiftschat
7408188101;Danil;danilgerman2024;;;laravel_pro
7408923259;Алиса;Alidsq;;avatars/7408923259.jpg;rabota_chaty1
7411102396;Steve;;;avatars/7411102396.jpg;python_ru
7413598950;hyxxúii.;hyxxuii;«сойдем с ума вместе» | @zumchizz сиссськи;avatars/7413598950.jpg;andrewgiftschat
7417147072;Аксинья;rffxdhbgd;;avatars/7417147072.jpg;laravel_pro
7417238541;KLEND☣️;ckIend;;avatars/7417238541.jpg;andrewgiftschat
7419839535;Inzo Dev;InzoDev;Your Global Dev Partner, Just One Click Away;;laravel_pro
7424581864;𝔏𝔦𝔣𝔢 𝔦𝔰 𝔩𝔦𝔨𝔢 𝔞 𝔡𝔯𝔲𝔤 #⩇⩇:⩇⩇ #🇰🇬;myloveisfall;— ??? | † — йоу, я ламинат | I love you @Bibi12vivi;avatars/7424581864.jpg;andrewgiftschat
7424866294;Джени;;https://t.me/+oJMKb4BS7ORmMTk6;avatars/7424866294.jpg;rabota_chaty1
7426881490;минетова;m3tadonovay;— ᴛʀᴜꜱᴛ ᴍᴇ ɪ ɢᴏᴛ ɴᴏᴛʜɪɴɢ ꜰᴏʀ ʏᴏᴜ ᴏᴛʜᴇʀ ᴛʜᴀɴ ʟᴏᴠᴇ @Chelovikii;avatars/7426881490.jpg;andrewgiftschat
7427735623;ℳℴℴ𝓃;Itsitipp;— Ꭲы ɜʙучиɯь ᴋᴀᴋ ᴋᴧᴀᴄᴄиᴋᴀ – ᴄᴩᴇди ᴄᴏʙᴩᴇʍᴇннᴏй ʍᴀᴄᴄы! 💋🎻 @Hikkwor;avatars/7427735623.jpg;andrewgiftschat
7427909168;Master kot;O60fps;Super master kot;avatars/7427909168.jpg;andrewgiftschat
7428347998;хохля;bodyanqkcg4;@mywife || Member of TON Elite ||| Member of TG Elite || Adm @chatmeta;avatars/7428347998.jpg;andrewgiftschat
7430691839;C1trus;C1trus1;Сатану на бутылку;avatars/7430691839.jpg;rabota_chaty1
7430869319;Adelya;;;;tproger_chat
7431805961;// // /// /;marleypad;http://t.me/anonaskbot?start=pm8obha vv;avatars/7431805961.jpg;andrewgiftschat
7432949689;Cblp;gwertky;;avatars/7432949689.jpg;andrewgiftschat
7433962167;Afk. #creepy;pidrMe;Связь по бизнесу — через личные.;avatars/7433962167.jpg;andrewgiftschat
7439804358;I M 12;inmayns;;;rabota_chaty1
7442689441;ᅠ;BEST_VITE;;avatars/7442689441.jpg;andrewgiftschat
7446060963;Ши;Meli_nall;;avatars/7446060963.jpg;andrewgiftschat
7447418565;🙂;killerapalatov;@ffamelistt;avatars/7447418565.jpg;andrewgiftschat
7447857353;Dessirgon;Dessirgon;Жизнь не Дубай, тралалело тралалай;avatars/7447857353.jpg;andrewgiftschat
7449088800;Ігор;malfurios1;;;laravel_pro
7450964228;Ashley;;;;rabota_chaty1
7452279643;ᥴᥣ᧐ᥕᥒᥣᥙɗ ⁷⁰⁰⁺;;[ Clownlud_Stars_bot.t.me ] × [ Clownlud_VPN_bot.t.me ] × [ all_reviews_clownlud.t.me ] × [ nepozorsebya.t.me ] × [ clownlud_ban_bot.t.me ];avatars/7452279643.jpg;andrewgiftschat
7452526519;Лед;gadpel;;avatars/7452526519.jpg;andrewgiftschat
7453378293;🍎PLUPIR🍎;Outlast67;30/100;avatars/7453378293.jpg;andrewgiftschat
7453796010;༒†✞病た-|Snecky病た†✞ ᅠ ᅠ ᅠ ᅠ ᅠ ᅠ @ SpikeTelegram ᅠ ᅠ ᅠ;Astrallordes;;avatars/7453796010.jpg;andrewgiftschat
7454349054;ne;nesnimiblyat7h5y;https://t.me/+NT6b4gmMjKJkM2My;avatars/7454349054.jpg;andrewgiftschat
7454698547;ᅠ ￴￴￴￴;gelechkasexs;https://t.me/patrickstarsrobot?start=7454698547;avatars/7454698547.jpg;andrewgiftschat
7456088025;.doshikopol;keywerty6tq;мне бы только хихоньки да хахоньки;avatars/7456088025.jpg;andrewgiftschat
7457076380;magl;Maglyq;;avatars/7457076380.jpg;andrewgiftschat
7457716620;SAMIR;malikov_717;سورة آل عمران;;andrewgiftschat
7459777519;ຣuꮮꮠꮶ;Maximumlevels;@kanal_331;avatars/7459777519.jpg;andrewgiftschat
7459890013;¡𝐤𝟏𝐥𝐥𝐞𝐫♱;bloody_k1ller;fuck rest of them. fuck em all- @KY0T0BY https://t.me/patrickstarsrobot?start=7459890013;;andrewgiftschat
7459902213;;;;;rabota_chaty1
7460564936;Саша;gQhQOPi;;avatars/7460564936.jpg;andrewgiftschat
7462465903;leymik;leymik52;Если вы хотите купить мой нфт то говорю сразу стоит на плеероке 950₽;avatars/7462465903.jpg;andrewgiftschat
7463266812;𝑽𝒊𝒏𝒄𝒆𝒔;ak1mane;-vibe @maximbobik789;avatars/7463266812.jpg;andrewgiftschat
7464374767;;;;;rabota_chaty1
7467266137;АДМИН АКУЛА🦈;Masha2010a;https://t.me/+7yuJsuMPY4UzODcy;avatars/7467266137.jpg;andrewgiftschat
7467419333;Лола;;https://t.me/+MT2Ggos0wFU4ZDcy Подавайте заявку, Отвечу сразу !;avatars/7467419333.jpg;rabota_chaty1
7467441606;Василиса;petrov_vasilisa;Новосибирск. Фотограф, люблю природу 📸 @loves5mona;avatars/7467441606.jpg;rabota_chaty1
7468474457;.;REMPAL1;Под защитой — @cislog. Кентяра-@sallyseng @ketchup_edit;avatars/7468474457.jpg;andrewgiftschat
7468819863;Олечка;;;avatars/7468819863.jpg;rabota_chaty1
7469668029;Dangerous stromik;GORDblY_Mens1kor;;;andrewgiftschat
7470117274;Werment 🍸;Werment0;;avatars/7470117274.jpg;andrewgiftschat
7470183170;Иван;vanya0704;;;tproger_chat
7472185995;;;;;tproger_chat
7472346786;wwwwwwwwwwwwwww;werqqpkxdhjw;;avatars/7472346786.jpg;andrewgiftschat
7472392832;Яна ❤️;;;avatars/7472392832.jpg;rabota_chaty1
7472682835;Neyn;BroNeyn;Prime ⏳ @paketachat;avatars/7472682835.jpg;andrewgiftschat
7473329671;parishkaa;pariishkk;все без слов , по глазам понимает @aleksandrvayana 💘;avatars/7473329671.jpg;andrewgiftschat
7474732369;CodSheng;;ⓘ Данный аккаунт находится в федеральном розыске Российской Федерации;avatars/7474732369.jpg;python_ru
7483257796;( -_•) animalov † ℚ𝕏𝕍𝔼𝕃𝕃? ▄︻デ══━一;QXVELL;@Animalovlist @wuniixvn 頭の中の声とホワイトノイズが混ざっている;avatars/7483257796.jpg;andrewgiftschat
7485268328;Терлан;nitto_kumar_65bwue;@Jackw - это место для заработка. не даю в долг;avatars/7485268328.jpg;andrewgiftschat
7485941123;Sol;Fledjikey;Тут ничего нет;avatars/7485941123.jpg;andrewgiftschat
7489141585;BanZo #xvk #zxw #komaru #745;Banzo_edit;https://t.me/banzo_op подписывайся на мой тгк;avatars/7489141585.jpg;andrewgiftschat
7490141025;𝐅𝐥𝐚𝐦𝐞 𝐄𝐱𝐭𝐞𝐜𝐭 | 𝐎𝐛𝐦𝐞𝐧𝐧𝐢𝐤 $ | 𝟖𝟎+ 𝐫𝐞𝐯𝐢𝐞𝐰𝐬;fIame_extect;@otzivflame - 𝐑𝐞𝐯𝐢𝐞𝐰𝐬 @ruchenyas - 𝐑𝐮𝐜𝐡;;andrewgiftschat
7490272913;Nekinsy;nekinsy;;avatars/7490272913.jpg;laravel_pro
7490312819;Миржалол;rakhmatjonovm;PHP | Back-end Developer;avatars/7490312819.jpg;laravel_pro
7490793669;Диана;Shabashkina1;Все самое интересное тут https://t.me/+VcIdKE4CTGY3NDEy;avatars/7490793669.jpg;python_ru
7490895990;𝙏𝙤𝙧𝙖𝙭.𝙭𝙭𝙭;toraxxx;"—ᴋᴀждый дᴇнь дᴩуᴦ дᴩуᴦу ᴨиɯᴇʍ ""зᴀя я ᴧюбᴧю ᴛᴇбя"" @Yr44ik";avatars/7490895990.jpg;andrewgiftschat
7494542329;Самуил;;;;rabota_chaty1
7495540306;G;DurovDolbayeb;;avatars/7495540306.jpg;andrewgiftschat
7495811314;Жопа;Nazarep_111;;avatars/7495811314.jpg;andrewgiftschat
7495962029;Ден;den56565;;avatars/7495962029.jpg;laravel_pro
7499890416;Тимофей;t1gord;;;laravel_pro
7502629818;;;;;tproger_chat
7502860206;Kavey;NarzzvlloQtb;;;python_ru
7502934641;Софья;Goty778;встань на колени и приляг, прислушайся к себе, — сказала она. — Подума;avatars/7502934641.jpg;python_ru
7505531518;Ариана;;;;rabota_chaty1
7506082536;𝒃𝒄𝒌𝒚🦾👀;sgtbb;;avatars/7506082536.jpg;andrewgiftschat
7506869754;­;sddvinv;;;andrewgiftschat
7507642880;гав;GAWW_GAWW;- первый напишу тебе в этот вечер @DYRANEMAIL 🩷;avatars/7507642880.jpg;andrewgiftschat
7507896686;Модест Веркулич;Ruuji31;ალექსანდრ;;laravel_pro
7508127464;Ggdfhu;;;;rabota_chaty1
7508361367;gairik;gairikindia;;avatars/7508361367.jpg;laravel_pro
7510183419;Имя;Agusha_agusha1;грнрнрг @Love_Agusha;avatars/7510183419.jpg;andrewgiftschat
7510310805;Armen;mRaSZHStgSx;BUY and SELL CHILD PORN @MngGrand4 @Moskva721593bot;;rabota_chaty1
7512856553;𐙚𝕊𝕟𝕖𝕫𝕙𝕠𝕜;Sneg68;;avatars/7512856553.jpg;andrewgiftschat
7512973577;Василий;VasilijTitov77;;avatars/7512973577.jpg;rabota_chaty1
7513680290;leo;leo_leopold_kkk;L’œil gauche sert à t’oublier, l’œil droit sert à se souvenir de toi.;avatars/7513680290.jpg;andrewgiftschat
7516721787;;;;;rabota_chaty1
7518305348;;;;;rabota_chaty1
7518733257;Апфия;AmphithuronGorgoniaceous;;;rabota_chaty1
7519085456;;;;;rabota_chaty1
7520250353;⋆˖⁺‧₊☽ᴦρᥱчκᥲ 🐈‍⬛|| #сатоши ム₊‧⁺˖⋆;ssqweix;яяя блять люблю тебя, ты скажешь мудак и будешь права @Alisaii9x ❤️‍🔥;avatars/7520250353.jpg;andrewgiftschat
7520430321;Qwerty;;;;laravel_pro
7520682684;#𝐖𝐄𝐗𝐂 | @???;sexWexfo;;avatars/7520682684.jpg;andrewgiftschat
7520885205;Oleg;olegfreddhjv;Менеджер по работе со стартапами Российского венчурного форума;avatars/7520885205.jpg;laravel_pro
7521928179;Dmitriy;;;avatars/7521928179.jpg;laravel_pro
7523205063;Александра;Alexadkfn;;avatars/7523205063.jpg;rabota_chaty1
7524194399;Julioo_Sousaa;JulioSousa2026;;;python_ru
7525537886;;;;;rabota_chaty1
7527126480;Chord;Chord_c_gitaroy;Не будь как все! Борись с системой! Купи WinRAR!;avatars/7527126480.jpg;laravel_pro
7528023575;Жирдяй;popka_ogurchika1;-I have a Melodie, always in Harmony @popka_ogyrchikaa;avatars/7528023575.jpg;andrewgiftschat
7530736191;👨‍🦽;zerl0ziz;;avatars/7530736191.jpg;andrewgiftschat
7533658924;𓏲ּ𝄢⃟Ᏸɼσσɱ;well1kk;—у меня на тебя есть особые планы @W3XXXD/ @Kotuk_123007 слобода;avatars/7533658924.jpg;andrewgiftschat
7533827292;Алеся;;;avatars/7533827292.jpg;tproger_chat
7536588262;F1nhi [раздаю подарки в био];F1nhi;рекламный manager | игнор = неинтересно | @F1nh1Starsbot - ⭐️ 1.4₽ |;avatars/7536588262.jpg;andrewgiftschat
7536932264;Kelarra;;;;rabota_chaty1
7537521713;Diana Sidorova;vwwa333;;avatars/7537521713.jpg;laravel_pro
7540358817;✧𝙀𝙚𝙣𝙞𝙭𝙞𝙟;Eenixij;Wait, what?;avatars/7540358817.jpg;andrewgiftschat
7540526239;баскет крыльев кфс #tonkiper;BIack9770;!!! ВНИМАНИЕ!!! ОСНОВА;avatars/7540526239.jpg;andrewgiftschat
7540776437;Vita;;https://t.me/+uBegBXEBHkcxOTNi;avatars/7540776437.jpg;rabota_chaty1
7540920246;🎄TIKTOMAG🎄;Tiktomag321;;avatars/7540920246.jpg;andrewgiftschat
7541049639;линькалала;nnl_ff;, https://t.me/+DHB6x8uxVe1mYzMy ,;;andrewgiftschat
7541124637;Ле;Catik_bas;🏔️🗻 живу на Аппалачах;avatars/7541124637.jpg;andrewgiftschat
7541216373;Mᴀriuᴩᴏl;;km no | мои фанаты: @Boprosbikal @mashaaaaaaaaa0 @xuwoa @nwasneIIi @Bakinskiy_979 @sexbroshka @camoybicew @Penissss223 @youbegoingcrazy;avatars/7541216373.jpg;andrewgiftschat
7544493632;Johnson;jonmkhf;;avatars/7544493632.jpg;tproger_chat
7545429137;Anton;;;;laravel_pro
7546339334;Savage;savagebussinesxii6;@winpaco — твоя любимая игровая зона!;avatars/7546339334.jpg;andrewgiftschat
7547168174;;;;;rabota_chaty1
7547213249;Смолик;Smolaska;06.10.2025❤️‍🩹;avatars/7547213249.jpg;andrewgiftschat
7547464919;Ариадна;Ariadna_62dad;;avatars/7547464919.jpg;rabota_chaty1
7548499403;);;;;laravel_pro
7548640725;;;;;rabota_chaty1
7549986981;"Позывной „Илюшенция"" #мирный";;Свобода или смерть. @deuifv_bot;avatars/7549986981.jpg;andrewgiftschat
7550463439;Варвара;ehkxfmhm_56zpxesbydd;;;rabota_chaty1
7551692087;CINFORTECH;cinfortech;Serviços de TI;avatars/7551692087.jpg;laravel_pro
7552052868;эмилия;emiliasyi;и я снова в хлам, но только с тобой я счастлив по-настоящему;avatars/7552052868.jpg;andrewgiftschat
7552199366;Орион;zillaHR;;avatars/7552199366.jpg;rabota_chaty1
7553113904;°•Неизвестно •°;Angelikaffff;𝑪𝒂𝒏'𝒕 𝒘𝒂𝒊𝒕 𝒕𝒐 𝒔𝒆𝒆 𝒉𝒊𝒎, 𝒉𝒆 𝒍𝒐𝒐𝒌𝒔 𝒍𝒊𝒌𝒆 𝒔𝒐𝒎𝒆𝒕𝒉𝒊𝒏𝒈 𝒕𝒉𝒂𝒕 𝑰'𝒅 𝒔𝒆𝒆 𝒂𝒕 𝒂 𝒎𝒖𝒔𝒆𝒖𝒎 🚬 @yeddokk;avatars/7553113904.jpg;andrewgiftschat
7553373094;Ксения;;https://t.me/+xiUPiKUU2jVhMGIy;avatars/7553373094.jpg;rabota_chaty1
7556304824;Cylian;;;;rabota_chaty1
7556364904;Пашка 75;Bretsds;#dsk #свтя;;andrewgiftschat
7558259415;~●○•°GuHyN°•○●~;sheepgoa;🐷🐖🐽;avatars/7558259415.jpg;andrewgiftschat
7558369366;Rasvet #Ghost killers;Rasvet_Ghostik;;avatars/7558369366.jpg;andrewgiftschat
7559261445;mossab;i08yg;;;python_ru
7560075498;Mr;;;;laravel_pro
7560522103;dishaаа🛐;Disha4ka_disha;Занята@D1vestar https://t.me/duckearnbot?start=ref_7560522103;;andrewgiftschat
7560617726;𝓘𝓬𝓱 𝓵𝓲𝓮𝓫𝓮 𝓚𝓼𝔂𝓾𝓼𝓱;lovelyNilpferd;Ужᴇ ʍнᴏᴦᴏ ᴧᴇᴛ ᴛᴇбя ᴩядᴏʍ нᴇᴛ@L12XD;avatars/7560617726.jpg;andrewgiftschat
7561105297;Andriy;Andrew7054;;;andrewgiftschat
7561857193;artymos 💯 | турбо вибратор @AdvanceStars_Bot;Artqwwr;@AdvanceStars_Bot - первый игровой бот на телеграм звезды 🌟;avatars/7561857193.jpg;andrewgiftschat
7562236322;Яна;pepsinateJujube;124188;avatars/7562236322.jpg;rabota_chaty1
7562275848;;;;;rabota_chaty1
7563940025;Анька🐾;anchik24;Отдохнем?😇;avatars/7563940025.jpg;rabota_chaty1
7565192849;Pavel;HappySlucker;Ты сделал ход в пользу жизни, но истина ярче и искренность чище.;avatars/7565192849.jpg;laravel_pro
7565211851;Василий Тинькофф;kaitomeiko;хонкай импакт топ;avatars/7565211851.jpg;andrewgiftschat
7566549675;аri.eхe;ariexe18;-i think i'll miss you forever @Virt_w 💕/ tt: ari_exe1;avatars/7566549675.jpg;andrewgiftschat
7567476680;;;;;rabota_chaty1
7567758942;ҩнᾧ;weilqxQ;ты мне снишься часто и поэтому я сплю;avatars/7567758942.jpg;andrewgiftschat
7569297556;Назира;;;;rabota_chaty1
7570387178;milhua;kiviesha;my girl @Sofa_tatgren;avatars/7570387178.jpg;andrewgiftschat
7570751183;Konstantin;;;avatars/7570751183.jpg;laravel_pro
7571276308;koshmar;q812o;[м,м,с,а];avatars/7571276308.jpg;andrewgiftschat
7571495411;𝓙𝓮𝓷𝓲𝓮;evgenixpr;;avatars/7571495411.jpg;andrewgiftschat
7571502842;Леночка;Soulwork1;🪬Work🪬;avatars/7571502842.jpg;rabota_chaty1
7573480031;Оо;Poologc;;avatars/7573480031.jpg;python_ru
7573807667;*•̩̩͙•̩̩͙*˚Чуя ˚*•̩̩͙•̩̩͙*˚;Lizka6_6;;avatars/7573807667.jpg;andrewgiftschat
7573992448;ᅠ xrist jesus;;;avatars/7573992448.jpg;andrewgiftschat
7574950896;ᴀᴅᴇʟʟ ᴅ'ᴍɪʀʀᴏᴡ;whelix;𝑦𝑜𝑢'𝑟𝑒 𝑚𝑦 𝑏𝑒𝑠𝑡 𝑓𝑟𝑖𝑒𝑛𝑑, 𝐼'𝑙𝑙 𝑙𝑜𝑣𝑒 𝑦𝑜𝑢 𝑓𝑜𝑟𝑒𝑣𝑒𝑟 @janjing_forever ! ᴱˢᶜ ! ᵈ‘ˢ ! ᴇ'ᴡʟ ! HELL ! avt;avatars/7574950896.jpg;andrewgiftschat
7576498047;🐚🫧🪽💨;Kit_3939;;avatars/7576498047.jpg;andrewgiftschat
7577610103;Кристина;;;avatars/7577610103.jpg;rabota_chaty1
7579100872;Weeessol;Weeessol;;avatars/7579100872.jpg;andrewgiftschat
7579108502;vleshh;vlewo;—все религии мира безумно пиздят. жизнь одна и жить нужно интересно;avatars/7579108502.jpg;andrewgiftschat
7579666971;♱#𝒗𝒂𝒎𝒑#♱;vamp_67;.;avatars/7579666971.jpg;andrewgiftschat
7580890955;рина крутая;ssqeri;https://t.me/ssqerit я и Яна канон;avatars/7580890955.jpg;andrewgiftschat
7581272953;Toby;Toby_777777;;avatars/7581272953.jpg;andrewgiftschat
7581721590;НН;CAXAPOK_Io;;;andrewgiftschat
7584467544;Коробка;Mysterious_Package;Настоящая коробка;avatars/7584467544.jpg;andrewgiftschat
7584651165;Веня;;;;rabota_chaty1
7584791899;Мирон;bxlbreosrBO;;;rabota_chaty1
7586309866;ᅠ;nasilp;;avatars/7586309866.jpg;andrewgiftschat
7587294302;Masha;Dustin_Lucas_Will_Mike_Me_Hawkin;;;andrewgiftschat
7587538502;;;;;rabota_chaty1
7589711881;Руслан;;;;rabota_chaty1
7589720747;Pepe;oxxzzy;I'm Pepe;avatars/7589720747.jpg;laravel_pro
7590129037;Владимир;VladimirLebedev_c;;avatars/7590129037.jpg;rabota_chaty1
7590231164;Dzianis;asmodeyby;;;laravel_pro
7594218444;Смородина/;vikksmrr;-𝐓𝐡𝐞 𝐩𝐫𝐞𝐭𝐭𝐢𝐞𝐬𝐭 𝗯𝐨𝐲 𝐈𝐯𝐞 𝐞𝐯𝐞𝐫 𝐬𝐞𝐞𝐧 @sapph1ra_v;avatars/7594218444.jpg;andrewgiftschat
7595140361;🪽;kiisylecka;;;andrewgiftschat
7595386062;saa🌿;Nopa00;;;andrewgiftschat
7595498310;;;;;rabota_chaty1
7595910612;HA;;;;laravel_pro
7596564006;Руслан;;;;rabota_chaty1
7598335853;djjjeeeuu;daswertytg;.;;andrewgiftschat
7598471727;Txxbture;;;;rabota_chaty1
7598540177;ᅠ;;;;andrewgiftschat
7599461302;;;;;rabota_chaty1
7600733781;Клоун Маньяков;gonacev;я папочка всех сучек 𝄞. discuss the $workings user ton !;avatars/7600733781.jpg;andrewgiftschat
7601187221;шпион #GOD;Lykazz1;;avatars/7601187221.jpg;andrewgiftschat
7601549813;....;Slava677667;...;avatars/7601549813.jpg;andrewgiftschat
7602323249;морфий;morfiygarant;morfiy garant 2% | rep: @belgianft | скупаю ваши подарки | сверяй тег;avatars/7602323249.jpg;andrewgiftschat
7605155550;;;;;rabota_chaty1
7606473109;qweuts;qweuts7;.;avatars/7606473109.jpg;andrewgiftschat
7607516314;Angell;llzaenkall;;avatars/7607516314.jpg;andrewgiftschat
7607547895;🧑🏻‍🦲;skittelsc;;avatars/7607547895.jpg;andrewgiftschat
7608275213;𓆩𝕶𝖗𝖎𝖘𝖙𝖎𝖓𝖆𓆪;nrr1xxxi;;;andrewgiftschat
7608501891;𝐄𝐑𝐙𝐎𝐎𝐍;erzoon;Infidelity is one of the worst sins of humanity | SpamBlock - @Erz00n_bot;avatars/7608501891.jpg;andrewgiftschat
7609100184;•;liyer_kus;🦧;avatars/7609100184.jpg;andrewgiftschat
7609349276;;;;;rabota_chaty1
7609814720;;;;;rabota_chaty1
7610211457;Юлия;diiu13;;avatars/7610211457.jpg;rabota_chaty1
7610308397;Татьяна 🎨 28;;;avatars/7610308397.jpg;rabota_chaty1
7614645248;Formula 1;mirrors_house_speed;;avatars/7614645248.jpg;andrewgiftschat
7615017020;Ирина;;https://t.me/+rYCeDWKtExU4ZDYy;avatars/7615017020.jpg;rabota_chaty1
7615065019;Koreshok;tg_user_tg_user;;avatars/7615065019.jpg;andrewgiftschat
7615736963;Павел Тонов;PaulTonov;;avatars/7615736963.jpg;andrewgiftschat
7616863231;wrk;ebanushkin;✔️;avatars/7616863231.jpg;andrewgiftschat
7617070996;Артур;kvbkjhbjhb;;;rabota_chaty1
7617701291;タカタ 🌷;Yaponiiyaa;Сеул;avatars/7617701291.jpg;andrewgiftschat
7618226838;任 | ш1пy4kа.! .;Moon_lezzy;"ᴇᴄᴧи чᴛᴏ, бᴇɜ ʍᴏнᴇᴛᴏчᴋи нᴇ жиᴛь, и бᴇɜ "" ᴇ "" ᴛᴏжн 🍥💞 (⁠^⁠^⁠)";avatars/7618226838.jpg;andrewgiftschat
7619037511;zxcvbnm;;;;rabota_chaty1
7619077423;Закон Мёрфи;Dotaro_kudo2;Если что-то должно пойти не так, оно пойдет не так;avatars/7619077423.jpg;andrewgiftschat
7619695072;𝒊;ivannka_chess;dreams don't work unless you do;avatars/7619695072.jpg;andrewgiftschat
7620343843;𝐅𝐫𝐚𝐳𝐞;Frazzze;𝑺𝑻𝑨𝒀 𝑯𝑨𝑹𝑫! 🍀 - @KittyMars;avatars/7620343843.jpg;andrewgiftschat
7621948666;992;retah_k;мы навсекда;avatars/7621948666.jpg;andrewgiftschat
7621986953;𝕲𝖍𝖔𝖘𝖙;Diablaxxb;"""Hard work doesn't always guarantee success""";avatars/7621986953.jpg;andrewgiftschat
7622024996;frosty_072;frosty_072;тгк: https://t.me/hatafrosty_072;avatars/7622024996.jpg;andrewgiftschat
7623226599;¯\_(ツ)_/¯AZER¯\_(ツ)_/¯;NeyAzer;Visca el barça;avatars/7623226599.jpg;andrewgiftschat
7624700585;Артур;Artop_21;;;andrewgiftschat
7628847862;Bur;filpipp;Стримы и розыгрыши @mihuliotg;avatars/7628847862.jpg;rabota_chaty1
7630252798;;;;;rabota_chaty1
7630491249;Manager;manager_1313;всё потихонечку;;andrewgiftschat
7630706739;Жора;;;avatars/7630706739.jpg;rabota_chaty1
7630977284;;;;;rabota_chaty1
7631920907;𝙵𝚛𝟷𝚣𝚣𝚈𝚔𝚜;Fr1zzyks;勇気を持つ者は決して無力ではない;avatars/7631920907.jpg;andrewgiftschat
7632237431;Владимир;D1as_02;;;rabota_chaty1
7633158474;𝙇𝙤𝙖𝙙𝙞𝙣𝙜...;FeykXD;#БезНфтОтИндиго;avatars/7633158474.jpg;andrewgiftschat
7633946547;⋆𝓜𝓸𝓸𝓷⋆🍀;Tiger_rarr;;;andrewgiftschat
7635412027;Софья;nazsoni;;avatars/7635412027.jpg;rabota_chaty1
7638666526;Jahongir;;@AdvanceStars_Bot - первый игровой бот на телеграм звезды 🌟;avatars/7638666526.jpg;andrewgiftschat
7639756180;Николай;M4gnetic;;avatars/7639756180.jpg;laravel_pro
7642710613;#Pin.0к;SadP1geon;Ѧⴼⵤⵟⴷ ᗐⵟगⵖⵟⵜ ᗑⵔЁ ⵍᗑⴳ, ⴼⵔⵖѣⵚ ⴳ ⵜⵟᎮⴳⵚ ⵎⵜᎮѦⵋ. @Kilka5115;avatars/7642710613.jpg;andrewgiftschat
7643396557;KAYF;Tezz_Borzov;Писать по делу;avatars/7643396557.jpg;andrewgiftschat
7643548683;Ибрагим;;;;rabota_chaty1
7647553363;Полинко🫦🫰🏻;polinkaxxn;;avatars/7647553363.jpg;andrewgiftschat
7648462354;#tvoypovelitel;tvoypovelitell;;;andrewgiftschat
7648993176;🤩Иришка🪽;irana696;;avatars/7648993176.jpg;rabota_chaty1
7650399329;Aiden;lifechatadmin;ИИ-психолог из @lifechattalk Слушаю, поддерживаю, не осуждаю;avatars/7650399329.jpg;python_ru
7651761979;;;;;rabota_chaty1
7652544565;𝐬𝐜𝐤𝐢𝐭𝐥𝐞𝐬;sckitles;игнор 2 часа и более - дублируй;avatars/7652544565.jpg;andrewgiftschat
7653897651;♥️?;Kpuc228;Последний медленный танец @raccoonsww @evk_11_shalavk @Dyrkadibilka44;avatars/7653897651.jpg;andrewgiftschat
7655714959;<3;Nionzert;;avatars/7655714959.jpg;andrewgiftschat
7656516499;Baby Tory;izabella55;;avatars/7656516499.jpg;rabota_chaty1
7657563279;Даниил;frolinii;Co-founder & CEO | Riki Freelance;avatars/7657563279.jpg;python_ru
7657725031;аааа;cupsize1233;ⲇⲉⲧⲕⲁ ⲡⲉⲣⲉⲥⲧⲁⲏь υⲅⲣⲁⲧь ⲥ ⲙⲟⲉύ ⳝⲟⲗьⲏⲟύ ⲅⲟⲗⲟⲃⲟύ-ⲟύ @madkid111///Под защитой — @cislog;avatars/7657725031.jpg;andrewgiftschat
7658037732;виталик;ma_rs185;@UGSGAME;avatars/7658037732.jpg;andrewgiftschat
7659025626;.;yebok49;;;andrewgiftschat
7660045737;Лёнчик;;;;rabota_chaty1
7660324089;çYmrå³;cymra3;𓁈𓁉𓀀𓀁 𓀃𓀄𓀅𓀆𓀇𓀈𓀉𓀊𓀋𓀌𓀍𓀎𓀏𓀐𓀑𓀒𓀓𓀔𓀕𓀖𓀗𓀘𓀙𓀚𓀛𓀜𓀝𓀞𓀟;avatars/7660324089.jpg;andrewgiftschat
7661453221;Пальмуг бэбэ#KTN #s1k #гений #миллиардер #филантроп;Niggergei;Ыыыы цитата с шрифтом необычным типо ыыыы отметка ыыыы;avatars/7661453221.jpg;andrewgiftschat
7661647051;Миха;;;;rabota_chaty1
7662047556;;;;;tproger_chat
7662912038;Вика;SSSVIKATSSS;-зелёные глаза, так смотришь на меня @D444IMA;avatars/7662912038.jpg;andrewgiftschat
7663147048;🍀Віктор🍀🐍;ViktorKVP;;avatars/7663147048.jpg;andrewgiftschat
7663378953;;;;;rabota_chaty1
7663515462;ACE-CODM-WEST @GiftStarsin;BEPXOBHblu_nPABuTEJb;@UGSGAME @gminesbot;avatars/7663515462.jpg;andrewgiftschat
7664714181;Ёжик СИБИРЯК;DRaGmurs;;avatars/7664714181.jpg;andrewgiftschat
7664948396;;;;;rabota_chaty1
7666103834;.#mlo;;✨;;andrewgiftschat
7666866280;Djkevoo;Anhell30j;;;laravel_pro
7667346694;.;oy_ragem;;avatars/7667346694.jpg;andrewgiftschat
7667638812;Пётр;pitrohuitro2922;Нaчинaй зaрaбатывaть вместе c нaми: @QuotexW_bot;avatars/7667638812.jpg;laravel_pro
7668497046;A1777;;;;rabota_chaty1
7668499904;WorkiSs;Floriksis;;avatars/7668499904.jpg;andrewgiftschat
7668590363;Ваня;VanyaAntonov74;;avatars/7668590363.jpg;rabota_chaty1
7668987455;𝚕𝚎𝚛𝚖𝚘𝚗𝚝𝚘𝚟;lermnot;;avatars/7668987455.jpg;andrewgiftschat
7669861174;Машкинс;xxmashaxanax;цены здесь https://t.me/mashaesxe;avatars/7669861174.jpg;rabota_chaty1
7671499194;фрукис;genomov;;avatars/7671499194.jpg;andrewgiftschat
7671809334;;;;;rabota_chaty1
7672865866;Retttrerss;bonehead_Baetuli;;avatars/7672865866.jpg;rabota_chaty1
7673174144;Crow;DioCrow;;avatars/7673174144.jpg;andrewgiftschat
7673691213;;;;;rabota_chaty1
7673917257;່;Medinixk;;avatars/7673917257.jpg;andrewgiftschat
7675175932;Roman;Y010_1;;;laravel_pro
7675197202;Несс;swatvay;;avatars/7675197202.jpg;andrewgiftschat
7677703920;Олеся;;;avatars/7677703920.jpg;rabota_chaty1
7677955812;;;;;rabota_chaty1
7677981424;@𝗝𝗲𝗻𝘀𝗲𝘁𝘁𝗲𝗿🪽;nightmares_qwq;;avatars/7677981424.jpg;andrewgiftschat
7678915063;Аня;;;avatars/7678915063.jpg;andrewgiftschat
7680411756;Юлия;jquy1;;avatars/7680411756.jpg;rabota_chaty1
7681669756;𝓒𝓻𝓮𝓹𝓹𝔂𝓚𝓪𝓽 #CreppyGifts;PcKat;Просто Кот;avatars/7681669756.jpg;andrewgiftschat
7682237274;Tonchik;BYBIT000000;https://t.me/patrickstarsrobot?start=7682237274;;andrewgiftschat
7682463533;Нелли;;;avatars/7682463533.jpg;rabota_chaty1
7686229055;JUTER;Cteret;Stand ready for my arrival worm.;avatars/7686229055.jpg;andrewgiftschat
7687310612;кисаин;kisaiiinzD;любовь одна а грамма два 🌿;;andrewgiftschat
7687622994;ane4ka🎭;sab11ch;☝🏻☝🏻;avatars/7687622994.jpg;andrewgiftschat
7687937095;𝗦𝗦𝗖 𝗧𝗨𝗔𝗧𝗔𝗥𝗔.;VioletSongJatShariff;even if you're not with me, i'm with you|ОБО МНЕ @bioendresultlife.;avatars/7687937095.jpg;andrewgiftschat
7687972026;;;;;rabota_chaty1
7689819778;Ваша мать;Im_core;;avatars/7689819778.jpg;andrewgiftschat
7692272208;⚜️Журавлик🃏;Rehonya;Headshot baby! @me_avelon;;andrewgiftschat
7693107166;СОФА;RAEWDD;ℰ𝓃𝓉𝓇𝑒 𝓂𝒾𝓁, 𝓉𝑒 𝑒𝓃𝒾𝒿𝑜 𝒶 𝓉𝒾;avatars/7693107166.jpg;andrewgiftschat
7693530736;Просто я❤️‍🔥;highfrequencies1;;avatars/7693530736.jpg;andrewgiftschat
7694222607;Игорь;sslg222;;avatars/7694222607.jpg;python_ru
7694461553;Бана нет;;@BG28shop_bot - то самый магазин;;rabota_chaty1
7695669545;11:11 gang;for8ver_youngg;http://t.me/anonaskbot?start=mef7mva анон смс;avatars/7695669545.jpg;andrewgiftschat
7696166507;🪽|𐔖ццᴧυᴧьᴋ𐔖⁴⁴#ᴛы•ɯ𐔤ᴇɯь;wiwiwi2121;—ᴍᴇᴍᴏʀɪᴇs ɴᴇᴠᴇʀ ᴅᴀʏ|—ᴨᴩᴇдᴀᴛᴇᴧь однᴀжды - ᴨᴩᴇдᴀᴛᴇᴧь до ᴄᴀʍоᴦо ᴋонцᴀ;avatars/7696166507.jpg;andrewgiftschat
7696954002;Вор в законі 🇲🇽✊;thug_swag;;avatars/7696954002.jpg;andrewgiftschat
7697662103;🇬🇧𝕯𝖊𝖕 𝕺𝖋𝖋𝖎𝖈𝖎𝖆𝖑 (TESCO GUARD)🇨🇵;dep_oficial_228;tg://settings что тут такого интересного нашёл?;avatars/7697662103.jpg;andrewgiftschat
7697953494;#GDS kanae;GDS_kanae;( @kanaebio • 𝗔𝗱𝗮𝗽𝘁𝗲𝗿📰). ( @kanaegarant • 𝗥𝗲𝘃𝗶𝗲𝘄𝘀 📰). ( @kanaeruchenia • 𝗥𝘂𝗰𝗵𝗲𝗻𝗶𝗲📰 ). ( https://t.me/NftPurchasesSales • 𝗠𝗮𝗿𝗸𝗲𝘁📰).;avatars/7697953494.jpg;andrewgiftschat
7698882768;;;;;rabota_chaty1
7699222265;child;;;avatars/7699222265.jpg;andrewgiftschat
7700157147;Катюша ❤️;;;avatars/7700157147.jpg;rabota_chaty1
7700439570;Лєра;;;;laravel_pro
7700840656;𝐒𝐡𝟏𝐳𝐮𝐤𝐢𝐢;Sh1zukii;В потопе;avatars/7700840656.jpg;andrewgiftschat
7701241653;;;;;rabota_chaty1
7701455445;;;;;rabota_chaty1
7702923450;..;Vaness_na_Bloko;@AdvanceStars_Bot - первый игровой бот на телеграм звезды 🌟;avatars/7702923450.jpg;andrewgiftschat
7703768753;;;;;rabota_chaty1
7704315458;Саша;Sasha_Carber;;;andrewgiftschat
7704875149;;;;;rabota_chaty1
7705703129;Arabjon;arabjon_n;never give up on the goal;avatars/7705703129.jpg;laravel_pro
7711098980;Peter;;;;laravel_pro
7711717200;;;;;rabota_chaty1
7711913527;Фудкорд кид;Dmitrie_228;Ищу друзей.Всё время на приколе;avatars/7711913527.jpg;andrewgiftschat
7713176044;;;;;rabota_chaty1
7714019304;Eric;nBetdMUmwa;;;rabota_chaty1
7714254960;Мими;Kolomls;;avatars/7714254960.jpg;andrewgiftschat
7714531204;Lin🎀;amiam2026;;avatars/7714531204.jpg;andrewgiftschat
7715358488;ㅤㅤ;ilovemeafteru;six seven - gazan;avatars/7715358488.jpg;andrewgiftschat
7715487037;✝️;ragdolovsk;;;andrewgiftschat
7716114798;sohhr;Locaky;;;andrewgiftschat
7716207663;🦅;fruivxvj;ⓘДанный аккаунт находится в федеральном розыске Российской Федерации.;avatars/7716207663.jpg;andrewgiftschat
7718307867;лирика;drynixaa;;avatars/7718307867.jpg;andrewgiftschat
7719284898;Gag;GagJaan;Ա Կորնթացիներին 13:8;avatars/7719284898.jpg;andrewgiftschat
7721811458;ᵇᵃⁿˢʰᵉᵉ;b1nsheex;;avatars/7721811458.jpg;andrewgiftschat
7723781316;марганцовка;ritaaaRik;мотяун лох http://t.me/voprosy?start=hf46h;;andrewgiftschat
7724974372;Стас;stasrobaus;;avatars/7724974372.jpg;andrewgiftschat
7726250405;@calizeu СКУП NFT;calizeu;репа https://t.me/calizeu2, топ доверие-5000₽;avatars/7726250405.jpg;andrewgiftschat
7727042625;Moder;moder_08;Живой игровой чатик https://t.me/Gambling_XC @AdvanceStars_Bot - первый игровой бот на телеграм звезды 🌟;avatars/7727042625.jpg;andrewgiftschat
7727166365;Smith Anthony SUI🐦🍅| Drops💧| Drops💧;smithanthonycu540;;;rabota_chaty1
7728326477;#анри<3⁬⁯⁬ #cла6осtь;camobylling;;avatars/7728326477.jpg;andrewgiftschat
7728556585;𝕯𝖆𝖗𝖐 𝕬𝖓𝖌𝖊𝖑;Round_In;My life my rules;avatars/7728556585.jpg;andrewgiftschat
7729475824;Менеджер по рекламе;errr_52;;avatars/7729475824.jpg;rabota_chaty1
7730734683;;;;;rabota_chaty1
7731181739;ꜱʜᴀᴅᴏᴡʟᴏʀᴅ || 10.24.25…;Shadiklord;Penelope, why? You know, I'm too embarrassed and scared. @PenelopeLady;avatars/7731181739.jpg;andrewgiftschat
7731985927;Sq1zik;Lellols;+7 (977) 788-88-22;avatars/7731985927.jpg;andrewgiftschat
7735816970;Andrew;sirandrewgotham;https://t.me/FotoEsperanta | https://t.me/RetejoEsperanta;avatars/7735816970.jpg;laravel_pro
7736174925;Wort3x 艾艾;wort3xs;смотрю в твои глаза я готов в них утонуть;;andrewgiftschat
7737987710;Sant1zzy;;;;andrewgiftschat
7738640554;Егор;;;;laravel_pro
7740634181;Федот;JlBLHk;;avatars/7740634181.jpg;rabota_chaty1
7741280536;⎯ ﹫.˚ · .𝙖𝙡𝙚𝙭𝙭𝙣𝙦𝙬.✧˚ · . #русастая;alexxnqw;;avatars/7741280536.jpg;andrewgiftschat
7741283825;Андрей;;Скоро новый год Заработай с нами - https://t.me/+nwDNnyA9q5gyNGMy;avatars/7741283825.jpg;rabota_chaty1
7742047819;ʀ૯੮κɑ[she/her];Molly_437durr;—мне давно был нужен покой @BBrya1oX_7768<3| @infomolly1 durr✌🏻✌🏻;avatars/7742047819.jpg;andrewgiftschat
7746617431;Relouds;freakRelouds;;avatars/7746617431.jpg;andrewgiftschat
7748191876;Артём;NFTnodarok2805;Пиши сразу в чëм твой вопрос, бот по покупке звëзд @TemkaDarit_bot;avatars/7748191876.jpg;andrewgiftschat
7749141054;雨;KPYTA9I_DEBO4KA;executed;avatars/7749141054.jpg;tproger_chat
7750002016;Ангелина;;https://t.me/+ZeaDIx9GKxlhOTAy;avatars/7750002016.jpg;rabota_chaty1
7751620429;Elitist.bakers.;;;;laravel_pro
7751689631;DEF OZON;weterok_45;;avatars/7751689631.jpg;rabota_chaty1
7753663853;alalya;alalya777;;;andrewgiftschat
7753987487;Алексей;TheFreakingturkey;;;tproger_chat
7754116757;дашуля 🖤;dashylya001234;"Отвечаю на ""Скинь прайс"" ❤️ 16";avatars/7754116757.jpg;rabota_chaty1
7755024752;Равиля;;;;rabota_chaty1
7758601947;𝗫𝗣𝗔𝗠𝗢𝗕🇷🇺𓆩†𓆪𝗦𝗢𝗭𝗗𝗔𝗡𝗘𓆩†𓆪ᴩᴀдиоᴀᴋᴛиʙный🇷🇺𓄀𝘋𝘌𝘈𝘕𝘖𝘕𓄀🇷🇺;terroristt_com;;avatars/7758601947.jpg;andrewgiftschat
7760157469;Ярослав;yarops;;avatars/7760157469.jpg;laravel_pro
7760284589;ллилья;;;;andrewgiftschat
7761244360;;;;;tproger_chat
7762241345;Диана;Dikwii0;Тгк https://t.me/+QM0ZHxlaAF85ZjRi;avatars/7762241345.jpg;andrewgiftschat
7762757607;Exlent;ocoul;;;andrewgiftschat
7767288217;𓍼♯𝘯𝘪𝘳𝘢𝘨𝘪𝘺𝘰𝘢†|’ (eggorkkswi);rujiwerw;𝘪𝘧 𝘺𝘰𝘶 𝘥𝘪𝘦, 𝘪 𝘥𝘪𝘦. тт - @pomidkjthg9 , @wewsml02;avatars/7767288217.jpg;andrewgiftschat
7767794664;Ксения;uth21z;;avatars/7767794664.jpg;rabota_chaty1
7769937301;Cynthia;;;;tproger_chat
7770308821;;;;;rabota_chaty1
7770808680;Сергей;chijkr;;;rabota_chaty1
7771234944;;;;;rabota_chaty1
7772072474;𝘾𝙝𝙩𝙤𝙩𝙊;fifosood;𝘋𝘰 𝘵𝘩𝘦𝘺 𝘬𝘯𝘰𝘸 𝘐’𝘮 𝘵𝘪𝘳𝘦𝘥 𝘰𝘧 𝘵𝘩𝘦 𝘯𝘦𝘨𝘢𝘵𝘪𝘷𝘪𝘵𝘺 𝘢𝘯𝘥 𝘯𝘰𝘪𝘴𝘦? @IFF_FM1@akilovee🔆;avatars/7772072474.jpg;andrewgiftschat
7772164458;Bytcooooo;BytcoOrig;Чел с авой утки @geskode;avatars/7772164458.jpg;rabota_chaty1
7773013270;;;;;rabota_chaty1
7777182801;까지 𓏺 Iwan [𖤓] ⌗𝘪𝘯𝘵𝘫 이반틸라 𖹭;Asahik3;;avatars/7777182801.jpg;andrewgiftschat
7777209366;Rorarin;xAZhWx;;;rabota_chaty1
7777595671;Tobi;tobiorrlandoo;;;rabota_chaty1
7778681114;;;;;rabota_chaty1
7779454588;Алёна;pYfFju3BKB;Нижний Новгород. Фотограф Канал @loves5mona;avatars/7779454588.jpg;rabota_chaty1
7779558033;Илья;ilia_bazhenov25;Спокойствие — тоже сила;avatars/7779558033.jpg;laravel_pro
7779691464;СМОТРИ ПРОФИЛЬ;;Водительские права за 10 дней!;avatars/7779691464.jpg;rabota_chaty1
7780127133;;;;;rabota_chaty1
7780880615;Luana;Applesdesolates;852523;;rabota_chaty1
7781406925;Диана;;;avatars/7781406925.jpg;rabota_chaty1
7782226723;ᴍᴀsʜᴋs✧;maynomy;я ты 2 судьбы, что одной стать не смогли;;andrewgiftschat
7783706614;Sasha M;;;;tproger_chat
7784145180;ㅤㅤ ㅤㅤ ㅤ ㅤㅤ ㅤㅤ ㅤ ㅤ ㅤㅤ ㅤㅤ ㅤㅤㅤㅤ ㅤ;KREST_len;sʜᴇ ᴋᴇᴇᴘs ᴏɴ ᴛᴇxᴛɪɴ' ᴍᴇ, ᴅᴏ ɪ ʟɪᴋᴇ ʜᴇʀ? ɴᴏ, ᴅᴇ;;andrewgiftschat
7785697721;;;;;rabota_chaty1
7787993364;;;;;rabota_chaty1
7789080281;67 iq;Lekwq1lill;Моя главная лп @dontalkatme♥️;avatars/7789080281.jpg;andrewgiftschat
7791225720;Юля;You_LL1;;avatars/7791225720.jpg;rabota_chaty1
7791831471;Dmitriy;semantist_mic;;avatars/7791831471.jpg;laravel_pro
7792056988;;;;;rabota_chaty1
7793984619;Ch4nce. #Well;ChaNc3_L;— дᴀ, ʍы ᴩᴀзныᴇ ᴨиздᴇц, но до чᴇᴦо жᴇ ᴄ ᴛобой ᴋᴩуᴛо - @imcrucifiedd !!;avatars/7793984619.jpg;andrewgiftschat
7795029377;.;unlased;гуччи флип флап;avatars/7795029377.jpg;andrewgiftschat
7795600190;🥷;PuYiwNp;;avatars/7795600190.jpg;andrewgiftschat
7796629104;;;;;rabota_chaty1
7797974634;Виталий;vitaliefrem;;avatars/7797974634.jpg;rabota_chaty1
7801828956;ʙᴄᴇʍоᴦущий ᴀɴɢᴇʟ;AngelokDeath;;avatars/7801828956.jpg;andrewgiftschat
7803373723;Anthony;AnthonyRivera_h;;;rabota_chaty1
7803747544;Вероника;;https://t.me/+7ZF3eL1ICwk1ODJi;;rabota_chaty1
7803897163;*;UoD21;;avatars/7803897163.jpg;laravel_pro
7806165177;ㅤturelka;Turelka_rus;;avatars/7806165177.jpg;andrewgiftschat
7808048383;Пиписька 🍀;Geroun_top4ik;;avatars/7808048383.jpg;andrewgiftschat
7808162159;arseniykyzz;arskkkkkk;;avatars/7808162159.jpg;andrewgiftschat
7809151501;Александр;;;avatars/7809151501.jpg;rabota_chaty1
7810554040;Фадей;sorriness2043;;;rabota_chaty1
7810758396;ⲏⲁⲕⲩⲣⲉⲏⲏыύ ⲏⲉⳝⲉⲥⲏыύ @nanebesax;vladiknakuren;тусуюсь на крестах.;avatars/7810758396.jpg;andrewgiftschat
7811363085;woercat_джигга;woercat_gucci;люблю _ @zaklepak;avatars/7811363085.jpg;andrewgiftschat
7811394894;tatsumi | холод и апатия;exclus1veeg;-I found your vibe, and I found my night, yeah @zxccazi 14 апреля на службу;avatars/7811394894.jpg;andrewgiftschat
7812319013;Ququboi;jujubol;;;laravel_pro
7812479721;;;;;rabota_chaty1
7812536053;А;Balenclaga_partner;;;andrewgiftschat
7813768449;meracleee;;;;andrewgiftschat
7814025388;Пип #пчела;Dfertil;Куплю/продам нфт подарки по адекватным ценам!;avatars/7814025388.jpg;andrewgiftschat
7814402733;Ника;veraivanovna85;;avatars/7814402733.jpg;laravel_pro
7815061902;;;;;rabota_chaty1
7815276668;Гелечка;;;avatars/7815276668.jpg;rabota_chaty1
7815511397;;;;;rabota_chaty1
7816307956;L͟o͟l͟i͟m͟ [ONIC]°•.[√]™ #[Legion];Jlayc;BIO @Jlasv 🎭 my chat @Gift_lolimov ✉️ ├ 🔗 Ссылка: @Train_Games_Bot;avatars/7816307956.jpg;andrewgiftschat
7816471307;ᅠakyna_me;akyname;— не хочу быть один, я хочу быть вдвоём @llisicshka ❤️‍🩹;avatars/7816471307.jpg;andrewgiftschat
7817128692;Михаил;;;avatars/7817128692.jpg;laravel_pro
7817561433;Алексей;alexey_marinin9;QA ENGINEER | NSK +4 |10:00 - 16:00 MSK. 29 y.o. from Novosibirsk.;avatars/7817561433.jpg;laravel_pro
7818581185;;;;;rabota_chaty1
7821344768;Prince;Vicky_rajput8;;;rabota_chaty1
7823062945;ПРАЙМ;GUFIK67;от правды как от ломки, выворачивает плечи, вызов брошенный судьбе остался не отвеченым;;andrewgiftschat
7823324683;𐔌՞ ܸ.ˬ.ܸ ՞𐦯;Ksy_spit3;- It's so sweet, knowing that you love me @BARCELOHAA;avatars/7823324683.jpg;andrewgiftschat
7824481409;;;;;rabota_chaty1
7825191389;Ыыы;Ds_jif;;avatars/7825191389.jpg;andrewgiftschat
7825630192;VENOME (скупаю каналы);uservenom3;;avatars/7825630192.jpg;andrewgiftschat
7826252765;||チーズ||⊹˙✧;popka_kirieshka;https://t.me/patrickstarsrobot?start=7826252765;avatars/7826252765.jpg;andrewgiftschat
7826620624;;;;;rabota_chaty1
7826662475;Дарина;sdfsfgdhfrj;;avatars/7826662475.jpg;rabota_chaty1
7827197307;мишя🤠;abobusBpalto;папино🦧;avatars/7827197307.jpg;andrewgiftschat
7828035586;sg;sigaretnitsa;ты поймешь мою ценность только тогда, когда меня уже не будет.;avatars/7828035586.jpg;andrewgiftschat
7828037728;romaluo;romaluo;Опыт это имя, которое каждый даёт своим ошибкам;avatars/7828037728.jpg;andrewgiftschat
7828915581;даня;danchik052;;avatars/7828915581.jpg;andrewgiftschat
7829158393;Jonnn;;;;laravel_pro
7829984569;Никита💎;nikitozz77wkkb;🔸 Targeted ads, partnerships, and channel promotions.;avatars/7829984569.jpg;andrewgiftschat
7830057594;sv.2018;sv_Error;2018;avatars/7830057594.jpg;andrewgiftschat
7830693636;SAAD;haj_poldar;;avatars/7830693636.jpg;andrewgiftschat
7830805631;ᖴᑕᗩᑌᖇᑌᗰXD ☻︎;NxstarFC;୭̥⋆* ミ•𝙸𝚝'𝚜 𝚙𝚞𝚛𝚎 𝚕𝚘𝚟𝚎.‧⋆* ˚⋆*;avatars/7830805631.jpg;andrewgiftschat
7834007341;Gucery;;;;rabota_chaty1
7834174096;Vikysuk;Vikysass;https://t.me/patrickstarsrobot?start=7834174096;avatars/7834174096.jpg;andrewgiftschat
7834847746;Соня;son9sh;;avatars/7834847746.jpg;rabota_chaty1
7835200507;Linda;;https://t.me/+oJMKb4BS7ORmMTk6;avatars/7835200507.jpg;rabota_chaty1
7836180766;Дмитрий;profi_universe;;avatars/7836180766.jpg;laravel_pro
7837996115;nasi;el1ky;;avatars/7837996115.jpg;andrewgiftschat
7840392494;.;roma01111;;avatars/7840392494.jpg;laravel_pro
7842130622;Disha666#MOMO♱;MYXA_OESS;;avatars/7842130622.jpg;andrewgiftschat
7844205165;Alex;blackceilings;;avatars/7844205165.jpg;laravel_pro
7847011811;Девочка;;;avatars/7847011811.jpg;rabota_chaty1
7847365316;Самоха;samohatolochev;;avatars/7847365316.jpg;rabota_chaty1
7847504289;не мамонт.;paavo_durov;инвестор тон с 2017;avatars/7847504289.jpg;andrewgiftschat
7847684413;🎱;maska0301;;;andrewgiftschat
7848167988;Divija;;;;rabota_chaty1
7849053800;Диана;dusikdina;;;rabota_chaty1
7850098929;R;akidev1;;;laravel_pro
7851372878;"Марк;) ⁶²+𝑟𝑒𝑣𝑖𝑒𝑤𝑠";markwwqw;@AdvanceStars_Bot - первый игровой бот на телеграм звезды 🌟 @UGSGAME;avatars/7851372878.jpg;andrewgiftschat
7852248358;💗;alina_pppl;;;andrewgiftschat
7853182228;JD;jdgarcia82;;;tproger_chat
7853555759;pivozavr 🍺🦖#boo;cavicha;;avatars/7853555759.jpg;andrewgiftschat
7855081922;Cwy;cwydopper;;;laravel_pro
7855459893;смурф;smurf_garant;топ дова 14700₽ | тока бока is sinay • роблокс удалила мне мама 💔 поздно ремень достал папа может донатить не надо по сто тыщ с кредитки;avatars/7855459893.jpg;andrewgiftschat
7855927628;;;;;rabota_chaty1
7856156187;Maks;Maksifa;;;python_ru
7857003258;ftden4ik<3;ftden4ik;;avatars/7857003258.jpg;andrewgiftschat
7858134380;~N°-°N~;NKaasr;;avatars/7858134380.jpg;andrewgiftschat
7859163288;Анисия;Anisia_56anni;;avatars/7859163288.jpg;rabota_chaty1
7859902421;Дамир;damirtvorochok;;;andrewgiftschat
7860269568;;;;;rabota_chaty1
7861308469;;;;;rabota_chaty1
7864018995;Triman;;Все когда-то заканчивается;avatars/7864018995.jpg;andrewgiftschat
7866203678;𝐕𝐥𝐚𝐝𝐞𝐤;VIad5;;avatars/7866203678.jpg;andrewgiftschat
7866870801;;;;;rabota_chaty1
7867036556;L;GGchouu;;;laravel_pro
7868929846;Mazepin;jioHrEDbz;;;tproger_chat
7869368398;♡𝑴𝒖𝒓𝒌𝒂ฅ;Murka62F;нфт продаю ТОЛЬКО ЧЕРЕЗ МАРКЕТ!звёзды верну если по делу));avatars/7869368398.jpg;andrewgiftschat
7869569182;Героиня;culinary_bedlamic;;avatars/7869569182.jpg;andrewgiftschat
7869598408;☝️^Pavel^☝️;PAVEL_BMX_BOY;Ну да;avatars/7869598408.jpg;andrewgiftschat
7871232803;rick│diamond;rick_diamond;;avatars/7871232803.jpg;andrewgiftschat
7871614718;🍄adecvArea17🍄;Durovtelegraph;- What doesn’t kill you makes you stronger. @monk;;andrewgiftschat
7871784056;azazel;Azazelyx;;avatars/7871784056.jpg;andrewgiftschat
7874621189;Лера❤️;valeriia20_03;;;andrewgiftschat
7874708903;ahahha;ahahha_ahahha;не чёто не хочу пока;avatars/7874708903.jpg;andrewgiftschat
7875040956;Тимур;;Катюха слышь, алё-алё, поехали курить гашиш @cekscrime;avatars/7875040956.jpg;andrewgiftschat
7875740628;𝙈𝙖𝙩𝙮𝙪𝙠𝙝𝙖⌨︎︎;Lolipop0739;;avatars/7875740628.jpg;andrewgiftschat
7876293730;Вероника;;https://t.me/+r2cF3pxQpVs4MGNi;avatars/7876293730.jpg;rabota_chaty1
7876389259;Minaev;minaevboss;;avatars/7876389259.jpg;laravel_pro
7876966586;Хᥙн᧐κᥙ;sParan0i1kk;;avatars/7876966586.jpg;andrewgiftschat
7879310536;;;;;rabota_chaty1
7880276337;.;;;;laravel_pro
7880627441;Zᥱr᧐;bogzero;;avatars/7880627441.jpg;andrewgiftschat
7882677633;Ррроо;;;;rabota_chaty1
7883098326;FLARENYX;FLARENYX;;avatars/7883098326.jpg;andrewgiftschat
7884197552;Гриша;grishaa86;Продаж мебели , сортировка;avatars/7884197552.jpg;python_ru
7885011596;Michell;;;avatars/7885011596.jpg;rabota_chaty1
7885422515;Аня;eyelashesUnderreader;;avatars/7885422515.jpg;laravel_pro
7885690110;♱ 🫪 𝕨𝕖𝕩𝕒𝕚 🫪 ♱;WeXsA14;Я дединсайд, птичий остров рулит;avatars/7885690110.jpg;andrewgiftschat
7886548282;Амперия𓍼🎀;holengt;Трейд нфт не первой;avatars/7886548282.jpg;andrewgiftschat
7887701850;;;;;tproger_chat
7887895883;Алина;Alinao_23;;avatars/7887895883.jpg;rabota_chaty1
7888175798;.;msm_fawns;;;andrewgiftschat
7889129575;𓏵 тян золофт;Loliharm;Komm drück mich @sterka_sabrinyi #blyacrew . #lovemygf;avatars/7889129575.jpg;andrewgiftschat
7889146143;𝘝𝘦𝘳𝘰𝘯;lee_norka;Н,Ш,Д,А>>🌍/самый любимый @hannibalsh;avatars/7889146143.jpg;andrewgiftschat
7891782430;~•Red•~;Red_SomeCuteWords;второй сосет | @MipysiaIsMyWaifu @Author2IsMyWaifu ★•~ (коплю на прем);avatars/7891782430.jpg;andrewgiftschat
7893034710;🌔†🌖;Svinkapeps;;avatars/7893034710.jpg;andrewgiftschat
7893763540;;;;;rabota_chaty1
7895310031;ㅤcold;figvhoi;только сильно не нервничай еще давать концерты @pimalxqw;avatars/7895310031.jpg;andrewgiftschat
7896018754;🥱;mafv90;;avatars/7896018754.jpg;andrewgiftschat
7896778732;Алексей;;Paб0ᴛa бeɜ ʙᴧoжeний и oᴨыᴛa. ᴨoдpoбнocᴛи ᴛyᴛ: https://t.me/+U1E7_mOu1o;avatars/7896778732.jpg;rabota_chaty1
7899534962;Oc;ocoodo;;;python_ru
7900509174;Sitranjan;;;;python_ru
7901196344;Чепуха;marinad145;;;andrewgiftschat
7901271150;Катюха;;;avatars/7901271150.jpg;rabota_chaty1
7901913759;𝙱𝚘𝚕𝚘𝚝𝚗𝚒𝚢𝚈𝚣𝚑𝚊𝚜 папина сладость #scar;;;avatars/7901913759.jpg;andrewgiftschat
7901947242;Маша;Mashka3432;;avatars/7901947242.jpg;rabota_chaty1
7902394368;Nedoclayze @AdvanceStars_Bot;fffrpe;@AdvanceStars_Bot - первый игровой бот на телеграм звезды 🌟;avatars/7902394368.jpg;andrewgiftschat
7902618395;🙈🙉🙊;Raathavv;;avatars/7902618395.jpg;python_ru
7902861324;DАВИD;Davidddddddddddddddddddddddddddo;;;andrewgiftschat
7903434145;STEN💨;Sixseven22848;FOREVER YOUNG💨;avatars/7903434145.jpg;rabota_chaty1
7903965417;Формоза;discusjewish;Дизайнер;avatars/7903965417.jpg;laravel_pro
7907141101;SSt;StiStott;я под защитой @karma_nastignet_vsex18 | @hiworldsi;avatars/7907141101.jpg;andrewgiftschat
7908219441;Никита;;;;andrewgiftschat
7908388992;;;;;rabota_chaty1
7909033101;BET;BET_TEAAM;;;rabota_chaty1
7910297083;youngfear21;youngfear21;;avatars/7910297083.jpg;andrewgiftschat
7910878519;;;;;rabota_chaty1
7910968555;Давид;;;;rabota_chaty1
7913969334;algorm;;;avatars/7913969334.jpg;andrewgiftschat
7915001118;;;;;python_ru
7916290506;.7;azxfff0;;;andrewgiftschat
7916622862;Артём;Shiver_ok_ok;@smellyundead. @chainarmor. @combatskills. @samurailoser. @toiletfamily. @cryobase. @creatingsparks. @minornuisance. @goodwerwolf;avatars/7916622862.jpg;andrewgiftschat
7917038733;O61808;;;;tproger_chat
7917206854;новый абрикос;pin1284;;avatars/7917206854.jpg;andrewgiftschat
7917232836;Dukhi;;;avatars/7917232836.jpg;tproger_chat
7917944615;𝖅𝖍𝖉𝖎 𝕯𝖔𝖐𝖘;Fagertyk;Самые дешёвые stars, preview, ton только тут @Zbezdafostefbot;avatars/7917944615.jpg;andrewgiftschat
7920537433;UWU;tymofii01042016;;;andrewgiftschat
7921013845;ㅤ;;;avatars/7921013845.jpg;andrewgiftschat
7921036831;;;;;rabota_chaty1
7921113726;даночка;Ddanoshkka;;avatars/7921113726.jpg;andrewgiftschat
7921339883;вика;vikyletk;понятненько;avatars/7921339883.jpg;andrewgiftschat
7922238487;ᎢËᎻᎪ🐈‍⬛️;qwerrisaf;;avatars/7922238487.jpg;andrewgiftschat
7924467698;ūrie:stexas;YCT4L0CTb;долбоебы хотят на меня поставить штамп. def: @monk, @desolator, @ekaterina_mizulina.;avatars/7924467698.jpg;andrewgiftschat
7925306835;𝒑𝒓𝒂𝒔𝒌𝒐𝒗𝒚𝒂;;;avatars/7925306835.jpg;andrewgiftschat
7925561190;;;;;rabota_chaty1
7925944020;😄Hauwb;Hsksk01;https://t.me/patrickstarsrobot?start=7925944020;avatars/7925944020.jpg;andrewgiftschat
7926934832;Олег;;;avatars/7926934832.jpg;rabota_chaty1
7927239471;Need;ggggfhjvvu;;;laravel_pro
7927440472;ㅤ;Alessia_y;Фанаты @Ve_ronika_V @Adarina @Ay7iya @Lilit328 @Wind_winter_s @fr4tz;avatars/7927440472.jpg;andrewgiftschat
7929174690;Максим;;;avatars/7929174690.jpg;laravel_pro
7929787868;;;;;rabota_chaty1
7929836988;Otabek Saitmurotov;Otabekdasturchi;Middle Full-Stack Developer;;laravel_pro
7930074625;;;;;python_ru
7930774924;ЛЮДМИЛА;p0vsemV0pr0samVlc204;;;rabota_chaty1
7930839365;сеня сварка;;молоко и печеньки;avatars/7930839365.jpg;andrewgiftschat
7931079122;Андрей;andriy1999_13;;;rabota_chaty1
7931164853;Ярослава;;;avatars/7931164853.jpg;rabota_chaty1
7931389515;Knukles;;Бесплатные мишки раз в 24 часа и за рефов - @knuklesgifts_bot;avatars/7931389515.jpg;andrewgiftschat
7933225234;Членометр;themetrbot;"Игровой бот линейка для чатов

🍌 Помощь — @upbotshelpbot";avatars/7933225234.jpg;andrewgiftschat
7933333629;.;twwikis;;avatars/7933333629.jpg;andrewgiftschat
7935821071;;;;;rabota_chaty1
7937279054;фантек;suckthetime;Ния зе бест;avatars/7937279054.jpg;andrewgiftschat
7937784587;😶‍🌫bantik😶‍🌫;DEF_DUROVA_1;;avatars/7937784587.jpg;andrewgiftschat
7937878633;Валерия;;;avatars/7937878633.jpg;rabota_chaty1
7938133025;;;;;rabota_chaty1
7938372848;Стас;stasooons;;avatars/7938372848.jpg;laravel_pro
7940045979;Irmin;MzyzR58;;;andrewgiftschat
7940382656;;;;;rabota_chaty1
7940759441;Яна;Yyensi;;avatars/7940759441.jpg;laravel_pro
7940960286;Finik;Finiks777;Выкупаю трафик(пишите в лс);avatars/7940960286.jpg;laravel_pro
7941140436;🔥_B-M-W_🔥;akselix_100;;avatars/7941140436.jpg;andrewgiftschat
7941696249;сеньор педрилос #неразвиваймый;attackhardmef;:деф от меня - 5 робаксов;avatars/7941696249.jpg;rabota_chaty1
7942584969;Сергей;Sergei83812;;;laravel_pro
7943997083;ブロックされたアカウント;tipa_top_565;;;andrewgiftschat
7944028509;ᴄᴀᴇsᴀʀ sᴇʀɢᴇᴇᴠ;CezaRoux666;-Ты говорила, то что любишь, ха, real? Do u? @nastiqqq_ww;avatars/7944028509.jpg;andrewgiftschat
7944264466;.....;self_tdev;;;laravel_pro
7945729709;Квест;Kvestchto1;;avatars/7945729709.jpg;rabota_chaty1
7946987900;m;memorysoso;;;andrewgiftschat
7947287732;Игорек;igrintvi;;avatars/7947287732.jpg;rabota_chaty1
7947596402;ubitiyvtishine;ubitvtishine;;avatars/7947596402.jpg;andrewgiftschat
7948247529;Виталик;vitalikk3478;;;python_ru
7948725111;картошка фри;linushk2;фрик фром дизайна;avatars/7948725111.jpg;andrewgiftschat
7949018947;;;;;rabota_chaty1
7949590093;Георгий;base_91f_wss;Не скипай — может, судьба;avatars/7949590093.jpg;rabota_chaty1
7951189210;Ігор;gorHR_u;;avatars/7951189210.jpg;rabota_chaty1
7951293297;Миша шиша;skullllllllls;23;avatars/7951293297.jpg;andrewgiftschat
7952130750;руки ноутбуки;razdeest;rzzd;avatars/7952130750.jpg;andrewgiftschat
7952773228;Антон;ilhm_344_2;В школе;avatars/7952773228.jpg;laravel_pro
7954503354;;;;;rabota_chaty1
7954661241;Лида;;;avatars/7954661241.jpg;rabota_chaty1
7954786896;Ulugbek;kholmirzaevubek;;avatars/7954786896.jpg;laravel_pro
7954886871;Mm cheeseburger;Blutus_lol;;avatars/7954886871.jpg;andrewgiftschat
7956749029;Дмитрий;dim_vk_vzlomm;;;rabota_chaty1
7956784627;v0id /;kxr_v0id;;avatars/7956784627.jpg;andrewgiftschat
7958178797;Lyeacinshann;;;;rabota_chaty1
7958745694;белый #fso;White_Fso;;avatars/7958745694.jpg;andrewgiftschat
7958948104;TokenCracker;BestyShopTool;@tokensshop | @tokenmarket_robot | SpamBlock - @TokenCrackerbot;avatars/7958948104.jpg;python_ru
7959259761;i;;;avatars/7959259761.jpg;andrewgiftschat
7959642328;$;friidd5;;avatars/7959642328.jpg;andrewgiftschat
7960311142;Леонид;soiacxvx;;avatars/7960311142.jpg;andrewgiftschat
7960493226;⛧BERSERK⛧;CHERNIY_MECHIK_BERSERK;;;andrewgiftschat
7961402459;София;;;avatars/7961402459.jpg;rabota_chaty1
7964065916;Тая;taitaitai34;;avatars/7964065916.jpg;rabota_chaty1
7964439852;Ревенант;mx1614;;avatars/7964439852.jpg;rabota_chaty1
7964543613;Bobojon;Bobojon_00_01;;avatars/7964543613.jpg;andrewgiftschat
7964800476;Андрей;andrej_andree;;;laravel_pro
7965859640;;;;;rabota_chaty1
7965892759;Clayton;Almida_papain;;;rabota_chaty1
7967636145;foreverster арабов;manager_drimsov;мой;;andrewgiftschat
7968623328;GEHий Мишаня я❤️и;geniyshah;У меня нету ресов я их потерял @Kr1sd/люблю @PIPIDIX/ @Law_Kinney авы;avatars/7968623328.jpg;andrewgiftschat
7968874933;;;;;rabota_chaty1
7968905804;art_alb_ertov;art_alb_ertov;;;python_ru
7969533315;;;;;rabota_chaty1
7972792891;Виктория;;;avatars/7972792891.jpg;rabota_chaty1
7974431818;︎ ︎ ︎︎ ︎ ︎ ︎ ︎︎ ︎ ︎︎︎ ︎ ︎ ︎ ︎ ︎ ︎︎ ︎ ︎ ︎ ︎︎ ︎ ︎ ︎ ︎︎ ︎ ︎︎︎;tonwallet_team;;avatars/7974431818.jpg;andrewgiftschat
7974626878;Wexkk | NFT;Wexkk;UQCCvM_ACBIzMeYrNKnWoXXY4E6I-8mS7Dj9yapGcMdCzS0E;avatars/7974626878.jpg;andrewgiftschat
7977218581;.;;;;andrewgiftschat
7977515254;Дмитрий;;;;rabota_chaty1
7977550995;Ксюшка;;;avatars/7977550995.jpg;rabota_chaty1
7978937946;ㅤ егорка67 долг 2к$;;Project:@egorko67 купить звезды по лоу @egortoosstars_bot отзывы: @otzivi_egortoos,;avatars/7978937946.jpg;andrewgiftschat
7980731840;♥☁Ɖ𝔢𝓷ᵢ𝔰☁♥;DENISIKPON;И мы его не забудем @Joyboy7312;avatars/7980731840.jpg;andrewgiftschat
7982359354;№moreauзилkа;Vvpqt;;;andrewgiftschat
7983415006;Афанасий;martinezwilliam0z584;;;rabota_chaty1
7983450912;pesherka_strongs;pesherka_strong;;avatars/7983450912.jpg;andrewgiftschat
7983723587;;;;;rabota_chaty1
7983960413;#уставший hellonty;hellonty_talent;Suck my dick CJ;avatars/7983960413.jpg;andrewgiftschat
7983973518;blessed;;selling stars,tons,tags,verification fragments: https://t.me/portals/market?startapp=mph3yy;avatars/7983973518.jpg;andrewgiftschat
7984648409;Saki;Sitiful;Кмс по бравл старс;avatars/7984648409.jpg;andrewgiftschat
7984707467;loxyzxcs;loxyszxc;- thought we don’t need to say it to each other, sweet @weearxm;avatars/7984707467.jpg;andrewgiftschat
7985678220;Eluesiv;Ruefultent;☭️ moneymakingrize;avatars/7985678220.jpg;andrewgiftschat
7986141704;Foden;legend228888;в личном канале если не жалко поставте звезд;avatars/7986141704.jpg;andrewgiftschat
7986267587;°апельсинка°;Neizvestno4043;;avatars/7986267587.jpg;andrewgiftschat
7986355083;...;Hskbdkb;It's @vkordes Chanel's bitch💝;avatars/7986355083.jpg;andrewgiftschat
7987042269;сок;soch0c;;avatars/7987042269.jpg;andrewgiftschat
7987247752;нянянянянняня;nbayramova19;;avatars/7987247752.jpg;andrewgiftschat
7987553305;Xahewi;Tiffany_34nyyf;;;rabota_chaty1
7987963358;Kilua;kiluakiske;;avatars/7987963358.jpg;laravel_pro
7988545365;ℳℐ𝒮𝒮𝒴;M3SYY;𝑚𝑒𝑜𝑤;avatars/7988545365.jpg;andrewgiftschat
7989322307;Дмитрий;TLbestCIS;HR-менеджер. Веду набор на различные вакансии;avatars/7989322307.jpg;rabota_chaty1
7990450378;Соня 18 лет;sonya_os_ipoveva129;;avatars/7990450378.jpg;rabota_chaty1
7990843133;Наталия;nfeid_48wzlgmfloyvv;17 09.1975;;rabota_chaty1
7991783722;🌚;Tamandayi;ⲙыⲥⲗυ ⳅⲇⲉⲥь ⲏⲉ ⲡⲣυⲅⲟⲇяⲧⲥя,ⲃⲣⲉⲙя ⲥⲏⲟⲃⲁ 20:20 @Rail_Ray;avatars/7991783722.jpg;andrewgiftschat
7992019911;𝑫𝒆𝒆𝒑𝒊𝒏𝒔;Deepiinss03;Эй дипинс в 16 ряду хай дую ду 🧩;avatars/7992019911.jpg;andrewgiftschat
7992231653;;;;;rabota_chaty1
7992687310;;;;;rabota_chaty1
7992891103;Милана;;;;rabota_chaty1
7993791935;Mark;MaRk_PobEzHimoV;;avatars/7993791935.jpg;andrewgiftschat
7994242040;Валерия;;;avatars/7994242040.jpg;rabota_chaty1
7994514495;° 𝗫𝗮𝗰𝗸𝗲𝗿_𝟬𝟬𝟵༺;;дешевые звезды - @xackerstars2_bot;avatars/7994514495.jpg;andrewgiftschat
7994859408;ǝɯɐNoN;llanarchyll;Rock stars never die!🤘;avatars/7994859408.jpg;andrewgiftschat
7994999914;maidenless;maidenls;.;avatars/7994999914.jpg;andrewgiftschat
7995381294;;;;;rabota_chaty1
7996198374;A_01;tainstvennayneznakomka_01;;;andrewgiftschat
7997511060;;;;;rabota_chaty1
7997790086;h;sssaaqsj;;;rabota_chaty1
7997893133;;;;;rabota_chaty1
7998101884;НЕ БАТЯ#Solnik;ZLOGO_PANDY_BIEBALI;-Я ЛОВЛЮ СОН, ЛОВЛЮ СОЛНЦЕ Я-САЙКО САМУРАЙ @Ami_0932;avatars/7998101884.jpg;andrewgiftschat
7999032298;29.xayrullayev;nnus1ih;;;andrewgiftschat
7999760203;Delay dobro;babibilon;;;andrewgiftschat
7999887029;🂡;simpsan00;♤;;andrewgiftschat
8000339037;w;linmxw;;avatars/8000339037.jpg;andrewgiftschat
8000580716;Алексей;pskovkaLeh61;;avatars/8000580716.jpg;laravel_pro
8000957923;analizator;;;;laravel_pro
8001027603;Коля;KolyaNazarov_9B;;avatars/8001027603.jpg;andrewgiftschat
8004401931;танюша 💋;qwdastr;"Отвечаю на ""Скинь прайс"" ❤️ 16";avatars/8004401931.jpg;rabota_chaty1
8004498182;;;;;rabota_chaty1
8005412620;Qcold;Thifay;;avatars/8005412620.jpg;andrewgiftschat
8007198206;hyoka;;;avatars/8007198206.jpg;andrewgiftschat
8009226658;NeuroFortOfficial;Energy_ecology_international;Автономная AI-платформа ,автоматизация и self-healing, AI/ML, backend.;avatars/8009226658.jpg;python_ru
8009523004;Лёша;LyoshaGolubev66;;avatars/8009523004.jpg;rabota_chaty1
8010023309;;;;;rabota_chaty1
8011065843;а #scw #sociow #sociowna;sainet225;Защищен - @WhiteZilan;avatars/8011065843.jpg;andrewgiftschat
8011232189;.;Bosstonn;https://t.me/cs_shot_bot/app?startapp=ref_8011232189;avatars/8011232189.jpg;andrewgiftschat
8012044226;Тихон;Tixxon1;Наш канал - https://t.me/work2zona;avatars/8012044226.jpg;rabota_chaty1
8012988492;;;;;rabota_chaty1
8013863693;𝙵𝙸𝙱;FIB_FEDERATION;;avatars/8013863693.jpg;andrewgiftschat
8014591293;;;;;rabota_chaty1
8015727482;Трофимова🚬🕊️;klever_q2;;avatars/8015727482.jpg;andrewgiftschat
8017098976;#Epilepsy 🇬🇧;send61;Лучший канал с раздачей звезд - @epilepsy_sport;avatars/8017098976.jpg;andrewgiftschat
8017284874;Наталья;neglectingly_accompanimental;https://t.me/+0KSfyZC61htkNzdi ❤️;avatars/8017284874.jpg;rabota_chaty1
8017564025;lusffe;lysffe;hello there!;avatars/8017564025.jpg;andrewgiftschat
8017934670;монеси прайм?;faryxxsy;@UGSGAME;avatars/8017934670.jpg;andrewgiftschat
8018338322;Gizzy;KazGizzy;;avatars/8018338322.jpg;andrewgiftschat
8018495665;Лёлька;qwerty09Add;;avatars/8018495665.jpg;andrewgiftschat
8020296577;леруша;weonko;-she looks like something. what I would see in the museum @chemeryyss;avatars/8020296577.jpg;andrewgiftschat
8020524858;ℕ𝕒𝕤𝕚𝕓𝕒;NasibaTuta;;avatars/8020524858.jpg;andrewgiftschat
8021031673;#𝑎𝑔𝑟𝑜𝐶ℎ𝑒𝑙𝑜𝑣𝑒𝑘;Im_c0re;~ Мне не нужны оправдания, просто оставь в покое меня☆;avatars/8021031673.jpg;andrewgiftschat
8021524428;Bek;Yyuuuuoo;;;laravel_pro
8022124965;UKIJ ᴹᴹ▭꯭▬;Bahilatop;;avatars/8022124965.jpg;andrewgiftschat
8022597768;;;;;rabota_chaty1
8023443711;Арсен;qbokq;I'm Topachev, I'm following you @Leopoldik_wer I'm going to beat your face in like a weak bitch «оффер отменяю за 15 звезд»;;andrewgiftschat
8023899882;Даша;;;avatars/8023899882.jpg;rabota_chaty1
8026451559;;;;;rabota_chaty1
8027449625;Эдуард;;;;rabota_chaty1
8027757528;;;;;rabota_chaty1
8028624586;;;;;rabota_chaty1
8028942553;Наташа;Natalia_Aniskina56;;;andrewgiftschat
8029126528;Phillip Plein;cvvvod;;avatars/8029126528.jpg;andrewgiftschat
8032708972;Ⳝⲉⲗыύ;npoctoname;Хз что писать;avatars/8032708972.jpg;andrewgiftschat
8034313448;AlienPizza1;AlienPizza1;;avatars/8034313448.jpg;andrewgiftschat
8034618850;Александра;;;;tproger_chat
8034696080;;;;;rabota_chaty1
8034984967;Ираида;Anfisa_21ias;;;rabota_chaty1
8035287187;;;;;rabota_chaty1
8035399618;hendream.;ilysoooooibro;;avatars/8035399618.jpg;andrewgiftschat
8035932741;;;;;rabota_chaty1
8036281964;;;;;rabota_chaty1
8036705136;4ml #;Nezadanolpo;;avatars/8036705136.jpg;andrewgiftschat
8036830048;Миша;inoveral;;;laravel_pro
8039067541;;;;;rabota_chaty1
8039569596;Daniel;;;;rabota_chaty1
8039717723;Dallas;;;;andrewgiftschat
8042663835;💤;;;;andrewgiftschat
8043102570;Милана;milkasupergapenko;;avatars/8043102570.jpg;rabota_chaty1
8044235223;Áďříáñà;;теперь я твой джонни кэйдж, а ты моя соня блэйд @zizimegi;avatars/8044235223.jpg;andrewgiftschat
8044617829;Дарья;daria33218;❤️‍🔥;;andrewgiftschat
8045058703;;;;;rabota_chaty1
8047028971;Маргарита;Margosha_dh;;avatars/8047028971.jpg;rabota_chaty1
8048165944;аноним падарки;dasha1237901;;avatars/8048165944.jpg;andrewgiftschat
8048354731;Захар;;"БУЗ УР ""ГКБ № 9 МЗ УР""";avatars/8048354731.jpg;python_ru
8049462426;Giceny;;;;rabota_chaty1
8049511379;Simka;MiMiMi_shnaya;;avatars/8049511379.jpg;rabota_chaty1
8050325244;Тимофей;Tumoxu_HET;Над кайфом;avatars/8050325244.jpg;andrewgiftschat
8051037727;;;;;rabota_chaty1
8051134890;;;;;rabota_chaty1
8051259504;;;;;rabota_chaty1
8051986949;فاضل عامر الشامی;;;;laravel_pro
8052254110;Lizunch1k🤍;Lizunch1k_com;ρ𑄜ᤋ𑄜ϐыꫀ ϐ𑄜᧘𑄜ᥴы — ᴛы 𑀝ᥲκყρᥲ 𐌗ᥲρყн𑄜 @nutugiksks;avatars/8052254110.jpg;andrewgiftschat
8052355292;;;;;python_ru
8052796475;Аря;;;avatars/8052796475.jpg;rabota_chaty1
8053452949;;;;;rabota_chaty1
8053627606;🇬🇧🎭 #пропавший;Durovjoo;Жди меня в мае;avatars/8053627606.jpg;andrewgiftschat
8054866235;Котовый;kotoviymiay;;;python_ru
8055588145;Savicma;;;;rabota_chaty1
8055654235;mololi#s6x;ke0szwa_666;- Скажи ты счастлива что всё не сложилось? @MyStarsX @StarsxEarnBot;avatars/8055654235.jpg;andrewgiftschat
8056358522;kiss 🌬️;svvei;;avatars/8056358522.jpg;andrewgiftschat
8057762309;;;;;rabota_chaty1
8058465616;;;;;rabota_chaty1
8059062091;дашуля ❤️;qetlas;"Отвечаю на ""скинь прайс"". 16 ❤️";avatars/8059062091.jpg;rabota_chaty1
8061548517;Дима;Diman123q;;;laravel_pro
8061926982;Пошленькая;KIsKia12;;avatars/8061926982.jpg;rabota_chaty1
8062535487;;;;;rabota_chaty1
8063400771;Соня;sonaindi;;avatars/8063400771.jpg;rabota_chaty1
8064363977;Ирма;irmysha;;avatars/8064363977.jpg;rabota_chaty1
8065585036;Софія;;https://t.me/patrickstarsrobot?start=8065585036;avatars/8065585036.jpg;andrewgiftschat
8065945947;Lola;;знᴀᴇᴛᴇ, дᴧя ᴄчᴀᴄᴛья нᴇ нужны боᴧьɯиᴇ ᴋоʍᴨᴀнии, доᴄᴛᴀᴛочно ᴧиɯь одноᴦо чᴇᴧоʙᴇᴋᴀ, ᴋоᴛоᴩый будᴇᴛ ᴄᴨоᴄобᴇн ᴨоняᴛь ʙᴀᴄ.;avatars/8065945947.jpg;andrewgiftschat
8066863140;Катя;;https://t.me/+Hs5C50167v4wOTRi;avatars/8066863140.jpg;rabota_chaty1
8067099348;𝕬𝖓𝖛𝖎𝖐;Wjosz;;avatars/8067099348.jpg;andrewgiftschat
8067804231;ʟᴏʀɢʏʏʏ 💸 💤;Lorgyyy;Сплю;avatars/8067804231.jpg;andrewgiftschat
8068670159;.;Vasap121;;avatars/8068670159.jpg;andrewgiftschat
8068931434;Ксения;;;avatars/8068931434.jpg;rabota_chaty1
8069485517;викуля 💋;kswads;"16. Отвечаю на ""скинь прайс""";avatars/8069485517.jpg;rabota_chaty1
8070080634;;;;;rabota_chaty1
8071529794;арсений;wwllzz22;;;andrewgiftschat
8071627139;Федор;;;;rabota_chaty1
8073006207;özüɱü ѕєνιю̸əɱ⁠⁠⁠⁠⁠.!.✞︎#шаболдище🗡;Free52j;;avatars/8073006207.jpg;andrewgiftschat
8073012736;тенская;xtxtxt1;ㅤㅤㅤㅤㅤ;avatars/8073012736.jpg;andrewgiftschat
8073164556;Sylpharion;Sylpharion;;;andrewgiftschat
8073200666;Станислав Аукционер 👑;forchanen;Убей пенсионера - @flc_crew.;avatars/8073200666.jpg;rabota_chaty1
8073976867;Мирный житель;BO3H1KHOBEH1E;;avatars/8073976867.jpg;andrewgiftschat
8075019287;Даня;copy_prop;;avatars/8075019287.jpg;python_ru
8075342658;Yukiko;LorentzYukiko4595;Сладость🤑 https://t.me/+qOpWTboaoS1kYWIy;avatars/8075342658.jpg;rabota_chaty1
8075496760;;;;;python_ru
8076329281;Валерия;;❄️🎁 Заработок без вложений 17+ https://t.me/+GgIaq56xeOk4MGIy;avatars/8076329281.jpg;rabota_chaty1
8076459578;;;;;rabota_chaty1
8077395393;OXO;Swaglost;;avatars/8077395393.jpg;andrewgiftschat
8077939784;Euiual;;;;rabota_chaty1
8080046374;Александр HR;alexxxxxhrrr;;avatars/8080046374.jpg;rabota_chaty1
8080409008;inflorenscience | wedou;inflorenscience;keep riding bro, life gets better // обо мне — @bioofthewedou;avatars/8080409008.jpg;andrewgiftschat
8080565691;me0n1ss_a ۫‌ #str#krt#ts;meoniss_a;;avatars/8080565691.jpg;andrewgiftschat
8082560215;младшая𓆪;BSJDICOSB;stop clinging to everything and just give up.;avatars/8082560215.jpg;andrewgiftschat
8082854009;;;;;rabota_chaty1
8083076879;Лерка;Lerka_24_12;;;andrewgiftschat
8083105300;Валинька;;https://t.me/+n-1S3LGjdpQxZWZi;avatars/8083105300.jpg;rabota_chaty1
8085454698;Виктория;;https://t.me/+A4I5taIqH883ZmUy;avatars/8085454698.jpg;rabota_chaty1
8085785805;нивенс RO|freak;niveenss;@AdvanceStars_Bot - первый игровой бот на телеграм звезды 🌟;avatars/8085785805.jpg;andrewgiftschat
8085819103;;;;;rabota_chaty1
8086410355;Alcaras🇪🇸🙈;platon_ghrozniy;;avatars/8086410355.jpg;andrewgiftschat
8086692662;Фульк;XUKWmlJ;;;laravel_pro
8086895382;дарик;darik_ebash;;avatars/8086895382.jpg;andrewgiftschat
8087966496;;;;;rabota_chaty1
8089751353;Алиса;;;avatars/8089751353.jpg;rabota_chaty1
8089769347;Галина;;;avatars/8089769347.jpg;rabota_chaty1
8089951733;Михаил;;;;rabota_chaty1
8090686534;Fozol.;sobakin_stream;;avatars/8090686534.jpg;laravel_pro
8092661803;︎ ︎;realkw;;;andrewgiftschat
8093376548;🤠;Frog_tt197;;avatars/8093376548.jpg;andrewgiftschat
8095389997;.;;;;andrewgiftschat
8096745400;Екатерина;SavitskayaKa;;avatars/8096745400.jpg;rabota_chaty1
8098813873;Ирина;irinakuznetsova676;;;rabota_chaty1
8099216600;Карина;;;;rabota_chaty1
8099916511;;;;;tproger_chat
8100413528;;;;;rabota_chaty1
8101942313;$$$$¢π€¶;;;avatars/8101942313.jpg;tproger_chat
8102131952;Алберт;;;;python_ru
8102422410;Настасия;nastasia_ivanchenko;;avatars/8102422410.jpg;rabota_chaty1
8102612303;NA;;;avatars/8102612303.jpg;laravel_pro
8106261301;Larisagubanov;;;;rabota_chaty1
8107374367;m;;;avatars/8107374367.jpg;andrewgiftschat
8108003602;;;;;rabota_chaty1
8108217124;💥🎲 FANTOM°°7🧊;Anonimxt;https://t.me/patrickstarsrobot?start=8108217124;;andrewgiftschat
8108305971;clensy;clensy1;;avatars/8108305971.jpg;andrewgiftschat
8108486083;Eva;;;;rabota_chaty1
8108883720;Старый жмых #samuraipro;Jmih123;;avatars/8108883720.jpg;andrewgiftschat
8108904043;;;;;rabota_chaty1
8110332627;Дмитрий;;;;rabota_chaty1
8110665396;Людмила;;;avatars/8110665396.jpg;rabota_chaty1
8112001104;Покровитель Ветров Кошачьих;MrBozdyxan;;avatars/8112001104.jpg;andrewgiftschat
8113166641;Ганстер;acc4rate;;;andrewgiftschat
8114077811;Алла;AlllA_03;;avatars/8114077811.jpg;rabota_chaty1
8115071515;B;superdev101;;avatars/8115071515.jpg;laravel_pro
8117006739;.;Vikysih;.;;andrewgiftschat
8117585017;;;;;rabota_chaty1
8119122791;sunshine✨;nassuwu;;avatars/8119122791.jpg;andrewgiftschat
8120692359;Олеся;Olesa_51esee;;;rabota_chaty1
8120750064;chm0🇺🇸;spider_men777;;;andrewgiftschat
8121824844;Алина @WelpCasino;Alink000012;;avatars/8121824844.jpg;andrewgiftschat
8122241296;Светлана;;https://t.me/+nwDNnyA9q5gyNGMy;;rabota_chaty1
8122965867;Exlusivgip;Goodfrinds3;;avatars/8122965867.jpg;andrewgiftschat
8123251976;;;;;rabota_chaty1
8124765197;алоникс;alon1xx_bot;;;andrewgiftschat
8126801483;iso;TomOfTampere;;avatars/8126801483.jpg;laravel_pro
8126819544;аряш;sss_kisss;;;andrewgiftschat
8126873525;Мирдавлат;LionTigerWolf;Всегда люди честные и иногда не честные, это Аллах знает и видит всё;;andrewgiftschat
8127149139;;;;;rabota_chaty1
8127947911;Steams-cl;SteamsclGrrkezp;;;laravel_pro
8130130435;丹れ刀尺モㄚ️️️;metkuj;;avatars/8130130435.jpg;andrewgiftschat
8130461271;Charles;;;;andrewgiftschat
8130691295;Paramonyu;;;;rabota_chaty1
8131239936;Ayush;;;;rabota_chaty1
8131882052;Davis Mark SUI 🐾| Drops💧| Drops💧;davismarkjz224;;;rabota_chaty1
8132605407;︎︎ ︎︎ ︎ ︎;sf1wq;я умираю ради твоей любви @dreykw;;andrewgiftschat
8134085670;Сибни;sebne;Когда-то людям тоже нужен отдых...;avatars/8134085670.jpg;andrewgiftschat
8138248870;Елизавета;cffdfhgjhj;;avatars/8138248870.jpg;rabota_chaty1
8138270888;;;;;rabota_chaty1
8138890504;;;;;rabota_chaty1
8139487535;Аrs;;;avatars/8139487535.jpg;andrewgiftschat
8139518263;Катя;Katya_Kimova;;avatars/8139518263.jpg;rabota_chaty1
8140294374;;;;;rabota_chaty1
8142913318;Ольга;kckc_54c_wss;Она возвышает других, потому что знает, каково это, когда тебя рушат;avatars/8142913318.jpg;rabota_chaty1
8143472831;amir1379;amirnar79aq;;;rabota_chaty1
8145167253;Диана;;;avatars/8145167253.jpg;rabota_chaty1
8146349649;︎ ︎ ᅠ ︎ ︎ ︎ ︎ ᅠ ︎ ︎;shekotal;︎ ︎ ᅠ ︎ ︎ ︎ ︎ ᅠ ︎ ︎;avatars/8146349649.jpg;andrewgiftschat
8146835574;xdxai;xdxai;;avatars/8146835574.jpg;andrewgiftschat
8146931698;;;;;python_ru
8147777605;𝑨𝒍𝒊𝒄𝒆;alicewheel1;Mom would kill me:3 https://t.me/+66bC6vz6H9g3ZDAy;avatars/8147777605.jpg;python_ru
8148674140;Евграфова Ольга;JLKJSIJ2ILEW;Приветик;avatars/8148674140.jpg;rabota_chaty1
8149273645;Tina;tinaaaaaaaas;;;rabota_chaty1
8152254908;Руслан;;;avatars/8152254908.jpg;rabota_chaty1
8153216344;Анастасия;BNDZLT;;avatars/8153216344.jpg;rabota_chaty1
8153279043;Руслан;Rphoenixkgn;;avatars/8153279043.jpg;laravel_pro
8153790284;генерал;;;;andrewgiftschat
8153938153;Da;;;;rabota_chaty1
8154017175;;;;;rabota_chaty1
8155656812;Cadrasidrurlpe;;;;rabota_chaty1
8156450596;JJoin;;;;laravel_pro
8156477616;;;;;rabota_chaty1
8157026924;Rakesh;graphicsrakesh0lox;🏆;avatars/8157026924.jpg;andrewgiftschat
8158314931;Аслам;;🦿🦵💪;;andrewgiftschat
8158563576;埃布蘭克🪄;Dreli66;🫰🏿;avatars/8158563576.jpg;andrewgiftschat
8158725764;•【Cолевая】•;anjikii;-эй @meetelkaa ,я знаю чем мы сегодня займемся , ты купишь мне сигорет;avatars/8158725764.jpg;andrewgiftschat
8158792279;°•𝑳𝑬𝑹𝑶𝒁𝑨𝑹𝑻/Pandora•° OneState/𓆩ᴵᴬᴹ.𝑳𝑬𝑹𝑶𝒁𝑨𝑹𝑻𓆪;Lider_Moonlightpony;;;andrewgiftschat
8159065599;𝐬𝐧𝐞𝐳𝐱.𝐪𝐱𝐰;Sleeeeeepeee;😝;;andrewgiftschat
8161505001;Милана;;;;tproger_chat
8162529103;𖤍;Xuligan_tag;За фейков не ручаюсь || писать по делу | по ссылкам в каналы не захожу;avatars/8162529103.jpg;andrewgiftschat
8162742963;️;hahehahehae;;avatars/8162742963.jpg;andrewgiftschat
8163521233;некультурная ехидна;wexxesm;Весь этот город сегодня наш с тобой;avatars/8163521233.jpg;andrewgiftschat
8163992761;Инна;inna45v;;avatars/8163992761.jpg;rabota_chaty1
8166307940;Друг;;Looking for content partner;avatars/8166307940.jpg;rabota_chaty1
8167319922;;;;;rabota_chaty1
8167597455;˗ˏˋ ıllı Кᴇнджи ៶៸ ˏ´⟢´ˎ˗;NightSeaO;Я счастлив за тех людей,которых ты обнимаешь @NightBloodO;avatars/8167597455.jpg;andrewgiftschat
8168544709;;;;;rabota_chaty1
8169149164;;;;;rabota_chaty1
8169308686;леха ц;lexayc;;avatars/8169308686.jpg;andrewgiftschat
8170227198;I'm Solo🗽;G0RD0STb;Не мы такие, жизнь такова. Деф/def - @iliyakx;avatars/8170227198.jpg;andrewgiftschat
8172535612;Ваня;NancyAnderson051;;avatars/8172535612.jpg;rabota_chaty1
8173293061;멋진 작은 것들.88 🌈 #цийхито_пузатряс #🇧🇾<<<;Lana_kicek;- ⲙы ƿɑਡⲏы૯ ๑ ( @Kripivrach_meow ) || если будешь плакать то я буду плакать тоже @dusya_lol;avatars/8173293061.jpg;andrewgiftschat
8173885862;Je veux parler�⁠⁠⁠⁠⁠⁠𑲭𑲭�de mes problèmes;KlemcioO_O;он смотрить без глаз х_х http://t.me/anonaskbot?start=6nad а ok)))))))))(my sito --- @s3xpartyl 🥹✌🏻✌🏻);avatars/8173885862.jpg;andrewgiftschat
8174139272;Лилит;afsfstertg;;avatars/8174139272.jpg;rabota_chaty1
8175274974;⁸James_Franko_Skz⁸ #s14v #MNS #krt #s1k #mys @afttek лучший #ts;yda_cha8;°I don't even like to sleep — I feel like there's too much to do°<3;avatars/8175274974.jpg;andrewgiftschat
8175490292;👨🏼‍🦽;Imtt0v;;avatars/8175490292.jpg;andrewgiftschat
8175684842;;;;;rabota_chaty1
8175878306;nn#forevernngr;forevernngr;-нᴇᴛ, боᴧьɯᴇ ᴛы ʍᴇня нᴇ ʙᴄᴛᴩᴇᴛиɯь, ϶ᴛᴀ ночь ᴨоᴋᴀжᴇᴛ чᴛо ниᴋᴛо нᴇ ʙᴇчᴇн;avatars/8175878306.jpg;andrewgiftschat
8176959244;;;;;rabota_chaty1
8177413183;Калыван;KOLblBAH67;;avatars/8177413183.jpg;andrewgiftschat
8179170555;;;;;rabota_chaty1
8179220037;Никита;ProstoNikita678;;avatars/8179220037.jpg;andrewgiftschat
8179512467;ㅤㅤㅤㅤㅤㅤㅤㅤㅤㅤㅤㅤㅤㅤㅤㅤㅤㅤㅤㅤㅤㅤㅤㅤㅤㅤㅤㅤㅤㅤㅤㅤㅤㅤㅤㅤㅤㅤㅤㅤㅤㅤㅤㅤㅤㅤㅤㅤㅤㅤㅤㅤㅤㅤㅤㅤㅤㅤㅤㅤㅤㅤㅤㅤ;IlIllXllIlI;ㅤㅤㅤㅤㅤㅤㅤㅤㅤㅤㅤㅤㅤㅤㅤㅤㅤㅤㅤㅤㅤㅤㅤㅤㅤㅤㅤㅤㅤㅤㅤㅤㅤㅤㅤㅤㅤㅤㅤㅤㅤㅤㅤㅤㅤㅤㅤㅤㅤㅤㅤㅤㅤㅤㅤㅤㅤㅤㅤㅤㅤㅤㅤㅤㅤㅤㅤㅤㅤㅤ;;andrewgiftschat
8179875693;;;;;rabota_chaty1
8180152690;;;;;rabota_chaty1
8180988415;25;allelard9;;;laravel_pro
8181186585;Кобяков;Wavilont;;avatars/8181186585.jpg;andrewgiftschat
8181234744;Крылья;Krlblbshk1;@AdvanceStars_Bot - первый игровой бот на телеграм звезды 🌟;avatars/8181234744.jpg;andrewgiftschat
8182468391;Веста;;;;rabota_chaty1
8184232449;Василида;dodpfdpf;;avatars/8184232449.jpg;rabota_chaty1
8184259403;;;;;rabota_chaty1
8185099140;Peter;zhilyae;;;laravel_pro
8185175966;;;;;rabota_chaty1
8185193212;;;;;rabota_chaty1
8185708587;Vern;;;;rabota_chaty1
8186474685;Cкрепка;Trenballons;;avatars/8186474685.jpg;andrewgiftschat
8186817072;Kimi HR;RomanHR_911;@Staffium_bot - HR-бот;avatars/8186817072.jpg;rabota_chaty1
8187781219;🥷Alinkiss🥷;Alinka070011;-а знаешь бабки будут я чувствую вот тут вот @Ny_tipa_xz_lol_kek;;andrewgiftschat
8188010480;Temecke;;;;andrewgiftschat
8189988519;86;alayamest;;avatars/8189988519.jpg;andrewgiftschat
8190349967;6 севен;Pigarasiky;;avatars/8190349967.jpg;andrewgiftschat
8192153777;;;;;rabota_chaty1
8193596836;Jostonn;;;;rabota_chaty1
8194584151;;;;;rabota_chaty1
8195157356;Александр;alexandrevvfa;;;laravel_pro
8195742163;Ч Шнюхич;afkShnyxx;| Писать сразу по делу| @plsbio | def by @aftter, @oexec;avatars/8195742163.jpg;andrewgiftschat
8196644549;Эмиль;;;;rabota_chaty1
8197194070;ᴀнᴦᴇᴧ ʙᴏ ᴨᴧᴏᴛи ISFJ;angel_vo_plotiXD;я разорву твое сердце в клочья,мне будет пох;avatars/8197194070.jpg;andrewgiftschat
8198706857;ִֶ;Felix_python;Python backend developer;avatars/8198706857.jpg;laravel_pro
8198909029;Gairik;;;;laravel_pro
8200117267;𝕬𝖎𝖉𝖊𝖓 𝕳𝔞𝔨𝔦𝖒𝔬𝔣𝔣;almst_awake;Если не можешь изменить обстановку, измени свое отношение к ней.;avatars/8200117267.jpg;andrewgiftschat
8200389124;;;;;rabota_chaty1
8200389991;Oleg;leadbox_manager1;Senior UX/UI Designer;avatars/8200389991.jpg;laravel_pro
8200861558;;;;;rabota_chaty1
8201790783;;;;;rabota_chaty1
8202218681;.;pyskaq;;avatars/8202218681.jpg;andrewgiftschat
8203347430;;;;;rabota_chaty1
8203575862;Алексей;alex23839;https://t.me/podrabotkaaa9035_bot;;python_ru
8203851657;;;;;rabota_chaty1
8204168641;Виктор цой;wjjsjdmdm;@UGSGAME Хороший чат https://t.me/twixchat_G;;andrewgiftschat
8204678761;Buzaeva;dlverrs;;avatars/8204678761.jpg;andrewgiftschat
8204845366;fugly((;sonyezx;fugly, я наглый, притупляю боль таблой;avatars/8204845366.jpg;andrewgiftschat
8204984486;Максим пидорас++;;в продаже юз @C4lenosos;avatars/8204984486.jpg;andrewgiftschat
8206035665;† 𝓭𝓸𝓵𝓵𝓪𝓻 †ᵍᵒˡᵈᵉⁿ;qqll17;Я люблю только Катю💋❤️ @Golden_Gram_chat;avatars/8206035665.jpg;andrewgiftschat
8206377453;@.s0n~Ur1;sanurrr_i;Är jag inte vacker？;avatars/8206377453.jpg;andrewgiftschat
8207744016;I love you Бравл старс;I_EBAHIN_GENIUS;Короче Я ЁБАНЫЙ ГЕНИЙ ТЫ ПРОСТО УРОД... Дальше забыла;avatars/8207744016.jpg;andrewgiftschat
8209252566;Андрей;andreykozlov139;;;rabota_chaty1
8211246259;HeMakz8m;sexMakz8m;Дарю подарки за пересылку канала Досика. За выплатой лс. @neprivet;avatars/8211246259.jpg;andrewgiftschat
8211806330;;;;;rabota_chaty1
8214342411;Soska||dd^^gyla__фууу/делии;fimcas04;;;andrewgiftschat
8214491826;;;;;rabota_chaty1
8215142266;;;;;tproger_chat
8215949249;Ясина;;;avatars/8215949249.jpg;andrewgiftschat
8216885677;クルー;kryteknaw;+rep;avatars/8216885677.jpg;andrewgiftschat
8217587518;Delviod;PUxYqT;;;rabota_chaty1
8218173385;Jay;JAY10199;;;andrewgiftschat
8221476910;Викентий;;;;rabota_chaty1
8223488846;юрчка;YuriIchXDD;;avatars/8223488846.jpg;andrewgiftschat
8224781701;;;;;rabota_chaty1
8224913894;;;;;rabota_chaty1
8225060389;;;;;rabota_chaty1
8225447750;ᅠ ︎ ︎ ︎ ︎ ᅠ ︎ ︎ ︎ ︎..;Wwwwrrttttyy;;;andrewgiftschat
8226073226;Сафина;;;avatars/8226073226.jpg;rabota_chaty1
8226849693;Светлана;SvetlanaMironova39;;avatars/8226849693.jpg;rabota_chaty1
8227782642;;;;;rabota_chaty1
8227789244;;;;;rabota_chaty1
8228980618;;;;;rabota_chaty1
8229083752;Maria Cole;;;;rabota_chaty1
8229105590;Виталий;dhsjjsk89;https://t.me/+KlicZrogVtU3MzYy;;python_ru
8231819455;Денис;denissmirnov930;;;rabota_chaty1
8232378364;;;;;rabota_chaty1
8233533879;beweted;beweted;;;andrewgiftschat
8233678742;;;;;rabota_chaty1
8233841537;;;;;rabota_chaty1
8234112699;;;;;rabota_chaty1
8235107775;;;;;rabota_chaty1
8235436674;;;;;rabota_chaty1
8235677301;;;;;rabota_chaty1
8237760758;;;;;rabota_chaty1
8239057500;Вика;vikkawp;;;andrewgiftschat
8240932321;;;;;rabota_chaty1
8240997503;кислова🖤ᡕᠵ᠊ᡃ⁠⁠⁠⁠⸝່ࠡ᠊߯ᡁࠣ࠘᠊᠊ࠢ࠘气亠//менеджер;;ᡕᠵ᠊ᡃ⁠⁠⁠⁠⸝່ࠡ᠊߯ᡁࠣ࠘᠊᠊ࠢ࠘气亠 есть любимый @ebuloxoww 🩶 [писать по делу];avatars/8240997503.jpg;andrewgiftschat
8241006045;Андрей;andreykozlov329;;;rabota_chaty1
8241081607;Евгения;Evvv3435;;avatars/8241081607.jpg;rabota_chaty1
8241432873;Денис HR;;;;rabota_chaty1
8243006964;;;;;python_ru
8243996889;ᅟ;JUSTIN_GATHJE;Is it worth it?...;avatars/8243996889.jpg;andrewgiftschat
8244131058;;;;;rabota_chaty1
8245786834;;;;;rabota_chaty1
8245927144;Brother;uydro;;avatars/8245927144.jpg;andrewgiftschat
8245966600;sea;;;;laravel_pro
8246006234;Dima;Ladno_aia;;avatars/8246006234.jpg;laravel_pro
8246087008;;;;;rabota_chaty1
8246245871;;;;;rabota_chaty1
8246961372;skip.;skipfw;-нᴏ ʍы ᴄʙяɜᴀны.;avatars/8246961372.jpg;andrewgiftschat
8246985274;DEMOH;DESKKDJD;найду покупателя или продавца (нфт звезды грамы голда) за грамы;avatars/8246985274.jpg;andrewgiftschat
8247027429;МАРИНА 💋 Ищу смелого… Готов рискнуть? 🌶 Жду в лс ✨ M_A_R_I_N_A;ifRwFMlxZL;😈 Скучаю тут 👉 t.me/+ZKYYsiAOPVdhOWI6 🔥 Жду твоего сообщения 💋;avatars/8247027429.jpg;rabota_chaty1
8247296386;Vit;paranoromalius;˚ ✦ . . ˚ . . ✦ ˚ . ★ . . ˚ * ✦;avatars/8247296386.jpg;laravel_pro
8247435972;;;;;rabota_chaty1
8247486955;𝐳𝐞𝐫𝐯𝐢𝐱 🇮🇸 #error #киса #well #gav#s1k#𝒜#KTN;x3xent;;avatars/8247486955.jpg;andrewgiftschat
8247741350;;;;;rabota_chaty1
8247868352;;;;;rabota_chaty1
8247973565;Анюта;alexwinstonai;;avatars/8247973565.jpg;python_ru
8250663651;;;;;rabota_chaty1
8250857624;ира.;Ira1426;тгк| https://t.me/+-jtn6sS-MDA0YmUy;;andrewgiftschat
8251153388;;;;;rabota_chaty1
8251989281;;;;;rabota_chaty1
8252393003;Демян;Amnufa;;avatars/8252393003.jpg;rabota_chaty1
8252580471;Акира Крутая вумен;foroyuy;Но ты снова и снова наносил ему удары @BLYAEEEEE;;andrewgiftschat
8253602027;;;;;rabota_chaty1
8253689825;"^^^𝔲𝔫 𝔞𝔪𝔦 𝔱𝔢𝔯𝔯𝔦𝔟𝔩𝔢;;";itspizdecc;;avatars/8253689825.jpg;andrewgiftschat
8254415158;Елена;elenakozlova986;;;rabota_chaty1
8255584959;daffm.!!ᛝ#LE#s1k#киса#roxy#scw#00Y#KTN#Марикс#Twix;DFFX6;;avatars/8255584959.jpg;andrewgiftschat
8255623417;Надежда;;;avatars/8255623417.jpg;rabota_chaty1
8255907546;Я барашек ♡;linaidass457;Василий Петрович, обожаю МиЛару 😘и Егора Крида 🥺🥺🥺;avatars/8255907546.jpg;andrewgiftschat
8256046277;Яна;UvX2WN7b;;avatars/8256046277.jpg;rabota_chaty1
8256421812;Екатерина;ekaterinakuznetsova719;;;rabota_chaty1
8256641297;woodman;wwoodman;R ➰ SH / def: https://t.me/oazova;avatars/8256641297.jpg;andrewgiftschat
8256941982;Sftfii;;;;rabota_chaty1
8257873636;Руслан;;;avatars/8257873636.jpg;rabota_chaty1
8258910167;;;;;rabota_chaty1
8259239746;Вячеслав;rodionov_vyach;;avatars/8259239746.jpg;laravel_pro
8259452192;зая / #well;ANGEL666016;-𝒉𝒆 𝒍𝒐𝒐𝒌𝒔 𝒍𝒊𝒌𝒆 𝒔𝒐𝒎𝒆𝒕𝒉𝒊𝒏𝒈𝒕𝒉𝒂𝒕 𝑰'𝒅 𝒔𝒆𝒆 𝒂𝒕 𝒂 𝒎𝒖𝒔𝒆𝒖𝒎 @s1implle;avatars/8259452192.jpg;andrewgiftschat
8259617863;.;killi_011;;;andrewgiftschat
8260513083;Хан тао;Xan_Tao1;;avatars/8260513083.jpg;andrewgiftschat
8261506549;Julio;;;;rabota_chaty1
8262494172;;;;;rabota_chaty1
8262726457;カティア;Katttno;-あなたは永遠に私と一緒にいます。;avatars/8262726457.jpg;andrewgiftschat
8264151759;;;;;rabota_chaty1
8264905980;;;;;rabota_chaty1
8265586541;;;;;rabota_chaty1
8267007524;;;;;rabota_chaty1
8267030642;dz'r;dzgvaaa;;avatars/8267030642.jpg;rabota_chaty1
8267220204;;;;;rabota_chaty1
8268782502;ALNAV;alnaval;@ebanatpoddozoi;avatars/8268782502.jpg;andrewgiftschat
8269938236;;;;;rabota_chaty1
8270010865;шавти;;;avatars/8270010865.jpg;andrewgiftschat
8270531795;𔔁︎ ︎ ︎ ︎ ︎ ︎ ︎𓍼𝂅ׄ . ︎࣪˖𝑾𝑬𝑯𝑹𝑴𝑨𝑪𝑯𝑻 ֪ // 𔘘#𝟎𝟎𝟐/𝒀𝒐𝒕𝒐.;Sonja_Noch_Einmal;𔘘Ⲥⲏⲟⲃⲁ ⲟⲇυⲏⲟⲕ. Ⲙⲟⲯⲉⲧ, я ⲏⲉ ⲧⲟⲧ? Ⳅⲗыⲉ ⲙыⲥⲗυ, ⲕⲧⲟ ⳝы ⲙⲏⲉ ⲡⲟⲙⲟⲅ. . .(?);avatars/8270531795.jpg;andrewgiftschat
8271656450;обкуренная;;;avatars/8271656450.jpg;andrewgiftschat
8271686251;Олейник;Shadow_Milk_Cookie33;Картина. Она обычная и пустая.;avatars/8271686251.jpg;andrewgiftschat
8272527432;Александра;;От 100.000 рублей в неделю ? Запросто !!! Строго 14+ https://t.me/+MSg;avatars/8272527432.jpg;rabota_chaty1
8273224616;;;;;rabota_chaty1
8274069515;пр я;chyroda;;avatars/8274069515.jpg;andrewgiftschat
8276059607;;;;;rabota_chaty1
8276166326;;;;;rabota_chaty1
8276384777;Вова;uihihl;мы тут не работаем а ЗАРАБАТЫВАЕМ https://t.me/+hO4xzybeyiRmMDJi;avatars/8276384777.jpg;python_ru
8276415715;;;;;rabota_chaty1
8276631490;;;;;rabota_chaty1
8277056318;;;;;rabota_chaty1
8277840958;YORFIZZIS | HELPER-RW;Maximus_netu;;avatars/8277840958.jpg;andrewgiftschat
8278159523;#𝕟𝕖𝕣𝕧𝕟𝕪𝕪 | @headshunt;Xddddd0_0;4k | face;avatars/8278159523.jpg;andrewgiftschat
8278806980;;;;;rabota_chaty1
8279823350;;;;;rabota_chaty1
8280225760;;;;;rabota_chaty1
8280313660;yokkaa;yokkaa;-мам,я хочу быть как газан,такой же хулиган @mmewop6;avatars/8280313660.jpg;andrewgiftschat
8280711166;@Am_niam;Amn_iam;;avatars/8280711166.jpg;andrewgiftschat
8281335303;;;;;rabota_chaty1
8282234633;chuvaaak;tmchks;-Навечно молодой,forever young @Bratuhas;avatars/8282234633.jpg;andrewgiftschat
8282713731;Машуня;maruusiyaa;;avatars/8282713731.jpg;andrewgiftschat
8283013724;;;;;rabota_chaty1
8283320367;;;;;rabota_chaty1
8283571354;Дима;;;;laravel_pro
8283896603;;;;;tproger_chat
8284825747;;;;;rabota_chaty1
8285331331;ap;q1use;;;andrewgiftschat
8286580442;Денис;denispetrov427;;;rabota_chaty1
8287760725;;;;;rabota_chaty1
8288469747;Бегемот;Cudll;🇺🇲;avatars/8288469747.jpg;andrewgiftschat
8288832980;;;;;rabota_chaty1
8289124273;;;;;rabota_chaty1
8290457008;;;;;rabota_chaty1
8291026377;Викуся;vikusya_lady;;avatars/8291026377.jpg;rabota_chaty1
8291580001;;;;;rabota_chaty1
8291669585;Тигран the bmv;;;;andrewgiftschat
8291799182;;;;;rabota_chaty1
8292087899;кримик хапаев 🏴‍☠️;crimewox;CEO | crimick_app.t.me |;avatars/8292087899.jpg;andrewgiftschat
8292125582;𝓶𝔁𝔁𝔂𝓽𝓻𝓷<3;n123_steel;𝑊ℎ𝑒𝑟𝑒 𝑎𝑟𝑒 𝑖𝑠 𝑚𝑦 𝑀𝑎𝑛𝑑𝑦? @awanttobebeautiful;avatars/8292125582.jpg;andrewgiftschat
8292166543;☬•𝐸𝓁𝒾𝓏𝒶𝒷𝑒𝓉𝒽•☬;Luna_900;;avatars/8292166543.jpg;andrewgiftschat
8292392272;инна;inna0469;;avatars/8292392272.jpg;rabota_chaty1
8292875267;пропал;SwastonTyT;;avatars/8292875267.jpg;andrewgiftschat
8293450095;Света;Sveta24sss;By feel month heart new week rather.;avatars/8293450095.jpg;rabota_chaty1
8293732376;𝑊𝑒𝑙𝑙..;aelioris;;avatars/8293732376.jpg;andrewgiftschat
8294158667;;;;;rabota_chaty1
8294386118;хiвя мiкразайм;HivikkTon;UQCVJ9M5bU-g58YFGJcLaB_ARTHmZ1lnWfwVseayMl0QVTdn;avatars/8294386118.jpg;andrewgiftschat
8295528998;.;darkcassandra;;avatars/8295528998.jpg;andrewgiftschat
8295571395;Игорь;;;;rabota_chaty1
8295870553;;;;;rabota_chaty1
8297121046;𝓜𝓪𝓻𝓲𝓷𝓪;rasadsaw4;;avatars/8297121046.jpg;rabota_chaty1
8297288248;︎ ︎ ︎ ︎ ︎ ︎ ︎ ︎ ︎ ︎ ‍ ‍ ‍ ‍ ‍ ‍ ‍𝚂𝙿𝙸𝙺𝙴;By_fe1ix;@UGSGAME;;andrewgiftschat
8297842974;Fiksik #кул;Wwwwwwwww_98;Сливаю промо только тут @fiksikchanel;avatars/8297842974.jpg;andrewgiftschat
8298155788;He1ssi;Sstiwi_au;϶й, ʙᴄᴇᴦдᴀ буду один, у ʍᴇня ᴛᴀᴋ ʍноᴦо дᴇнᴇᴦ, но ʍои ʍозᴦи нᴀ ʍᴇᴄᴛᴇ;avatars/8298155788.jpg;andrewgiftschat
8300614543;Олеся;timyrzjajsj;…;;rabota_chaty1
8300660468;Техподдержка;Nagints6374;;avatars/8300660468.jpg;andrewgiftschat
8301280970;;;;;rabota_chaty1
8301340443;;;;;rabota_chaty1
8301362971;N;mmaxxxrr;;avatars/8301362971.jpg;andrewgiftschat
8301773891;;;;;rabota_chaty1
8304117206;Leymisa;Leymisa;l It's me;avatars/8304117206.jpg;andrewgiftschat
8305377654;Марина;marina_28_0;;avatars/8305377654.jpg;rabota_chaty1
8305491745;;;;;rabota_chaty1
8307147208;Riaа;;;avatars/8307147208.jpg;rabota_chaty1
8307396178;;;;;rabota_chaty1
8308365224;ev;;;;laravel_pro
8308574805;Альбина;albina_sueta;https://t.me/+4XrR5HetmA8zMzUy жду тебя! @WORK_BABLO_MONEY ЛАВЭ;avatars/8308574805.jpg;rabota_chaty1
8308848338;;;;;rabota_chaty1
8309568626;Kenzo @AdvanceStars_Bot;ocekill;@AdvanceStars_Bot - первый игровой бот на телеграм звезды 🌟;avatars/8309568626.jpg;andrewgiftschat
8309925513;Іллюха;Illa14589;;;andrewgiftschat
8310322059;;;;;rabota_chaty1
8310735367;🤍;wisqeez;;;andrewgiftschat
8311880964;;;;;rabota_chaty1
8312036207;Heliciar;Paidleadmonisher;;;rabota_chaty1
8312369880;;;;;rabota_chaty1
8312808649;Opyqpz;r_6630gm;;;rabota_chaty1
8313520696;wasdevis;wasdevis_01;;avatars/8313520696.jpg;andrewgiftschat
8313655748;🌿;ferpl8;;avatars/8313655748.jpg;andrewgiftschat
8314684428;▪️;inquictor_money;Ehren Craig is my mentor who does better than me;avatars/8314684428.jpg;andrewgiftschat
8315069083;;;;;rabota_chaty1
8316997376;;;;;rabota_chaty1
8317307023;;;;;rabota_chaty1
8317738191;Иванна;ivanka09v;;avatars/8317738191.jpg;rabota_chaty1
8317968020;фригидная нимфоманка;f0r3v3r_s1ngl3;тгк: https://t.me/+KPeVrjPi3x45ZTEy менеджер @mifilogiya;avatars/8317968020.jpg;andrewgiftschat
8319439705;Вика;Vikaa17v;;avatars/8319439705.jpg;rabota_chaty1
8319705715;;;;;rabota_chaty1
8319759686;yapi 🍀;yapii;;avatars/8319759686.jpg;andrewgiftschat
8320014293;Амелька;Amelishirka;;;andrewgiftschat
8320063160;Назар;Vasapnegga;Чем гуще лес- шкибиди доп ЕС ЕС;;andrewgiftschat
8320148099;Милена;;https://t.me/+nTX0Y2oq1lgzYzAy;avatars/8320148099.jpg;rabota_chaty1
8320277733;Милана;;По аренде, подавайте заявку в групп https://t.me/+lAyMASsusWs4MTcy;avatars/8320277733.jpg;rabota_chaty1
8320472926;ꨄ︎ $𝗄1е͜͡ꪀ𝖽𝗂ꫀ𝗅;FreeDdur0v;— #ВернитеТг @CR4_YY / люблю пав пав люблю пых пых 😢 сквозьбабуля;;andrewgiftschat
8320597144;.;Koko124kk;;;andrewgiftschat
8321130836;Администратор;Hangerlol;https://wilder.black/XStDoTrGb Промо ORBJDKUVDMA;avatars/8321130836.jpg;rabota_chaty1
8322160642;!fantastic;kiryhagg;...;avatars/8322160642.jpg;rabota_chaty1
8323110793;Марина;MarinaKalinina17;;avatars/8323110793.jpg;rabota_chaty1
8323255554;;;;;rabota_chaty1
8323698093;Siptop6363;Siptopmini;Popoan;avatars/8323698093.jpg;andrewgiftschat
8324240101;;;;;rabota_chaty1
8324481446;NFT777 @andrusho;ggmox;Fan @andrusho;avatars/8324481446.jpg;andrewgiftschat
8324900990;;;;;rabota_chaty1
8324985366;;;;;rabota_chaty1
8325317174;;;;;rabota_chaty1
8326806949;Владислав;EgorSnow;Impossible... Or Possible?;avatars/8326806949.jpg;andrewgiftschat
8326905756;Logan #ꪋટƿ᥆ꪉƿ᥆ #500 #SHDW #s1k #skmbr;loganfat;;;andrewgiftschat
8328182870;;;;;rabota_chaty1
8328527525; ᅠ ︎ ︎;dixlake;@Xeroxs1 легенда;avatars/8328527525.jpg;andrewgiftschat
8328577812;.;Sanik28;;;andrewgiftschat
8328646236;;;;;rabota_chaty1
8329753628;Соня;;;avatars/8329753628.jpg;rabota_chaty1
8329973603;;;;;rabota_chaty1
8330865491;Александра;;Для открытия резюме писать https://t.me/assistant_kadry;avatars/8330865491.jpg;rabota_chaty1
8331322261;💕Fauna💕;FUNFAN_9;;;andrewgiftschat
8331552149;Vegetable;djifoe;;avatars/8331552149.jpg;rabota_chaty1
8331586774;Mid Night Nobokos;s105km;Чего @bembesheva;avatars/8331586774.jpg;andrewgiftschat
8332044187;Yarniz;Ygevk;;avatars/8332044187.jpg;andrewgiftschat
8332347355;Emilya;EmilyaNa47;;avatars/8332347355.jpg;rabota_chaty1
8332428155;🔪6bAtb и;httc_m;;;laravel_pro
8332502923;ty_zahodi_esli_chto;VelkoXz;ZX5404LAJFO00JFR https://t.me/questianonbot?start=8332502923;avatars/8332502923.jpg;andrewgiftschat
8332933684;;;;;rabota_chaty1
8333140236;;;;;rabota_chaty1
8334717436;Виктория;GameroBrittany9849;;avatars/8334717436.jpg;rabota_chaty1
8335732125;АлиК;Allxr0;- and if you die, I wanna die with you | @shimmering_watermelon;avatars/8335732125.jpg;andrewgiftschat
8336827626;Эля;;https://t.me/+Qnpt60ztPdNlMjAy;avatars/8336827626.jpg;rabota_chaty1
8337154554;;;;;rabota_chaty1
8337521059;Артемчик;Sosochka68;находится в федеральном розыске;avatars/8337521059.jpg;andrewgiftschat
8339789747;;;;;rabota_chaty1
8340428084;Heather;;;;andrewgiftschat
8341433791;;;;;rabota_chaty1
8342572573;Xetrlj;;;;rabota_chaty1
8343211780;Елизавета;;;;rabota_chaty1
8343227196;Марьяна;;;avatars/8343227196.jpg;rabota_chaty1
8344061569;Minaldo;minaldo_15;;avatars/8344061569.jpg;andrewgiftschat
8344459239;;;;;rabota_chaty1
8345498282;🥀#япи #fso #WG;wichthepack;𝓿𝓸𝓵𝓿𝓮𝓻í𝓪 𝓪 𝓮𝓵𝓮𝓰𝓲𝓻𝓽𝓮.;avatars/8345498282.jpg;andrewgiftschat
8345694223;;;;;rabota_chaty1
8345755691;Laittthodaylyn;;;;rabota_chaty1
8346383684;;;;;rabota_chaty1
8347032323;♾️;mushenie;;;andrewgiftschat
8347382986;;;;;rabota_chaty1
8347491433;;;;;rabota_chaty1
8348233103;;;;;rabota_chaty1
8348310108;;;;;rabota_chaty1
8349073952;Кристина;;https://t.me/+HW8Tkpln4oBmMmIy ИЩЕМ ДРОПА!!!;avatars/8349073952.jpg;rabota_chaty1
8350286372;mostervc#alinka;sdef3m;-я ⲧⲟⲗьⲕⲟ ⲥ ⲧⲟⳝⲟύ ⲧⲉⲡⲉⲣь ⳝⲩⲇⲩ, υⲇυ, ⲟⳝⲏυⲙυ ⲙⲉⲏя @Yulia1828;avatars/8350286372.jpg;andrewgiftschat
8350634545;поглощаю грёзы;inscenary;;avatars/8350634545.jpg;andrewgiftschat
8350710471;Дмитрий;HR_2609;;avatars/8350710471.jpg;rabota_chaty1
8351103898;;;;;rabota_chaty1
8351250025;好̙̑͑的̓ ̥̻̭ / ἔłᾄi;mililllo;:: በቀጭኑ በረዶ ላይ ከሄድክ መውደቅ አትችልም። 🥣;avatars/8351250025.jpg;andrewgiftschat
8351581732;Максим;;мы тут не работаем а ЗАРАБАТЫВАЕМ https://t.me/+2qnCGvj1DeIxYjMy;avatars/8351581732.jpg;python_ru
8351764089;ᴨᴏᴧинᴋᴀ;polikjaw;;avatars/8351764089.jpg;andrewgiftschat
8352012585;🔪 ラブスター (⁠≧⁠▽⁠≦⁠) ᵏᵛᶦᶻᶫᶦᵏˢ;wtrynxx;;avatars/8352012585.jpg;andrewgiftschat
8352093601;Uwu;Ondrey_nish;;;andrewgiftschat
8353099527;Keeper;DU0R0V;;;andrewgiftschat
8353175152;Илья;;;avatars/8353175152.jpg;rabota_chaty1
8353415905;𝗚𝗿𝗮𝗶𝗻𝗱𝗴𝘄𝗮𝗽;;;avatars/8353415905.jpg;andrewgiftschat
8353418470;『 𝗖h𝐢𝐢𝗄𝕒𝒘𝒶 』⋆˚𝜗𝜚˚⋆;Chiikawa_c;𐋏ᥲⲙ ᥴ @Whore04 ρᥲᥴᥴʙᥱᴛ нᥱ ᥰ᧐ⲙᥱ᥊ᥲ ˗ˋˏ ♡ ˎˊ˗ / Лучший друг @TSUB_K 𐚁๋;avatars/8353418470.jpg;andrewgiftschat
8353568365;VanyaCapital💵;ManyFrank;Я сказал — сделано. Пополнение и вывод на 1xbet. Время — деньги.😎https://t.me/ManyFrank24;avatars/8353568365.jpg;rabota_chaty1
8353865721;Ищи @jordan174_new;;Оператор продаж @jordan174_new;;andrewgiftschat
8355730172;;;;;rabota_chaty1
8356062571;;;;;rabota_chaty1
8356076780;Медина;grishkosity;Several must international maybe threat activity.;avatars/8356076780.jpg;rabota_chaty1
8356260823;;;;;rabota_chaty1
8356362213;;;;;python_ru
8356381196;.;APECTOBAH_3A_CBAT_B_LLlKOLE;;avatars/8356381196.jpg;andrewgiftschat
8356661097;Пелагея;;;avatars/8356661097.jpg;rabota_chaty1
8356910568;Карина💭😘;carine_l1;4 часа и 15 тысяч в кармане! Пиши!🧩 https://t.me/+8gdKq2ta2UliMWFi;avatars/8356910568.jpg;rabota_chaty1
8357265967;Лордик;Lordik_keksik;Пусто пусто пусто);;andrewgiftschat
8357279535;Tyrew.xx;Vinagfs;...;avatars/8357279535.jpg;andrewgiftschat
8357605463;ровный пацан;nnnnaand;Обмен валют;;andrewgiftschat
8357849109;Таня;cranicShandies;;avatars/8357849109.jpg;rabota_chaty1
8358521893;ᴋᴏдᴇинᴏʙ ᴅᴏᴘᴀᴍɪɴᴇ;kodeinmvp;| чек адаптер | в сети 24/7 | спам, тролли - чс | лист | @rageswating;avatars/8358521893.jpg;andrewgiftschat
8358565231;ᅠᅠᅠ;Fiberal_098;Она так мило спит и я иё не разбужу @mrrdererss11 ❤️;avatars/8358565231.jpg;andrewgiftschat
8359257305;;;;;rabota_chaty1
8359276119;Анна;annamorozova275;;;rabota_chaty1
8359894431;Анатолий;AnatolijFilippov_PJ;;avatars/8359894431.jpg;andrewgiftschat
8360480599;;;;;rabota_chaty1
8360553668;Билал;;;avatars/8360553668.jpg;rabota_chaty1
8361024637;ᴄинᴇᴦᴧᴀзᴋᴀ✈️;jeijeihs;;avatars/8361024637.jpg;andrewgiftschat
8361519360;;;;;rabota_chaty1
8361545136;🫪 limitles็็็็็็็็็็็็็s็็็็็็็็็็็็็ 🫪;v1nc3masuka;чюпеп https://t.me/starsy_zarabotox_bot?start=8361545136;avatars/8361545136.jpg;andrewgiftschat
8361709687;luong;;;;tproger_chat
8361825176;;;;;rabota_chaty1
8361905316;;;;;rabota_chaty1
8363124227;;;;;rabota_chaty1
8363401617;🥵Питер🏳️‍🌈;bratok234;;avatars/8363401617.jpg;andrewgiftschat
8363626308;Влад;cojoter;;avatars/8363626308.jpg;rabota_chaty1
8364778335;🫆;krtmil;;;andrewgiftschat
8365408025;Сергей;;1bb;avatars/8365408025.jpg;rabota_chaty1
8365726725;᭣֤ࣨ ♡月の幻想𖦹;forgets13;;avatars/8365726725.jpg;andrewgiftschat
8365864190;Olvin;olvindontloveit01;Ты, да я, да мы с тобой))));avatars/8365864190.jpg;laravel_pro
8366094443;;;;;rabota_chaty1
8366323424;Дональд ТрАмп 🇺🇸;H_isisisir;Сделаем Америку снова великой🇺🇸 / кому 50 звезд в лс;avatars/8366323424.jpg;andrewgiftschat
8366393995;Мила;milaaa670;;avatars/8366393995.jpg;rabota_chaty1
8366579941;Alexander;fermaovets;farm;;rabota_chaty1
8368024014;;;;;rabota_chaty1
8370036553;𝒜𝓁𝑒𝑜𝓉𝓇𝑜𝓍 𝒟𝑒𝒶𝓁𝓈 𝟤%;;@limeSafeHandling - Ручение обо мне. @new_aleotrox - Информация. @giftscope - Новостной канал.;avatars/8370036553.jpg;andrewgiftschat
8370236225;;;;;rabota_chaty1
8370355505;wolf;Lpoooh;ыыы;;andrewgiftschat
8370540445;Добрый;ZenFuss1;;avatars/8370540445.jpg;andrewgiftschat
8370878065;;;;;rabota_chaty1
8371572029;;;;;rabota_chaty1
8372237558;Яна;yana_kozlov;Сочи. Фотограф. Люблю природу и хорошие книги 📸 @loves5mona;avatars/8372237558.jpg;rabota_chaty1
8374585400;Катя;ewpd_40l_wss;Люблю, когда пишут уверенные… ты из таких? 💋;avatars/8374585400.jpg;rabota_chaty1
8374901794;;;;;rabota_chaty1
8374949433;;;;;rabota_chaty1
8375038723;tafup | black;tafup;Like the stars morning the sun tke morning skies ᅠᅠᅠᅠᅠᅠᅠ гномик🔥ᅠᅠᅠᅠᅠᅠᅠᅠᅠᅠᅠᅠᅠᅠᅠᅠᅠᅠᅠᅠᅠᅠᅠᅠᅠᅠᅠᅠᅠ;avatars/8375038723.jpg;andrewgiftschat
8375072771;Юля;Antivenom_1932;;avatars/8375072771.jpg;rabota_chaty1
8376789339;╞ 死 ╡ 𝐹𝑒𝑒𝑙𝑖𝑛𝑔 𝐴𝑙𝑖𝑣𝑒 ⛧;feelingalivesok;;avatars/8376789339.jpg;andrewgiftschat
8377187903;;;;;rabota_chaty1
8377994915;Spherum.pro;spherumpro;;avatars/8377994915.jpg;tproger_chat
8378196956;AlwyLearning #msk #mk;Pohuyqy;By...;avatars/8378196956.jpg;andrewgiftschat
8378306041;Марина;Marina922;;avatars/8378306041.jpg;rabota_chaty1
8378885542;Walter;Walter9821;;avatars/8378885542.jpg;andrewgiftschat
8380081803;Сергей;;;;rabota_chaty1
8381335004;;;;;rabota_chaty1
8381449738;x;dasxas77;;;rabota_chaty1
8381849150;Таня;B2P9wu8ANg;;avatars/8381849150.jpg;rabota_chaty1
8381857668;;;;;rabota_chaty1
8381946853;;;;;rabota_chaty1
8382091255;Sasa;Sasavoldov;@gminesbot 💎 @pdslnhshop_bot — Лучший выбор для депа! 💎;avatars/8382091255.jpg;andrewgiftschat
8382475235;;;;;rabota_chaty1
8383686941;🙈Andrey🌚* ҈҈҈҉҉҉҉҈҈҈҈҈҉҉҉҉҈҈҈҉҉҉҈҈҈҉҉҉҈҈҈;p1nkost;пишешь по делу = чс;avatars/8383686941.jpg;andrewgiftschat
8384654909;;;;;rabota_chaty1
8384849033;;;;;rabota_chaty1
8385411780;𝐄𝐯𝐚 𝐑𝐞𝐢;Puff1na;Мечты сбываются - иногда даже на час 💋;avatars/8385411780.jpg;rabota_chaty1
8386368914;;;;;rabota_chaty1
8386407422;;;;;rabota_chaty1
8386530933;Andrew32k;Andrew32k;@HUBALL_OFFICIAL позорник всего кантриболса! Ху-балл уходи из чг!;avatars/8386530933.jpg;andrewgiftschat
8388289265;Overlord#fan;Nagibatorpabg4;;avatars/8388289265.jpg;andrewgiftschat
8388352780;;;;;rabota_chaty1
8388971350;￶;cvitoy_palka;Спасибо, хорошо;avatars/8388971350.jpg;andrewgiftschat
8389283922;Марта;Martsaeva;;avatars/8389283922.jpg;rabota_chaty1
8389821882;fty;poidan;@jackw - продвинутая игровая платформа;avatars/8389821882.jpg;andrewgiftschat
8390697845;;;;;rabota_chaty1
8390772623;︎ ︎ ︎ ︎ ︎ ︎ ︎ ︎;Vital_shark_42;;avatars/8390772623.jpg;andrewgiftschat
8391193913;;;;;rabota_chaty1
8391411589;Карина;dwfergthyj;;avatars/8391411589.jpg;rabota_chaty1
8391437096;Loki;hodl_till_they_tap;HOLD THE LINE;avatars/8391437096.jpg;laravel_pro
8394088053;"""FAKTER""";WERTYKAK;t.me/undback https://t.me/c/2630159445/76187 🖤🤍 как-то так;avatars/8394088053.jpg;andrewgiftschat
8394168036;Данилл;;;avatars/8394168036.jpg;rabota_chaty1
8394690220;;;;;rabota_chaty1
8394789217;jurek;janymmm_a;Лучший игровый чать @twixchat_G🤍🤍;avatars/8394789217.jpg;andrewgiftschat
8396218906;🫀;Rruna_1;love you love you love you love you love you love you love you.....;avatars/8396218906.jpg;andrewgiftschat
8396330465;WireZy;limehovskijlime;уцацу.;avatars/8396330465.jpg;andrewgiftschat
8396591038;.;Introooss;;;andrewgiftschat
8397622664;solstice;Wirpf;...;avatars/8397622664.jpg;laravel_pro
8397877774;.;;;;rabota_chaty1
8398842256;;;;;rabota_chaty1
8399374617;Крокодильчик;morskoychert;;avatars/8399374617.jpg;andrewgiftschat
8399528027;ᅠ ︎ ︎ ︎ ︎ ᅠ ︎ ︎ ︎ ︎ ᅠ;Artem908789;;avatars/8399528027.jpg;andrewgiftschat
8399548676;—;No_Leeim;;avatars/8399548676.jpg;andrewgiftschat
8400214466;Леонид;leon_onel;;avatars/8400214466.jpg;laravel_pro
8400529672;Кристина;;Перейти - https://t.me/+5JcqJMY40D41MjZi;avatars/8400529672.jpg;rabota_chaty1
8400730463;Andrey;Dpofjf;;;andrewgiftschat
8401151299;Александра;ivanov_aleksandra;Краснодар, фотограф 📸, люблю природу и уютные вечера. @loves5mona;avatars/8401151299.jpg;rabota_chaty1
8402999068;;;;;rabota_chaty1
8403558214;;;;;rabota_chaty1
8404319619;Vayhnsov;;;;rabota_chaty1
8404740220;.;;;;andrewgiftschat
8405380887;;;;;rabota_chaty1
8405632861;;;;;rabota_chaty1
8406658758;;;;;rabota_chaty1
8407247035;Lol;Evvhhxx;;avatars/8407247035.jpg;andrewgiftschat
8407624841;;;;;rabota_chaty1
8407943922;adlet;;;;rabota_chaty1
8408493875;.;liontwq;;;andrewgiftschat
8410117889;;;;;rabota_chaty1
8410861382;Starpter;Starptering;https://t.me/KukiGiftBot?start=8410861382 деф: @Ownersvkm;;andrewgiftschat
8411432037;Cwecex#дᴇᴀдᴄᴀйɜᴏʙ;Cwecex;ceo - [ t.me/adapttere ] [ ⲙⲏᥱ ᥒ𐔖ⲭ𐔤ύ ⲏᥲ ⲃᥲɯυ 𐔤𐔏ρ𐔖ⳅы ];avatars/8411432037.jpg;andrewgiftschat
8411838277;;;;;tproger_chat
8411986006;Диана;;Всё, что случалось, научило меня быть внимательнее к себе и миру.;;rabota_chaty1
8412582482;Артур;Whb0o;Люблю фонк,подари подарок пожалуйста(нфт, премиум и подарок телеграм или в реальности);;andrewgiftschat
8413017668;Екатерина;ekaterinapopova933;;;rabota_chaty1
8413667774;peek;earlyypeek;;avatars/8413667774.jpg;andrewgiftschat
8414025835;;;;;rabota_chaty1
8415080373;Степан;razor_gift;;avatars/8415080373.jpg;laravel_pro
8415160583;Руслан;RuslanBorisov_E3;;avatars/8415160583.jpg;andrewgiftschat
8415363694;Валентина;;;avatars/8415363694.jpg;rabota_chaty1
8415463741;Zubair Zubair;;;;andrewgiftschat
8416442139;иван;;;;andrewgiftschat
8416610481;халва!;halfmode;ебаный даун;avatars/8416610481.jpg;andrewgiftschat
8416727130;ʕ•ᴥ•ʔ;terebonika;;avatars/8416727130.jpg;andrewgiftschat
8417376336;Матвей;wiS0XPEoz;;avatars/8417376336.jpg;rabota_chaty1
8417677675;Софья;sofaindividualkaw;Рост: 170 Вес: 60 Грудь: 2 https://t.me/+Epnve-oSUTozMWIy приватка);avatars/8417677675.jpg;rabota_chaty1
8417938245;mkk;misnyyyu;;avatars/8417938245.jpg;andrewgiftschat
8418161179;ILYA;BMX159;;;rabota_chaty1
8418744033;Алина;;https://t.me/+1o2HlojvhmA4Yzg6;avatars/8418744033.jpg;rabota_chaty1
8419052232;;;;;rabota_chaty1
8420621715;ARIMA I solo;waulw;https://t.me/ARIMAsolo ||| #скорейшаясмертьоттауринаикофеина;avatars/8420621715.jpg;andrewgiftschat
8421175481;Changed_mem;Changed_men;Разраб игр changed mans и bowlie defense ( писать по необходимости);avatars/8421175481.jpg;andrewgiftschat
8421461818;Happy House.;Nyan1833;．ּ ෫ ⎯۫ My savior, beautiful lady. Make me your god, I can give you everything. @kio5mir;avatars/8421461818.jpg;andrewgiftschat
8421750435;;;;;rabota_chaty1
8421992533;𝐹ØŘŢ~7⅙;;Обо Мне Услышат;avatars/8421992533.jpg;andrewgiftschat
8422145186;;;;;rabota_chaty1
8422270578;;;;;rabota_chaty1
8422575913;𝙰𝚙𝟼𝚢𝟹 𝚌 яг𝚘д𝚘й;kampmu;:!!𐌡ᥱᴛнᥙᥱ ʙᥱчᥱρᥲ д᧘я ᴛ᧐ᴦ᧐, чᴛ᧐ δы ᥙ᥊ ʙᥴᥰ᧐ⲙᥙнᥲᴛь ᤋᥙⲙ᧐ᥔ!!:;avatars/8422575913.jpg;andrewgiftschat
8422817900;;;;;rabota_chaty1
8422874146;Кэтэвэ;imnottixo;;avatars/8422874146.jpg;andrewgiftschat
8422944289;;;;;rabota_chaty1
8423019120;тоуч;d1rts;;avatars/8423019120.jpg;andrewgiftschat
8423316416;Tyler;;;;rabota_chaty1
8423433961;wane;sdwame;;;rabota_chaty1
8423581247;;;;;rabota_chaty1
8423852998;Лилия;LiliyaMixajlova115;;avatars/8423852998.jpg;rabota_chaty1
8423973916;;;;;rabota_chaty1
8424999458;Алина;;https://t.me/+5BVJwkIDlS44Y2Ey;avatars/8424999458.jpg;rabota_chaty1
8425434287;Камиль;JFyzg0zxur;;;rabota_chaty1
8425560317;Andrew;user_aandrew;;;laravel_pro
8425752481;Sobolev;UtknTeam;;;tproger_chat
8425963289;;;;;rabota_chaty1
8426117541;карино сакутова;kaaaaaraaa1;;avatars/8426117541.jpg;andrewgiftschat
8428006389;نت ازاد | 𝑿°𝑴𝑻;cx_3xe;;avatars/8428006389.jpg;andrewgiftschat
8428507383;;;;;rabota_chaty1
8428778184;Давид;sgdfgr31;;avatars/8428778184.jpg;rabota_chaty1
8429293101;;;;;rabota_chaty1
8430886699;;;;;rabota_chaty1
8430947826;;;;;rabota_chaty1
8431628417;YoungEgoist;miivik1;;avatars/8431628417.jpg;andrewgiftschat
8432465543;Vladixx;Lada_pikmi;:one day you will found someone like her @Alisa_tiann;avatars/8432465543.jpg;andrewgiftschat
8432841527;Аглая;Aglaa_49lllA;;;rabota_chaty1
8432963773;Ульяна;ulyana_04;Фотограф из Новосибирска 📸 люблю ловить моменты жизни. @loves5mona;avatars/8432963773.jpg;rabota_chaty1
8433281715;Роберт;Robert4598;;;python_ru
8433781930;Кира;kirushka_94;мечты большие, будильник громкий | t.me/kira_dream_10;avatars/8433781930.jpg;python_ru
8434425792;marq12xx.;marqw12xx;;;andrewgiftschat
8434858533;Марина;;;avatars/8434858533.jpg;rabota_chaty1
8435032239;♫⃠;iloveux2;;avatars/8435032239.jpg;andrewgiftschat
8435363694;;;;;rabota_chaty1
8435436201;petrushka;poporus;Лунная призма, дай мне похуизма;avatars/8435436201.jpg;andrewgiftschat
8435683516;;;;;rabota_chaty1
8437345399;Angelic Whisper;;#krt;avatars/8437345399.jpg;andrewgiftschat
8439805416;;;;;rabota_chaty1
8440062002;🖤🖤🖤;wx5qw65;;avatars/8440062002.jpg;andrewgiftschat
8440404914;Арина;Arina_rcg;;avatars/8440404914.jpg;rabota_chaty1
8441244906;❤️‍🔥❤️‍🔥;Ayi_9803;❤️;avatars/8441244906.jpg;andrewgiftschat
8441667052;lol;;;;andrewgiftschat
8441878907;;;;;rabota_chaty1
8444177221;Максюк;kudab_contact;;avatars/8444177221.jpg;laravel_pro
8445040812;.;SIov_net;.;;andrewgiftschat
8445235376;;;;;rabota_chaty1
8445673281;Олег;;;avatars/8445673281.jpg;rabota_chaty1
8446578623;.;;;avatars/8446578623.jpg;laravel_pro
8446732603;;;;;rabota_chaty1
8448151786;;;;;rabota_chaty1
8449542694;;;;;rabota_chaty1
8450062806;;;;;rabota_chaty1
8450438051;;;;;rabota_chaty1
8450644485;𝑭𝒊𝒍𝒂𝒌⁷³²;Filak1337;;avatars/8450644485.jpg;andrewgiftschat
8450863230;MuradYT;MuradYT10k;;avatars/8450863230.jpg;andrewgiftschat
8450900722;Артем;fastik666;;avatars/8450900722.jpg;andrewgiftschat
8451557762;Анастасия;;;;tproger_chat
8451831392;Epstein;;;avatars/8451831392.jpg;andrewgiftschat
8452131146;;;;;rabota_chaty1
8452294329;Zatic;;;;rabota_chaty1
8455007124;Артур;PSXXXxxz;;avatars/8455007124.jpg;laravel_pro
8457369074;;;;;rabota_chaty1
8458132936;Glorka;GlorkaBANK;;avatars/8458132936.jpg;andrewgiftschat
8458442067;;;;;rabota_chaty1
8459080416;Fedya;fazeF1;;avatars/8459080416.jpg;andrewgiftschat
8459419059;Каlыvаn;luckyKalivan;https://t.me/duckearnbot?start=ref_8459419059 не обращайте внимания;avatars/8459419059.jpg;andrewgiftschat
8459430796;;;;;rabota_chaty1
8459449333;Scott;;;;rabota_chaty1
8459609139;Сырные орешки;KPOME_MPAKA;.;avatars/8459609139.jpg;laravel_pro
8459941887;;;;;rabota_chaty1
8460697360;;;;;rabota_chaty1
8461263411;Эльза;;;avatars/8461263411.jpg;rabota_chaty1
8461899017;Миша;MishaMedvedev65;;avatars/8461899017.jpg;rabota_chaty1
8462466032;Ищи @jordan74_new;;ОПЕРАТОР @jordan74_new;;andrewgiftschat
8462738569;;;;;rabota_chaty1
8463490918;;;;;rabota_chaty1
8464143209;Klerk;tony228gran;;avatars/8464143209.jpg;andrewgiftschat
8464187845;Lmwwsfs;;;;rabota_chaty1
8464338752;Нина;NvhMukuj;;avatars/8464338752.jpg;rabota_chaty1
8464904910;;;;;rabota_chaty1
8467577119;;;;;rabota_chaty1
8468161158;;;;;rabota_chaty1
8468411463;Андрей;andreykuznetsov503;;;rabota_chaty1
8468762777;донбасовская;Qwaskapp;;avatars/8468762777.jpg;andrewgiftschat
8469253541;#фараон;;🏴‍☠️обо мне @tgpharaonchik $ рент-@pharaon_arenda_bot $ работаю 8:00-3:00 $ win 79.1 $ гифт от меня @pharaon_gift $ менеджер - @manager_phr;avatars/8469253541.jpg;andrewgiftschat
8469806464;;;;;rabota_chaty1
8469989289;Мифология JkW;;1. менеджер - @vilvetovy 2. менеджер - @f0r3v3r_s1ngl3;avatars/8469989289.jpg;andrewgiftschat
8470240116;;;;;rabota_chaty1
8470406760;;;;;rabota_chaty1
8470663480;Тима;TimaRx1;;;andrewgiftschat
8470853074;Deir_Forbes;Deir_Forbes;@AdvanceStars_Bot - первый игровой бот на телеграм звезды 🌟;avatars/8470853074.jpg;andrewgiftschat
8471131154;🐾тюленчик🐾;set23331;Тюленіііііііііііііііііііііііііі тюленчикии;avatars/8471131154.jpg;andrewgiftschat
8471280123;Mirzabek;MirzabekOrziyev;;;laravel_pro
8471538367;Elizabethblack;;;;rabota_chaty1
8471735607;Антон;Anton_28nnA;;avatars/8471735607.jpg;rabota_chaty1
8472036487;;;;;rabota_chaty1
8473040413;folk;livfolk;@gminesbot;;andrewgiftschat
8473124592;ᴡᴇᴘᴀʏᴇᴠ 𒉭;wepayev;https://t.me/patrickstarsrobot?start=8473124592 бесплатные stars;avatars/8473124592.jpg;andrewgiftschat
8474095847;;;;;rabota_chaty1
8475328454;Изабелла;BellaEskort;сочный зад и вкусные вишенки! хочу влажно пошалить, жду у себя 🫦;avatars/8475328454.jpg;rabota_chaty1
8475506853;Екатерина;ekaterinapopova396;;;rabota_chaty1
8475815754;Владимир;vladimirivanov578;;;rabota_chaty1
8476897378;Laim;;;;andrewgiftschat
8478778891;Elliotts;;;;rabota_chaty1
8481408692;;;;;rabota_chaty1
8481517789;㊝ 𝕯𝖊𝖆𝖗 𝖇𝖆𝖇𝖎𝖈𝖍;;;avatars/8481517789.jpg;andrewgiftschat
8482919232;Марсель;rerthnh;55;avatars/8482919232.jpg;andrewgiftschat
8482999656;Наталья;sokolov_natalya;Сочи. Фотограф, люблю природу и море 📸 @loves5mona;avatars/8482999656.jpg;rabota_chaty1
8484683318;Циана;;У девушки должно быть две вещи: кто-то и что-то, что она хочет;;rabota_chaty1
8486800802;хаотик;tg_haotic;купить бы джип - бронированный;;andrewgiftschat
8487046730;Элина;iHvThsFBlW;НСК. Фотограф, люблю уличную съемку 📸 @loves5mona;avatars/8487046730.jpg;rabota_chaty1
8487129223;;;;;rabota_chaty1
8487247551;:3;ysocja;;;andrewgiftschat
8487635669;Ольга;;;avatars/8487635669.jpg;rabota_chaty1
8489639509;каров Gifts 🐮 #LE;Tiigrrr1;;avatars/8489639509.jpg;andrewgiftschat
8489641894;;;;;rabota_chaty1
8489665219;komaru;tiger_komaru;;avatars/8489665219.jpg;andrewgiftschat
8489810622;;;;;rabota_chaty1
8489888804;;;;;rabota_chaty1
8491520903;ChikiPiki;chikipiki2282;;avatars/8491520903.jpg;andrewgiftschat
8492297373;lisre💪;lisreu;;avatars/8492297373.jpg;andrewgiftschat
8492329351;педтк. #Fᥒs;m1ltww;мы будем врать друг другу, привязываться на чувство вины и плакать.;avatars/8492329351.jpg;andrewgiftschat
8492691609;;;;;rabota_chaty1
8492947795;.;EDSDV;;;andrewgiftschat
8494354196;Кловер³⁸⁰;Clover380;;avatars/8494354196.jpg;andrewgiftschat
8495586920;;;;;rabota_chaty1
8495980614;Андрей;Abdre95;;avatars/8495980614.jpg;rabota_chaty1
8496602525;;;;;rabota_chaty1
8497119486;;;;;rabota_chaty1
8497555860;;;;;tproger_chat
8497683491;;;;;rabota_chaty1
8498702346;Диана;dlUAFhJ;;avatars/8498702346.jpg;rabota_chaty1
8499520059;Niksiww;niksiww3;-знᴀᴇɯь @kqqqyup нᴇ ᴨᴇᴩᴇдᴀᴛь ᴄᴧоʙᴀʍи ᴛо, ᴋᴀᴋ я ᴧюбᴧю ᴛᴇбя!;avatars/8499520059.jpg;andrewgiftschat
8499659589;˙⋆ Кpacнoвoлocaя #eжeвикa ⋆˙;Linamop;подарки не дарю! писать по делу.;avatars/8499659589.jpg;andrewgiftschat
8499965908;;;;;rabota_chaty1
8500048280;;;;;rabota_chaty1
8500379953;Ирина;irinanovikova556;;;rabota_chaty1
8500603137;Алина;;Максимум профита 💸 Твой инструмент для Easy Cash уже готов 🏦💵 Связь: @;avatars/8500603137.jpg;rabota_chaty1
8501098424;;;;;rabota_chaty1
8501284184;;;;;rabota_chaty1
8501456996;🥀;Cocnte_01;Жду вас там https://t.me/+sdanhlVC329mODZi.#Calmy;avatars/8501456996.jpg;andrewgiftschat
8501592023;terilin manget🗡️;hin1dji;;avatars/8501592023.jpg;andrewgiftschat
8502080765;allhailleloush;;;avatars/8502080765.jpg;andrewgiftschat
8502167380;;;;;rabota_chaty1
8502954170;Antilopa;tgantilopa;бро @lmidav, лп @killi_011 ))));avatars/8502954170.jpg;andrewgiftschat
8503022247;;;;;rabota_chaty1
8503616899;;;;;rabota_chaty1
8504110423;;;;;rabota_chaty1
8504245551;.;Evke9;И забуду о тебе, перестану верить в чудо!;avatars/8504245551.jpg;andrewgiftschat
8504301482;;;;;rabota_chaty1
8504692321;;;;;rabota_chaty1
8504853331;;;;;rabota_chaty1
8505239600;Влад;ReneeHuffstickler012;;avatars/8505239600.jpg;rabota_chaty1
8505494444;;;;;rabota_chaty1
8506448657;;;;;rabota_chaty1
8506872118;;;;;rabota_chaty1
8507129709;Sinful girl;;I don’t seek attention. I notice who deserves it.;avatars/8507129709.jpg;rabota_chaty1
8507878680;Анна;annphska;;;python_ru
8508228976;ŁΌađᎥℕᶃ...𓆝 𓆟 𓆞#𝐺𝑖𝑛𝑔𝑒𝑟#ноен#рэнн#mrs#кмр#маринмать#маньякмоймуж#;FuckYouBitc4;—Слушай, выход один братан, мой гениальный план @kofychsss.;avatars/8508228976.jpg;andrewgiftschat
8508602318;;;;;rabota_chaty1
8508647116;Ivan_Filipov🇺🇲;Ivan_Filipovv;;avatars/8508647116.jpg;andrewgiftschat
8508811901;Денис;;;avatars/8508811901.jpg;rabota_chaty1
8509066826;;;;;rabota_chaty1
8509569250;Bpyibkhk;;;;rabota_chaty1
8509880362;Princess🫧;;I don’t seek attention. I notice who deserves it.;avatars/8509880362.jpg;rabota_chaty1
8511324685;.;;;;andrewgiftschat
8512425597;;;;;rabota_chaty1
8512874201;Antilopa;doxer456;;avatars/8512874201.jpg;andrewgiftschat
8512948879;Ксю;R9uYYF7xyQ;;;rabota_chaty1
8513046194;𝕯𝖊𝖓𝖎𝖘;Try_xard;𐌿ᥙᥴᥲᴛь ᴛ᧐κᥲ ᥰ᧐ дᥱ᧘у,нᥱ ᥴᥰᥲⲙᥙᴛь,нɸᴛ нᥱ ᥰρ᧐дᥲю @techiqqe @missed💎💸🎰;avatars/8513046194.jpg;andrewgiftschat
8513272493;VJ;;;avatars/8513272493.jpg;laravel_pro
8513647712;;;;;rabota_chaty1
8513985230;Эдуард;;Мой личный канал ☺️ https://t.me/tanyamyrr1;avatars/8513985230.jpg;rabota_chaty1
8514010217;Удалённый аккаунт;Kamilron;my def @def_acsel;avatars/8514010217.jpg;andrewgiftschat
8514215492;Олеся;OlesyaBelova_R;;avatars/8514215492.jpg;rabota_chaty1
8515873934;;;;;rabota_chaty1
8516441444;PAБОТА;;;;rabota_chaty1
8516946761;#непослушная #s1k #krt #key #ная;rettyywwee;I wanna be your lover, I don't wanna be your friend🤍;avatars/8516946761.jpg;andrewgiftschat
8517288808;;;;;rabota_chaty1
8517503467;Валерия;valeriya_331;Санкт-Петербург, фотограф, обожаю улицы города 📸 @loves5mona;avatars/8517503467.jpg;rabota_chaty1
8518492458;Екатерина;;;avatars/8518492458.jpg;andrewgiftschat
8519403113;;;;;rabota_chaty1
8520236086;;;;;rabota_chaty1
8520651316;￶;lwiqs;;avatars/8520651316.jpg;andrewgiftschat
8520734336;;;;;rabota_chaty1
8520891730;;;;;rabota_chaty1
8521908295;;;;;rabota_chaty1
8524168941;PRINTER;calmix4;;avatars/8524168941.jpg;andrewgiftschat
8524389004;Синдром Туретта;Artyomm1337;https://t.me/starsy_zarabotox_bot?start=8524389004;avatars/8524389004.jpg;andrewgiftschat
8524947990;Лучшая;;;;rabota_chaty1
8525259589;somoni;somoni69;🇹🇯;avatars/8525259589.jpg;andrewgiftschat
8525808608;;;;;rabota_chaty1
8525828695;¢;miseo3;@bitegame_bot 💿 - Играйте там, где реально выиграть!;avatars/8525828695.jpg;andrewgiftschat
8526011388;Тимурчик;;;;rabota_chaty1
8526093428;𑁯ᰍ 𓂃 𝑳𝒚𝒓𝒊𝒌𝒂𝒔 日ぼ;Lyrikas0;[🧣]— Твоя резинка для волос на моём запястье, ха-а-а-а;avatars/8526093428.jpg;andrewgiftschat
8527121604;;;;;rabota_chaty1
8527308845;;;;;rabota_chaty1
8527441199;Vox;I_FUCKIN_GOD;Доверьте мне! свою душу!;avatars/8527441199.jpg;andrewgiftschat
8527766667;;;;;rabota_chaty1
8528285677;;;;;rabota_chaty1
8529413333;;;;;rabota_chaty1
8529802547;;;;;rabota_chaty1
8529875325;Костя;Hhhjwyk;;;andrewgiftschat
8529958444;;;;;rabota_chaty1
8529965917;.;;;;andrewgiftschat
8530510244;;;;;rabota_chaty1
8530556381;;;;;rabota_chaty1
8530616766;Emilya;EmilyaS456;;avatars/8530616766.jpg;rabota_chaty1
8530978247;;;;;rabota_chaty1
8532295726;ᕼOᗰKᗩ;Homa4ars;;;andrewgiftschat
8532473035;;;;;rabota_chaty1
8532586173;Элина;elina20032668;Сочи, фотограф. Обожаю природу и хорошую музыку 📸 @loves5mona;avatars/8532586173.jpg;rabota_chaty1
8533850720;Милана;;;;rabota_chaty1
8535051484;;;;;rabota_chaty1
8535565333;;;;;rabota_chaty1
8536166413;🔵/🐙<~Mindflayer~>🐙\🔵;Mindswayer;BEHOLD THE POWER OF THE ANGEL;avatars/8536166413.jpg;andrewgiftschat
8537392532;;;;;rabota_chaty1
8537898695;Евгения;evgeniya_362;Екатеринбург, фотограф. Ловлю моменты 📸 @loves5mona;avatars/8537898695.jpg;rabota_chaty1
8538116609;F;yhoxax;https://t.me/patrickstarsrobot?start=8538116609;avatars/8538116609.jpg;andrewgiftschat
8538547813;Вика;Vikksi6742;;avatars/8538547813.jpg;andrewgiftschat
8539336995;;;;;rabota_chaty1
8539390138;Виктория;lsfmoksmgoperpo;;avatars/8539390138.jpg;rabota_chaty1
8539412552;;;;;rabota_chaty1
8539479571;;;;;rabota_chaty1
8540027956;;;;;rabota_chaty1
8540231052;;;;;rabota_chaty1
8540380478;чуchmeк|сеня🇧🇾;ulsk7310;;;andrewgiftschat
8540460591;Влад;;У девушки должно быть две вещи: кто-то и что-то, что она хочет;avatars/8540460591.jpg;rabota_chaty1
8540842980;;;;;rabota_chaty1
8541360743;ww;s1m0nix;нет я не бандит просто проявляю заботу @Zil_2010 ૮꒰ྀི ៸៸ ꒱;;andrewgiftschat
8541641138;;;;;tproger_chat
8541826248;Hairan #𝙻𝚘𝚕𝚘𝚕𝚘𝚠𝚔𝚊;imalways_come_back;;avatars/8541826248.jpg;andrewgiftschat
8541987254;;;;;rabota_chaty1
8542266402;s👉🥹👈;QKAK67;anreg;avatars/8542266402.jpg;andrewgiftschat
8542492765;𝐄𝐯𝐚 ❣️;EvuEvaanna;Мечты сбываются - иногда даже на час 💋;avatars/8542492765.jpg;rabota_chaty1
8544663747;;;;;rabota_chaty1
8544834387;Псих.;Andy_Rohan;но @sprite_ept так вкуснее, цветочек, не сопротивляйся. dst.;avatars/8544834387.jpg;andrewgiftschat
8546396830;;;;;rabota_chaty1
8546508265;𝐒 𝐇 𝐀 𝐑 𝐊;whiteshark0070;;avatars/8546508265.jpg;andrewgiftschat
8548022969;︎ ︎ ︎ ︎exist;hqw1l;;avatars/8548022969.jpg;andrewgiftschat
8548175993;;;;;rabota_chaty1
8548760827;endorphin;endorphxn;;avatars/8548760827.jpg;andrewgiftschat
8549326167;😘;bayn_ti;Я буду тебя любить даже когда я буду на небе...;avatars/8549326167.jpg;rabota_chaty1
8549369707;lerr.;mileryss;https://t.me/+a6fmGUvEcithOWQy - эта я;avatars/8549369707.jpg;andrewgiftschat
8549583892;;;;;rabota_chaty1
8550329084;Иван;VanyaGerasimov_TA;;avatars/8550329084.jpg;rabota_chaty1
8550329342;Лорд;prinxy21;;avatars/8550329342.jpg;laravel_pro
8550390861;;;;;rabota_chaty1
8550912775;Светлана;svetlana_novikov;Екатеринбург. Фотограф 🎨 Обожаю ловить моменты жизни. @loves5mona;avatars/8550912775.jpg;rabota_chaty1
8550989837;;;;;rabota_chaty1
8551427385;Bertai;;;;laravel_pro
8552914744;;;;;rabota_chaty1
8552991030;;;;;rabota_chaty1
8553202282;;;;;rabota_chaty1
8553524925;;;;;rabota_chaty1
8553814066;Аня;anna_24532;;avatars/8553814066.jpg;rabota_chaty1
8553864980;GHOST;kazumipiska;Был бы водкой за одно и красоткой;avatars/8553864980.jpg;andrewgiftschat
8554496610;;;;;rabota_chaty1
8554732608;𝓢𝔂𝓮𝓽𝓪;Namelesol;;;andrewgiftschat
8555997106;;;;;rabota_chaty1
8556304828;;;;;rabota_chaty1
8556530499;Влада;RNGrWnxljZH;;avatars/8556530499.jpg;rabota_chaty1
8556704059;;;;;rabota_chaty1
8556974651;;;;;rabota_chaty1
8557219130;;;;;rabota_chaty1
8557422976;chegerov | Florida.ds;wewof;;avatars/8557422976.jpg;andrewgiftschat
8557891757;;;;;rabota_chaty1
8557915447;Ᏸᴍꪝ;BMW_nice1;;avatars/8557915447.jpg;andrewgiftschat
8557938896;Hunter;;;;rabota_chaty1
8558780308;;;;;rabota_chaty1
8558844542;;;;;rabota_chaty1
8559029628;Evivs;;what 🥱;avatars/8559029628.jpg;andrewgiftschat
8559271763;;;;;rabota_chaty1
8559495673;император;xdseeeer;become the best of all;avatars/8559495673.jpg;andrewgiftschat
8559598833;;;;;rabota_chaty1
8559798814;;;;;rabota_chaty1
8561319961;Степан;;https://t.me/+tUGexufCUA80ZDky;;rabota_chaty1
8561498058;;;;;rabota_chaty1
8561623160;;;;;tproger_chat
8561955863;ㅤ;Hhhjjjjjoh;;;andrewgiftschat
8562573056;;;;;rabota_chaty1
8563054641;Арщ;arsch223;бзезезеззезезез @kosoy_bee;avatars/8563054641.jpg;andrewgiftschat
8563789256;алина кун;;;avatars/8563789256.jpg;andrewgiftschat
8563791712;𝚆𝟷𝚗𝚕𝟶𝚟𝚟𝚟𝚣𝚣;Wqwsz;;avatars/8563791712.jpg;andrewgiftschat
8563971774;GG:ßαċนለนӥㅒ➤ ⫘⫘⫘⫘⫘⫘────────¶™@afttek лучший;Vasilli3460;⫘⫘ ¦Мой спам блок отвечаю¶ : @WASILIPO_BOT ➤ПАН? @afttek лучший;avatars/8563971774.jpg;andrewgiftschat
8564025858;;;;;rabota_chaty1
8564103568;;;;;rabota_chaty1
8564520512;Любовь;;;avatars/8564520512.jpg;andrewgiftschat
8564787688;Андрей;;;;rabota_chaty1
8564974431;;;;;rabota_chaty1
8565588542;Герман Зузу;d67TSMbJKD;;;rabota_chaty1
8565710570;Gpbughzucx;;;;rabota_chaty1
8567293788;;;;;rabota_chaty1
8567468200;;;;;rabota_chaty1
8567723770;⩉ 𖥻 ִ ۫ ּ 𝘦𝘶𝘳𝘪𝘢𒀭 🐄❕𓂃 ࣪;k9shn;я ненавижу бояться, но страх мы передаем половым путём;avatars/8567723770.jpg;andrewgiftschat
8568462234;ByZenix;Pepeshneine22;https://t.me/lucky777stars;avatars/8568462234.jpg;andrewgiftschat
8568718203;fragger;infragger;;avatars/8568718203.jpg;andrewgiftschat
8568734678;)𝓶𝓷𝓿;nuks8;;avatars/8568734678.jpg;andrewgiftschat
8568900093;Игнат;ignat33e3;;avatars/8568900093.jpg;rabota_chaty1
8569151377;;;;;rabota_chaty1
8569647032;;;;;rabota_chaty1
8570595637;;;;;rabota_chaty1
8571055673;Sinful girl;Delujuj;I don’t seek attention. I notice who deserves it.;avatars/8571055673.jpg;rabota_chaty1
8571241243;Пахом;;;avatars/8571241243.jpg;rabota_chaty1
8571846091;Ника;;;avatars/8571846091.jpg;rabota_chaty1
8574058320;;;;;rabota_chaty1
8574395715;𝑫𝐢𝐚𝐧𝐚;DiaanaKotic;ⲃⲉⲧⲉⲣ ⲃⲥⲉⲅⲇⲁ ⳝⲩⲇⲉⲧ ⲟⳝⲏυⲙⲁⲧь ⲏⲉⳝⲟ;avatars/8574395715.jpg;rabota_chaty1
8575297493;Анюта;;;avatars/8575297493.jpg;rabota_chaty1
8575391769;;;;;rabota_chaty1
8575840827;¿?;JOE81KK;be my how high;avatars/8575840827.jpg;andrewgiftschat
8576413210;𝚕𝚎𝚘𝚗𝚒𝚍𝚘𝚟.𝚔𝚗𝚒𝚏𝚎;;Project: @CursedTrollWork | @notprivet1;avatars/8576413210.jpg;andrewgiftschat
8576941420;Алексей;a_lexei1;;avatars/8576941420.jpg;andrewgiftschat
8577548844;;;;;rabota_chaty1
8577624258;;;;;rabota_chaty1
8577764596;Григорий;;https://t.me/+5-sG2Z3F2ixlMmZi;avatars/8577764596.jpg;rabota_chaty1
8579513753;;;;;rabota_chaty1
8579700527;;;;;rabota_chaty1
8580141001;;;;;rabota_chaty1
8580313033;Khushi ✨🦚;;Sweet like honey , but watch out for the sting ⚘️;avatars/8580313033.jpg;andrewgiftschat
8580433907;;;;;rabota_chaty1
8580648651;;;;;rabota_chaty1
8581161568;Ivy;Chinook_footcandle;;avatars/8581161568.jpg;rabota_chaty1
8581163265;〄 ғєαʀʟєss™;pasivework10;Я под защитой @xronikov;avatars/8581163265.jpg;andrewgiftschat
8582702585;;;;;rabota_chaty1
8583020585;;;;;rabota_chaty1
8583068077;;;;;rabota_chaty1
8585631274;;;;;rabota_chaty1
8585646823;;;;;rabota_chaty1
8585960581;Григорий;;https://t.me/+5-sG2Z3F2ixlMmZi;;rabota_chaty1
8586270463;F1ksik1 #VSPM;Fanaudi100;;avatars/8586270463.jpg;andrewgiftschat
8587066540;толя;SexTolik1;ꀤ ꀘꈤꂦꅏ ꅏꃅꍏ꓄ ꀤ'ᐯꍟ ꀸꂦꈤꍟ, ꌃꀎ꓄ ꓄ꃅꍟꋪꍟ'ꌗ ꈤꂦ꓄ꃅꀤꈤꁅ ꀤ ꉓꍏꈤ ꀸꂦ ꓄ꂦ ꎇꀤꊼ ꀤ꓄ ꍏꈤꌩꎭꂦꋪꍟ.;avatars/8587066540.jpg;andrewgiftschat
8587093121;Аня;weAtaLxKgo;;avatars/8587093121.jpg;rabota_chaty1
8587249736;;;;;rabota_chaty1
8588278788;;;;;rabota_chaty1
8588295997;Егор;UGevJHqMsp;;;rabota_chaty1
8588405565;;;;;tproger_chat
8589168117;;;;;rabota_chaty1
8589217185;⚜️~𝐅𝐀𝐑𝐃𝐑𝐀𝐆𝐎𝐍~⚜️;MrP3ncil;𝐌𝐞𝐧𝐲𝐚 𝐧𝐞 𝐢𝐧𝐭𝐞𝐫𝐞𝐬𝐮𝐞𝐭 𝐧𝐢𝐤𝐭𝐨 𝐤𝐫𝐨𝐦𝐞 -_~К~_- ^^;avatars/8589217185.jpg;andrewgiftschat
8589249654;;;;;rabota_chaty1
8589289481;CMYPBNK;BEZSMERTNY67;;avatars/8589289481.jpg;andrewgiftschat
8590811454;;;;;rabota_chaty1
8590972151;;;;;rabota_chaty1
8592069736;;;;;rabota_chaty1
8593195939;Sinful girl;SexyGieirl;Индивидуалка 🔞 | Час - 7000₽ | Ночь - 59000₽ |;avatars/8593195939.jpg;rabota_chaty1
8593517474;;;;;rabota_chaty1
8594098762;Некрасов;;;avatars/8594098762.jpg;andrewgiftschat
8594760708;;;;;rabota_chaty1
8595248865;🔎Ищи @jordan74_new;;Ищи @jordan74_new;;andrewgiftschat
8595709821;;;;;rabota_chaty1
8595835940;𝘄𝗮𝗶𝗳𝘂𝗹𝗶𝗰𝗵𝗸𝗮;waifulichka;໒꒰ྀིっ˕ -｡꒱ྀི১;avatars/8595835940.jpg;andrewgiftschat
8596000965;Юрий;artalaxxx;;avatars/8596000965.jpg;laravel_pro
8596600586;Пятнышко🫟;fI0wer_Msm;;;andrewgiftschat
8596631588;;;;;rabota_chaty1
8596666864;;;;;rabota_chaty1
8596873723;Екатерина;;;avatars/8596873723.jpg;rabota_chaty1
8597724056;;;;;rabota_chaty1
8597870577;Степан;egOLYlkxgNW;;avatars/8597870577.jpg;rabota_chaty1
8598859471;Вера;VeraSergeenko;;avatars/8598859471.jpg;rabota_chaty1
8599384839;;;;;rabota_chaty1
8599710285;COSATIK;x_2306;;avatars/8599710285.jpg;andrewgiftschat
8599893026;Фая;;;avatars/8599893026.jpg;rabota_chaty1
8601063405;;;;;rabota_chaty1
8602419710;flekccky;Mriiik_k;;avatars/8602419710.jpg;andrewgiftschat
8603209956;;;;;rabota_chaty1
8603645877;;;;;rabota_chaty1
8603744150;BMW M5 E60;BMW_M_5_E6_0;;avatars/8603744150.jpg;andrewgiftschat
8604915798;;;;;rabota_chaty1
8605433555;Гений;;;avatars/8605433555.jpg;andrewgiftschat
8607574801;;;;;rabota_chaty1
8612440989;Demetris;;;;laravel_pro
8612849857;รคllเ кгค๓รคlเ;SALOOIji;- l giast Freks... @o_lll_Moon_lll_o @SallyandLarry03 | @KielseSis;avatars/8612849857.jpg;andrewgiftschat
8613299436;;;;;rabota_chaty1
8613974083;;;;;rabota_chaty1
8615568562;ТИМУРЧИК;tymurcka;;avatars/8615568562.jpg;andrewgiftschat
8615991075;Глеб;;;avatars/8615991075.jpg;rabota_chaty1
8617102035;Леонид;portatip013;;;laravel_pro
8620364775;;;;;rabota_chaty1
8622291063;;;;;rabota_chaty1
8622492331;soorrvi;soorrvi;@afttek лучший;avatars/8622492331.jpg;andrewgiftschat
8623196865;𝔉𝔢𝔯;ferMxx;Telegra.ph/LEGAL-NOTICE-03-21;avatars/8623196865.jpg;andrewgiftschat
8623653083;;;;;rabota_chaty1
8623690659;Тимофей;;;;andrewgiftschat
8624476395;Xsgmzih;;;;rabota_chaty1
8624862939;;;;;rabota_chaty1
8625062493;;;;;rabota_chaty1
8626258822;;;;;tproger_chat
8627457195;Все вышний;PRDDt4w;;avatars/8627457195.jpg;andrewgiftschat
8628485159;KARATE;fdnfkl;;avatars/8628485159.jpg;andrewgiftschat
8630167979;;;;;rabota_chaty1
8631932860;;;;;rabota_chaty1
8632213038;;;;;rabota_chaty1
8634623427;;;;;rabota_chaty1
8634653254;;;;;rabota_chaty1
8635068245;︎ ︎ ᅠ ︎ ︎ ︎ ︎ ᅠ ︎ ︎ ︎ ︎ ᅠ;TostikKostik;#LE;avatars/8635068245.jpg;andrewgiftschat
8635770794;;;;;rabota_chaty1
8635877099;;;;;rabota_chaty1
8636311679;Expdjbumr;;;;rabota_chaty1
8637426577;;;;;rabota_chaty1
8638154404;;;;;rabota_chaty1
8638501872;Marvin;;;;rabota_chaty1
8638947929;;;;;rabota_chaty1
8644434052;Wbohc;user_2738dw;;;rabota_chaty1
8645547790;#tryВанечек 😎;FBRIK1234;Неплохой человек 😎;avatars/8645547790.jpg;andrewgiftschat
8645830153;Viltrumite;Mmrazzotax;THE VILTRUM EMPIRE NEED YOU;avatars/8645830153.jpg;andrewgiftschat
8647211011;sehh;wyziq;;avatars/8647211011.jpg;andrewgiftschat
8649273146;;;;;rabota_chaty1
8649758586;⁠⁠⁠⁠ ⁠⁠⁠⁠⁠⁠⁠⁠⁠⁠⁠⁠⁠⁠⁠;Mememememeeeeeeeeeee;;avatars/8649758586.jpg;andrewgiftschat
8650180745;𝔏𝔈ℜ𝔄;tttkilt;;avatars/8650180745.jpg;andrewgiftschat
8652867023;;;;;rabota_chaty1
8654679190;;;;;rabota_chaty1
8656172372;denji;denjiofmia;;avatars/8656172372.jpg;laravel_pro
8656424478;;;;;rabota_chaty1
8657157864;;;;;rabota_chaty1
8658787014;Kzeqhaf;;;;rabota_chaty1
8660098286;Удаленный аккаунт;zzzonixis;да не бот блять;avatars/8660098286.jpg;andrewgiftschat
8664595937;wjbsbzhs;;;;python_ru
8666403675;Sixkokut;;;;rabota_chaty1
8667612035;;;;;rabota_chaty1
8667992621;k;skcllod;;avatars/8667992621.jpg;andrewgiftschat
8669836611;;;;;rabota_chaty1
8671707249;Vgxbo;inclussioner;t.me/Azzinoth × t.me/KillerOfPiggs;avatars/8671707249.jpg;andrewgiftschat
8674757981;Fly | love Work;astrod67;;avatars/8674757981.jpg;andrewgiftschat
8675243772;;;;;rabota_chaty1
8675606818;Maksimka;Izymryduk;;avatars/8675606818.jpg;andrewgiftschat
8675884589;;;;;rabota_chaty1
8676040630;#Альфабанк;MONSTER3909;;avatars/8676040630.jpg;andrewgiftschat
8676160511;;;;;rabota_chaty1
8677635835;Антон;user_2525rm;;;rabota_chaty1
8678200512;Noelia;;;;andrewgiftschat
8680398277;‼️ ищи jordan74_new;;Пиши @jordan74_new;;andrewgiftschat
8680669033;Sinful girl;;I don’t seek attention. I notice who deserves it.;avatars/8680669033.jpg;rabota_chaty1
8682419894;siiilence;godddd7;;avatars/8682419894.jpg;andrewgiftschat
8682504501;;;;;rabota_chaty1
8685614214;;;;;rabota_chaty1
8687465284;mizzerniy;mizzerniy;;avatars/8687465284.jpg;andrewgiftschat
8688849698;Артём;ArtyomLoginov652;;avatars/8688849698.jpg;andrewgiftschat
8691683942;;;;;rabota_chaty1
8691842810;wepa;tkm_Qw2;@UGSGAME;avatars/8691842810.jpg;andrewgiftschat
8692693306;Mnwkxwlx;;;;rabota_chaty1
8693217171;Rudy;;;;rabota_chaty1
8694461298;Karuseel;MyNameIsTheStrongest;;;andrewgiftschat
8694633646;عربي;;;avatars/8694633646.jpg;andrewgiftschat
8694644101;Ищи @jordan74_new;;Пиши @jordan74_new;;andrewgiftschat
8696242083;;;;;rabota_chaty1
8698550960;;;;;rabota_chaty1
8698603215;Карина;a_k_kic;;avatars/8698603215.jpg;andrewgiftschat
8698633391;;;;;rabota_chaty1
8699599834;Ирина;IrinaDavydova507;;avatars/8699599834.jpg;andrewgiftschat
8702337253;SAW2YT;SAW2YT;https://t.me/saw2ytsteal зайди в мой канал тебе не сложно мне приятно.;;andrewgiftschat
8703164447;;;;;rabota_chaty1
8703549596;Rosie;;;;andrewgiftschat
8705092076;;;;;rabota_chaty1
8708434494;Brett;;;;rabota_chaty1
8708641139;;;;;rabota_chaty1
8710814699;;;;;rabota_chaty1
8714419795;;;;;rabota_chaty1
8717917020;Addie;;;;rabota_chaty1
8719021151;;;;;rabota_chaty1
8719080679;Major;;;;rabota_chaty1
8719622386;;;;;rabota_chaty1
8720747400;Николай;;;;python_ru
8720844955;Никита;;;avatars/8720844955.jpg;andrewgiftschat
8720988967;;;;;rabota_chaty1
8721094765;;;;;rabota_chaty1
8723095871;Серёжа;SeryozhaIlin592;;avatars/8723095871.jpg;andrewgiftschat
8723237399;;;;;rabota_chaty1
8724831216;;;;;rabota_chaty1
8725362158;;;;;rabota_chaty1
8725994794;;;;;rabota_chaty1
8726376674;;;;;rabota_chaty1
8729142090;Слава;UmOQVkKXm60w6;;avatars/8729142090.jpg;andrewgiftschat
8730016215;;;;;rabota_chaty1
8730156221;ا;;;;andrewgiftschat
8731433430;иsцеленnая;;;avatars/8731433430.jpg;andrewgiftschat
8731620172;;;;;rabota_chaty1
8732162712;;;;;rabota_chaty1
8732347444;Ricardo;;;;rabota_chaty1
8733264155;Эмилия;sneguronva;;avatars/8733264155.jpg;rabota_chaty1
8733673676;Tiхше;T1xwe;;avatars/8733673676.jpg;andrewgiftschat
8734071490;ýuapi || сквиртик;yuapichka;и я знаю, что ты никогда не предашь;avatars/8734071490.jpg;andrewgiftschat
8734474659;.;Masya567;Оо;avatars/8734474659.jpg;andrewgiftschat
8734932280;@afttek лучший;krutoywinner;;avatars/8734932280.jpg;andrewgiftschat
8735179206;;;;;rabota_chaty1
8736033396;Абоба;;;;andrewgiftschat
8736949326;Софочка 🔞;;;avatars/8736949326.jpg;rabota_chaty1
8737040851;;;;;rabota_chaty1
8738668067;;;;;rabota_chaty1
8738848738;mka #chifetov #fanatflekccky;mkalove;;avatars/8738848738.jpg;andrewgiftschat
8742351336;;;;;rabota_chaty1
8742501838;Гринс;grinsjghk;я гей;avatars/8742501838.jpg;andrewgiftschat
8743732658;Uncanny𓁹;TheBadTouch_0;Я ᥰ᧘ᥲн᧐ʙ нᥲᥴᴛρ᧐ᥙ᧘, н᧐ ᴛуᴛ ʙдρуᴦ δ᧐ᴦу ᥴᴛᥲ᧘᧐ ᥴʍᥱɯн᧐ {01};avatars/8743732658.jpg;andrewgiftschat
8744045265;;;;;rabota_chaty1
8747192430;;;;;rabota_chaty1
8747239562;;;;;rabota_chaty1
8748419190;Wanda;;;;rabota_chaty1
8751242703;Jhvwgil;;;;rabota_chaty1
8751689538;добрый дядька;;;avatars/8751689538.jpg;andrewgiftschat
8755977284;XRTOW;XRTOWW;#сердце @UGSGAME;avatars/8755977284.jpg;andrewgiftschat
8759441882;lk;giftton67;@afttek лучший;avatars/8759441882.jpg;andrewgiftschat
8759916819;Harlan;;;;rabota_chaty1
8763231961;Xqescj;;;;rabota_chaty1
8763379481;Eldozh;;;avatars/8763379481.jpg;rabota_chaty1
8763811284;;;;;rabota_chaty1
8764989989;;;;;rabota_chaty1
8765496086;....;ogiskskso;;;andrewgiftschat
8765955389;;;;;rabota_chaty1
8770337462;Владислав;Exs_pressive;;avatars/8770337462.jpg;andrewgiftschat
8771024062;;;;;rabota_chaty1
8771196348;Lanarovv @bak;Lanarovv;Garant / писать по делу / не трать своё и моё время / бесплатно ничего не делаю /пупс @waxues / больше в портале;avatars/8771196348.jpg;andrewgiftschat
8773612421;Rgkqovx;;;;rabota_chaty1
8774472420;;;;;rabota_chaty1
8775791415;;;;;rabota_chaty1
8776000443;`;;;avatars/8776000443.jpg;laravel_pro
8776253937;;;;;rabota_chaty1
8778278105;;;;;rabota_chaty1
8778468395;ЛУЧШИЙ ВПН В ОПИСАНИИ | 3 ДНЯ БЕСПЛАТНО;;Самый быстрый впн - @LeadVPN_bot Первые 3 дня - абсолютно бесплатно;avatars/8778468395.jpg;andrewgiftschat
8778673797;Эмилия;emily_snegurovna;;avatars/8778673797.jpg;rabota_chaty1
8780304448;;;;;rabota_chaty1
8783157697;Alina;alinagromova1991;Если вы умеете задавать правильные вопросы — система ответит - АІ;avatars/8783157697.jpg;rabota_chaty1
8784825418;;;;;rabota_chaty1
8786806895;Crypto World;;Тезер ↔ Cash С доплатой до 3.2% Без KYC проверок Обмен USDT (TRC20). +2.2% к сумме Без KYC Офис или через курьера;avatars/8786806895.jpg;rabota_chaty1
8789151017;;;;;rabota_chaty1
8789665549;Eakhhu;r_7444cm;;;rabota_chaty1
8791895699;;;;;rabota_chaty1
8792528700;;;;;rabota_chaty1
8792835212;;;;;rabota_chaty1
8792976740;;;;;rabota_chaty1
8794376774;ㅤㅤＳＵＲＡＪ;;ㅤㅤ;avatars/8794376774.jpg;andrewgiftschat
8794840576;Яя;;Я ты две судьбы.. 💓;avatars/8794840576.jpg;andrewgiftschat
8795278111;Zimziy;user_2561hw;;;rabota_chaty1
8795516073;Дмитрий • Crypto;Proznakin;Гарант сделок, работаю 24/7 по поводу заказа писать сюда ,нету твинков;avatars/8795516073.jpg;andrewgiftschat
8795637024;;;;;rabota_chaty1
8795780110;💌;Lyrsiz;;avatars/8795780110.jpg;andrewgiftschat
8799859272;;;;;rabota_chaty1
