user_id;first_name;username;group_name;bio;group_count;bio_length;has_photo;site_count;site_list;osint_score;exposure_level;sherlock_status;sherlock_found_count;sherlock_checked_at;last_parsed_at
170063;Andrey;Surzhikov;laravel_pro;разработчик софта в эмиграции, работы: https://surzh.com;1;56;1;0;;65;high;done;0;2026-04-22 04:30:59;2026-04-22 02:35:05
219916;Kirill;alaevka;laravel_pro;💻Fullstack web developer;1;24;1;0;;60;medium;;0;;2026-04-22 02:35:05
552804;Evgenii;perin;laravel_pro;AI First Developer | Team Lead;1;30;1;0;;60;medium;;0;;2026-04-22 02:35:05
562600;Anton;ontoho;laravel_pro;;1;0;0;0;;25;low;;0;;2026-04-22 02:35:05
615917;Vitaly;vitaliyMoc;laravel_pro;;1;0;0;0;;25;low;;0;;2026-04-22 02:35:05
623112;엑시;exeypan;tproger_chat;Exey Panteleev. Software Architect, Tech Enthusiast & Digital Artist. Vaporwave aesthete. github.com/exey;1;105;1;0;;65;high;;0;;2026-04-22 02:35:05
724520;Andrew;andrewganja;laravel_pro;;1;0;1;0;;35;low;;0;;2026-04-22 02:35:05
1135960;Alexander;FZambia;laravel_pro;;1;0;1;0;;35;low;;0;;2026-04-22 02:35:05
1658909;იგორ;IgorFinagin;laravel_pro;👶 32 y.o. 💻 The head of department of individual #IT solutions 🐶 Staffs lover #development #programming;1;103;1;0;;65;high;;0;;2026-04-22 02:35:05
1796282;Kirill;Ph0en1x_wrc;tproger_chat;;1;0;1;0;;35;low;;0;;2026-04-22 02:35:05
3040228;wzk;q3wzeck;laravel_pro;No-one may build their happiness on another's pain.;1;51;1;0;;65;high;;0;;2026-04-22 02:35:05
4627228;Denis;DenisIzmaylov;devops_ru;www.axept.com 👉 Заказная разработка качественных программных продуктов;1;70;1;0;;65;high;;0;;2026-04-22 02:35:05
20902928;Igor;vdroog;figmachat;Product Designer @ DECTA ⇢ self-aware AI ⌥ 768 Y/O;1;50;1;0;;65;high;;0;;2026-04-22 02:35:05
21752120;Дмитрий;Med1c84;laravel_pro;Backend Lead;1;12;1;0;;60;medium;;0;;2026-04-22 02:35:05
22616448;Виктор;vandesign;figmachat;zendesigner, design system tengu @ Ozon;1;39;1;0;;60;medium;;0;;2026-04-22 02:35:05
22699136;Danila;basketbull04;laravel_pro;Head of Backend AGIMA;1;21;1;0;;60;medium;;0;;2026-04-22 02:35:05
23509434;Андрей;adubrowskiy;laravel_pro;Создал feelifun и chocolate promotion.;1;38;0;0;;50;medium;;0;;2026-04-22 02:35:05
24664328;Evgeniy;KuvshinovEE;laravel_pro;;1;0;1;0;;35;low;;0;;2026-04-22 02:35:05
28384696;Surzzik;Surzzik_teg;andrewgiftschat;;1;0;1;0;;35;low;;0;;2026-04-22 02:35:05
31881101;Ivan;MrFallen;laravel_pro;Persona non grata;1;17;1;0;;60;medium;;0;;2026-04-22 02:35:05
36787230;Maxim;vukuze;laravel_pro;;1;0;0;0;;25;low;;0;;2026-04-22 02:35:05
40926574;Ovsep;Ovsep;laravel_pro;;1;0;1;0;;35;low;;0;;2026-04-22 02:35:05
43362802;Alibek;alibekam;tproger_chat;;1;0;1;0;;35;low;;0;;2026-04-22 02:35:05
45384143;Kostya;kest61;tproger_chat;;1;0;0;0;;25;low;;0;;2026-04-22 02:35:05
45687867;Andrey;zloykaban;devops_ru;;1;0;0;0;;25;low;;0;;2026-04-22 02:35:05
45889205;Ildar;ildar_kkk;laravel_pro;;1;0;0;0;;25;low;;0;;2026-04-22 02:35:05
48233544;Саша;okunev;figmachat;Продуктовый дизайнер, лид команды дизайн-системы в крупном финтехе Казахстана. Автор @slashdesigner. Также веду личный канал @okunevlive.;1;137;1;0;;70;high;;0;;2026-04-22 02:35:05
50931211;D;sirotind;laravel_pro;;1;0;1;0;;35;low;;0;;2026-04-22 02:35:05
51238287;Julia;Julia_Band;tproger_chat;PM @Yandex RideTech | 📍🇷🇸 | #IAmRemarkable facilitator;1;54;0;0;;55;medium;;0;;2026-04-22 02:35:05
51274698;Даниил;ternitko;tproger_chat;;1;0;0;0;;25;low;;0;;2026-04-22 02:35:05
51848647;Архив;M_pashka_archive;tproger_chat;Сменил аккаунт. Пишите на @m_pashka;1;35;1;0;;60;medium;;0;;2026-04-22 02:35:05
53415994;Ilya;ilya189;laravel_pro;;1;0;0;0;;25;low;;0;;2026-04-22 02:35:05
53465397;🅰️nimeCoder;AniCoder;laravel_pro;🍊NodeJS developer, enthusiast | animehaze.me | opengram.dev | Love pizza & anime girls |🪄 Author @anilibrix_plus |⚡️ Like what I do? Donate!;1;140;1;0;;70;high;;0;;2026-04-22 02:35:05
53864087;Ivan;Wizard85;laravel_pro;Зачем-то сделал свой канал с умными и не очень мыслями https://t.me/dev_ideas;1;77;1;0;;65;high;;0;;2026-04-22 02:35:05
54117015;Oleg;Metkie;laravel_pro;;1;0;1;0;;35;low;;0;;2026-04-22 02:35:05
55813776;Vlad;;laravel_pro;;1;0;1;0;;20;low;skipped;0;2026-04-22 02:35:05;2026-04-22 02:35:05
56160446;Vitaliy;venuko;laravel_pro;🛠 разработка сайтов;1;19;0;0;;50;medium;;0;;2026-04-22 02:35:05
56470470;Vadim;vadimuxb;laravel_pro;Геймер в ремиссии. Играю в жизнь без респаунов;1;46;1;0;;65;high;;0;;2026-04-22 02:35:05
58343397;Степан;nezabor;laravel_pro;CIO информационной интеграции в будущее. Зачем?🧐;1;48;1;0;;65;high;;0;;2026-04-22 02:35:05
59878659;;;python_ru;;1;0;0;0;;10;low;skipped;0;2026-04-22 02:35:05;2026-04-22 02:35:05
60462179;~MAX 2;yiRixzP5LFphbMT;andrewgiftschat;;1;0;0;0;;25;low;;0;;2026-04-22 02:35:05
60974656;;;rabota_chaty1;;1;0;0;0;;10;low;skipped;0;2026-04-22 02:35:05;2026-04-22 02:35:05
62491758;ᛉᛜ₭ᗗ;nullyoka;laravel_pro;19 января 2038 @cirnobaka_bot;1;29;1;0;;60;medium;;0;;2026-04-22 02:35:05
63548043;Egor;jkhtdg13;laravel_pro;;1;0;0;0;;25;low;;0;;2026-04-22 02:35:05
63659269;Konstantin;MihaKot;laravel_pro;;1;0;0;0;;25;low;;0;;2026-04-22 02:35:05
63824660;gg;unskilledgoat;laravel_pro;;1;0;0;0;;25;low;;0;;2026-04-22 02:35:05
66327043;Dmitriy;swdmi;tproger_chat;;1;0;0;0;;25;low;;0;;2026-04-22 02:35:05
68363220;Aleksei;InsanusMokrassar;tproger_chat;Kotlin developer, author of @ktgbotapi;1;38;1;0;;60;medium;;0;;2026-04-22 02:35:05
71376138;Сергей;Malyshev_Ser;laravel_pro;;1;0;0;0;;25;low;;0;;2026-04-22 02:35:05
71643004;CodeLBK;codelbk;laravel_pro;;1;0;0;0;;25;low;;0;;2026-04-22 02:35:05
75942726;Antony;fluffysaurrex;laravel_pro;30, пограмист;1;13;0;0;;50;medium;;0;;2026-04-22 02:35:05
76364948;Mr.;dkhalmatov;laravel_pro;;1;0;0;0;;25;low;;0;;2026-04-22 02:35:05
77829010;عبد الله;notforeverybody;laravel_pro;;1;0;0;0;;25;low;;0;;2026-04-22 02:35:05
78042146;MSD;Osmedved;laravel_pro;Инфлюенсер x10 pro 8d блогер летчик и судостроитель.Профессиональный шахматист, конькобежец, спец в отношениях, таролог в 9 поколении;1;133;0;0;;60;medium;;0;;2026-04-22 02:35:05
80131356;Brz495;Brz495;laravel_pro;;1;0;1;0;;35;low;;0;;2026-04-22 02:35:05
80177598;Artur;quoterman;tproger_chat;Teamlead zen.car | innopolis;1;28;1;0;;60;medium;;0;;2026-04-22 02:35:05
81156414;4;devphp9;laravel_pro;;1;0;1;0;;35;low;;0;;2026-04-22 02:35:05
81284794;Alex;Bioforce;laravel_pro;;1;0;1;0;;35;low;;0;;2026-04-22 02:35:05
81630909;Алексей;alloself;laravel_pro;Senior Frontend Developer;1;25;1;0;;60;medium;;0;;2026-04-22 02:35:05
81760592;Johny;DonnyJokes;tproger_chat;Magic Works;1;11;1;0;;60;medium;;0;;2026-04-22 02:35:05
82001366;Rustam;TrubnikovRustam;laravel_pro;;1;0;1;0;;35;low;;0;;2026-04-22 02:35:05
86211780;Eugeny;;laravel_pro;;1;0;1;0;;20;low;skipped;0;2026-04-22 02:35:05;2026-04-22 02:35:05
89706009;Alexandr;a_kuzminsky;laravel_pro;;1;0;0;0;;25;low;;0;;2026-04-22 02:35:05
90390537;Konstantin;streeboga;laravel_pro;eq.team | Эквитим – Агентство заказной разработки. Усиливаем продуктовые команды Аутсорс/Аутстафф Laravel/Vue/1C.;1;113;1;0;;65;high;;0;;2026-04-22 02:35:05
90808333;Mila;Mimimimila;tproger_chat;HR manager in the past 💁🏽‍♀️ Angular frontend developer now 👩🏽‍💻;1;64;1;0;;65;high;;0;;2026-04-22 02:35:05
91137551;Maksim;s17490;laravel_pro;;1;0;1;0;;35;low;;0;;2026-04-22 02:35:05
92310021;Dezmont;dezmonter;laravel_pro;;1;0;0;0;;25;low;;0;;2026-04-22 02:35:05
92421972;Anatoly;Lonewolfkaz;figmachat;Соединяю точки в финтехе. Пишу на канале @io_parlo;1;50;1;0;;65;high;;0;;2026-04-22 02:35:05
92747120;vxthr;vxthr;laravel_pro;23 y.o. designer from San Francisco;1;35;0;0;;50;medium;;0;;2026-04-22 02:35:05
93774526;Владислав;termitFOvlad;laravel_pro;IT+Industry. Цифровизирую промышленность в РФ. Подробнее: RichBee.ru / Cifra.ai;1;79;0;0;;55;medium;;0;;2026-04-22 02:35:05
94898806;Edmi;Edmik;laravel_pro;Человек-погромист;1;17;1;0;;60;medium;;0;;2026-04-22 02:35:05
95859984;🔥Artem;ArtemServisTech;tproger_chat;Веб-разработка, создания сайтов, ремонт компьютеров и ноутбуков.;1;64;1;0;;65;high;;0;;2026-04-22 02:35:05
95885478;ㅤ;aghjkaa;andrewgiftschat;;1;0;0;0;;25;low;;0;;2026-04-22 02:35:05
97154162;Artur;BAGArt;laravel_pro;;1;0;1;0;;35;low;;0;;2026-04-22 02:35:05
97947791;Vadim;itlogunov;laravel_pro;;1;0;1;0;;35;low;;0;;2026-04-22 02:35:05
100156918;HD.;kivisaur;laravel_pro;;1;0;0;0;;25;low;;0;;2026-04-22 02:35:05
100506050;Mikhail;shilov_pro;laravel_pro;;1;0;1;0;;35;low;;0;;2026-04-22 02:35:05
106388500;Alex;Nitromoon;laravel_pro;;1;0;1;0;;35;low;;0;;2026-04-22 02:35:05
108449697;evgeniy;evgen02;laravel_pro;;1;0;0;0;;25;low;;0;;2026-04-22 02:35:05
112865662;Владислав;vbatalov;laravel_pro;@fgislk;1;7;1;0;;60;medium;;0;;2026-04-22 02:35:05
113937294;Зеленоградец;trushman;laravel_pro;;1;0;0;0;;25;low;;0;;2026-04-22 02:35:05
114030502;Konstantin N.;vkn_n;laravel_pro;;1;0;0;0;;25;low;;0;;2026-04-22 02:35:05
114099198;Дима;dimaboro;figmachat;Разработчик телеграм ботов;1;26;1;0;;60;medium;;0;;2026-04-22 02:35:05
114990109;Gleb;;laravel_pro;;1;0;1;0;;20;low;skipped;0;2026-04-22 02:35:05;2026-04-22 02:35:05
115272756;Vladimir;LeMaX10;laravel_pro;;1;0;1;0;;35;low;;0;;2026-04-22 02:35:05
116219658;Daniil;zobov;laravel_pro;;1;0;1;0;;35;low;;0;;2026-04-22 02:35:05
116849700;Ilkhom;Ily23L;laravel_pro;;1;0;1;0;;35;low;;0;;2026-04-22 02:35:05
118266693;Marat;marat256;laravel_pro;https://amerov.xyz;1;18;1;0;;60;medium;;0;;2026-04-22 02:35:05
118499877;Aleksandr;JuizZzy;laravel_pro;;1;0;1;0;;35;low;;0;;2026-04-22 02:35:05
120397006;Eugene - 2cubes;order2cubes;laravel_pro;;1;0;1;0;;35;low;;0;;2026-04-22 02:35:05
122612055;Andre;x_malder;laravel_pro;;1;0;0;0;;25;low;;0;;2026-04-22 02:35:05
123464328;Kirill;k_sharonov;laravel_pro;;1;0;1;0;;35;low;;0;;2026-04-22 02:35:05
125483164;Ivan;QNoir;python_ru;t.me/s/qwertynoir;1;17;1;0;;60;medium;;0;;2026-04-22 02:35:05
126680651;Kiss My Backend;kiss_my_backend;laravel_pro;ロシア;1;3;1;0;;60;medium;;0;;2026-04-22 02:35:05
127328212;Andrey;ankovalev;figmachat;Product designer, DS Ozon;1;25;1;0;;60;medium;;0;;2026-04-22 02:35:05
130050950;Савик;airfreeon;laravel_pro;;1;0;1;0;;35;low;;0;;2026-04-22 02:35:05
131225185;Igor;igorweb;laravel_pro;;1;0;1;0;;35;low;;0;;2026-04-22 02:35:05
131429262;Сергей;Plutonium244;laravel_pro;;1;0;0;0;;25;low;;0;;2026-04-22 02:35:05
131779045;Daniel;onokonem;devops_ru;;1;0;1;0;;35;low;;0;;2026-04-22 02:35:05
131937508;Андрей;brainhook;tproger_chat;;1;0;0;0;;25;low;;0;;2026-04-22 02:35:05
132104423;Kirill;kirbak;laravel_pro;;1;0;0;0;;25;low;;0;;2026-04-22 02:35:05
133448719;gous32;gous32;tproger_chat;NaN;1;3;1;0;;60;medium;;0;;2026-04-22 02:35:05
133858837;Anna;angie525;laravel_pro;;1;0;0;0;;25;low;;0;;2026-04-22 02:35:05
136305005;Ivan;Ivanreptiloid;laravel_pro;;1;0;1;0;;35;low;;0;;2026-04-22 02:35:05
138603239;Vladimir;PHProger;laravel_pro;Back-end Team Lead;1;18;1;0;;60;medium;;0;;2026-04-22 02:35:05
138729475;Dean;deanrie;figmachat;Full-stack Developer × AI Expert × Designer, Currently part of the team at Cursor | https://x.com/dean_rie | dean@anysphere.co;1;126;1;0;;70;high;;0;;2026-04-22 02:35:05
140315848;Alexander;morfin60;laravel_pro;;1;0;1;0;;35;low;;0;;2026-04-22 02:35:05
141930451;Shustry;Forcreative;figmachat;Скайрим для нордов!;1;19;1;0;;60;medium;;0;;2026-04-22 02:35:05
145342270;Evgeniy;ThodinBizzz;laravel_pro;;1;0;0;0;;25;low;;0;;2026-04-22 02:35:05
147751504;Andrew;Andrew_Woznyak;laravel_pro;;1;0;1;0;;35;low;;0;;2026-04-22 02:35:05
148699813;Artsiom;Eitarg;tproger_chat;;1;0;0;0;;25;low;;0;;2026-04-22 02:35:05
150465936;Maxim;Russi4nBe4r;laravel_pro;;1;0;1;0;;35;low;;0;;2026-04-22 02:35:05
152537474;Oleg;infinti3000;laravel_pro;;1;0;1;0;;35;low;;0;;2026-04-22 02:35:05
152978891;Yuliia;yuliia_8701;laravel_pro;;1;0;1;0;;35;low;;0;;2026-04-22 02:35:05
153234752;Artem;tema_n;laravel_pro;;1;0;0;0;;25;low;;0;;2026-04-22 02:35:05
154349618;VLADIMIR;xround2303;laravel_pro;;1;0;1;0;;35;low;;0;;2026-04-22 02:35:05
155301810;Евгений;orlov_one;laravel_pro;Дракарис — и точка.;1;19;1;0;;60;medium;;0;;2026-04-22 02:35:05
156121703;Tsokto;tsokto;tproger_chat;;1;0;1;0;;35;low;;0;;2026-04-22 02:35:05
158769334;BodrovMyPrio;BodrovMyPrio;laravel_pro;Создаю и созерцаю;1;17;0;0;;50;medium;;0;;2026-04-22 02:35:05
160237348;Andrew;pan_russian;laravel_pro;Not according to plan. Full astern!;1;35;1;0;;60;medium;;0;;2026-04-22 02:35:05
160903060;myxa95;myxa95;tproger_chat;;1;0;0;0;;25;low;;0;;2026-04-22 02:35:05
162566331;Mike;karpenkom;tproger_chat;;1;0;1;0;;35;low;;0;;2026-04-22 02:35:05
163338732;Artem;art3330;laravel_pro;;1;0;0;0;;25;low;;0;;2026-04-22 02:35:05
164046151;Maxim (БЖ);DukeBJ;laravel_pro;Решаю сложные задачи в вебе. TechLead backend/frontend в Melke. Laravel, Vue, AI, DevOps;1;88;1;0;;65;high;;0;;2026-04-22 02:35:05
166448128;Sergey;sergsmirnoff;laravel_pro;https://t.me/aseregagovorit;1;27;0;0;;50;medium;;0;;2026-04-22 02:35:05
166991890;twent;tw8nt;laravel_pro;—;1;1;0;0;;50;medium;;0;;2026-04-22 02:35:05
167280173;Андрей;devprofi_andrey;tproger_chat;;1;0;1;0;;35;low;;0;;2026-04-22 02:35:05
168048474;Олег;Wemonsh;laravel_pro;;1;0;0;0;;25;low;;0;;2026-04-22 02:35:05
168406277;Anton;antonosipoff;laravel_pro;;1;0;1;0;;35;low;;0;;2026-04-22 02:35:05
169288831;Ramiz;kongulov;laravel_pro;Senior PHP Developer | kongulov.dev;1;35;1;0;;60;medium;;0;;2026-04-22 02:35:05
172258202;Killua;S2lsbHVh;python_ru;;1;0;1;0;;35;low;;0;;2026-04-22 02:35:05
173043897;Lenar;tampanian;laravel_pro;;1;0;0;0;;25;low;;0;;2026-04-22 02:35:05
174418570;Aleksandr;Panteleev_Aleksandr;tproger_chat;;1;0;1;0;;35;low;;0;;2026-04-22 02:35:05
175754334;Пантелеев;arturpanteleev;laravel_pro;instagram.com/panteleev.artur | linkedin.com/in/arturpanteleev;1;62;1;0;;65;high;;0;;2026-04-22 02:35:05
177438540;Kristina Kr1kA;Kr1kA;tproger_chat;Yandex Alice&SmartHome QA Head;1;30;1;0;;60;medium;;0;;2026-04-22 02:35:05
177803191;Denis;bBars;tproger_chat;;1;0;0;0;;25;low;;0;;2026-04-22 02:35:05
177969011;Liman;laragrad;laravel_pro;;1;0;1;0;;35;low;;0;;2026-04-22 02:35:05
178726536;Cat;alonecat81;laravel_pro;🧑‍💻;1;3;0;0;;50;medium;;0;;2026-04-22 02:35:05
179086748;Aleksey;leksiam;tproger_chat;There are so many beautiful reasons to be happy!;1;48;1;0;;65;high;;0;;2026-04-22 02:35:05
182454076;Артём;artemio_6_6;laravel_pro;;1;0;0;0;;25;low;;0;;2026-04-22 02:35:05
184941594;k0er;UrAdsHere;laravel_pro;;1;0;0;0;;25;low;;0;;2026-04-22 02:35:05
185313731;paltovkone;paltovkone;laravel_pro;;1;0;1;0;;35;low;;0;;2026-04-22 02:35:05
186093823;Андрей;easyitomsk;laravel_pro;Подписывайтесь на канал - про PHP и путь к Senior @middle_not_final;1;67;1;0;;65;high;;0;;2026-04-22 02:35:05
186153462;Fedor;fmakareev;tproger_chat;;1;0;0;0;;25;low;;0;;2026-04-22 02:35:05
186607532;Sergey;kaaaalinin;laravel_pro;;1;0;1;0;;35;low;;0;;2026-04-22 02:35:05
188215278;Ellina;Ellinapsy;laravel_pro;I’m an IT HR. We’ll dance again…;1;32;0;0;;50;medium;;0;;2026-04-22 02:35:05
188554521;Алексей;AlexeyAmmina;laravel_pro;;1;0;0;0;;25;low;;0;;2026-04-22 02:35:05
188882743;V;Bond_79;laravel_pro;;1;0;0;0;;25;low;;0;;2026-04-22 02:35:05
189386448;RR;rrkia;tproger_chat;;1;0;1;0;;35;low;;0;;2026-04-22 02:35:05
189441951;Данил;dtkweb;laravel_pro;;1;0;0;0;;25;low;;0;;2026-04-22 02:35:05
193001220;mailfox;mailfox;laravel_pro;# sudo apt-get install war;1;26;1;0;;60;medium;;0;;2026-04-22 02:35:05
193032875;Aleksandr;gustoase;laravel_pro;;1;0;1;0;;35;low;;0;;2026-04-22 02:35:05
193471607;Realay;Rialbat;tproger_chat;;1;0;1;0;;35;low;;0;;2026-04-22 02:35:05
194728629;Андрей;GarretNowak;laravel_pro;;1;0;1;0;;35;low;;0;;2026-04-22 02:35:05
199334122;Alexey;alexeyrybak;laravel_pro;DevHands.io - R&D and Educational Programs: large-scale, distributed systems, performance, databases etc. Tech channel: @rybakalexey.;1;133;1;0;;70;high;;0;;2026-04-22 02:35:05
199971942;lngd;longdeer;tproger_chat;;1;0;1;0;;35;low;;0;;2026-04-22 02:35:05
200129190;Alex;AlexSokolskikh;laravel_pro;;1;0;1;0;;35;low;;0;;2026-04-22 02:35:05
200235414;Ilya;iomarchenko;laravel_pro;;1;0;1;0;;35;low;;0;;2026-04-22 02:35:05
200625009;Evgeny;solovevEvgeny;laravel_pro;;1;0;1;0;;35;low;;0;;2026-04-22 02:35:05
201041821;SULA;Mr_Web_Ai;tproger_chat;;1;0;1;0;;35;low;;0;;2026-04-22 02:35:05
202912457;Maxim;tresk;laravel_pro;https://tresksites.ru;1;21;1;0;;60;medium;;0;;2026-04-22 02:35:05
202938502;Эд;wonderful_ed;tproger_chat;;1;0;1;0;;35;low;;0;;2026-04-22 02:35:05
203746208;Murad;guzhaev;laravel_pro;https://galeon-studio.ru;1;24;1;0;;60;medium;;0;;2026-04-22 02:35:05
204071391;Андрей;master7rank;tproger_chat;Stack Overflow oriented programmer;1;34;0;0;;50;medium;;0;;2026-04-22 02:35:05
204155848;Andreev;a822102;laravel_pro;;1;0;1;0;;35;low;;0;;2026-04-22 02:35:05
207074415;Alexey;livalex;laravel_pro;;1;0;1;0;;35;low;;0;;2026-04-22 02:35:05
207183305;Рашид;rashidDjam;laravel_pro;;1;0;0;0;;25;low;;0;;2026-04-22 02:35:05
207355229;Sergey;vizdrag;devops_ru;;1;0;1;0;;35;low;;0;;2026-04-22 02:35:05
208056518;Ivan;Libre_cat;laravel_pro;;1;0;1;0;;35;low;;0;;2026-04-22 02:35:05
208097218;Sasha;sashabeep;laravel_pro;ⓘ More info available with Telegram Premium subscription;1;56;1;0;;65;high;;0;;2026-04-22 02:35:05
208129848;Andrey;chumric;laravel_pro;;1;0;1;0;;35;low;;0;;2026-04-22 02:35:05
208998397;Arrt;Sioeiehvbshsyyrhvvfppph;tproger_chat;Безвременье. Длится февраль. На удобрения. Вся старая мораль.;1;61;0;0;;55;medium;;0;;2026-04-22 02:35:05
209228870;Liubov;fluiktuacia;tproger_chat;;1;0;0;0;;25;low;;0;;2026-04-22 02:35:05
209364668;"&nbsp;";hairy_heel;laravel_pro;Пробел;1;6;0;0;;50;medium;;0;;2026-04-22 02:35:05
209681371;Віталій;;tproger_chat;;1;0;0;0;;10;low;skipped;0;2026-04-22 02:35:05;2026-04-22 02:35:05
210944655;Combot;combot;tproger_chat;The best community management service for Telegram. Moderation, analytics, triggers, etc.;1;89;1;0;;65;high;;0;;2026-04-22 02:35:05
211849968;Seth;t0ptyg;laravel_pro;;1;0;1;0;;35;low;;0;;2026-04-22 02:35:05
212329311;Dmitry;net_inet;laravel_pro;Разработка сайтов и продвижение в Яндекс и Google под ключ. Пишите;1;66;0;0;;55;medium;;0;;2026-04-22 02:35:05
213092028;*TT;lenar_aga;laravel_pro;;1;0;1;0;;35;low;;0;;2026-04-22 02:35:05
214184484;вик & hm;offwick;andrewgiftschat;@ohuenko_stenka / @OHUENKOchat / @spokoynich / lock in;1;54;1;0;;65;high;;0;;2026-04-22 02:35:05
214209025;Tony;sergeich5;laravel_pro;Комната окутана сладким дымом;1;29;1;0;;60;medium;;0;;2026-04-22 02:35:05
214587059;Николай;CptRyuuji;laravel_pro;;1;0;0;0;;25;low;;0;;2026-04-22 02:35:05
214618641;Aleh;Shodol;laravel_pro;;1;0;1;0;;35;low;;0;;2026-04-22 02:35:05
214926927;Aleksandr;Aleksandr_Skachkov;laravel_pro;;1;0;1;0;;35;low;;0;;2026-04-22 02:35:05
217073596;Luka;LukaSolncev;laravel_pro;LukaSolncev;1;11;0;0;;50;medium;;0;;2026-04-22 02:35:05
218234134;Саша;AleksanderSmirnov;laravel_pro;;1;0;1;0;;35;low;;0;;2026-04-22 02:35:05
219448726;imEx3mm;ImEx3mm;laravel_pro;Ты живёшь как карта ляжет, я живу как Таня скажет!!!;1;52;1;0;;65;high;;0;;2026-04-22 02:35:05
219792703;Mr;vitla6;python_ru;;1;0;1;0;;35;low;;0;;2026-04-22 02:35:05
220011653;GX.;;laravel_pro;;1;0;1;0;;20;low;skipped;0;2026-04-22 02:35:05;2026-04-22 02:35:05
223444618;Vardges;vaka_93;laravel_pro;;1;0;1;0;;35;low;;0;;2026-04-22 02:35:05
224759229;Katherine;heykatariina;andrewgiftschat;;1;0;1;0;;35;low;;0;;2026-04-22 02:35:05
228202363;Glyuk_Skovorodkin;Glyuksz;laravel_pro;;1;0;0;0;;25;low;;0;;2026-04-22 02:35:05
228770728;Костя;dev_kon;laravel_pro;23 y.o. designer from San Francisco;1;35;0;0;;50;medium;;0;;2026-04-22 02:35:05
229412810;Alexey;lolkeksey;laravel_pro;;1;0;0;0;;25;low;;0;;2026-04-22 02:35:05
230998138;Nabster;nabster_ilias;laravel_pro;;1;0;0;0;;25;low;;0;;2026-04-22 02:35:05
231537266;Рафаэль;JolySpink;laravel_pro;;1;0;0;0;;25;low;;0;;2026-04-22 02:35:05
231997500;Lex;vildulv;laravel_pro;I stuck to my promises, what goes around comes around.;1;54;0;0;;55;medium;;0;;2026-04-22 02:35:05
232932415;Олег;Oleg_Gur;tproger_chat;;1;0;0;0;;25;low;;0;;2026-04-22 02:35:05
232966793;Alexey;Alexeybychkov;figmachat;Дизайнер, блогер;1;16;1;0;;60;medium;;0;;2026-04-22 02:35:05
233992019;Константин;konstantin_agafonov;laravel_pro;github.com/konstantin-agafonov youtube.com/@konstantin.agafonov;1;63;0;0;;55;medium;;0;;2026-04-22 02:35:05
234204615;Dmitriy;add_new_username;laravel_pro;;1;0;0;0;;25;low;;0;;2026-04-22 02:35:05
236162056;Даниил;lviobio;tproger_chat;Крякнем, плюнем и надёжно склеим скотчем! Backend dev;1;53;1;0;;65;high;;0;;2026-04-22 02:35:05
236435037;Илья;BalTun7;laravel_pro;https://me.baltun7.ru;1;21;1;0;;60;medium;;0;;2026-04-22 02:35:05
237947318;Alexander;Injker;tproger_chat;;1;0;0;0;;25;low;;0;;2026-04-22 02:35:05
240037569;Andrew🇺🇦;Ordos_third;laravel_pro;Another bird flew away;1;22;1;0;;60;medium;;0;;2026-04-22 02:35:05
240674924;N;nickShkit;laravel_pro;;1;0;0;0;;25;low;;0;;2026-04-22 02:35:05
242125063;Иван;mrakoff;laravel_pro;;1;0;1;0;;35;low;;0;;2026-04-22 02:35:05
244560995;bogus;bogusbd;laravel_pro;;1;0;0;0;;25;low;;0;;2026-04-22 02:35:05
244840723;Rikka;Rikka_Bot;andrewgiftschat;Multipurpose bot. Use /help for commands list.;1;46;1;0;;65;high;;0;;2026-04-22 02:35:05
246852341;Ivan;ivan_zhuck;laravel_pro;Pronouns: евойный/ихний. Делаю сайты для медиа: https://izhuck.ru;1;65;1;0;;65;high;;0;;2026-04-22 02:35:05
247054323;Андрей;andranikdev;laravel_pro;CTO @ Vegas Studio: https://vegas-dev.com;1;41;1;0;;65;high;;0;;2026-04-22 02:35:05
248320835;BeeKeeper;aurgenblick;tproger_chat;;1;0;0;0;;25;low;;0;;2026-04-22 02:35:05
249273089;Рафаэль;RafaVivat;laravel_pro;Frontend Lead;1;13;1;0;;60;medium;;0;;2026-04-22 02:35:05
250173630;.;null_master;tproger_chat;;1;0;1;0;;35;low;;0;;2026-04-22 02:35:05
251864588;Alexander;docharly;tproger_chat;;1;0;0;0;;25;low;;0;;2026-04-22 02:35:05
254720708;Кирилл;KiShkola;tproger_chat;Frontend developer;1;18;0;0;;50;medium;;0;;2026-04-22 02:35:05
254911485;RL;Inmago;tproger_chat;Думаю, мне пора стать сумасшедшим лесным существом;1;50;1;0;;65;high;;0;;2026-04-22 02:35:05
255930949;Андрей;andre9w;tproger_chat;*оригинальная цитата великого человека*;1;39;1;0;;60;medium;;0;;2026-04-22 02:35:05
256245646;Дмитрий;dimitr_io;laravel_pro;Backend engineer;1;16;1;0;;60;medium;;0;;2026-04-22 02:35:05
257941807;Роман;webds_roman;laravel_pro;Team WebDS - your partner in digital business transformation.;1;61;1;0;;65;high;;0;;2026-04-22 02:35:05
258930454;Raim;raimshaykh;figmachat;Suit Up!;1;8;1;0;;60;medium;;0;;2026-04-22 02:35:05
259632257;Aleksey;wsw777;tproger_chat;;1;0;1;0;;35;low;;0;;2026-04-22 02:35:05
260557508;zyto;zyttto;laravel_pro;@iteaha - айтишный юмор и мемы;1;30;1;0;;60;medium;;0;;2026-04-22 02:35:05
261543152;Alexander;Alex_Panzhar;laravel_pro;;1;0;0;0;;25;low;;0;;2026-04-22 02:35:05
262026427;Константин 🐥;KostyaGPT;tproger_chat;Любые подробности, например: возраст, род занятий или город.;1;60;1;0;;65;high;;0;;2026-04-22 02:35:05
262827248;Maxim;zhuravlenko2555dev;laravel_pro;Christian, web developer;1;24;1;0;;60;medium;;0;;2026-04-22 02:35:05
264896942;Vitaly;serovvitaly;laravel_pro;;1;0;0;0;;25;low;;0;;2026-04-22 02:35:05
265645173;Zavernite;Zavernitte;laravel_pro;;1;0;0;0;;25;low;;0;;2026-04-22 02:35:05
266627663;Nik;am0nshi;laravel_pro;@uu_calgary - Українське ком'юніті міста Калгарі. Повага та взаємопоміч.;1;72;1;0;;65;high;;0;;2026-04-22 02:35:05
269192662;Nikita;pr_code;laravel_pro;;1;0;1;0;;35;low;;0;;2026-04-22 02:35:05
269256673;Alexey;SelivanovAlexey;tproger_chat;;1;0;1;0;;35;low;;0;;2026-04-22 02:35:05
269334738;Alexander;nanocatr;tproger_chat;;1;0;1;0;;35;low;;0;;2026-04-22 02:35:05
269530936;Равиль;no_fuhrer_around;laravel_pro;;1;0;1;0;;35;low;;0;;2026-04-22 02:35:05
269776844;Bogdan;WindowsMod;laravel_pro;;1;0;0;0;;25;low;;0;;2026-04-22 02:35:05
270706163;S;;tproger_chat;;1;0;1;0;;20;low;skipped;0;2026-04-22 02:35:05;2026-04-22 02:35:05
270734980;Хайбула;musaevhs;laravel_pro;;1;0;1;0;;35;low;;0;;2026-04-22 02:35:05
271367148;Valik;CardinaLiv;laravel_pro;;1;0;0;0;;25;low;;0;;2026-04-22 02:35:05
271674933;Vladimir;Muumba;laravel_pro;Взрослых людей не бывает! Их просто нет! Их просто нет!;1;55;1;0;;65;high;;0;;2026-04-22 02:35:05
272039624;Максим;maksimepikhin;laravel_pro;Working as php programmer. Hobby: walking in forest.;1;52;1;0;;65;high;;0;;2026-04-22 02:35:05
273381322;Александр;qaweedsqq;laravel_pro;;1;0;0;0;;25;low;;0;;2026-04-22 02:35:05
274483640;Vladislav;stick_qwe;laravel_pro;Уверенный пользователь ПК stick.sh;1;34;1;0;;60;medium;;0;;2026-04-22 02:35:05
274520754;Andrey;zun010;tproger_chat;Unity C# developer;1;18;1;0;;60;medium;;0;;2026-04-22 02:35:05
275339682;Павел;puspenskiy;laravel_pro;;1;0;0;0;;25;low;;0;;2026-04-22 02:35:05
275428732;Anton;RedRain_msk;tproger_chat;;1;0;1;0;;35;low;;0;;2026-04-22 02:35:05
276266930;Alexey;mag_coder;tproger_chat;Game Dev;1;8;0;0;;50;medium;;0;;2026-04-22 02:35:05
277446371;Vasiliy;Crafter76;tproger_chat;AQA;1;3;1;0;;60;medium;;0;;2026-04-22 02:35:05
278005089;Ilya;ilya_lsn;tproger_chat;Мастер спорта по прокрастинации;1;31;1;0;;60;medium;;0;;2026-04-22 02:35:05
278703070;Михаил;bogdanovmikhail;laravel_pro;https://t.me/demagog_vida;1;25;1;0;;60;medium;;0;;2026-04-22 02:35:05
279286091;Роман;r_kondrashov;laravel_pro;https://t.me/tops_and_roots;1;27;1;0;;60;medium;;0;;2026-04-22 02:35:05
280337917;Mikhail;mzhim;tproger_chat;;1;0;1;0;;35;low;;0;;2026-04-22 02:35:05
280663903;Леонид;leolnid;laravel_pro;Tech Lead, Fullstack (TS, Laravel), amoCRM, Moscow\Spb\NN. makeROI.;1;67;0;0;;55;medium;;0;;2026-04-22 02:35:05
281541666;Noname;levenets_d;laravel_pro;;1;0;0;0;;25;low;;0;;2026-04-22 02:35:05
283751681;Pavel;Stake1988;laravel_pro;;1;0;1;0;;35;low;;0;;2026-04-22 02:35:05
285020971;Кирилл;kiruhino;laravel_pro;;1;0;1;0;;35;low;;0;;2026-04-22 02:35:05
285177829;Max;maxarma;laravel_pro;;1;0;1;0;;35;low;;0;;2026-04-22 02:35:05
285341430;Neo;LaravelMoscow;laravel_pro;;1;0;0;0;;25;low;;0;;2026-04-22 02:35:05
285494755;Ivan;vespre;laravel_pro;php developer;1;13;0;0;;50;medium;;0;;2026-04-22 02:35:05
286599949;Dazhe;vadim_dazhe;laravel_pro;;1;0;1;0;;35;low;;0;;2026-04-22 02:35:05
286629214;Oleksandr;;laravel_pro;;1;0;1;0;;20;low;skipped;0;2026-04-22 02:35:05;2026-04-22 02:35:05
286955876;𝚕𝚊𝚗𝚊;Definitely_Yo;andrewgiftschat;Pourquoi tout le monde me confond avec toi ?🃏;1;45;1;0;;65;high;;0;;2026-04-22 02:35:05
287785962;Denis;zede1697;laravel_pro;Пишу про код: https://t.me/zede_code и про vue https://t.me/vueist;1;66;1;0;;65;high;;0;;2026-04-22 02:35:05
287832041;Evgenii;evgenii_grekov;laravel_pro;;1;0;1;0;;35;low;;0;;2026-04-22 02:35:05
288448672;Andrei;exians;laravel_pro;;1;0;1;0;;35;low;;0;;2026-04-22 02:35:05
289096368;Sergey;SergeyChalbyshev;tproger_chat;;1;0;1;0;;35;low;;0;;2026-04-22 02:35:05
289166899;Anton;Extrabash;laravel_pro;СтарыйСтайл RockRamps;1;21;1;0;;60;medium;;0;;2026-04-22 02:35:05
289399676;Richard;Nearonea;laravel_pro;Got stuck in oblivion;1;21;1;0;;60;medium;;0;;2026-04-22 02:35:05
289640704;Gleb;zyumbik;figmachat;💬 @gleb_sexy 🌏 https://gleb.sexy ❤️ Design, code, keyboards, skiing, 3D printing, birdwatching;1;94;1;0;;65;high;;0;;2026-04-22 02:35:05
291618635;lincv;lincv;tproger_chat;;1;0;0;0;;25;low;;0;;2026-04-22 02:35:05
292433639;Dana;strangeThings16;tproger_chat;so strange ......;1;17;1;0;;60;medium;;0;;2026-04-22 02:35:05
295104132;Карина;KarinaPonomareva;andrewgiftschat;;1;0;1;0;;35;low;;0;;2026-04-22 02:35:05
296049312;moorsiek;moorsiek;laravel_pro;;1;0;1;0;;35;low;;0;;2026-04-22 02:35:05
296385715;Katerina;katyamali;tproger_chat;;1;0;1;0;;35;low;;0;;2026-04-22 02:35:05
297025568;Vitaly;LarinVitaliy;laravel_pro;;1;0;0;0;;25;low;;0;;2026-04-22 02:35:05
298752282;Denis;;figmachat;;1;0;1;0;;20;low;skipped;0;2026-04-22 02:35:05;2026-04-22 02:35:05
300695310;Georgy;Vireli;laravel_pro;;1;0;0;0;;25;low;;0;;2026-04-22 02:35:05
301889725;-=Acanthis=-;acanthis;laravel_pro;;1;0;0;0;;25;low;;0;;2026-04-22 02:35:05
302418806;Главный;glavadm;laravel_pro;"Руководитель ИТ-компании ""Главный Администратор""";1;48;0;0;;55;medium;;0;;2026-04-22 02:35:05
302831661;Богдан;rbogdan_krd;laravel_pro;;1;0;1;0;;35;low;;0;;2026-04-22 02:35:05
304391760;GSU;Resident234;tproger_chat;Back-end Developer;1;18;1;0;;60;medium;;0;;2026-04-22 02:35:05
304481092;Vlad;merz97;laravel_pro;;1;0;0;0;;25;low;;0;;2026-04-22 02:35:05
304923727;Maxim;maximdk;laravel_pro;;1;0;0;0;;25;low;;0;;2026-04-22 02:35:05
305327469;Евгений;engenes;laravel_pro;Веб-разработчик;1;15;1;0;;60;medium;;0;;2026-04-22 02:35:05
305487175;Владимир;smithcoder;tproger_chat;;1;0;1;0;;35;low;;0;;2026-04-22 02:35:05
305495199;Андрей;kolombodev;laravel_pro;;1;0;0;0;;25;low;;0;;2026-04-22 02:35:05
307249726;KGM;fh_kgm;tproger_chat;Data Scientist/Data Engineer;1;28;0;0;;50;medium;;0;;2026-04-22 02:35:05
308839616;Evgenij;rezonov;laravel_pro;;1;0;0;0;;25;low;;0;;2026-04-22 02:35:05
311332158;Basir;bvseer;laravel_pro;Быть, а не казаться;1;19;0;0;;50;medium;;0;;2026-04-22 02:35:05
312051742;Darth Vader;lory387;laravel_pro;sudo rm -rf /* :);1;17;1;0;;60;medium;;0;;2026-04-22 02:35:05
312355810;Veronika;Veronika_Valer;tproger_chat;;1;0;0;0;;25;low;;0;;2026-04-22 02:35:05
313144535;Сергей;sergeperekhodov;laravel_pro;;1;0;0;0;;25;low;;0;;2026-04-22 02:35:05
313192585;Иван;kek_ivanovich;laravel_pro;Backend developer 🦍;1;19;1;0;;60;medium;;0;;2026-04-22 02:35:05
313741177;Vladimir;web1791;laravel_pro;https://dekatreis.ru;1;20;1;0;;60;medium;;0;;2026-04-22 02:35:05
313801171;Roman;rsdavydov;laravel_pro;;1;0;0;0;;25;low;;0;;2026-04-22 02:35:05
314706119;Vladimir;playerro;laravel_pro;Канал - https://t.me/+-SNTwdXjuAFkYjIy;1;38;0;0;;50;medium;;0;;2026-04-22 02:35:05
316376982;Taras;ITaras;laravel_pro;🌙;1;1;0;0;;50;medium;;0;;2026-04-22 02:35:05
316674941;Semen;s_koshe;tproger_chat;;1;0;0;0;;25;low;;0;;2026-04-22 02:35:05
317156615;Max;fronterbest;laravel_pro;;1;0;1;0;;35;low;;0;;2026-04-22 02:35:05
317310372;Andrey;amanzadey;laravel_pro;Я тут время увидел;1;18;0;0;;50;medium;;0;;2026-04-22 02:35:05
317506412;Ростислав;RostislavMog;laravel_pro;;1;0;1;0;;35;low;;0;;2026-04-22 02:35:05
317730029;Ilya;Ilya_Tech;laravel_pro;;1;0;0;0;;25;low;;0;;2026-04-22 02:35:05
318233314;Антон;a_zhary;laravel_pro;Основатель ATHEMIX.ru | Full-stack разработчик;1;46;1;0;;65;high;;0;;2026-04-22 02:35:05
318309711;Mikhail;inlovewetrust1;laravel_pro;;1;0;1;0;;35;low;;0;;2026-04-22 02:35:05
318961377;Lenar S;lex_88;python_ru;🚀 Продвижение и автоматизация бизнеса, cv инженер, AI-боты и мобильные приложения;1;81;1;0;;65;high;;0;;2026-04-22 02:35:05
319198025;MR;mrmahoni;laravel_pro;;1;0;0;0;;25;low;;0;;2026-04-22 02:35:05
320178767;autovag;Autovag;python_ru;Автозапчасти для иномарок;1;25;1;0;;60;medium;;0;;2026-04-22 02:35:05
320344258;Антон;AnthonyWithChocolate;tproger_chat;;1;0;1;0;;35;low;;0;;2026-04-22 02:35:05
320358098;Михаил;Cryptograf319;tproger_chat;;1;0;1;0;;35;low;;0;;2026-04-22 02:35:05
320812148;Керим;keep_forward;laravel_pro;;1;0;0;0;;25;low;;0;;2026-04-22 02:35:05
321055207;Миша;isovichok;tproger_chat;;1;0;0;0;;25;low;;0;;2026-04-22 02:35:05
322437577;Tilek;tilekkubanov;laravel_pro;;1;0;0;0;;25;low;;0;;2026-04-22 02:35:05
322636769;Alex;Bushlanov;laravel_pro;;1;0;0;0;;25;low;;0;;2026-04-22 02:35:05
322780831;Daniel;danieldan0;tproger_chat;;1;0;1;0;;35;low;;0;;2026-04-22 02:35:05
322925308;Ivan;tegos_ivan;laravel_pro;;1;0;1;0;;35;low;;0;;2026-04-22 02:35:05
323957077;Vladislav;khudyakv;laravel_pro;CEO Spot | 15 лет разработки за спиной. Личные кабинеты, боты, веб-сервисы и CRM-системы. wespot.ru Конструктор колес фортуны @spot_spin_bot;1;140;1;0;;70;high;;0;;2026-04-22 02:35:05
324232765;Dim;rakavakafo;laravel_pro;;1;0;1;0;;35;low;;0;;2026-04-22 02:35:05
325827855;Вадим;midav1991;laravel_pro;;1;0;1;0;;35;low;;0;;2026-04-22 02:35:05
326663977;Alina;lady_lin66;laravel_pro;;1;0;0;0;;25;low;;0;;2026-04-22 02:35:05
327921702;Sergei;sega_genesis0;laravel_pro;;1;0;1;0;;35;low;;0;;2026-04-22 02:35:05
328916063;Евгений;essshevelev;laravel_pro;;1;0;1;0;;35;low;;0;;2026-04-22 02:35:05
329058679;Cyber;cout_cyber_flux;laravel_pro;;1;0;1;0;;35;low;;0;;2026-04-22 02:35:05
329125252;Димитрий;dimalebid;laravel_pro;;1;0;0;0;;25;low;;0;;2026-04-22 02:35:05
329608394;Аleksandr;cuteweb_ru;laravel_pro;Разработка и поддержка веб-ресурсов с 9 до 17 t.me/cutewebbot?startapp;1;70;1;0;;65;high;;0;;2026-04-22 02:35:05
330693686;Oleksii;lexspeedkb;tproger_chat;IT solutions for your business;1;30;1;0;;60;medium;;0;;2026-04-22 02:35:05
331084095;Сёма;Raytmemm;laravel_pro;;1;0;1;0;;35;low;;0;;2026-04-22 02:35:05
331161244;Владимир Макаров;valdemarmakarov;tproger_chat;Известная личность в кругах столицы,умею делать деньги Вдохновитель🐱;1;68;1;0;;65;high;;0;;2026-04-22 02:35:05
331918004;Alexandr;;laravel_pro;;1;0;0;0;;10;low;skipped;0;2026-04-22 02:35:05;2026-04-22 02:35:05
332459776;Николай Птицын;NickPtic;tproger_chat;\_(- -)_/;1;9;1;0;;60;medium;;0;;2026-04-22 02:35:05
332656662;Кирилл;kirillovkv;laravel_pro;;1;0;0;0;;25;low;;0;;2026-04-22 02:35:05
333547041;nabikha1501;alone1501;andrewgiftschat;;1;0;0;0;;25;low;;0;;2026-04-22 02:35:05
334761683;Elena;ellarri88;tproger_chat;;1;0;1;0;;35;low;;0;;2026-04-22 02:35:05
336098460;Рафаэль;rafweb;laravel_pro;;1;0;1;0;;35;low;;0;;2026-04-22 02:35:05
336685666;Сергей;nuzhnov_sv;laravel_pro;Webarium.ru Делаем: сайты, CRM, ERP, телеграмм боты;1;51;1;0;;65;high;;0;;2026-04-22 02:35:05
336893588;Владимир;pr26svn;laravel_pro;php, bitrix,sql, Омск;1;21;1;0;;60;medium;;0;;2026-04-22 02:35:05
336903139;Andrei;bearlogin;laravel_pro;Тот самый канал про хокку t.me/devs_hokku Пещера вокалиста https://t.me/+ubgV0fkOiAg2MmQy;1;89;1;0;;65;high;;0;;2026-04-22 02:35:05
337617490;Mezinn;mezinn;laravel_pro;;1;0;0;0;;25;low;;0;;2026-04-22 02:35:05
338174127;Nikita;yo_0wl;laravel_pro;Backend developer from Yo;1;25;1;0;;60;medium;;0;;2026-04-22 02:35:05
339163158;Max;brendi211;laravel_pro;;1;0;0;0;;25;low;;0;;2026-04-22 02:35:05
339786980;Oleg;WellD0ne;laravel_pro;;1;0;1;0;;35;low;;0;;2026-04-22 02:35:05
339790930;Vladislav;catferq;laravel_pro;-;1;1;0;0;;50;medium;;0;;2026-04-22 02:35:05
340252537;Morra Вячеслав;morrawind;laravel_pro;;1;0;1;0;;35;low;;0;;2026-04-22 02:35:05
340927746;ARCHY;AR_ROC;tproger_chat;;1;0;1;0;;35;low;;0;;2026-04-22 02:35:05
341605687;Artur;polontepla;laravel_pro;the best in life awaits on the other side of fear;1;49;1;0;;65;high;;0;;2026-04-22 02:35:05
341654113;Сайфиддин;s_83_97;laravel_pro;;1;0;0;0;;25;low;;0;;2026-04-22 02:35:05
343243082;Hanna;ginger_fisch;tproger_chat;🍊 SEO | PBN | CONTENT CREATOR | married;1;39;0;0;;50;medium;;0;;2026-04-22 02:35:05
343387135;tsar;Faker_true;laravel_pro;;1;0;0;0;;25;low;;0;;2026-04-22 02:35:05
343422283;Goo;GooHunter;laravel_pro;;1;0;0;0;;25;low;;0;;2026-04-22 02:35:05
343522369;Анна;mjfewifo;laravel_pro;;1;0;0;0;;25;low;;0;;2026-04-22 02:35:05
343607469;💙💛;insanemur;laravel_pro;;1;0;0;0;;25;low;;0;;2026-04-22 02:35:05
344308832;👾🅅🄴🅁🅂🄰4🅄👾;versa4u;laravel_pro;.;1;1;1;0;;60;medium;;0;;2026-04-22 02:35:05
346639896;Konstantin;bratischev;laravel_pro;;1;0;1;0;;35;low;;0;;2026-04-22 02:35:05
346878189;Dmitry;SNuSNuMR;laravel_pro;;1;0;1;0;;35;low;;0;;2026-04-22 02:35:05
347034164;Ihor;ihor_mak_27;tproger_chat;;1;0;0;0;;25;low;;0;;2026-04-22 02:35:05
348218254;Константин Михайлов;MikhailovKI;laravel_pro;Backend developer;1;17;1;0;;60;medium;;0;;2026-04-22 02:35:05
348706483;Alexander;alexsevas;tproger_chat;;1;0;0;0;;25;low;;0;;2026-04-22 02:35:05
348863707;Александр;alshimarov;laravel_pro;;1;0;1;0;;35;low;;0;;2026-04-22 02:35:05
349010632;Andrey;andrewdanilov;laravel_pro;PHP, Yii2 community @danilovcodechat, https://github.com/andrewdanilov;1;70;1;0;;65;high;;0;;2026-04-22 02:35:05
349124583;Roma;KhmelRom;figmachat;diseñador @ tabby • khmelev.me • @khmlvdsn • @amid_silence • linkedin.com/in/khmelrom;1;85;1;0;;65;high;;0;;2026-04-22 02:35:05
349267884;Максим Костянтинович;mad_boar_max;laravel_pro;;1;0;1;0;;35;low;;0;;2026-04-22 02:35:05
351875517;Vitaliy;;laravel_pro;;1;0;1;0;;20;low;skipped;0;2026-04-22 02:35:05;2026-04-22 02:35:05
352484294;Vadym;Vadym_Happy;laravel_pro;;1;0;1;0;;35;low;;0;;2026-04-22 02:35:05
353260180;Andrey;andreyleo7;laravel_pro;;1;0;0;0;;25;low;;0;;2026-04-22 02:35:05
353411869;...;sometext001;laravel_pro;;1;0;0;0;;25;low;;0;;2026-04-22 02:35:05
353513328;Andrey;web_folez;laravel_pro;Web-Developer, backend, frontend 👨🏻‍💻;1;37;1;0;;60;medium;;0;;2026-04-22 02:35:05
353799531;Maxim;ipatov_maxim;tproger_chat;Product Design Lead из Яндекса, ex. Авито. Пишу про продуктовый дизайн @design_to_product;1;89;1;0;;65;high;;0;;2026-04-22 02:35:05
355866373;Dio;helegven;tproger_chat;;1;0;0;0;;25;low;;0;;2026-04-22 02:35:05
355919981;Ravshan;ravshan014;laravel_pro;23 y.o. Senior Software Engineer (PHP/Go);1;41;1;0;;65;high;;0;;2026-04-22 02:35:05
357398271;Moss;moss_maurice;laravel_pro;;1;0;0;0;;25;low;;0;;2026-04-22 02:35:05
359773633;Denis 🐍|👑;;tproger_chat;renault twingo: https://youtu.be/9nJtXiK7bPk | oregairu is actually a masterpiece... | last braincell: youtu.be/ZsNW9bTfjwE?t=46;1;128;1;0;;55;medium;skipped;0;2026-04-22 02:35:05;2026-04-22 02:35:05
360209578;Сергей СБ;phpcatcom;laravel_pro;Приватизациягаража.рф / Программирую в php-cat.com;1;50;1;0;;65;high;;0;;2026-04-22 02:35:05
360581609;Paul;OctoPaul;laravel_pro;;1;0;1;0;;35;low;;0;;2026-04-22 02:35:05
360818724;Sergej;;laravel_pro;;1;0;0;0;;10;low;skipped;0;2026-04-22 02:35:05;2026-04-22 02:35:05
362569008;Николай;SmaikIn;laravel_pro;Live free or die;1;16;1;0;;60;medium;;0;;2026-04-22 02:35:05
362778737;Алексей;Tukytuk;laravel_pro;;1;0;1;0;;35;low;;0;;2026-04-22 02:35:05
365554628;Великолепный;nakasukapososika;andrewgiftschat;Приятный мужчина в самом расцвете лет;1;37;1;0;;60;medium;;0;;2026-04-22 02:35:05
365734990;Alexandr;Yagovskiy;andrewgiftschat;;1;0;0;0;;25;low;;0;;2026-04-22 02:35:05
365943630;Cuba;Cicada_3303;tproger_chat;Growth Hacker;1;13;1;0;;60;medium;;0;;2026-04-22 02:35:05
366649482;Елизавета;overdrive404;laravel_pro;;1;0;0;0;;25;low;;0;;2026-04-22 02:35:05
367483142;Ir_;Irgigi;tproger_chat;;1;0;1;0;;35;low;;0;;2026-04-22 02:35:05
369680838;Касся;CassiopeyTiff;tproger_chat;;1;0;1;0;;35;low;;0;;2026-04-22 02:35:05
370153545;Matvey;Miristudy;laravel_pro;;1;0;0;0;;25;low;;0;;2026-04-22 02:35:05
370196177;Владимир;VVBphp;laravel_pro;PHP-программист;1;15;1;0;;60;medium;;0;;2026-04-22 02:35:05
371295102;merk;merk26;laravel_pro;;1;0;1;0;;35;low;;0;;2026-04-22 02:35:05
371519970;Suleiman;GoDevelopment;laravel_pro;Engineer Software;1;17;1;0;;60;medium;;0;;2026-04-22 02:35:05
372024780;Yevhen;;laravel_pro;;1;0;0;0;;10;low;skipped;0;2026-04-22 02:35:05;2026-04-22 02:35:05
372735173;Pavlo;pasha000111;tproger_chat;;1;0;0;0;;25;low;;0;;2026-04-22 02:35:05
373926228;Ershov;ershov_sv;tproger_chat;;1;0;1;0;;35;low;;0;;2026-04-22 02:35:05
374327114;Nastya;nastyanastyasm;laravel_pro;Choosy Recrutment Manager https://ru.linkedin.com/in/a-smirnova // ex. Yandex, HR-marketing;1;91;1;0;;65;high;;0;;2026-04-22 02:35:05
374378322;Андрей;andrey_dev;laravel_pro;На мобиле tg не работает. На связи по номеру телефона и в Whatsup;1;65;0;0;;55;medium;;0;;2026-04-22 02:35:05
377020612;Dmitriy;d_vasilevskiy;laravel_pro;;1;0;0;0;;25;low;;0;;2026-04-22 02:35:05
377691379;Yevgeniy;Y1Bist;laravel_pro;Transaction scripter;1;20;1;0;;60;medium;;0;;2026-04-22 02:35:05
378936196;Konstantin;small_jedi;laravel_pro;Заметки о жизни УАЗика в моих руках. https://shorturl.at/tExaK;1;62;1;0;;65;high;;0;;2026-04-22 02:35:05
380176557;Брюс;Bruce777batman;laravel_pro;;1;0;1;0;;35;low;;0;;2026-04-22 02:35:05
380322246;Viktor;vbilan;tproger_chat;;1;0;1;0;;35;low;;0;;2026-04-22 02:35:05
380637965;Kirill;levantez;laravel_pro;;1;0;0;0;;25;low;;0;;2026-04-22 02:35:05
381834976;DIMA;HIPPER52;tproger_chat;;1;0;1;0;;35;low;;0;;2026-04-22 02:35:05
381930735;Толя;yokatta_l;laravel_pro;;1;0;1;0;;35;low;;0;;2026-04-22 02:35:05
382575662;Azer;energon7;laravel_pro;Senior Software Developer & Co-founder at simple.az;1;51;1;0;;65;high;;0;;2026-04-22 02:35:05
383158556;Max;MiMEKiZ;laravel_pro;;1;0;0;0;;25;low;;0;;2026-04-22 02:35:05
383733251;Freedos;Freed0s;tproger_chat;Si vis pacem, para bellum.;1;26;1;0;;60;medium;;0;;2026-04-22 02:35:05
383919582;Алексей;DarkOracleLex;laravel_pro;;1;0;0;0;;25;low;;0;;2026-04-22 02:35:05
384247406;Mikhail;raysin88;laravel_pro;;1;0;0;0;;25;low;;0;;2026-04-22 02:35:05
384489667;Даня;Metilar;laravel_pro;Full Stack Developer;1;20;1;0;;60;medium;;0;;2026-04-22 02:35:05
384600630;Владимир;vladsol2025;python_ru;;1;0;0;0;;25;low;;0;;2026-04-22 02:35:05
385377738;万事如意;R4T10;laravel_pro;;1;0;0;0;;25;low;;0;;2026-04-22 02:35:05
386817989;Кₐ𝚝ₐ𝘴𝚝ᵣₒfₐ;Farfor13;andrewgiftschat;I don't care;1;12;1;0;;60;medium;;0;;2026-04-22 02:35:05
387981569;Shamil;sdashapylov;laravel_pro;CEO 👨‍💻 в https://aspire.agency;1;31;1;0;;60;medium;;0;;2026-04-22 02:35:05
389264237;Миран;mrnkzrn;tproger_chat;;1;0;0;0;;25;low;;0;;2026-04-22 02:35:05
390766811;))));im_n_a_x;tproger_chat;;1;0;1;0;;35;low;;0;;2026-04-22 02:35:05
391987767;Dmitriy;Blang29;laravel_pro;;1;0;1;0;;35;low;;0;;2026-04-22 02:35:05
393160451;Владислав;V_V_Ch;tproger_chat;;1;0;0;0;;25;low;;0;;2026-04-22 02:35:05
393795596;Алексей;HeyAlyosha;laravel_pro;Делаю игры и приложения для и Яндекс Игр и Алисы. Писать только по важным делам!!!;1;82;1;0;;65;high;;0;;2026-04-22 02:35:05
395147048;Пупс;Robotik3;laravel_pro;;1;0;0;0;;25;low;;0;;2026-04-22 02:35:05
395779251;Андрей 😉;crghome;laravel_pro;;1;0;1;0;;35;low;;0;;2026-04-22 02:35:05
395897467;Ivan;ivan_rodriguez_rodichev;laravel_pro;Full-Stack Web Developer;1;24;1;0;;60;medium;;0;;2026-04-22 02:35:05
396620964;Alexander;Alex_Zimin;laravel_pro;Не сплю \ https://t.me/native_atmosphere;1;40;1;0;;65;high;;0;;2026-04-22 02:35:05
396992751;Maksim;mkmskn;laravel_pro;;1;0;0;0;;25;low;;0;;2026-04-22 02:35:05
397942486;Николай;kolya_rm;laravel_pro;;1;0;0;0;;25;low;;0;;2026-04-22 02:35:05
398856037;Maxim;asdkekkekkek;laravel_pro;Backend GO/PHP Developer, ITMO University graduate;1;50;1;0;;65;high;;0;;2026-04-22 02:35:05
399046550;Pavel;overcomeevil;laravel_pro;Laravel developer;1;17;1;0;;60;medium;;0;;2026-04-22 02:35:05
399958638;Oleg;ponomarchukov;laravel_pro;;1;0;0;0;;25;low;;0;;2026-04-22 02:35:05
400455549;Юра;compass_u;laravel_pro;;1;0;0;0;;25;low;;0;;2026-04-22 02:35:05
400672404;Павел;iZerus;laravel_pro;;1;0;0;0;;25;low;;0;;2026-04-22 02:35:05
401868690;Михаил;idnd_p;laravel_pro;;1;0;0;0;;25;low;;0;;2026-04-22 02:35:05
402232229;Almas;set_almas;laravel_pro;No Rain, No Rainbow;1;19;1;0;;60;medium;;0;;2026-04-22 02:35:05
404383425;Wilson;lefthangingthismorning;laravel_pro;;1;0;0;0;;25;low;;0;;2026-04-22 02:35:05
404770488;Razer_Sergey;razer_sergey;laravel_pro;;1;0;1;0;;35;low;;0;;2026-04-22 02:35:05
405275219;Nikatin;duskShimmer;laravel_pro;;1;0;0;0;;25;low;;0;;2026-04-22 02:35:05
405305904;Danil;flntz;laravel_pro;Full-stack developer;1;20;1;0;;60;medium;;0;;2026-04-22 02:35:05
405657971;Vlad;;laravel_pro;;1;0;1;0;;20;low;skipped;0;2026-04-22 02:35:05;2026-04-22 02:35:05
405800765;Дмитрий;webtime10;laravel_pro;;1;0;1;0;;35;low;;0;;2026-04-22 02:35:05
406689918;Jazz;PHPMastermind;laravel_pro;;1;0;0;0;;25;low;;0;;2026-04-22 02:35:05
409619180;Ivan;chvanov_ivan;tproger_chat;;1;0;0;0;;25;low;;0;;2026-04-22 02:35:05
409620482;Sergey;s1kkarpov;laravel_pro;;1;0;0;0;;25;low;;0;;2026-04-22 02:35:05
409703309;Nihil;diplatonib;tproger_chat;;1;0;1;0;;35;low;;0;;2026-04-22 02:35:05
410317067;$_4vores;fVores;laravel_pro;то время зовётся Кали, эпохой гуны невежества💀;1;46;1;0;;65;high;;0;;2026-04-22 02:35:05
410659351;А;skritku7;laravel_pro;;1;0;0;0;;25;low;;0;;2026-04-22 02:35:05
411505115;тру женик;seventty7;andrewgiftschat;ᴛᴀᴋ будь жᴇ ʍоиʍ ᴄᴇʙᴇᴩныʍ ᴄияниᴇʍ @CyberFeya | личный тгк - https://t.me/+OCqq2uUAkEc4ZTEy | скинуть прайс на что-то - лс;1;121;1;0;;70;high;;0;;2026-04-22 02:35:05
412438374;Алекс;AlexFilimonov;laravel_pro;;1;0;0;0;;25;low;;0;;2026-04-22 02:35:05
413224396;Андрей;Andrey_Chuguntsev;laravel_pro;;1;0;0;0;;25;low;;0;;2026-04-22 02:35:05
415566047;Alexey;Wh4tOo;laravel_pro;;1;0;1;0;;35;low;;0;;2026-04-22 02:35:05
415703908;Ilya;apinecone;tproger_chat;;1;0;1;0;;35;low;;0;;2026-04-22 02:35:05
415803337;Антон;anton_leon_web;laravel_pro;Разработка сайтов и веб-приложений. Думаю за вас: от вас - описание ситуации От меня - все остальное: решения, сбор информации и реализация;1;139;1;0;;70;high;;0;;2026-04-22 02:35:05
417543027;Михаил;mikhailmsk2025;laravel_pro;;1;0;1;0;;35;low;;0;;2026-04-22 02:35:05
418910886;Jumas;jumas_cola;laravel_pro;;1;0;1;0;;35;low;;0;;2026-04-22 02:35:05
421830268;Farik;farik_baratoff;laravel_pro;Developer;1;9;1;0;;60;medium;;0;;2026-04-22 02:35:05
422253717;IS;touristplay;laravel_pro;Не падай духом, падай брюхом;1;28;0;0;;50;medium;;0;;2026-04-22 02:35:05
422795746;LizardWizard;i678b18;laravel_pro;;1;0;1;0;;35;low;;0;;2026-04-22 02:35:05
423293888;Roma;Noilty;laravel_pro;"self::square(color: black);";1;27;1;0;;60;medium;;0;;2026-04-22 02:35:05
426501230;𝕿𝖞𝖔𝖒𝖞𝕿𝖎𝖒𝖊;TyomyT1me;andrewgiftschat;#NFT: 1. Маркет\гарант ✅ | 2. 💸на💳 ➡️ 🎁 | 3. ❌ + все ЧАЙКИ | 👥 @Polza_Rub | #ПомощьБлижним #SMM #Rap #HipHop #LoL_WR #Fortnite #IT #эндуро;1;138;0;0;;60;medium;;0;;2026-04-22 02:35:05
426755448;Ilya;PNMVT;laravel_pro;;1;0;0;0;;25;low;;0;;2026-04-22 02:35:05
427217998;Andrei;drag_z;tproger_chat;0x5F3759DF;1;10;1;0;;60;medium;;0;;2026-04-22 02:35:05
427809448;Vladimir;yalamer;laravel_pro;;1;0;1;0;;35;low;;0;;2026-04-22 02:35:05
429833317;Stanislav;The_Fantomas;tproger_chat;;1;0;1;0;;35;low;;0;;2026-04-22 02:35:05
429856853;Дмитрий;egorov00;tproger_chat;;1;0;1;0;;35;low;;0;;2026-04-22 02:35:05
430269990;Эдуард;edkuleshov;laravel_pro;;1;0;0;0;;25;low;;0;;2026-04-22 02:35:05
430291209;Sarvar;LipeApp;laravel_pro;;1;0;0;0;;25;low;;0;;2026-04-22 02:35:05
430985397;Alex;alex_shevchuk87;laravel_pro;;1;0;0;0;;25;low;;0;;2026-04-22 02:35:05
431610282;Игорь Рыбаков;MrScki;laravel_pro;;1;0;1;0;;35;low;;0;;2026-04-22 02:35:05
431784989;receiver;gde_ya_v_tg;tproger_chat;сложная система высокой надежности;1;34;1;0;;60;medium;;0;;2026-04-22 02:35:05
433791261;Telegram Analytics Bot;tg_analytics_bot;figmachat;Аналитический бот сервиса TGStat.ru;1;35;1;0;;60;medium;;0;;2026-04-22 02:35:05
434024186;lim;holodfccs;andrewgiftschat;;1;0;1;0;;35;low;;0;;2026-04-22 02:35:05
434154932;Xodyfix;;tproger_chat;;1;0;0;0;;10;low;skipped;0;2026-04-22 02:35:05;2026-04-22 02:35:05
435281245;Artyom;K1Artyom;laravel_pro;;1;0;1;0;;35;low;;0;;2026-04-22 02:35:05
437030912;Itarhao;Itarhao;tproger_chat;;1;0;1;0;;35;low;;0;;2026-04-22 02:35:05
437125464;Alex;huckyall;laravel_pro;;1;0;1;0;;35;low;;0;;2026-04-22 02:35:05
439056640;Илья 😁;;laravel_pro;;1;0;0;0;;10;low;skipped;0;2026-04-22 02:35:05;2026-04-22 02:35:05
439529353;Ilya;ilyanotfound;laravel_pro;;1;0;1;0;;35;low;;0;;2026-04-22 02:35:05
439533716;Pavel;PavelLin;laravel_pro;;1;0;1;0;;35;low;;0;;2026-04-22 02:35:05
441149292;Михаил;XarchenkoMO;laravel_pro;php developer;1;13;1;0;;60;medium;;0;;2026-04-22 02:35:05
441772048;Андрей Владимирович;Shadkmv;python_ru;Политическая Партия «Новые люди»;1;32;1;0;;60;medium;;0;;2026-04-22 02:35:05
442115687;ru_bot;ru_community_bot;devops_ru;"http://rudevs.network

http://github.com/telegram-ru/ru-bot";1;59;1;0;;65;high;;0;;2026-04-22 02:35:05
442365593;Rain;rainrichard;tproger_chat;;1;0;1;0;;35;low;;0;;2026-04-22 02:35:05
444176457;Артём;Lastname2k21;laravel_pro;;1;0;0;0;;25;low;;0;;2026-04-22 02:35:05
445179868;Александр;aleksandr_shar;laravel_pro;;1;0;0;0;;25;low;;0;;2026-04-22 02:35:05
446550629;Asgoret;Asgoret;devops_ru;;1;0;1;0;;35;low;;0;;2026-04-22 02:35:05
447329445;Konstantin;giveme_onemoreshot;laravel_pro;;1;0;1;0;;35;low;;0;;2026-04-22 02:35:05
447665493;.;cbd5de;laravel_pro;;1;0;1;0;;35;low;;0;;2026-04-22 02:35:05
448104262;Stan;stanmikhnevich;laravel_pro;;1;0;0;0;;25;low;;0;;2026-04-22 02:35:05
448511586;Ермаков Алексей;alexerm777;laravel_pro;Разработка любого софта. Интеграция ИИ автоматизации в ваши бизнесс процессы. Приглашаю на цифровой детокс на майские праздники!;1;128;0;0;;60;medium;;0;;2026-04-22 02:35:05
450343323;Igor;igorvoron;laravel_pro;software developer;1;18;0;0;;50;medium;;0;;2026-04-22 02:35:05
451489408;Иван;ivan197830;laravel_pro;;1;0;1;0;;35;low;;0;;2026-04-22 02:35:05
452612201;Александр;xxlid;laravel_pro;;1;0;1;0;;35;low;;0;;2026-04-22 02:35:05
454484618;Vasiliy Savinov;savinov_vu;laravel_pro;Software developer. Hobby: @vasQsav;1;35;0;0;;50;medium;;0;;2026-04-22 02:35:05
455000585;👑OGURCHIK🖤;ogurchinskiy;tproger_chat;"ʕ•ᴥ•ʔ Вегетарианка! Я за серьёзные отношения. Верю в пизду ;) PM - BAN";1;70;1;0;;65;high;;0;;2026-04-22 02:35:05
455319396;ARTEM;orz554;laravel_pro;;1;0;1;0;;35;low;;0;;2026-04-22 02:35:05
455918699;Кит среди рыб;Yaroslav_xxxxxx;laravel_pro;;1;0;0;0;;25;low;;0;;2026-04-22 02:35:05
457365505;Татьяна;CCreate;laravel_pro;;1;0;0;0;;25;low;;0;;2026-04-22 02:35:05
459225037;Andrey;AndreyDodonov;tproger_chat;Suboptimal suffering;1;20;1;0;;60;medium;;0;;2026-04-22 02:35:05
459319900;Evgeniy;SlyPepper;laravel_pro;Лучше обнимать океан, чем любовь забытую и стакан!;1;50;1;0;;65;high;;0;;2026-04-22 02:35:05
459497189;Ilya;sshkpp;laravel_pro;;1;0;1;0;;35;low;;0;;2026-04-22 02:35:05
459588022;Сергей;elren44;laravel_pro;;1;0;1;0;;35;low;;0;;2026-04-22 02:35:05
459804237;DobrAl;Dobral;andrewgiftschat;UQA6lJgM3WPDfe6vhgI6OODXayR2QHZQI-G-7jOXzQgU1eU-;1;48;1;0;;65;high;;0;;2026-04-22 02:35:05
460962938;Anatoliy;les_anatoliy;laravel_pro;;1;0;1;0;;35;low;;0;;2026-04-22 02:35:05
461230685;Fedotov;fedotov_1;laravel_pro;Effect Agency - Website / CRM / App 💻;1;37;1;0;;60;medium;;0;;2026-04-22 02:35:05
462042346;Tim;timdjol;laravel_pro;Web-developer;1;13;1;0;;60;medium;;0;;2026-04-22 02:35:05
462875387;Кирилл;kabanidzaa;laravel_pro;Кабанчик 🐗;1;10;1;0;;60;medium;;0;;2026-04-22 02:35:05
462883858;Dmitry;i_rivka;laravel_pro;KPK24 | Full-stack Engineer;1;27;1;0;;60;medium;;0;;2026-04-22 02:35:05
463578883;Max;voland700;laravel_pro;;1;0;1;0;;35;low;;0;;2026-04-22 02:35:05
464568239;Max;Iron_Stark_MC;laravel_pro;;1;0;1;0;;35;low;;0;;2026-04-22 02:35:05
464735075;Владислав;Nicki_Schultz;tproger_chat;;1;0;0;0;;25;low;;0;;2026-04-22 02:35:05
465134350;Konstantin;aks_ion;laravel_pro;Software engineer. ui/ux designer. Faaaa. Pepe.;1;47;1;0;;65;high;;0;;2026-04-22 02:35:05
465392336;Rufat;;tproger_chat;;1;0;0;0;;10;low;skipped;0;2026-04-22 02:35:05;2026-04-22 02:35:05
465474904;Альберт;tigar1117;laravel_pro;;1;0;1;0;;35;low;;0;;2026-04-22 02:35:05
469515196;meeymirita;meeymirita;laravel_pro;Разве минутная слабость стоит того, чтоб на душе было вечно пусто? _______ https://meeymirita.ru/;1;97;1;0;;65;high;;0;;2026-04-22 02:35:05
469692258;Олег;caluptra;tproger_chat;Product Analyst;1;15;0;0;;50;medium;;0;;2026-04-22 02:35:05
472882851;Okkultax;okkultax;laravel_pro;Demiurge Ash;1;12;1;0;;60;medium;;0;;2026-04-22 02:35:05
472966552;Александр;bf3310;laravel_pro;;1;0;1;0;;35;low;;0;;2026-04-22 02:35:05
475703297;Kirill;de_krik;andrewgiftschat;;1;0;1;0;;35;low;;0;;2026-04-22 02:35:05
476458449;Nikomweb;;laravel_pro;;1;0;0;0;;10;low;skipped;0;2026-04-22 02:35:05;2026-04-22 02:35:05
476783601;Dmitriy;MuhinDmitriy;laravel_pro;;1;0;1;0;;35;low;;0;;2026-04-22 02:35:05
477104973;Alex;alexalex0099;laravel_pro;;1;0;0;0;;25;low;;0;;2026-04-22 02:35:05
478942699;Ilya;ilya_dev_01;laravel_pro;;1;0;0;0;;25;low;;0;;2026-04-22 02:35:05
478990530;Tomiris;WalterKovacs1;tproger_chat;27 yo android developer;1;23;1;0;;60;medium;;0;;2026-04-22 02:35:05
479119044;Alex;alexsabiyr;laravel_pro;;1;0;0;0;;25;low;;0;;2026-04-22 02:35:05
479895867;siberfx;Siberfx;laravel_pro;Exsilium vita est - Istanbul;1;28;1;0;;60;medium;;0;;2026-04-22 02:35:05
480568670;Zhandos;Zhandos717;laravel_pro;;1;0;1;0;;35;low;;0;;2026-04-22 02:35:05
480855068;Вячеслав;led23;laravel_pro;Head of Product (ex. CTO) makeROI Ltd | Msk/Spb;1;47;1;0;;65;high;;0;;2026-04-22 02:35:05
481903116;Алишкин;Solo43mov;laravel_pro;Максимум;1;8;1;0;;60;medium;;0;;2026-04-22 02:35:05
482737988;Bair;KXNG_1337;laravel_pro;;1;0;0;0;;25;low;;0;;2026-04-22 02:35:05
486250478;Stanislav;proflyder;tproger_chat;;1;0;0;0;;25;low;;0;;2026-04-22 02:35:05
494275011;JAVA;java_webs;laravel_pro;backend developer. Поверь, тебе лучше не знать, что это такое;1;61;1;0;;65;high;;0;;2026-04-22 02:35:05
496099946;Кирилл;Pumbossablle;laravel_pro;;1;0;1;0;;35;low;;0;;2026-04-22 02:35:05
497068531;Igoryoka;igoryoka7;tproger_chat;;1;0;1;0;;35;low;;0;;2026-04-22 02:35:05
499002937;Ваня;vanish00;laravel_pro;;1;0;1;0;;35;low;;0;;2026-04-22 02:35:05
499248792;Дмитрий;Dim_fal;laravel_pro;;1;0;0;0;;25;low;;0;;2026-04-22 02:35:05
499448349;Роман;ARomAnIT;laravel_pro;;1;0;0;0;;25;low;;0;;2026-04-22 02:35:05
501293829;𝐗𝐀𝐇;charadisev;tproger_chat;;1;0;1;0;;35;low;;0;;2026-04-22 02:35:05
501665754;Syryan777;Syryan777;laravel_pro;IT;1;2;0;0;;50;medium;;0;;2026-04-22 02:35:05
502407247;Diyor;diyor_khasanov;tproger_chat;🔰;1;1;1;0;;60;medium;;0;;2026-04-22 02:35:05
503806711;Noa;noanaoki;laravel_pro;CTO с пультом вместо галстука / PHP: реанимирую код-дефибриллятором. / DJ: тишину убиваю басом. / ☕→{код}→🎧 / 👉 https://djnoanaoki.ru;1;133;1;0;;70;high;;0;;2026-04-22 02:35:05
505033723;Mike;prtsvmk;laravel_pro;;1;0;1;0;;35;low;;0;;2026-04-22 02:35:05
505085570;Nikita;NSom27;laravel_pro;;1;0;0;0;;25;low;;0;;2026-04-22 02:35:05
506329064;Leo;LaravelBackend;laravel_pro;;1;0;0;0;;25;low;;0;;2026-04-22 02:35:05
507038556;Александр;Litvinov_e81;laravel_pro;;1;0;1;0;;35;low;;0;;2026-04-22 02:35:05
508794704;анна;vaysteeen;tproger_chat;愛して愛して愛して // it's lit;1;21;1;0;;60;medium;;0;;2026-04-22 02:35:05
509180476;Oleg;olegstark;tproger_chat;Dev, sysadmin;1;13;1;0;;60;medium;;0;;2026-04-22 02:35:05
509201445;Абильвап;slavesdontspeak;laravel_pro;;1;0;0;0;;25;low;;0;;2026-04-22 02:35:05
509555183;Andrey;anderpirozhkov;laravel_pro;Сооснователь и технический директор студии SPOT — Делаем сложные интерфейсы управления простыми и автоматизируем рутину. https://wespot.ru;1;138;0;0;;60;medium;;0;;2026-04-22 02:35:05
510729507;Andrew;Mr_GreenWood;laravel_pro;;1;0;1;0;;35;low;;0;;2026-04-22 02:35:05
511862977;Александр;egorovit_ru;laravel_pro;Дорого. Долго. Идеально.;1;24;1;0;;60;medium;;0;;2026-04-22 02:35:05
512126219;Сергей;dsi1990;laravel_pro;;1;0;0;0;;25;low;;0;;2026-04-22 02:35:05
518358290;Илья;iljaborisov;laravel_pro;;1;0;1;0;;35;low;;0;;2026-04-22 02:35:05
518383100;Ingvar;Ingvar_soloma;laravel_pro;;1;0;1;0;;35;low;;0;;2026-04-22 02:35:05
518519053;Андрей;Cabard;tproger_chat;;1;0;1;0;;35;low;;0;;2026-04-22 02:35:05
521103611;Василий;vasiliymuravev;laravel_pro;Красногорск, Московская обл.;1;28;1;0;;60;medium;;0;;2026-04-22 02:35:05
521842654;悪魔;Murrzxc;andrewgiftschat;#ная #krt #mys #500 #krt #gav #муха #k&b #scw #well. ##LE #трас.#rawn #s14v. #mf. #skw. #ksm. #tortik. #well. #rawn #am1v.#error.#палевичвв;1;139;1;0;;70;high;;0;;2026-04-22 02:35:05
525719685;Никита;;laravel_pro;;1;0;0;0;;10;low;skipped;0;2026-04-22 02:35:05;2026-04-22 02:35:05
526030873;Артур;MrYuTo;tproger_chat;;1;0;1;0;;35;low;;0;;2026-04-22 02:35:05
527850042;Dmitriy;dd_357;laravel_pro;;1;0;1;0;;35;low;;0;;2026-04-22 02:35:05
528087071;Владислав Жолудев;Merantauw;laravel_pro;PHP-dev | Вёрстка, интеграции чатов и crm, оптимизация скорости работы;1;70;1;0;;65;high;;0;;2026-04-22 02:35:05
529536744;Andrew;andrewgalak6578;laravel_pro;;1;0;0;0;;25;low;;0;;2026-04-22 02:35:05
531407053;ANDREY;oriharaz;laravel_pro;;1;0;1;0;;35;low;;0;;2026-04-22 02:35:05
531914632;Даниил;borchsh;tproger_chat;all love wants to be eternal, it is its eternal torment.;1;56;1;0;;65;high;;0;;2026-04-22 02:35:05
533528122;Levon;laghatelyan;tproger_chat;;1;0;0;0;;25;low;;0;;2026-04-22 02:35:05
535297938;f(x);;rabota_chaty1;;1;0;1;0;;20;low;skipped;0;2026-04-22 02:35:05;2026-04-22 02:35:05
536502641;Дима А;decorlandby;laravel_pro;;1;0;0;0;;25;low;;0;;2026-04-22 02:35:05
539264508;𝐸𝓁𝒾𝓏𝒶𝓋𝑒𝓉𝒶;ssxx770;andrewgiftschat;;1;0;0;0;;25;low;;0;;2026-04-22 02:35:05
543172626;Станислав;Stanislav_Z;laravel_pro;video design, voice over, web dev;1;33;0;0;;50;medium;;0;;2026-04-22 02:35:05
543580667;Doniyor;Don731;tproger_chat;;1;0;0;0;;25;low;;0;;2026-04-22 02:35:05
543643863;Dmitry;;laravel_pro;;1;0;0;0;;10;low;skipped;0;2026-04-22 02:35:05;2026-04-22 02:35:05
546373849;inviser@arch: ~$;Inviser666;tproger_chat;23 y.o. designer from San Francisco;1;35;1;0;;60;medium;;0;;2026-04-22 02:35:05
547499044;Andrei;andrei_bratuhin;laravel_pro;Co-founder einzelwerk.ru / waildworld.com;1;41;1;0;;65;high;;0;;2026-04-22 02:35:05
550986052;Иван;oladushek_sladkiy;laravel_pro;incognito ergo sum;1;18;0;0;;50;medium;;0;;2026-04-22 02:35:05
553892172;ila;ilonassz;andrewgiftschat;🦔;1;1;1;0;;60;medium;;0;;2026-04-22 02:35:05
555220971;Dmitriy;DmitriyKozhemyakin;tproger_chat;;1;0;0;0;;25;low;;0;;2026-04-22 02:35:05
556782271;Egor;EgorGruzdev;laravel_pro;;1;0;1;0;;35;low;;0;;2026-04-22 02:35:05
559906290;Елизавета;sindie314;tproger_chat;;1;0;1;0;;35;low;;0;;2026-04-22 02:35:05
561248234;Behruz;jovidovich;laravel_pro;;1;0;0;0;;25;low;;0;;2026-04-22 02:35:05
561572789;Yura;strotmann4;laravel_pro;;1;0;1;0;;35;low;;0;;2026-04-22 02:35:05
563363270;Anton P.;smth_z;laravel_pro;;1;0;1;0;;35;low;;0;;2026-04-22 02:35:05
564604072;Александр;work2www;laravel_pro;Fullstack web-developer, разработка сайтов любой сложности;1;58;0;0;;55;medium;;0;;2026-04-22 02:35:05
569517932;Вероника;;laravel_pro;;1;0;1;0;;20;low;skipped;0;2026-04-22 02:35:05;2026-04-22 02:35:05
571647591;Viktor;marvel_vita;laravel_pro;Time flies whether you traveling or not. Marvel Vita Travel;1;59;1;0;;65;high;;0;;2026-04-22 02:35:05
573284863;Андрей;sf_andrey;laravel_pro;;1;0;1;0;;35;low;;0;;2026-04-22 02:35:05
576364728;Александра🦋;AlexaGris7;andrewgiftschat;НФТ не продаю. Не знакомлюсь. Попрошаек блокирую. Не тратьте время, оно дорого стоит.;1;85;1;0;;65;high;;0;;2026-04-22 02:35:05
576785043;Gleb;oleynikgleb;laravel_pro;;1;0;1;0;;35;low;;0;;2026-04-22 02:35:05
578498784;Zhantas;rzhantas;laravel_pro;!false;1;6;0;0;;50;medium;;0;;2026-04-22 02:35:05
580421207;Askat;nitrogolen;laravel_pro;;1;0;1;0;;35;low;;0;;2026-04-22 02:35:05
582217146;Игорь Иванов;i2techru;laravel_pro;;1;0;0;0;;25;low;;0;;2026-04-22 02:35:05
583064365;Nikita;suzeraint;laravel_pro;;1;0;1;0;;35;low;;0;;2026-04-22 02:35:05
583087189;Nikita Lidman 🇺🇸 🇺🇦;;laravel_pro;;1;0;1;0;;20;low;skipped;0;2026-04-22 02:35:05;2026-04-22 02:35:05
584698504;Bro;unknown2840;laravel_pro;;1;0;0;0;;25;low;;0;;2026-04-22 02:35:05
585546970;Sergey;;laravel_pro;;1;0;1;0;;20;low;skipped;0;2026-04-22 02:35:05;2026-04-22 02:35:05
588175430;Виталий;VitaliyMuzdin;laravel_pro;;1;0;1;0;;35;low;;0;;2026-04-22 02:35:05
589658056;Cliffy;cliffordrh;laravel_pro;;1;0;0;0;;25;low;;0;;2026-04-22 02:35:05
589786977;Дмитрий;Deamoned;laravel_pro;;1;0;0;0;;25;low;;0;;2026-04-22 02:35:05
592759828;Коля;niosijji;tproger_chat;;1;0;0;0;;25;low;;0;;2026-04-22 02:35:05
593847673;Дмитрий;Dezhammer;tproger_chat;;1;0;1;0;;35;low;;0;;2026-04-22 02:35:05
595971874;Marsel;serbreez;laravel_pro;Backend Developer (E-commerce · ERP · CRM · Integrations · Mobile Apps);1;71;1;0;;65;high;;0;;2026-04-22 02:35:05
596990537;Sergey;candyboberz;laravel_pro;;1;0;1;0;;35;low;;0;;2026-04-22 02:35:05
600508775;David;DaD_Lyubka;laravel_pro;;1;0;1;0;;35;low;;0;;2026-04-22 02:35:05
603927468;:);ian_2047;laravel_pro;🖤🔗;1;2;1;0;;60;medium;;0;;2026-04-22 02:35:05
605019816;Alexander;MAKKLAYS;laravel_pro;¿Hablas español?;1;16;1;0;;60;medium;;0;;2026-04-22 02:35:05
606872411;Hikmat;Abdukhaligov;laravel_pro;;1;0;1;0;;35;low;;0;;2026-04-22 02:35:05
607702440;Катерина #twinki #milf;ketrinkins;andrewgiftschat;;1;0;1;0;;35;low;;0;;2026-04-22 02:35:05
609562955;Mirjalol;anarch2002;laravel_pro;;1;0;0;0;;25;low;;0;;2026-04-22 02:35:05
611110627;𝑹𝑨𝒁𝑶𝑹;razor_GD;andrewgiftschat;Самая милая и родная девочка @Markovkauwu 💜🫂 Люблю;1;50;1;0;;65;high;;0;;2026-04-22 02:35:05
613669291;Sergey;serkolosov;laravel_pro;;1;0;1;0;;35;low;;0;;2026-04-22 02:35:05
614659691;Константин;konstantin_dolgiy;laravel_pro;;1;0;1;0;;35;low;;0;;2026-04-22 02:35:05
620565940;Скачать видео из Ютуба;SaveYoutubeBot;andrewgiftschat;"Видео, плейлисты, аудио, уведомления о новых видео с каналов, поиск. 

По рекламе: @SYmanagerBot
API: @massbots_dl";1;114;1;0;;65;high;;0;;2026-04-22 02:35:05
621226109;TProger Moderabot;TProgerModerabot;tproger_chat;;1;0;1;0;;35;low;;0;;2026-04-22 02:35:05
622880347;Dmitriy;Hauda15;laravel_pro;LaraVue Dev AKA Коричневый маг;1;30;1;0;;60;medium;;0;;2026-04-22 02:35:05
623646166;Vladimir;Chusteev;laravel_pro;;1;0;0;0;;25;low;;0;;2026-04-22 02:35:05
623816738;Б̷а̷з̷и̷л̷и̷к̷;bbazilikk;andrewgiftschat;;1;0;1;0;;35;low;;0;;2026-04-22 02:35:05
624219039;Илья Вальтер;ilya_walter;andrewgiftschat;;1;0;1;0;;35;low;;0;;2026-04-22 02:35:05
625637742;velvss;;laravel_pro;;1;0;1;0;;20;low;skipped;0;2026-04-22 02:35:05;2026-04-22 02:35:05
625795102;Дмитрий;Bel_D07;laravel_pro;Backend developer;1;17;1;0;;60;medium;;0;;2026-04-22 02:35:05
626348336;Алексей;AlekseyShramko;tproger_chat;;1;0;0;0;;25;low;;0;;2026-04-22 02:35:05
626512136;Vladislav;blnvvldslv;laravel_pro;;1;0;1;0;;35;low;;0;;2026-04-22 02:35:05
627704756;Николай;NikolyOrl;tproger_chat;;1;0;1;0;;35;low;;0;;2026-04-22 02:35:05
627983887;lucky;LukySlevin;laravel_pro;;1;0;1;0;;35;low;;0;;2026-04-22 02:35:05
631712555;Кайрат;Dion1337;laravel_pro;;1;0;0;0;;25;low;;0;;2026-04-22 02:35:05
632033557; ᠌᠌ ᠌᠌ ᠌᠌;thennixx;andrewgiftschat;🇺🇦;1;2;1;0;;60;medium;;0;;2026-04-22 02:35:05
632487292;𝙳𝙰𝙽𝙸𝙺𝚂;DaniksTag;andrewgiftschat;Скуп/обмен нфт;1;14;0;0;;50;medium;;0;;2026-04-22 02:35:05
633164046;Kate;kate200326;tproger_chat;;1;0;0;0;;25;low;;0;;2026-04-22 02:35:05
634405039;𝐌𝐚𝐫𝐥𝐛𝐨𝐫𝐨[РАССЫЛ, О ПОКУПКЕ @UglystephanTag];MarlboroMVP;andrewgiftschat;Заказать красивую, дешевую, быструю сигну можно тут @UglystephanTag;1;67;1;0;;65;high;;0;;2026-04-22 02:35:05
636481977;Андрей;av_154;laravel_pro;🧠⚙️ Системный аналитик 🧘‍♂️ Духовный искатель 💪🏻 ЗОЖник 🏍️ Мотоциклист 👁️ Осознанный 💎 Многогранный 🎯 Целеустремленный;1;118;1;0;;65;high;;0;;2026-04-22 02:35:05
643408358;Дмитрий;pan_koplan;laravel_pro;HeadHunter;1;10;1;0;;60;medium;;0;;2026-04-22 02:35:05
643921018;Amelia;amelliyyaa;andrewgiftschat;inst: ameliya.a_ 🪐;1;18;1;0;;60;medium;;0;;2026-04-22 02:35:05
643975161;Виктория;;rabota_chaty1;Быстрые Деньги - https://t.me/+nwDNnyA9q5gyNGMy;1;47;1;0;;50;medium;skipped;0;2026-04-22 02:35:05;2026-04-22 02:35:05
645646214;Chicago Bulls;bgener;andrewgiftschat;;1;0;0;0;;25;low;;0;;2026-04-22 02:35:05
646341941;Анастасия;;rabota_chaty1;https://t.me/+ROcEY8nuqXY0NDJi Аренда тут ! Платим 3к 6к 12к;1;60;1;0;;50;medium;skipped;0;2026-04-22 02:35:05;2026-04-22 02:35:05
647891313;Galufaka сб;Userfiller;python_ru;не в км, деф @winizi;1;20;1;0;;60;medium;;0;;2026-04-22 02:35:05
648746601;FFx0001;ffx0001;laravel_pro;;1;0;1;0;;35;low;;0;;2026-04-22 02:35:05
650587679;B;bositkhonsh;laravel_pro;;1;0;0;0;;25;low;;0;;2026-04-22 02:35:05
652995685;Максим;maskimka89;laravel_pro;;1;0;0;0;;25;low;;0;;2026-04-22 02:35:05
654673995;.;rompmm;python_ru;;1;0;1;0;;35;low;;0;;2026-04-22 02:35:05
655715692;Az555;Az5555677;laravel_pro;;1;0;0;0;;25;low;;0;;2026-04-22 02:35:05
655729388;Dennis;den_ukr;laravel_pro;;1;0;1;0;;35;low;;0;;2026-04-22 02:35:05
656403864;Ivan;supchicc;laravel_pro;;1;0;1;0;;35;low;;0;;2026-04-22 02:35:05
657912573;Pinokio;;andrewgiftschat;她永远一身校服干净的站在我的青春里;1;17;1;0;;45;medium;skipped;0;2026-04-22 02:35:05;2026-04-22 02:35:05
660987176;Albert;Zze_euus;laravel_pro;CEO - ATOMIC STUDIO https://atomic-tech.ru Сайты,Боты,Приложения, Blockchain и иное в WEB2, WEB3, Telegram, любой сложности, под ключ!;1;134;1;0;;70;high;;0;;2026-04-22 02:35:05
661925645;𝗜 𝗕 𝗔 𝟮 𝟵 𝟬 𝟳;IBA2907;andrewgiftschat;Подарки НЕ продаю, НЕ дарю;1;26;1;0;;60;medium;;0;;2026-04-22 02:35:05
664616332;Roman;romcheksus;laravel_pro;;1;0;0;0;;25;low;;0;;2026-04-22 02:35:05
665134360;Alexander;kykylkan;laravel_pro;;1;0;1;0;;35;low;;0;;2026-04-22 02:35:05
665341196;igor.php;ufowow;tproger_chat;Старость меня дома не застанет, я в пути к приключениям 😌;1;57;1;0;;65;high;;0;;2026-04-22 02:35:05
669444172;Andrey;andrev_markelov;laravel_pro;ты самый долгий и глубокий трип, в который я ушел;1;49;1;0;;65;high;;0;;2026-04-22 02:35:05
670592833;Назар;Elric_Ed;laravel_pro;трамп підарас;1;13;1;0;;60;medium;;0;;2026-04-22 02:35:05
672323717;Roman;romanovich_dev;laravel_pro;;1;0;0;0;;25;low;;0;;2026-04-22 02:35:05
674212249;В. А.;reachpeace;andrewgiftschat;;1;0;0;0;;25;low;;0;;2026-04-22 02:35:05
677437346;Tea;homopeccati2;tproger_chat;;1;0;1;0;;35;low;;0;;2026-04-22 02:35:05
678266435;Zaurbek;ztakaev;laravel_pro;Backend Developer;1;17;1;0;;60;medium;;0;;2026-04-22 02:35:05
679309151;Илья;Illia1504;andrewgiftschat;https://t.me/duckmyduck_bot?start=r83473;1;40;1;0;;65;high;;0;;2026-04-22 02:35:05
680475141;Илья;yakushinilya;laravel_pro;Разработка сайтов! (html, css, js, php, mysql) Laravel, 1С-Битрикс.;1;67;1;0;;65;high;;0;;2026-04-22 02:35:05
682797765;Александр;stupichvsrg;tproger_chat;Хабаровск, прогаю;1;17;1;0;;60;medium;;0;;2026-04-22 02:35:05
682993318;Illia Melnyk;illia_illion;tproger_chat;🇺🇦🇵🇱 If didn't respond, please write again | linktr.ee/illia.illinoice;1;70;1;0;;65;high;;0;;2026-04-22 02:35:05
684198017;Кира;Kira18Deas;andrewgiftschat;;1;0;1;0;;35;low;;0;;2026-04-22 02:35:05
685103656;$mani;manimen999;laravel_pro;Интуиция-природный дар, разум покорный слуга.;1;45;0;0;;55;medium;;0;;2026-04-22 02:35:05
685424941;v;vw131313;laravel_pro;;1;0;0;0;;25;low;;0;;2026-04-22 02:35:05
685928940;Valentin 🐸;Gate50;laravel_pro;;1;0;1;0;;35;low;;0;;2026-04-22 02:35:05
687744900;Алил;nisderhip;laravel_pro;;1;0;1;0;;35;low;;0;;2026-04-22 02:35:05
688229289;Sergey;tot_sam1y;laravel_pro;113;1;3;1;0;;60;medium;;0;;2026-04-22 02:35:05
690091824;Nioray;Nioray;laravel_pro;;1;0;0;0;;25;low;;0;;2026-04-22 02:35:05
691027924;Dmytro;dmytro20112;laravel_pro;;1;0;0;0;;25;low;;0;;2026-04-22 02:35:05
692553944;Mikhail;mikekramer;laravel_pro;;1;0;1;0;;35;low;;0;;2026-04-22 02:35:05
693823316;Triangle;MR_TRIANGLE;andrewgiftschat;🦢🩰;1;2;1;0;;60;medium;;0;;2026-04-22 02:35:05
696316179;Илья;reacheez;laravel_pro;;1;0;1;0;;35;low;;0;;2026-04-22 02:35:05
696857035;Maxim;yahooyaby;laravel_pro;;1;0;1;0;;35;low;;0;;2026-04-22 02:35:05
697151009;Паук;Raxnar;tproger_chat;;1;0;1;0;;35;low;;0;;2026-04-22 02:35:05
697416742;Личность;un7dec;laravel_pro;❚❚ ──────◉──────────── 0:12;1;27;1;0;;60;medium;;0;;2026-04-22 02:35:05
701881163;𝒮;oleksandraaX;andrewgiftschat;;1;0;1;0;;35;low;;0;;2026-04-22 02:35:05
702239753;Alexander;Fred45hun;laravel_pro;;1;0;1;0;;35;low;;0;;2026-04-22 02:35:05
703898067;Chat;Pesok_karyer;python_ru;;1;0;1;0;;35;low;;0;;2026-04-22 02:35:05
704235956;♡𝑳𝒊𝒖𝒅𝒎𝒊𝒍𝒂 💎𝕰𝖈𝖑𝖎𝖕𝖘𝖊𝕭𝖆𝖌𝖍𝖊𝖊𝖗𝖆🌙;immortal_prophet;andrewgiftschat;;1;0;0;0;;25;low;;0;;2026-04-22 02:35:05
706465813;veyo;veyo03;andrewgiftschat;;1;0;1;0;;35;low;;0;;2026-04-22 02:35:05
706579818;Владислав;Sararun120;laravel_pro;;1;0;1;0;;35;low;;0;;2026-04-22 02:35:05
708859474;Xvaster;crofes;andrewgiftschat;Ну давай вставай принцесса, хавай нахуй моё сердце;1;50;1;0;;65;high;;0;;2026-04-22 02:35:05
709278819;Модератор /designer;slashdbot;figmachat;"Бот для модерации сети чатов @slashdesigner

Разработка ботов: @dimaboro";1;72;1;0;;65;high;;0;;2026-04-22 02:35:05
710949003;Виталий👑;boogeycodm;andrewgiftschat;;1;0;1;0;;35;low;;0;;2026-04-22 02:35:05
711391879;Олег;cowboyru;laravel_pro;;1;0;1;0;;35;low;;0;;2026-04-22 02:35:05
711943500;Костя.🇷🇺;KEHT159;andrewgiftschat;Народу много, а людей мало;1;26;0;0;;50;medium;;0;;2026-04-22 02:35:05
712303587;Боб;MobileLegendsPlayNow;andrewgiftschat;Ничего не продаю и не дарю, сразу ЧС;1;36;1;0;;60;medium;;0;;2026-04-22 02:35:05
712804560;Nickname;nickname120;laravel_pro;;1;0;0;0;;25;low;;0;;2026-04-22 02:35:05
714326005;Sofija;SofijaSternad;tproger_chat;;1;0;0;0;;25;low;;0;;2026-04-22 02:35:05
714428489;геля✿;trifwer;andrewgiftschat;;1;0;1;0;;35;low;;0;;2026-04-22 02:35:05
716087458;BNN;ivc_group;laravel_pro;«Мяу — это полиморфизм, а мур — инкапсуляция»;1;45;0;0;;55;medium;;0;;2026-04-22 02:35:05
717885422;Егор;nrwmo;laravel_pro;;1;0;0;0;;25;low;;0;;2026-04-22 02:35:05
718249572;🏴‍☠️!nnulov / @innulovxd;innulovxd;andrewgiftschat;;1;0;1;0;;35;low;;0;;2026-04-22 02:35:05
718973413;zhake;zholamanm;laravel_pro;Жоламан;1;7;1;0;;60;medium;;0;;2026-04-22 02:35:05
719592173;𝔎𝔬𝔨𝔞𝔦𝔫𝔰𝔠𝔥𝔩𝔞𝔣;fketsdi;andrewgiftschat;я не спешу, ведь нас ещё сведет жизнь;1;37;1;0;;60;medium;;0;;2026-04-22 02:35:05
721032616;Arthur;zart227;laravel_pro;;1;0;1;0;;35;low;;0;;2026-04-22 02:35:05
721942246;Иван;IIIWA6;laravel_pro;;1;0;1;0;;35;low;;0;;2026-04-22 02:35:05
724314758;Сергій;chechelnitskiy;laravel_pro;;1;0;0;0;;25;low;;0;;2026-04-22 02:35:05
726293830;Дмитрий;Evangel1ont;laravel_pro;;1;0;0;0;;25;low;;0;;2026-04-22 02:35:05
726489222;Yan;magnificentbastard;laravel_pro;golden brown texture like sun;1;29;1;0;;60;medium;;0;;2026-04-22 02:35:05
726975838;Ilya;rassihinilya;tproger_chat;;1;0;1;0;;35;low;;0;;2026-04-22 02:35:05
729446713;Yedil;yedil_zh;laravel_pro;;1;0;1;0;;35;low;;0;;2026-04-22 02:35:05
733866782;Тиктоник;gin8tonic;laravel_pro;PHP Software Engineer | av.by;1;29;0;0;;50;medium;;0;;2026-04-22 02:35:05
734021304;Marson;zizifys;laravel_pro;;1;0;1;0;;35;low;;0;;2026-04-22 02:35:05
737158098;Kirill;m1nsixfour;laravel_pro;сын постиронии, внук метамодерна - SWE/Backend Engineer - Go/PHP - Контрибьютор и евангелист Yii 3;1;98;0;0;;55;medium;;0;;2026-04-22 02:35:05
737925801;Headstone;Foundation_Stone;python_ru;;1;0;0;0;;25;low;;0;;2026-04-22 02:35:05
738024869;🌊 Am1go🌊;Am1g_0;laravel_pro;;1;0;1;0;;35;low;;0;;2026-04-22 02:35:05
738289613;Maxim;marsov;figmachat;Miserere mei, Deus, secundum magnam misericordiam tuam;1;54;1;0;;65;high;;0;;2026-04-22 02:35:05
738833121;Yuri;sadyevyz;laravel_pro;;1;0;0;0;;25;low;;0;;2026-04-22 02:35:05
740063346;Дмитрий;dmitry_mv4;laravel_pro;Создаю продающие сайты и продвигаю. Автоматизирую бизнес процессы и ос;1;70;1;0;;65;high;;0;;2026-04-22 02:35:05
742624269;Drift;ProSimDrift;andrewgiftschat;;1;0;1;0;;35;low;;0;;2026-04-22 02:35:05
745819074;☠︎︎;Fair_Kite;tproger_chat;;1;0;0;0;;25;low;;0;;2026-04-22 02:35:05
746561281;Dida;didaputraad;laravel_pro;;1;0;1;0;;35;low;;0;;2026-04-22 02:35:05
746657669;Albina;aaalbinaaaa;laravel_pro;;1;0;1;0;;35;low;;0;;2026-04-22 02:35:05
747153128;Недовольный;nbocnen18;andrewgiftschat;;1;0;1;0;;35;low;;0;;2026-04-22 02:35:05
748084087;Floki;nowaybac;python_ru;17 летний дизайнер karl lagerfeld;1;33;1;0;;60;medium;;0;;2026-04-22 02:35:05
749835279;NPD;deanonio_bot;laravel_pro;кто-то;1;6;1;0;;60;medium;;0;;2026-04-22 02:35:05
750823162;Максим;mdanileico;laravel_pro;;1;0;1;0;;35;low;;0;;2026-04-22 02:35:05
751309881;egor;Fyneay;laravel_pro;;1;0;1;0;;35;low;;0;;2026-04-22 02:35:05
751963581;Евгений;sidigicoder;laravel_pro;web developer;1;13;1;0;;60;medium;;0;;2026-04-22 02:35:05
754114730;lll;lllinsxz;andrewgiftschat;;1;0;0;0;;25;low;;0;;2026-04-22 02:35:05
754171261;Danil;Daniil_Xen;tproger_chat;Все события и персонажи вымышленыЛюбое сходство с реальностью случайно;1;70;0;0;;55;medium;;0;;2026-04-22 02:35:05
755027986;𝑒'ℎ𝑘𝑎;obowis;andrewgiftschat;достану покурить то, что в России не законно;1;44;1;0;;65;high;;0;;2026-04-22 02:35:05
756573979;Паша;TheSpanch;laravel_pro;;1;0;1;0;;35;low;;0;;2026-04-22 02:35:05
763030317;Hamidullo;hamidullo_rahmonberdiyev;laravel_pro;Full-stack Developer 💻;1;22;0;0;;50;medium;;0;;2026-04-22 02:35:05
764062067;Igor;Igor_Linkoln;laravel_pro;;1;0;1;0;;35;low;;0;;2026-04-22 02:35:05
764635690;Денис;novi_shfer;laravel_pro;;1;0;0;0;;25;low;;0;;2026-04-22 02:35:05
765357766;alex;qe3313132;laravel_pro;;1;0;0;0;;25;low;;0;;2026-04-22 02:35:05
765643448;Yury;Yury_Ma;tproger_chat;;1;0;0;0;;25;low;;0;;2026-04-22 02:35:05
765947991;Murat;muratkosshi;laravel_pro;Работай с умом, а не до ночи. — Люций Сенека;1;44;0;0;;55;medium;;0;;2026-04-22 02:35:05
769247101;asdasdasd;assylzhn;laravel_pro;;1;0;1;0;;35;low;;0;;2026-04-22 02:35:05
771000493;Дамы и господа! 🌯;Ytik_lutik;andrewgiftschat;朝, 新しい一日の始まり またひどい一日の始まり 私こんこんな風になって欲しくない 🦇;1;43;1;0;;65;high;;0;;2026-04-22 02:35:05
772622202;Валерий;valsysp;laravel_pro;;1;0;1;0;;35;low;;0;;2026-04-22 02:35:05
774952588;Антон;shelestov_a_s;laravel_pro;;1;0;1;0;;35;low;;0;;2026-04-22 02:35:05
776067923;Kirill;phpdeve;laravel_pro;;1;0;0;0;;25;low;;0;;2026-04-22 02:35:05
777087950;DevOps Help Bot;DevOps_Help_bot;devops_ru;This bot is used to help administration @devops_ru and @devops_jobs. Version 1.5.3;1;82;1;0;;65;high;;0;;2026-04-22 02:35:05
778901576;Pavel;SazhinPavel;laravel_pro;;1;0;0;0;;25;low;;0;;2026-04-22 02:35:05
781324639;Константин;lobanov_design;laravel_pro;;1;0;1;0;;35;low;;0;;2026-04-22 02:35:05
785983942;А;Azazlokus;laravel_pro;Himbo male;1;10;1;0;;60;medium;;0;;2026-04-22 02:35:05
786076944;Бахтиёр;Ikromov1998;laravel_pro;full stack web developer;1;24;0;0;;50;medium;;0;;2026-04-22 02:35:05
786517983;Александр;smalvk;laravel_pro;;1;0;1;0;;35;low;;0;;2026-04-22 02:35:05
788770923;Максим;luckerl;tproger_chat;;1;0;1;0;;35;low;;0;;2026-04-22 02:35:05
793126087;Анастасия;malinovskaaaa;laravel_pro;;1;0;1;0;;35;low;;0;;2026-04-22 02:35:05
793216884;𖣂;emperort1me;andrewgiftschat;https://t.me/+hAVvVnwcn082YzMy;1;30;1;0;;60;medium;;0;;2026-04-22 02:35:05
793422875;Юрий;emsot;laravel_pro;Создание и продвижение сайтов любой сложности!;1;46;1;0;;65;high;;0;;2026-04-22 02:35:05
797292298;Alexandr;segedin_alexandr;laravel_pro;;1;0;1;0;;35;low;;0;;2026-04-22 02:35:05
799306687;Рамазан;ramazanLife;laravel_pro;PHP backend developer;1;21;1;0;;60;medium;;0;;2026-04-22 02:35:05
801233504;Александр;;andrewgiftschat;;1;0;1;0;;20;low;skipped;0;2026-04-22 02:35:05;2026-04-22 02:35:05
804076178;Pavel;relaxsbk;laravel_pro;Год не беспокоить;1;17;1;0;;60;medium;;0;;2026-04-22 02:35:05
804439702;Александр Кецба;sandro_ketsba;laravel_pro;;1;0;1;0;;35;low;;0;;2026-04-22 02:35:05
805192079;de la baie Hopè;yesplease89;laravel_pro;;1;0;1;0;;35;low;;0;;2026-04-22 02:35:05
808600117;diduar;diduar;andrewgiftschat;https://t.me/patrickstarsrobot?start=808600117;1;46;1;0;;65;high;;0;;2026-04-22 02:35:05
808691272;Mando'ad;Mandolorian547;laravel_pro;https://github.com/MurzinDmitrii;1;32;1;0;;60;medium;;0;;2026-04-22 02:35:05
809985160;Nikita;twbhl;laravel_pro;;1;0;1;0;;35;low;;0;;2026-04-22 02:35:05
810363820;Igor;ikolesnik_1986;laravel_pro;https://www.linkedin.com/in/igor-kolesnik25524a263;1;50;1;0;;65;high;;0;;2026-04-22 02:35:05
817045670;Данкай;daankaai;andrewgiftschat;🥷💵;1;2;1;0;;60;medium;;0;;2026-04-22 02:35:05
817590367;Ярослав;sheptun13;laravel_pro;;1;0;1;0;;35;low;;0;;2026-04-22 02:35:05
817989323;Tural;turalsedirov;laravel_pro;Solution-Oriented Product Developer Expert in PHP/Laravel, C#/.NET|SQL;1;70;1;0;;65;high;;0;;2026-04-22 02:35:05
819366269;Bog;bogsala;laravel_pro;;1;0;1;0;;35;low;;0;;2026-04-22 02:35:05
820987456;GGF...;Wineer777;andrewgiftschat;Ну чёта о себе типа;1;19;1;0;;60;medium;;0;;2026-04-22 02:35:05
823421573;Vadim;LDarkus;laravel_pro;;1;0;1;0;;35;low;;0;;2026-04-22 02:35:05
823880745;Илья;tkh_ilya;laravel_pro;@polo_molo будь моей вселенной ❤️;1;33;1;0;;60;medium;;0;;2026-04-22 02:35:05
824029221;Filipp;fill2307;andrewgiftschat;;1;0;1;0;;35;low;;0;;2026-04-22 02:35:05
824801705;Андрей;andkork;laravel_pro;;1;0;0;0;;25;low;;0;;2026-04-22 02:35:05
826078263;Michael;gyndybin;laravel_pro;father of russian backend;1;25;1;0;;60;medium;;0;;2026-04-22 02:35:05
826515917;Evgeniy;yaro992;laravel_pro;Сломал себя, чтобы родиться заново. Меняю смыслы и ситуации;1;59;0;0;;55;medium;;0;;2026-04-22 02:35:05
826794316;Анатолий;Veedok;laravel_pro;;1;0;0;0;;25;low;;0;;2026-04-22 02:35:05
827272704;n3xus;whatnexus;laravel_pro;(⁠ㆁ⁠ω⁠ㆁ⁠);1;9;1;0;;60;medium;;0;;2026-04-22 02:35:05
827413043;;;rabota_chaty1;;1;0;0;0;;10;low;skipped;0;2026-04-22 02:35:05;2026-04-22 02:35:05
833511013;-mitt-;Mittioo;laravel_pro;;1;0;0;0;;25;low;;0;;2026-04-22 02:35:05
834330512;Руслан;ruslanpolonkoev;laravel_pro;;1;0;0;0;;25;low;;0;;2026-04-22 02:35:05
839165191;Григорий;gr_sdw;laravel_pro;;1;0;0;0;;25;low;;0;;2026-04-22 02:35:05
841714438;Ігор;igor_krivoshey;laravel_pro;;1;0;0;0;;25;low;;0;;2026-04-22 02:35:05
843095447;Максим;trainee_minus;laravel_pro;;1;0;1;0;;35;low;;0;;2026-04-22 02:35:05
843896390;Diaurum;diaurum;andrewgiftschat;;1;0;1;0;;35;low;;0;;2026-04-22 02:35:05
844640692;Stanislav;dez0lev;laravel_pro;;1;0;1;0;;35;low;;0;;2026-04-22 02:35:05
846372605;𝐀𝐈𝐃𝐀;luvpul;andrewgiftschat;;1;0;1;0;;35;low;;0;;2026-04-22 02:35:05
847052664;Константин;K0styaPopov;laravel_pro;;1;0;1;0;;35;low;;0;;2026-04-22 02:35:05
847941945;Евгений;teagamesen;laravel_pro;27 y.o. Backend-developer (PHP, Yii2, Laravel): https://github.com/WarLikeLaux;1;78;1;0;;65;high;;0;;2026-04-22 02:35:05
848675121;A++;;devops_ru;;1;0;0;0;;10;low;skipped;0;2026-04-22 02:35:05;2026-04-22 02:35:05
850281545;Павел;ratchet_27;laravel_pro;;1;0;1;0;;35;low;;0;;2026-04-22 02:35:05
850940722;Thor🐶;the_thor7;andrewgiftschat;;1;0;0;0;;25;low;;0;;2026-04-22 02:35:05
853227471;p4L;dessert01;andrewgiftschat;|)3/\|);1;7;0;0;;50;medium;;0;;2026-04-22 02:35:05
854264583;фанат хиросимы;usastikk;andrewgiftschat;- по одному мы бесполезнее @cmertvutrobe;1;40;1;0;;65;high;;0;;2026-04-22 02:35:05
854705278;Александр;ANTIGRINUS;laravel_pro;;1;0;1;0;;35;low;;0;;2026-04-22 02:35:05
857369325;Водитель;KernnelPaniic;laravel_pro;Мы играли в прятки и я спрятался в открытом трансформаторе;1;58;1;0;;65;high;;0;;2026-04-22 02:35:05
860991388;Tima;arystanovv;laravel_pro;Software Engineer;1;17;1;0;;60;medium;;0;;2026-04-22 02:35:05
861033530;Mike;dev_in_life;laravel_pro;;1;0;1;0;;35;low;;0;;2026-04-22 02:35:05
862182076;Algo;ss_gonchar;laravel_pro;;1;0;0;0;;25;low;;0;;2026-04-22 02:35:05
862908781;🕋 Muhammadamin;Mirxan901;laravel_pro;;1;0;1;0;;35;low;;0;;2026-04-22 02:35:05
865506934;Ervin;tervin;laravel_pro;Full stack Web developer Go, PHP, Laravel, Node.js/Nest.js Vue/Nuxt.js;1;70;1;0;;65;high;;0;;2026-04-22 02:35:05
865821199;никита;des_ole;laravel_pro;;1;0;0;0;;25;low;;0;;2026-04-22 02:35:05
866851375;Роман;rommega;laravel_pro;;1;0;1;0;;35;low;;0;;2026-04-22 02:35:05
869665716;@andrusho;;andrewgiftschat;🧩 Мои раздачи — @andrew_gifts 🍀;1;31;1;0;;45;medium;skipped;0;2026-04-22 02:35:05;2026-04-22 02:35:05
874275963;Александр;sasha_200121;laravel_pro;🧠 Мозг должен быть всегда в тонусе.;1;35;1;0;;60;medium;;0;;2026-04-22 02:35:05
875374011;Евгений;Evgenc800ma;andrewgiftschat;;1;0;0;0;;25;low;;0;;2026-04-22 02:35:05
877900931;Юрий;Yuryjin;laravel_pro;Senior fullstack-разработчик личный сайт - https://yuryjin.com/. ИТ-консультант - первый звонок бесплатно;1;105;1;0;;65;high;;0;;2026-04-22 02:35:05
880659909;Евгений;jaygent;laravel_pro;;1;0;1;0;;35;low;;0;;2026-04-22 02:35:05
883304164;𝐒𝐮𝐧𝐝𝐚𝐲.;qwuxyy;andrewgiftschat;;1;0;1;0;;35;low;;0;;2026-04-22 02:35:05
888484372;Oleksandr;zavolod;laravel_pro;;1;0;0;0;;25;low;;0;;2026-04-22 02:35:05
889425799;Gadji;Tirulmysaev;laravel_pro;;1;0;0;0;;25;low;;0;;2026-04-22 02:35:05
889625922;Алексей;Chesterbennn;laravel_pro;;1;0;1;0;;35;low;;0;;2026-04-22 02:35:05
890440267;Bogdan;teo_kon;laravel_pro;;1;0;1;0;;35;low;;0;;2026-04-22 02:35:05
891954506;Аяз;norrthh;laravel_pro;;1;0;0;0;;25;low;;0;;2026-04-22 02:35:05
892415661;Олег;Olegsperansky;laravel_pro;;1;0;1;0;;35;low;;0;;2026-04-22 02:35:05
899841464;Bekzod;ave500;andrewgiftschat;;1;0;1;0;;35;low;;0;;2026-04-22 02:35:05
902055050;Nurlan 🪐;soggy27;laravel_pro;;1;0;1;0;;35;low;;0;;2026-04-22 02:35:05
902241965;︎;syturo;andrewgiftschat;;1;0;1;0;;35;low;;0;;2026-04-22 02:35:05
905547324;М;Onel_lError;tproger_chat;Android mobile dev👾;1;19;1;0;;60;medium;;0;;2026-04-22 02:35:05
905845816;Kim;KimAndreyp;laravel_pro;;1;0;0;0;;25;low;;0;;2026-04-22 02:35:05
909759645;Сергей;bsvtol29;laravel_pro;;1;0;0;0;;25;low;;0;;2026-04-22 02:35:05
910320575;Максим;Exacker0r;andrewgiftschat;;1;0;1;0;;35;low;;0;;2026-04-22 02:35:05
910567939;Анна 🍀;anna_kovr;andrewgiftschat;;1;0;1;0;;35;low;;0;;2026-04-22 02:35:05
911089591;👽;teaiz;andrewgiftschat;🇯🇵🛸;1;3;1;0;;60;medium;;0;;2026-04-22 02:35:05
911170512;Galina;random_seed_3;tproger_chat;;1;0;1;0;;35;low;;0;;2026-04-22 02:35:05
912027310;Мухаметжан;Mukhamet_99;laravel_pro;;1;0;0;0;;25;low;;0;;2026-04-22 02:35:05
913800302;Agybay;agybaymn;laravel_pro;IT;1;2;0;0;;50;medium;;0;;2026-04-22 02:35:05
914489633;Hm.....;chabupelkin;andrewgiftschat;;1;0;1;0;;35;low;;0;;2026-04-22 02:35:05
915445487;Дим;umneeq;laravel_pro;;1;0;0;0;;25;low;;0;;2026-04-22 02:35:05
917382603;n;nwixsi;andrewgiftschat;;1;0;1;0;;35;low;;0;;2026-04-22 02:35:05
918106585;Павел;pavelmitrin;tproger_chat;;1;0;1;0;;35;low;;0;;2026-04-22 02:35:05
918672049;Andrey (Джейс) ↑;troyanVig;laravel_pro;;1;0;1;0;;35;low;;0;;2026-04-22 02:35:05
918713307;Елена;ElenaKhan_7;tproger_chat;;1;0;1;0;;35;low;;0;;2026-04-22 02:35:05
920085488;𝙢;mnkkkij;andrewgiftschat;;1;0;0;0;;25;low;;0;;2026-04-22 02:35:05
920109368;Айнесса;dj_ainessa;python_ru;Ещё я веду канал https://t.me/kuzmarketing;1;42;1;0;;65;high;;0;;2026-04-22 02:35:05
921725450;Anatoly;carrerarouge;laravel_pro;;1;0;1;0;;35;low;;0;;2026-04-22 02:35:05
921789766;diar8458;gett0fuckout;andrewgiftschat;chill out;1;9;1;0;;60;medium;;0;;2026-04-22 02:35:05
923032727;Anyashlin;anyaashlin;tproger_chat;devops engineer;1;15;1;0;;60;medium;;0;;2026-04-22 02:35:05
923081924;Safarov;;andrewgiftschat;Мой канал: @milkyway_nft Проекты: @luckyy_roll_bot | @easyy_star_bot;1;68;1;0;;50;medium;skipped;0;2026-04-22 02:35:05;2026-04-22 02:35:05
924661052;Arthur;CTPAX_BOCHAX;andrewgiftschat;;1;0;1;0;;35;low;;0;;2026-04-22 02:35:05
927903421;Assel;Assel_Yesseykyzy;laravel_pro;Учитель информатики | Python & ЕНТ | EdTech-инноватор;1;53;1;0;;65;high;;0;;2026-04-22 02:35:05
929273421;Нелля;Nellya_N;figmachat;;1;0;1;0;;35;low;;0;;2026-04-22 02:35:05
929320102;Elias Waldman;EliasWaldman;laravel_pro;;1;0;0;0;;25;low;;0;;2026-04-22 02:35:05
930923718;Peksus;Xpek0sus;laravel_pro;;1;0;0;0;;25;low;;0;;2026-04-22 02:35:05
932776035;Смех;cmexboy;andrewgiftschat;;1;0;1;0;;35;low;;0;;2026-04-22 02:35:05
933808533;username;bubaololo;laravel_pro;web dev;1;7;1;0;;60;medium;;0;;2026-04-22 02:35:05
938151148;Dimon;Admiiinni;andrewgiftschat;Бог з нами ✊;1;12;1;0;;60;medium;;0;;2026-04-22 02:35:05
939744012;Vladimir;vladimircreator;laravel_pro;🙌;1;1;1;0;;60;medium;;0;;2026-04-22 02:35:05
945807899;Trophée;;laravel_pro;;1;0;0;0;;10;low;skipped;0;2026-04-22 02:35:05;2026-04-22 02:35:05
946934348;m;mike91s;laravel_pro;;1;0;0;0;;25;low;;0;;2026-04-22 02:35:05
948188858;Om;om_om_22;python_ru;;1;0;1;0;;35;low;;0;;2026-04-22 02:35:05
948829121;Tim;timchik14;laravel_pro;;1;0;0;0;;25;low;;0;;2026-04-22 02:35:05
953495099;Evgeniy;eterin;laravel_pro;My name is Giovanni Giorgio, but everybody calls me Giorgio;1;59;1;0;;65;high;;0;;2026-04-22 02:35:05
955662489;DimaXA;DimaXA_97;tproger_chat;Вычисляю по айпи;1;16;1;0;;60;medium;;0;;2026-04-22 02:35:05
956840383;Eugeny;rivers_name;laravel_pro;;1;0;0;0;;25;low;;0;;2026-04-22 02:35:05
960687742;🙇‍♀️;vvikaaa7;andrewgiftschat;;1;0;0;0;;25;low;;0;;2026-04-22 02:35:05
962280210;ᅠskameika𒉭;Skam1ka;andrewgiftschat;Не отвечаю в течение 2 часов-дублируйте;1;39;1;0;;60;medium;;0;;2026-04-22 02:35:05
963610354;⇝𝓓𝓪𝓷𝓲𝓲𝓵⇜ 🐾;dok_dok_dok;laravel_pro;Deyr fé, deyia frændur, deyr sjálfur ið sama.;1;45;1;0;;65;high;;0;;2026-04-22 02:35:05
964229176;lemiil;lemiildgd;laravel_pro;;1;0;1;0;;35;low;;0;;2026-04-22 02:35:05
964681477;Artur;a_r_t_777;laravel_pro;;1;0;1;0;;35;low;;0;;2026-04-22 02:35:05
965982077;WhatIsLove;eteeeernal;laravel_pro;Веб-разработчик;1;15;0;0;;50;medium;;0;;2026-04-22 02:35:05
970672211;Artur;xblackwinner;laravel_pro;🎧🎧🎧;1;3;0;0;;50;medium;;0;;2026-04-22 02:35:05
974051465;Sasha;SashsaHatkov;laravel_pro;Музыка. Технологии. Творчество. 🎸💻;1;34;1;0;;60;medium;;0;;2026-04-22 02:35:05
976433430;FaustCraft;fobscraft;laravel_pro;vk.com/id548694972 == @sbprobiz;1;31;1;0;;60;medium;;0;;2026-04-22 02:35:05
980610244;😎;;laravel_pro;;1;0;0;0;;10;low;skipped;0;2026-04-22 02:35:05;2026-04-22 02:35:05
983928019;LisaVeta;LVetochko;tproger_chat;Страшно не то, что мы теперь взрослые, а то, что взрослые теперь мы.;1;68;1;0;;65;high;;0;;2026-04-22 02:35:05
984377777;Sergey;webdev_srg;laravel_pro;;1;0;0;0;;25;low;;0;;2026-04-22 02:35:05
984555998;Кто-то;HHHRURURU;laravel_pro;;1;0;0;0;;25;low;;0;;2026-04-22 02:35:05
986657681;Ikromov;hello_world0666;laravel_pro;Fullstack web developer;1;23;1;0;;60;medium;;0;;2026-04-22 02:35:05
987771166;Данил;alfovod_21;andrewgiftschat;;1;0;1;0;;35;low;;0;;2026-04-22 02:35:05
988191708;يمارسون;kisvichka;andrewgiftschat;sei meine nachtdroge 🙇🏽‍♀️;1;26;1;0;;60;medium;;0;;2026-04-22 02:35:05
989389508;wselywx;wselywxxx;andrewgiftschat;;1;0;1;0;;35;low;;0;;2026-04-22 02:35:05
990331122;allpeg;allpeg;laravel_pro;;1;0;0;0;;25;low;;0;;2026-04-22 02:35:05
991330701;AmSaRu;amsaru80;andrewgiftschat;Ошейник раба , всегда легче доспехов воина .;1;44;1;0;;65;high;;0;;2026-04-22 02:35:05
992083441;Тёма;Artemka_325;laravel_pro;Привет! Я использую WhatsApp.;1;29;0;0;;50;medium;;0;;2026-04-22 02:35:05
994445890;bant;baant01;andrewgiftschat;;1;0;1;0;;35;low;;0;;2026-04-22 02:35:05
994870337;Dante;;laravel_pro;;1;0;1;0;;20;low;skipped;0;2026-04-22 02:35:05;2026-04-22 02:35:05
995406858;Vasyl Vandych;Amazko;laravel_pro;;1;0;1;0;;35;low;;0;;2026-04-22 02:35:05
995748401;Амир;hirohitoqwe;laravel_pro;Круглик;1;7;1;0;;60;medium;;0;;2026-04-22 02:35:05
998134588;Javlon;pxpshnik;laravel_pro;;1;0;1;0;;35;low;;0;;2026-04-22 02:35:05
1000176834;nevesomost;nevesomostjke;laravel_pro;гений миллиардер плейбой филантроп;1;34;1;0;;60;medium;;0;;2026-04-22 02:35:05
1000562023;Đức;;python_ru;;1;0;0;0;;10;low;skipped;0;2026-04-22 02:35:05;2026-04-22 02:35:05
1001654628;wolrdw1d3;tonceocoin;andrewgiftschat;;1;0;1;0;;35;low;;0;;2026-04-22 02:35:05
1006480175;ариша;arixwelli;andrewgiftschat;;1;0;0;0;;25;low;;0;;2026-04-22 02:35:05
1007356220;shame;inclusivite;andrewgiftschat;i think we're both a mess;1;25;1;0;;60;medium;;0;;2026-04-22 02:35:05
1008990871;𝓢𝓵𝓮𝓮𝓹𝔂;BlackSw1n;andrewgiftschat;>💤< Сᴏн ᴨᴏᴛᴇᴩяᴧ ᴄʙᴏю бᴇɜʍяᴛᴇжнᴏᴄᴛь ᴩᴀᴄᴋᴩыᴧᴄя ᴏбʍᴀн..『 @SunD7y 』;1;63;1;0;;65;high;;0;;2026-04-22 02:35:05
1009306531;Icsb;icsblood;andrewgiftschat;i can smell blood;1;17;1;0;;60;medium;;0;;2026-04-22 02:35:05
1009656767;Kama;kama812;laravel_pro;;1;0;0;0;;25;low;;0;;2026-04-22 02:35:05
1014878297;Dasha;Dashahr;laravel_pro;IT recruiter;1;12;1;0;;60;medium;;0;;2026-04-22 02:35:05
1017913869;хто я?;llll123321;andrewgiftschat;;1;0;0;0;;25;low;;0;;2026-04-22 02:35:05
1022289978;Саша;sleighxg;andrewgiftschat;C17H21NO4🙏🏻🙏🏻🙏🏻;1;15;1;0;;60;medium;;0;;2026-04-22 02:35:05
1024643216;Борис;BorisArt2025;laravel_pro;;1;0;0;0;;25;low;;0;;2026-04-22 02:35:05
1025331930;Alexander Kacharin;alexander_kacharin;laravel_pro;По рабочим моментам отвечаю с 8 до 20 (МСК+2). Web-developer.;1;61;1;0;;65;high;;0;;2026-04-22 02:35:05
1025810219;Silksea;Silksea;andrewgiftschat;God bless America!;1;18;1;0;;60;medium;;0;;2026-04-22 02:35:05
1028373229;Александр;Bubnov_dev;laravel_pro;;1;0;1;0;;35;low;;0;;2026-04-22 02:35:05
1034164107;Vital;Amiqy;laravel_pro;;1;0;1;0;;35;low;;0;;2026-04-22 02:35:05
1034983551;Денис;DenKy909;tproger_chat;;1;0;1;0;;35;low;;0;;2026-04-22 02:35:05
1035270949;Артем;chaanncess;laravel_pro;;1;0;0;0;;25;low;;0;;2026-04-22 02:35:05
1036692378;Dummy;l92_l68_l_l;laravel_pro;愛;1;1;1;0;;60;medium;;0;;2026-04-22 02:35:05
1036694322;ᥴr᧐ᥴ᧐ɗiᥣᥱ 🐊;Skooped;andrewgiftschat;;1;0;1;0;;35;low;;0;;2026-04-22 02:35:05
1037672950;Марат;webunderdog;laravel_pro;;1;0;1;0;;35;low;;0;;2026-04-22 02:35:05
1037999673;Денис;dedenen;laravel_pro;;1;0;1;0;;35;low;;0;;2026-04-22 02:35:05
1039620733;ᅠ;;andrewgiftschat;user solo player;1;16;1;0;;45;medium;skipped;0;2026-04-22 02:35:05;2026-04-22 02:35:05
1040008180;And;ProAndSmiDev;laravel_pro;Frontend Developer;1;18;1;0;;60;medium;;0;;2026-04-22 02:35:05
1040638665;Salman;pcoery45;rabota_chaty1;Ii love u all.friends;1;21;0;0;;50;medium;;0;;2026-04-22 02:35:05
1040696528;Артем;Badik1;andrewgiftschat;;1;0;1;0;;35;low;;0;;2026-04-22 02:35:05
1041175806;Hassan;HKenawi;python_ru;;1;0;1;0;;35;low;;0;;2026-04-22 02:35:05
1045888235;atelfr4y;atelfr4y;andrewgiftschat;ти ваще савсем уже штоли зовсим;1;31;1;0;;60;medium;;0;;2026-04-22 02:35:05
1048171587;suffocate;skrijlex;andrewgiftschat;tired;1;5;1;0;;60;medium;;0;;2026-04-22 02:35:05
1049463597;ZigOTA;togyzquma;laravel_pro;;1;0;1;0;;35;low;;0;;2026-04-22 02:35:05
1050428643;Mafia Baku;MafiaAzBot;andrewgiftschat;"Мафия Бот для игры в мафию!
По поводу любых вопросов напишите на: @faqan_c";1;74;1;0;;65;high;;0;;2026-04-22 02:35:05
1054686512;Арианочка;mqqtttt;andrewgiftschat;;1;0;0;0;;25;low;;0;;2026-04-22 02:35:05
1054705413;#krt;kenrezn;andrewgiftschat;;1;0;0;0;;25;low;;0;;2026-04-22 02:35:05
1055240164;Андрей;zhuravlevan_ru;laravel_pro;;1;0;1;0;;35;low;;0;;2026-04-22 02:35:05
1060598527;𝓚;rrew_i;andrewgiftschat;ЕЕ💍| On her ship tied to the mast. To distant lands.;1;52;1;0;;65;high;;0;;2026-04-22 02:35:05
1061021304;Антон;TohaRodiv;laravel_pro;;1;0;0;0;;25;low;;0;;2026-04-22 02:35:05
1061180392;dashulya 🫦;kiss_uuuuu;andrewgiftschat;;1;0;1;0;;35;low;;0;;2026-04-22 02:35:05
1062441256;гиря68;gigrick;andrewgiftschat;;1;0;1;0;;35;low;;0;;2026-04-22 02:35:05
1063833304;L;lmetalhead;laravel_pro;отсчитывая каждый день разлуки;1;30;1;0;;60;medium;;0;;2026-04-22 02:35:05
1065184207;Phil;;laravel_pro;;1;0;1;0;;20;low;skipped;0;2026-04-22 02:35:05;2026-04-22 02:35:05
1066476967;fatal Error;AzeriBm;andrewgiftschat;Paix au monde,et pour moi une chance de corriger mes erreures;1;61;1;0;;65;high;;0;;2026-04-22 02:35:05
1068083589;Алексей;Qwert777777777;laravel_pro;SEO;1;3;1;0;;60;medium;;0;;2026-04-22 02:35:05
1072929233;egor;loskut_loskut;andrewgiftschat;~не мнутся , не рвутся 🫂;1;24;0;0;;50;medium;;0;;2026-04-22 02:35:05
1078426356;Vadim;nmnmnmnmnmmnmn2;python_ru;私は私の女の子を愛しています;1;14;0;0;;50;medium;;0;;2026-04-22 02:35:05
1078634688;Андрей;blackdrakex;laravel_pro;;1;0;0;0;;25;low;;0;;2026-04-22 02:35:05
1079932485;Роман;sillexo;laravel_pro;;1;0;0;0;;25;low;;0;;2026-04-22 02:35:05
1082158035;Николай;chudaev74;python_ru;;1;0;1;0;;35;low;;0;;2026-04-22 02:35:05
1084318446;Vpmark👑;XOCTERKACTOMOK;andrewgiftschat;;1;0;1;0;;35;low;;0;;2026-04-22 02:35:05
1087454951;Dorti;Nedortiha;andrewgiftschat;音乐;1;2;1;0;;60;medium;;0;;2026-04-22 02:35:05
1089844293;IL;naeternitas;tproger_chat;;1;0;0;0;;25;low;;0;;2026-04-22 02:35:05
1091096195;M;KM1801;laravel_pro;3σ We're flying high;1;20;1;0;;60;medium;;0;;2026-04-22 02:35:05
1093992041;cevdet;Cevdet2727;python_ru;;1;0;1;0;;35;low;;0;;2026-04-22 02:35:05
1095151283;Оleg;oleoleg_860;laravel_pro;;1;0;0;0;;25;low;;0;;2026-04-22 02:35:05
1098645641;V;MValerius;laravel_pro;;1;0;0;0;;25;low;;0;;2026-04-22 02:35:05
1098870126;марьям;Oaoaod;andrewgiftschat;;1;0;1;0;;35;low;;0;;2026-04-22 02:35:05
1099343860;Николай;kaber3389;laravel_pro;;1;0;1;0;;35;low;;0;;2026-04-22 02:35:05
1100174524;А;el_kojer;laravel_pro;;1;0;1;0;;35;low;;0;;2026-04-22 02:35:05
1103803784;Yakuto;Y4kuto;andrewgiftschat;I hate a lot of things and i don't particularly like anything.;1;62;1;0;;65;high;;0;;2026-04-22 02:35:05
1106543258;Sualin_イビ #тянка;Imani_heyli;andrewgiftschat;- Я Учихᴇ Сᴀᴄᴋᴇ, нᴏ ниᴋᴀᴋ нᴇ нᴀᴩуᴛᴏ @Tenskaya_q | 今すぐ抱きしめて、ベイビー @yummi_ii;1;73;1;0;;65;high;;0;;2026-04-22 02:35:05
1107778689;Андрей Алексеевич;AndreyAlecseevich;tproger_chat;;1;0;0;0;;25;low;;0;;2026-04-22 02:35:05
1108197003;настяя;nastyfurr;andrewgiftschat;;1;0;0;0;;25;low;;0;;2026-04-22 02:35:05
1109158199;Daulet;;laravel_pro;;1;0;0;0;;10;low;skipped;0;2026-04-22 02:35:05;2026-04-22 02:35:05
1110829666;Захар;zahar534;andrewgiftschat;Winning is not everything, but the will to win is everything.;1;61;1;0;;65;high;;0;;2026-04-22 02:35:05
1111233059;Immortal;jemecn228;python_ru;;1;0;1;0;;35;low;;0;;2026-04-22 02:35:05
1113442607;Sergey;malbinsa;laravel_pro;backend php/laravel;1;19;1;0;;60;medium;;0;;2026-04-22 02:35:05
1113459950;Ulugbek;islanderoc;laravel_pro;В любой непонятной ситуации ешь плов;1;36;0;0;;50;medium;;0;;2026-04-22 02:35:05
1116037504;Ирина;Epika74;andrewgiftschat;;1;0;1;0;;35;low;;0;;2026-04-22 02:35:05
1120546783;noire;harram09;laravel_pro;;1;0;1;0;;35;low;;0;;2026-04-22 02:35:05
1125075569;DV-28;FAT1984;andrewgiftschat;;1;0;1;0;;35;low;;0;;2026-04-22 02:35:05
1127733082;nn;liiaseq;andrewgiftschat;;1;0;0;0;;25;low;;0;;2026-04-22 02:35:05
1130382011;ㅤ;Xneyr;andrewgiftschat;—ʙᴩᴇʍя ᴨᴏᴛянᴇᴛᴄя ᴋ нуᴧю, ᴄнᴏʙᴀ нᴇ буду ᴄᴨᴀᴛь;1;44;1;0;;65;high;;0;;2026-04-22 02:35:05
1131626677;ринк:🌀;rinchik44;andrewgiftschat;;1;0;1;0;;35;low;;0;;2026-04-22 02:35:05
1135065462;No;NoName111111111111111;andrewgiftschat;;1;0;1;0;;35;low;;0;;2026-04-22 02:35:05
1135084937;Erichek;erichek3;laravel_pro;🖤;1;1;1;0;;60;medium;;0;;2026-04-22 02:35:05
1138526793;Silver;aleks43217;andrewgiftschat;;1;0;1;0;;35;low;;0;;2026-04-22 02:35:05
1138662902;Я;rizhiysan;tproger_chat;;1;0;1;0;;35;low;;0;;2026-04-22 02:35:05
1139163615;vita;M7YXR;andrewgiftschat;;1;0;0;0;;25;low;;0;;2026-04-22 02:35:05
1140269981;бездарность;loordy;andrewgiftschat;бездарь;1;7;1;0;;60;medium;;0;;2026-04-22 02:35:05
1140856522;Юрий;;laravel_pro;;1;0;0;0;;10;low;skipped;0;2026-04-22 02:35:05;2026-04-22 02:35:05
1146625339;София;;laravel_pro;;1;0;1;0;;20;low;skipped;0;2026-04-22 02:35:05;2026-04-22 02:35:05
1150249592;Артёмᶜʳᵉᵉᵖʸ @GIFTSDouble;Govart45;andrewgiftschat;Нфт продаю онли MRKT | по всем вопросам @Abalai1;1;48;1;0;;65;high;;0;;2026-04-22 02:35:05
1150531698;чучик;Aoao6864;andrewgiftschat;;1;0;1;0;;35;low;;0;;2026-04-22 02:35:05
1151798456;Рома;romazq;andrewgiftschat;https://t.me/rfl_pro_bot/join?startapp=ref1151798456;1;52;0;0;;55;medium;;0;;2026-04-22 02:35:05
1152269278;.;Mothra_1;python_ru;;1;0;0;0;;25;low;;0;;2026-04-22 02:35:05
1153115309;Sanichkaaaa;Sanichkaaaa_0;andrewgiftschat;🎰💸;1;2;0;0;;50;medium;;0;;2026-04-22 02:35:05
1155901255;JoinCleanerBot;JoinCleanerBot;figmachat;Bot to remove system messages like when a user joined or left chat group.;1;73;1;0;;65;high;;0;;2026-04-22 02:35:05
1160466075;Ксения;kseniabulgakova213;laravel_pro;;1;0;1;0;;35;low;;0;;2026-04-22 02:35:05
1165011671;GTVIBR;GTVIBR;andrewgiftschat;;1;0;1;0;;35;low;;0;;2026-04-22 02:35:05
1170078511;Юлия;Malaeval;andrewgiftschat;иногда любовь не уходит , она просто ждет..;1;43;1;0;;65;high;;0;;2026-04-22 02:35:05
1170138777;Руслан;LAN_36;laravel_pro;;1;0;1;0;;35;low;;0;;2026-04-22 02:35:05
1173555285;Э;Lary0011;python_ru;;1;0;0;0;;25;low;;0;;2026-04-22 02:35:05
1175104536;Mikhail;mikhail_solovian;laravel_pro;;1;0;1;0;;35;low;;0;;2026-04-22 02:35:05
1176606441;совзйх;wevexn;andrewgiftschat;http://t.me/anonaskbot?start=hkazSpidcLmttdG в анон хуярьте. нфт не продаю;1;74;1;0;;65;high;;0;;2026-04-22 02:35:05
1176947875;triumph;fatalTriumph;andrewgiftschat;wzsystko czego potrzebuje;1;25;1;0;;60;medium;;0;;2026-04-22 02:35:05
1185731931;Sunnex <3;;andrewgiftschat;;1;0;1;0;;20;low;skipped;0;2026-04-22 02:35:05;2026-04-22 02:35:05
1186629590;Серёжа;Sergeeryy;andrewgiftschat;;1;0;0;0;;25;low;;0;;2026-04-22 02:35:05
1187703173;Иван;fakys3;laravel_pro;;1;0;1;0;;35;low;;0;;2026-04-22 02:35:05
1189237537;юля;getsugate;andrewgiftschat;;1;0;1;0;;35;low;;0;;2026-04-22 02:35:05
1190610144;Gleb;sclifie;laravel_pro;;1;0;0;0;;25;low;;0;;2026-04-22 02:35:05
1192718944;Ярослав;rxyfvugbhinjsddsafasdomonibq;laravel_pro;;1;0;1;0;;35;low;;0;;2026-04-22 02:35:05
1193139111;­;shadxwsdxnt;andrewgiftschat;;1;0;1;0;;35;low;;0;;2026-04-22 02:35:05
1203557614;𝔖𝔦𝔯𝔦𝔲𝔰;cococossiriys00;andrewgiftschat;Сначало молод,потом стар,ама рок стар поп стар;1;46;1;0;;65;high;;0;;2026-04-22 02:35:05
1205523361;𝐀𝐧𝐭𝐨𝐧 𝐌𝐚𝐤𝐬𝐢𝐦𝐨𝐯𝐢𝐜𝐡;Programi_st;laravel_pro;;1;0;1;0;;35;low;;0;;2026-04-22 02:35:05
1208078677;D;dmfaas;laravel_pro;;1;0;0;0;;25;low;;0;;2026-04-22 02:35:05
1208311750;ᗢ𝑘𝑎𝑡𝑎𝑛𝑘𝑎ᗢ;katankas;andrewgiftschat;𝑡ℎ𝑒𝑟𝑒 𝑖𝑠 𝑠𝑙𝑜𝑝 𝑖𝑛 𝑚𝑦 𝑠𝑜𝑢𝑙. 🚬;1;27;1;0;;60;medium;;0;;2026-04-22 02:35:05
1209721171;vwawv;;andrewgiftschat;.- -. --. . .-.. @afttek лучший;1;31;1;0;;45;medium;skipped;0;2026-04-22 02:35:05;2026-04-22 02:35:05
1210522895;Dmitry;dmitrysmolin;laravel_pro;Backend Developer, Команда Run;1;30;0;0;;50;medium;;0;;2026-04-22 02:35:05
1212314115;Сергей;SSergeychik918;python_ru;;1;0;1;0;;35;low;;0;;2026-04-22 02:35:05
1213031059;Григорий;gobarvixa;andrewgiftschat;;1;0;1;0;;35;low;;0;;2026-04-22 02:35:05
1214588966;~🩸⟨•°𝒍𝒊𝒏𝒔𝒊𝒊°•⟩🩸~;linsii10;andrewgiftschat;– I'll break your bones, with all the love I carry @Moon02is_lov;1;64;1;0;;65;high;;0;;2026-04-22 02:35:05
1218764425;амга #rdz🍃;duybah;andrewgiftschat;таррт❤️ @POCOC1TE нелегалы нижнее тире 03 шішка❤ @foroekf;1;57;1;0;;65;high;;0;;2026-04-22 02:35:05
1225551227;Андрей;AndrewNitn;laravel_pro;;1;0;0;0;;25;low;;0;;2026-04-22 02:35:05
1225632523;Sanechka;Sasha777666;andrewgiftschat;// братки- @kirill000666// @Micro_Barbell;1;41;0;0;;55;medium;;0;;2026-04-22 02:35:05
1226325883;Nika;nikami1024;tproger_chat;Нормально делай - нормально будет;1;33;1;0;;60;medium;;0;;2026-04-22 02:35:05
1226974291;София;eslicheyasofiya;tproger_chat;;1;0;1;0;;35;low;;0;;2026-04-22 02:35:05
1228567364;Ы;lollek_k;laravel_pro;;1;0;1;0;;35;low;;0;;2026-04-22 02:35:05
1229597220;slendr gng;anestheziaxdd;andrewgiftschat;оба наркоманы,что спускаются на дно @wlqxs;1;42;1;0;;65;high;;0;;2026-04-22 02:35:05
1231262389;John Doe;John_DoeJ;laravel_pro;;1;0;1;0;;35;low;;0;;2026-04-22 02:35:05
1231515727;silentway;Genjery;andrewgiftschat;коплю на нфт часики день ?;1;26;1;0;;60;medium;;0;;2026-04-22 02:35:05
1232148390;name;m_Ass_agest;laravel_pro;;1;0;1;0;;35;low;;0;;2026-04-22 02:35:05
1233484234;Геннадий;GenadiySaenko;laravel_pro;;1;0;1;0;;35;low;;0;;2026-04-22 02:35:05
1233741974;ㅤ;token_valid;laravel_pro;nometa.xyz - 15:16;1;18;0;0;;50;medium;;0;;2026-04-22 02:35:05
1234506764;🪨;rty781;andrewgiftschat;;1;0;1;0;;35;low;;0;;2026-04-22 02:35:05
1237516961;э;emi0216;andrewgiftschat;«я была готова любить весь мир, — меня никто не понял: и я выучилась ненавидеть»;1;80;1;0;;65;high;;0;;2026-04-22 02:35:05
1238963485;#🐈‍⬛ || ౨ৎ ྀིྀི;son1xxs;andrewgiftschat;;1;0;1;0;;35;low;;0;;2026-04-22 02:35:05
1240815236;💠💻🧣микан🦆🙅🏻‍♀️#кицька🍎🦇;SuperBat_kanon;andrewgiftschat;;1;0;1;0;;35;low;;0;;2026-04-22 02:35:05
1246064382;Userdestroyer;userdestroyer;laravel_pro;Userdestroyer.com;1;17;1;0;;60;medium;;0;;2026-04-22 02:35:05
1247830966;ghost;slivario;laravel_pro;;1;0;1;0;;35;low;;0;;2026-04-22 02:35:05
1248847568;💗;imaIkaaa;andrewgiftschat;;1;0;1;0;;35;low;;0;;2026-04-22 02:35:05
1251229144;𝐗;NoctiHana;andrewgiftschat;I sent a message but you didn't reply @Sallyy2||Hold me while i'm dreaming @Myrzik3000||Waiting for you to call @untilted0;1;122;1;0;;70;high;;0;;2026-04-22 02:35:05
1254340058;Аммат у́гольная 🥗𓆌•;CrocodileAmmatOfficial;andrewgiftschat;❥Digital artist, Crocodile Cayman.;1;34;1;0;;60;medium;;0;;2026-04-22 02:35:05
1257189242;MZM;mzm7771;andrewgiftschat;;1;0;1;0;;35;low;;0;;2026-04-22 02:35:05
1259847407;Artem;granovskiy_01;laravel_pro;;1;0;1;0;;35;low;;0;;2026-04-22 02:35:05
1263064768;@. . . xatankk [ekicei_kisser] 🍸;xatankk;andrewgiftschat;@ekicei, курю сигареты, все губы обкусаны;1;41;1;0;;65;high;;0;;2026-04-22 02:35:05
1264633207;𔑘𔒦;MlSTERMODERATOR;andrewgiftschat;;1;0;1;0;;35;low;;0;;2026-04-22 02:35:05
1265610325;Николай;kola2451;laravel_pro;;1;0;0;0;;25;low;;0;;2026-04-22 02:35:05
1267815388;Сергей;sergeyLB1;laravel_pro;;1;0;1;0;;35;low;;0;;2026-04-22 02:35:05
1267943426;Вадим;;laravel_pro;;1;0;0;0;;10;low;skipped;0;2026-04-22 02:35:05;2026-04-22 02:35:05
1268089119;Javith;;rabota_chaty1;;1;0;0;0;;10;low;skipped;0;2026-04-22 02:35:05;2026-04-22 02:35:05
1270753122;Vyacheslav;RTD_makes;laravel_pro;;1;0;1;0;;35;low;;0;;2026-04-22 02:35:05
1272419645;Ищи @jordan174_new;;andrewgiftschat;Пиши @jordan174_new;1;19;1;0;;45;medium;skipped;0;2026-04-22 02:35:05;2026-04-22 02:35:05
1272686711;Арuец Чурковатый ᶻ 𝘇 𝗭;POBHO_HACPAHO;andrewgiftschat;Блять я без отопления отчим пиздит семью всю но я ж живая и тд;1;62;1;0;;65;high;;0;;2026-04-22 02:35:05
1276140129;A;l_twin_motor;tproger_chat;Biker, cyclist, sportsman, artist. For many, I am very weird!😄;1;62;0;0;;55;medium;;0;;2026-04-22 02:35:05
1277664317;𝗳𝗵𝗾𝗿𝗸𝘅𝘅.22;fhqrkxx22;andrewgiftschat;;1;0;1;0;;35;low;;0;;2026-04-22 02:35:05
1277820097;Y.#nnya#krt#str#gomer#scw;ylikssqx;andrewgiftschat;;1;0;1;0;;35;low;;0;;2026-04-22 02:35:05
1278116042;Konstantin;DK_Konstantin;python_ru;;1;0;0;0;;25;low;;0;;2026-04-22 02:35:05
1278571327;Deconft;amadaeric1854gmailcom;laravel_pro;;1;0;1;0;;35;low;;0;;2026-04-22 02:35:05
1279141779;Максим;Enrinko;laravel_pro;;1;0;0;0;;25;low;;0;;2026-04-22 02:35:05
1280351371;Gibon;Gibon_360;andrewgiftschat;;1;0;1;0;;35;low;;0;;2026-04-22 02:35:05
1280791303;~amour avril~/ Процько Л.;G1F7L;andrewgiftschat;— Давай с тобою будем чем-то вечным?/ @ApdvoLove ❤️‍🔥/ @lilya_shovel;1;68;1;0;;65;high;;0;;2026-04-22 02:35:05
1290000756;yakoffВot;;laravel_pro;;1;0;0;0;;10;low;skipped;0;2026-04-22 02:35:05;2026-04-22 02:35:05
1292764717;︎ ︎︎ ︎︎ ︎︎︎ ︎ ︎︎ ︎︎ ︎︎︎ ︎w#DF⁷³;ayla_nw;andrewgiftschat;целуй меня до крови, ведь я так люблю тебя @GADYUKA077;1;54;0;0;;55;medium;;0;;2026-04-22 02:35:05
1293299514;𝗸𝗿𝗼𝗻𝗼𝘅𝘅;creatormtaprovince;andrewgiftschat;;1;0;1;0;;35;low;;0;;2026-04-22 02:35:05
1299952164;mor_li;mor_li;rabota_chaty1;;1;0;0;0;;25;low;;0;;2026-04-22 02:35:05
1299989244;Илья;nervinxgod;andrewgiftschat;;1;0;1;0;;35;low;;0;;2026-04-22 02:35:05
1300137911;Мадина;mkchrr;andrewgiftschat;;1;0;1;0;;35;low;;0;;2026-04-22 02:35:05
1300566901;Mishura;mishura_67;andrewgiftschat;;1;0;0;0;;25;low;;0;;2026-04-22 02:35:05
1300991199;R;ravilre;laravel_pro;;1;0;1;0;;35;low;;0;;2026-04-22 02:35:05
1303809793;Дмитрий;dnmarkelov;laravel_pro;markelovdn.ru;1;13;0;0;;50;medium;;0;;2026-04-22 02:35:05
1306176320;灬〃 ⁠.̮╹𝙎𝙏𝘼𝙎𝙄𝘼;stasiassy;andrewgiftschat;you're fucking annoying with your ignorance, you bastards;1;57;1;0;;65;high;;0;;2026-04-22 02:35:05
1307531661;Михаил;adaptiveself;laravel_pro;;1;0;0;0;;25;low;;0;;2026-04-22 02:35:05
1307688882;乂卂乃丨乃ㄩㄥㄥㄖ卄™;The_eagle2003;laravel_pro;لَا حَوْلَ وَلَا قُوَّةَ إِلَّا بِٱللَّٰهِ;1;42;0;0;;55;medium;;0;;2026-04-22 02:35:05
1313764130;𝐀;bannnaeleape;andrewgiftschat;;1;0;1;0;;35;low;;0;;2026-04-22 02:35:05
1315310861;тофид;raffhe;andrewgiftschat;в действительности всё иначе, чем на самом деле;1;47;1;0;;65;high;;0;;2026-04-22 02:35:05
1315886573;Abdurrahman;missy0311;laravel_pro;;1;0;0;0;;25;low;;0;;2026-04-22 02:35:05
1316092821;темочка;maynixoff;laravel_pro;;1;0;1;0;;35;low;;0;;2026-04-22 02:35:05
1317029453;чак doge;terrorism_msk;andrewgiftschat;деф-@sikiraxdd @skd3t0x | подарки только через маркет;1;53;1;0;;65;high;;0;;2026-04-22 02:35:05
1317306343;LostInLunar;LostInLunar666;andrewgiftschat;I love, I love I love when you range with me;1;44;1;0;;65;high;;0;;2026-04-22 02:35:05
1318845087;ⲧⲁύⲕⲩⲏ;Taikynn;andrewgiftschat;ᴇᴄᴧи бы ᴋᴛᴏ ʍᴏᴦ ᴨᴩᴇдᴄᴛᴀʙиᴛь хᴏᴛь чу-чуᴛь.. @pims00m | 📺;1;55;1;0;;65;high;;0;;2026-04-22 02:35:05
1318893724;Egorr;EgorrYaroslavl;laravel_pro;;1;0;1;0;;35;low;;0;;2026-04-22 02:35:05
1319080384;ㅤ ㅤ;MM9ogB;andrewgiftschat;;1;0;1;0;;35;low;;0;;2026-04-22 02:35:05
1321447322;︎ ︎ ︎ ︎︎ ︎ ︎︎︎ ︎ ︎ ︎ ︎ ︎ ︎︎ ︎ ︎ ︎ ︎︎ ︎ ︎ ︎ ︎︎ ︎ ︎︎︎ ︎ ︎ ︎ ︎ ︎ ︎;vgtyuii;andrewgiftschat;;1;0;1;0;;35;low;;0;;2026-04-22 02:35:05
1321950169;Юрий;yuriysag;laravel_pro;;1;0;1;0;;35;low;;0;;2026-04-22 02:35:05
1324930236;ckibi;ckibidiman;andrewgiftschat;;1;0;1;0;;35;low;;0;;2026-04-22 02:35:05
1325588197;AI 🇹🇯🇵🇸;Iskoa;laravel_pro;PHP Laravel | Golang | Flutter | Backend | Vue;1;46;1;0;;65;high;;0;;2026-04-22 02:35:05
1326557569;Бахриддин;Baxriddin_1655;laravel_pro;;1;0;1;0;;35;low;;0;;2026-04-22 02:35:05
1328139906;永遠に一緒に;qwqhqq2q;andrewgiftschat;04;1;2;0;0;;50;medium;;0;;2026-04-22 02:35:05
1328210308;ксенечк👅;Ksehaoo;andrewgiftschat;;1;0;1;0;;35;low;;0;;2026-04-22 02:35:05
1331954187;;;rabota_chaty1;;1;0;0;0;;10;low;skipped;0;2026-04-22 02:35:05;2026-04-22 02:35:05
1334334826;︎︎;dooekekekeked;andrewgiftschat;;1;0;0;0;;25;low;;0;;2026-04-22 02:35:05
1334428347;Alex;alexVpro;python_ru;;1;0;1;0;;35;low;;0;;2026-04-22 02:35:05
1340203336;Андрей;superflanker35;laravel_pro;☦️ 🇧🇾🇺🇦🇷🇺;1;9;0;0;;50;medium;;0;;2026-04-22 02:35:05
1344497552;Elbek Shukurullayev;;laravel_pro;SWE | Mobile | Fullstack | @ToS_V | Rebel;1;41;1;0;;50;medium;skipped;0;2026-04-22 02:35:05;2026-04-22 02:35:05
1344777673;Daniil;DaniilSensei;laravel_pro;Забил на traits, ведь главное — Light weight, baby!;1;51;1;0;;65;high;;0;;2026-04-22 02:35:05
1345330429;;;tproger_chat;;1;0;0;0;;10;low;skipped;0;2026-04-22 02:35:05;2026-04-22 02:35:05
1346138926;Евнух;Tekctyra;andrewgiftschat;;1;0;1;0;;35;low;;0;;2026-04-22 02:35:05
1347706624;Александр;sajat85;andrewgiftschat;;1;0;1;0;;35;low;;0;;2026-04-22 02:35:05
1349302831;Grand Theft Auto VI;;tproger_chat;"Владелец скотобойни ""Raven"".";1;28;1;0;;45;medium;skipped;0;2026-04-22 02:35:05;2026-04-22 02:35:05
1350824991;Андрей;skyfox95;laravel_pro;;1;0;1;0;;35;low;;0;;2026-04-22 02:35:05
1351370215;s.;s0v11;andrewgiftschat;;1;0;0;0;;25;low;;0;;2026-04-22 02:35:05
1354297097;весенний;ekaiktag;andrewgiftschat;bio- @bioekaik.Нфт и подарки не дарю,не тратьте мое и ваше время;1;64;1;0;;65;high;;0;;2026-04-22 02:35:05
1355269627;Vitaly;WebCodeInUa;laravel_pro;;1;0;0;0;;25;low;;0;;2026-04-22 02:35:05
1355580299;Arbuz;Nipon65;andrewgiftschat;Просто я воняю на туалете говном шмаляю, бем, бем, бем...;1;57;1;0;;65;high;;0;;2026-04-22 02:35:05
1358428861;345;R2d2_v3;python_ru;;1;0;0;0;;25;low;;0;;2026-04-22 02:35:05
1360177022;Лимфи;;andrewgiftschat;Личный блог - https://t.me/+aeORKDVXbeo2ZjNi;1;44;1;0;;50;medium;skipped;0;2026-04-22 02:35:05;2026-04-22 02:35:05
1364417938;ᅠ;yaderny_huesos;andrewgiftschat;- пошли гулять под водопад,плывем как корабли @qer0inz;1;54;1;0;;65;high;;0;;2026-04-22 02:35:05
1364673445;Ахмад;AxmadArabik;andrewgiftschat;طِّفْلُ الَّذِي يَخَافُ مِنْكَ لا يَحْتَرِمُكَ بل يَنْجُو بِجَانِبِك;1;68;0;0;;55;medium;;0;;2026-04-22 02:35:05
1365100892;Ꭺдʙᴏᴋᴀᴛ;;andrewgiftschat;Ꭼбᴧᴏид, ᴛы ᴄᴧиʙу ᴄᴋᴧᴇиᴧ? @amane1315 https://t.me/+K8oOn9-_bzg4MTdi;1;66;1;0;;50;medium;skipped;0;2026-04-22 02:35:05;2026-04-22 02:35:05
1366211635;Priti Mane;;rabota_chaty1;😘 I love Book's ♥️💞❣️🥰... 27 May...😍;1;36;0;0;;35;low;skipped;0;2026-04-22 02:35:05;2026-04-22 02:35:05
1366715054;Святослав;ExeZice;andrewgiftschat;ᴏᴏᴏ «ᴛᴍʏᴠ ᴅᴇɴᴇɢ»;1;16;1;0;;60;medium;;0;;2026-04-22 02:35:05
1367852553;Денчик;Den4ik768;andrewgiftschat;@kattusshka17;1;13;0;0;;50;medium;;0;;2026-04-22 02:35:05
1368262920;Seterrа #𝒁𝑲𝒂𝒓𝒕𝒆𝒍 ༒;oexort;andrewgiftschat;;1;0;0;0;;25;low;;0;;2026-04-22 02:35:05
1368663238;фич;arsenidh;andrewgiftschat;;1;0;1;0;;35;low;;0;;2026-04-22 02:35:05
1369518939;🎎;woxllx;andrewgiftschat;★8†2★;1;5;1;0;;60;medium;;0;;2026-04-22 02:35:05
1371908732;✥;yliqww;andrewgiftschat;;1;0;0;0;;25;low;;0;;2026-04-22 02:35:05
1373176304;;;rabota_chaty1;;1;0;0;0;;10;low;skipped;0;2026-04-22 02:35:05;2026-04-22 02:35:05
1378071379;r;R000000000000000000000000000000R;andrewgiftschat;æ;1;1;1;0;;60;medium;;0;;2026-04-22 02:35:05
1378678120;Александр;alexander_prog;laravel_pro;;1;0;0;0;;25;low;;0;;2026-04-22 02:35:05
1379959852;Макс;qmAks_q;andrewgiftschat;;1;0;1;0;;35;low;;0;;2026-04-22 02:35:05
1382059187;yaniq05📲;yaniq05;andrewgiftschat;счастье где-то рядом, оглянись;1;30;1;0;;60;medium;;0;;2026-04-22 02:35:05
1385181529;#pahan_vorovskoy;cof77man;andrewgiftschat;;1;0;0;0;;25;low;;0;;2026-04-22 02:35:05
1389956923;Mikhalkevich;MikhalkevichAlexandr;laravel_pro;http://erud.by/summary/mikhalkevich/;1;36;1;0;;60;medium;;0;;2026-04-22 02:35:05
1392482684;23;YMEPBACHE;andrewgiftschat;тени не совпадают;1;17;1;0;;60;medium;;0;;2026-04-22 02:35:05
1396834360;Unknown;deepenergy;laravel_pro;;1;0;0;0;;25;low;;0;;2026-04-22 02:35:05
1399658601;q00n;qoon_00;laravel_pro;;1;0;0;0;;25;low;;0;;2026-04-22 02:35:05
1403297159;Vadim | #BinanceBuild | #TradeNTell;Qb1tX;andrewgiftschat;https://www.binance.com/uk-UA/square/profile/marketnerve;1;56;1;0;;65;high;;0;;2026-04-22 02:35:05
1404228114;n;;andrewgiftschat;the look of love, the rush of blood @vilebis;1;44;1;0;;50;medium;skipped;0;2026-04-22 02:35:05;2026-04-22 02:35:05
1404680644;Владислав;Da529;andrewgiftschat;11 ЛЕТ В КРИПТЕ;1;15;0;0;;50;medium;;0;;2026-04-22 02:35:05
1407477053;Александр Семенов;kin_der_nature;laravel_pro;;1;0;0;0;;25;low;;0;;2026-04-22 02:35:05
1407827352;YupiX;;andrewgiftschat;;1;0;1;0;;20;low;skipped;0;2026-04-22 02:35:05;2026-04-22 02:35:05
1408327715;AK | ♰стася 𓅓;Stasyakish;andrewgiftschat;В ᴋᴏнцᴇ ᴋᴏнцᴏʙ, ʙᴄᴇ ʍы уʍᴩᴇʍ. Тᴀᴋ чᴛᴏ, ᴨᴏчᴇʍу бы нᴀʍ нᴇ ᴨᴏжиᴛь нᴇʍнᴏᴦᴏ?;1;71;1;0;;65;high;;0;;2026-04-22 02:35:05
1409284434;GPL | Gorus;ECGorus;andrewgiftschat;Пишите сразу по делу, не по делу - чс, игнор - не интересно.;1;60;1;0;;65;high;;0;;2026-04-22 02:35:05
1410408763;🇨🇦 🧇𝐾𝑎𝑟𝑡𝑜𝑓𝑒𝑙𝑛𝑦𝑦 𝑡𝑜ℎ𝑎𝑛 🥔#creepygifts#криплегенда;Toxandrii;andrewgiftschat;𝓚𝓪𝓻𝓽𝓸𝓯𝓮𝓵𝓷𝔂𝔂 𝓽𝓸𝓱𝓪;1;16;1;0;;60;medium;;0;;2026-04-22 02:35:05
1411536629;Ярослав;yar0slave1;andrewgiftschat;;1;0;0;0;;25;low;;0;;2026-04-22 02:35:05
1413338162;aki;akitg0;andrewgiftschat;реклама — [t.me/akirek1] l звезды по 1.6руб l делаю контент;1;59;1;0;;65;high;;0;;2026-04-22 02:35:05
1413936340;Дмитрий;dsokoltsov;laravel_pro;;1;0;1;0;;35;low;;0;;2026-04-22 02:35:05
1414220442;Redv1se;Redv1se;andrewgiftschat;;1;0;1;0;;35;low;;0;;2026-04-22 02:35:05
1414248689;Япиии;Yapiiiiiiiiiiiiiiiiiiiiiiiii1;andrewgiftschat;;1;0;0;0;;25;low;;0;;2026-04-22 02:35:05
1417543340;амэна;;andrewgiftschat;;1;0;0;0;;10;low;skipped;0;2026-04-22 02:35:05;2026-04-22 02:35:05
1419049043;ㅤ;edohh_33;andrewgiftschat;;1;0;0;0;;25;low;;0;;2026-04-22 02:35:05
1423829553;[ $ ] 𝙁𝙖𝙨𝙩𝙚𝙧;ffastterr;andrewgiftschat;Попрошайничество - бан;1;22;0;0;;50;medium;;0;;2026-04-22 02:35:05
1424509468;𝚊𝚢𝚞𝚋 𝚔𝚞𝚛𝚋𝚊𝚗𝚘𝚟 🍃;clearlyperfect;andrewgiftschat;- hey apple! ᅠᅠᅠ-what?ᅠᅠᅠ ᅠ-@triosays;1;37;1;0;;60;medium;;0;;2026-04-22 02:35:05
1425165538;Артем;abartas;laravel_pro;fullstack web developer;1;23;1;0;;60;medium;;0;;2026-04-22 02:35:05
1425571269;Пpo6lema;npo6lemaa;andrewgiftschat;;1;0;1;0;;35;low;;0;;2026-04-22 02:35:05
1427844918;Djarbuzz;DJarbuzz_ru;andrewgiftschat;;1;0;1;0;;35;low;;0;;2026-04-22 02:35:05
1429615995;рустам;rustambigdick;tproger_chat;;1;0;1;0;;35;low;;0;;2026-04-22 02:35:05
1429635059;Raider;RAIDER_BOG;andrewgiftschat;пишите первые, у мя Бан;1;23;1;0;;60;medium;;0;;2026-04-22 02:35:05
1433412528;𒉭 Игорь 𒉭;gosh_op;andrewgiftschat;過度の誠実さは愚かさの境界です ᅠ ᅠ ᅠ ᅠ ᅠ ᅠ manager: @kpplil;1;44;1;0;;65;high;;0;;2026-04-22 02:35:05
1436145648;m1tyaッ;;andrewgiftschat;¦︎ ┆︎ ga4g ┆︎ ¦︎;1;16;1;0;;45;medium;skipped;0;2026-04-22 02:35:05;2026-04-22 02:35:05
1437189347;Dmitry;Os_Dem0n1c;laravel_pro;;1;0;0;0;;25;low;;0;;2026-04-22 02:35:05
1438932439;.....;;rabota_chaty1;;1;0;0;0;;10;low;skipped;0;2026-04-22 02:35:05;2026-04-22 02:35:05
1444896341;sabinkkk;ssssabink;andrewgiftschat;;1;0;1;0;;35;low;;0;;2026-04-22 02:35:05
1448764285;ден про;DenPro19;andrewgiftschat;вы ищете во мне грязь, а я смеюсь над вами;1;42;1;0;;65;high;;0;;2026-04-22 02:35:05
1455686686;арина;wweswx;andrewgiftschat;;1;0;0;0;;25;low;;0;;2026-04-22 02:35:05
1455765890;WhyLansik?;WhyLansiik;andrewgiftschat;;1;0;1;0;;35;low;;0;;2026-04-22 02:35:05
1457731035;Муха;myxa_motors;andrewgiftschat;https://t.me/patrickstarsrobot?start=1457731035;1;47;1;0;;65;high;;0;;2026-04-22 02:35:05
1458090968;Dmitry;materialisto;laravel_pro;Реальность неизбежна;1;20;1;0;;60;medium;;0;;2026-04-22 02:35:05
1459370747;Rosemyne;rosmaine;andrewgiftschat;;1;0;1;0;;35;low;;0;;2026-04-22 02:35:05
1459498902;Игорь;berzurker;laravel_pro;Fullstack dev;1;13;1;0;;60;medium;;0;;2026-04-22 02:35:05
1461256654;mm;kjllkp;andrewgiftschat;;1;0;0;0;;25;low;;0;;2026-04-22 02:35:05
1461449591;кариша;;andrewgiftschat;кк 2401 💕🪽@karrnira;1;19;1;0;;45;medium;skipped;0;2026-04-22 02:35:05;2026-04-22 02:35:05
1462051825;Сᴀйᴋᴀ.♡;sa1ka_08;andrewgiftschat;;1;0;1;0;;35;low;;0;;2026-04-22 02:35:05
1466434809;ᴘᴀɴᴅᴏʀᴀ #𝒎𝒏𝒗;bsjian;andrewgiftschat;a.a | 14.11 |;1;13;1;0;;60;medium;;0;;2026-04-22 02:35:05
1471014490;⊹𝐖𝐞𝐦𝐩𝐢𝐜 · sell ᴩуч;;andrewgiftschat;ᴀдаᴘᴛᴇʀ - @adaptwemp[•]⁸⁰⁰⁺оᴛзывов[•]услуги - @wempicprice[•]стᴀжᴇʀы - @wempicruch[•]ᴛоп - @Topwemp[•]40000₽;1;108;1;0;;50;medium;skipped;0;2026-04-22 02:35:05;2026-04-22 02:35:05
1471646694;Артем;Artemlolo;andrewgiftschat;.;1;1;1;0;;60;medium;;0;;2026-04-22 02:35:05
1474621236;𝙙𝙤𝙪𝙗𝙡𝙚 𝙍𝙍;meeeent;andrewgiftschat;🫤;1;1;1;0;;60;medium;;0;;2026-04-22 02:35:05
1477591319;✐ D̷̷a̷̷n̷̷D̷̷a̷̷b̷̷;IDanDab;andrewgiftschat;Bio: @BioDanDab;1;15;1;0;;60;medium;;0;;2026-04-22 02:35:05
1480723863;Mastur;Peruxim;andrewgiftschat;;1;0;0;0;;25;low;;0;;2026-04-22 02:35:05
1480871523;транквилизатор;kuxho;andrewgiftschat;kuxhodied.t.me;1;14;1;0;;60;medium;;0;;2026-04-22 02:35:05
1481431715;Сергей;seregazolotaryow64;laravel_pro;Технарь, пловец, спортсмен и просто любитель природы...;1;55;1;0;;65;high;;0;;2026-04-22 02:35:05
1484112603;Pon🥷;Domatell;andrewgiftschat;;1;0;1;0;;35;low;;0;;2026-04-22 02:35:05
1485511145;Aziz;A_z_i_z_o_v_A_z_i_z;laravel_pro;;1;0;1;0;;35;low;;0;;2026-04-22 02:35:05
1486870510;Firuzbek Bakhadyrov;bakhadyrov;laravel_pro;It’s all about the journey;1;26;0;0;;50;medium;;0;;2026-04-22 02:35:05
1489238266;Юля;kiliopera;tproger_chat;;1;0;1;0;;35;low;;0;;2026-04-22 02:35:05
1494756080;Petr;flying_niki;laravel_pro;Web developer 💻;1;15;1;0;;60;medium;;0;;2026-04-22 02:35:05
1495247117;🧯;;andrewgiftschat;;1;0;1;0;;20;low;skipped;0;2026-04-22 02:35:05;2026-04-22 02:35:05
1496237905;Пряники;Pervi_praniki;andrewgiftschat;Пряники пряники пряники;1;23;1;0;;60;medium;;0;;2026-04-22 02:35:05
1497196096;Arina;rishechka2002;laravel_pro;Laravel developer [ Omsk ];1;26;1;0;;60;medium;;0;;2026-04-22 02:35:05
1500783714;psyhoqqy;lostmyself2017;andrewgiftschat;;1;0;1;0;;35;low;;0;;2026-04-22 02:35:05
1501311426;Egor;Egor_vev3;andrewgiftschat;🤫;1;1;1;0;;60;medium;;0;;2026-04-22 02:35:05
1512964126;𝑠ℎ𝑎𝑑𝑜𝑤;KALASH_RATATATA;andrewgiftschat;Пустота;1;7;0;0;;50;medium;;0;;2026-04-22 02:35:05
1516419647;gorobeec;gorobeecc;andrewgiftschat;;1;0;1;0;;35;low;;0;;2026-04-22 02:35:05
1518411436;Suren;suren_hov;laravel_pro;Software Engineer;1;17;1;0;;60;medium;;0;;2026-04-22 02:35:05
1519547111;Кирилл;Kirill_AV7;andrewgiftschat;𝓒𝓪𝓻𝓹𝓮 𝓓𝓲𝓮𝓶;1;10;1;0;;60;medium;;0;;2026-04-22 02:35:05
1520458583;Артём;FreedomInTheDark;laravel_pro;|Telegram Support BOT -> https://t.me/HelpHeroSupport |;1;55;1;0;;65;high;;0;;2026-04-22 02:35:05
1528776222;Chroni;AlexChroni;laravel_pro;;1;0;1;0;;35;low;;0;;2026-04-22 02:35:05
1533238104;mustard bastard;lilflexik;andrewgiftschat;nobody;1;6;1;0;;60;medium;;0;;2026-04-22 02:35:05
1533649216;Dark13;darkmik_13;andrewgiftschat;Я из снг так что все норм можете выдать;1;39;1;0;;60;medium;;0;;2026-04-22 02:35:05
1534018955;eaex🍷;aealxr;andrewgiftschat;рюкзак на плечи, и до встречи;1;29;1;0;;60;medium;;0;;2026-04-22 02:35:05
1537311824;monthra;equapose;andrewgiftschat;;1;0;1;0;;35;low;;0;;2026-04-22 02:35:05
1537314894;инсаф | ;;andrewgiftschat;возвращайся;1;11;1;0;;45;medium;skipped;0;2026-04-22 02:35:05;2026-04-22 02:35:05
1538791650;лероха𓍼;arabkalr;andrewgiftschat;;1;0;1;0;;35;low;;0;;2026-04-22 02:35:05
1538871769;AD999666;c4fggg;andrewgiftschat;@AdvanceIrisBot - первый игровой бот на ириски и голд 🍬🌕;1;56;1;0;;65;high;;0;;2026-04-22 02:35:05
1541531361;шкет;dippklw;andrewgiftschat;—small world, all her friends know of me @kasper0705 🫂;1;54;1;0;;65;high;;0;;2026-04-22 02:35:05
1543172516;s;mrnsts;andrewgiftschat;;1;0;1;0;;35;low;;0;;2026-04-22 02:35:05
1543763519;Matteo;mep527;andrewgiftschat;https://t.me/+jTJBH-eMsCwzZDgy;1;30;1;0;;60;medium;;0;;2026-04-22 02:35:05
1553496890;вилка;vilksq;andrewgiftschat;;1;0;1;0;;35;low;;0;;2026-04-22 02:35:05
1561920676;Максим;logun0v;andrewgiftschat;Если в сети – Отвечу. Не в сети и не отвечаю – не дома/сплю. Угрозы – ЧС. Не хочу уменьшать и увеличивать население земли.;1;122;1;0;;70;high;;0;;2026-04-22 02:35:05
1562416141;Anatoliy_MSH;Anatoliy_MSH;laravel_pro;Developer and Business Developer, 40 y.o. 🇷🇺🇪🇸🇬🇧;1;48;1;0;;65;high;;0;;2026-04-22 02:35:05
1563029633;Grim Bastion;;andrewgiftschat;Silence is my only defense.;1;27;1;0;;45;medium;skipped;0;2026-04-22 02:35:05;2026-04-22 02:35:05
1564962836;Anthony;scrapeninja;laravel_pro;;1;0;0;0;;25;low;;0;;2026-04-22 02:35:05
1571215388;Faxriyor;Faxriyort;tproger_chat;;1;0;0;0;;25;low;;0;;2026-04-22 02:35:05
1576179443;♰sonimoxss♰;mokkill;andrewgiftschat;;1;0;1;0;;35;low;;0;;2026-04-22 02:35:05
1576711071;Stikmer;stikmer;andrewgiftschat;;1;0;0;0;;25;low;;0;;2026-04-22 02:35:05
1580664960;Анжелика;LikaMurlika11;laravel_pro;Добро пожаловать в клуб «Мой мозг — это легаси-код без документации»;1;68;1;0;;65;high;;0;;2026-04-22 02:35:05
1581020222;Said;Atares89;laravel_pro;;1;0;0;0;;25;low;;0;;2026-04-22 02:35:05
1589839099;Владимир;ruleress;andrewgiftschat;;1;0;1;0;;35;low;;0;;2026-04-22 02:35:05
1592503829;Плю́шевый Mишkã;zoly_mixa;andrewgiftschat;@biomixi Био | @mixastars КОНКУРСЫ @mixastar_bot | @otzivmixi 750+ Отзывов @magazmixi | https://t.me/PashaGiftsBot?start=ref_1592503829;1;135;1;0;;70;high;;0;;2026-04-22 02:35:05
1595237371;the xz;wxzmc;andrewgiftschat;𝒎𝒗𝒑;1;3;1;0;;60;medium;;0;;2026-04-22 02:35:05
1595739367;Александр;Uvarov_Alex_Sev;laravel_pro;;1;0;1;0;;35;low;;0;;2026-04-22 02:35:05
1599723807;Joe;;python_ru;;1;0;0;0;;10;low;skipped;0;2026-04-22 02:35:05;2026-04-22 02:35:05
1599749468;ㅤthokih;heroinsic;andrewgiftschat;ill keep her, I need her - @mweomww https://t.me/bio_for1una;1;60;1;0;;65;high;;0;;2026-04-22 02:35:05
1600410566;OBF;ooobbbfff;andrewgiftschat;Ценности абстрактны, а цены конкретны. Я НЕ АРАБ СУКИ, ЭТО ПУНКТУАЦИЯ!;1;70;1;0;;65;high;;0;;2026-04-22 02:35:05
1601289333;маня;sidikmvv;andrewgiftschat;;1;0;0;0;;25;low;;0;;2026-04-22 02:35:05
1604523750;𝒦𝒶𝓉𝓎𝒶 ྀི;Katian_21;andrewgiftschat;t.me/voprosy?start=gc9lr;1;24;1;0;;60;medium;;0;;2026-04-22 02:35:05
1606640747;🧊FridGe🥶;FridgeBand;andrewgiftschat;ⒾДанный аккаунт находится в Федеральном розыске Российской Федерации;1;68;1;0;;65;high;;0;;2026-04-22 02:35:05
1613013984;Даниил;Daniil_from_Abyss;laravel_pro;PHP🐘 Python🐍 developer;1;22;1;0;;60;medium;;0;;2026-04-22 02:35:05
1615164660;Arsen Mine;Arsen_min3;andrewgiftschat;Мне tak tak tak;1;15;0;0;;50;medium;;0;;2026-04-22 02:35:05
1615169068;⌿;ten7u;andrewgiftschat;Когда ты стоишь спиною к солнцу, ты видишь только свою тень. DEF: @Scorpeey;1;75;1;0;;65;high;;0;;2026-04-22 02:35:05
1617595103;травмадол;traumdolls;andrewgiftschat;;1;0;1;0;;35;low;;0;;2026-04-22 02:35:05
1618077168;ѕℓινκι0_σ;slivki0_O;andrewgiftschat;мой деф @durov;1;14;0;0;;50;medium;;0;;2026-04-22 02:35:05
1618761074;:v;krutiwkaa;andrewgiftschat;@MyStarsX https://t.me/patrickstarsrobot?start=1618761074;1;57;0;0;;55;medium;;0;;2026-04-22 02:35:05
1624920368;вὄĝὄмḋᾄᾗ 'ｓт𝐲𝐋Ẹ;Bogydan55;andrewgiftschat;вẏтḽ ḋᾄᾗᾗẏм вὄĝὄм ẓᾗᾄḉнḭт ᾗḛṩтḭ ṩвḛт ḋᾄҗḛ тᾄм, ĝḋḛ ḋяṵĝḭḛ вḭḋяm тмṵ 🕯;1;69;0;0;;55;medium;;0;;2026-04-22 02:35:05
1625162207;Бандит;burunduk_1845;andrewgiftschat;;1;0;1;0;;35;low;;0;;2026-04-22 02:35:05
1627727512;Serr;Bylypai;andrewgiftschat;Ку-ку,а ты чего сюда чмотришь;1;29;1;0;;60;medium;;0;;2026-04-22 02:35:05
1628803470;Аля💗;Ala_456789;andrewgiftschat;;1;0;1;0;;35;low;;0;;2026-04-22 02:35:05
1629034054;саньок;sashhe;andrewgiftschat;в мире одиноком мне без тебя так холодно, холодно @kilI_alI_people;1;66;1;0;;65;high;;0;;2026-04-22 02:35:05
1629579627;миркис;m1rkiss;andrewgiftschat;I love you and despise you @s0v11💌| основа @m1rkissnya;1;54;1;0;;65;high;;0;;2026-04-22 02:35:05
1630145322;luba🐈‍⬛;Lyuba_one;andrewgiftschat;;1;0;1;0;;35;low;;0;;2026-04-22 02:35:05
1630747122;s;saio310;andrewgiftschat;;1;0;1;0;;35;low;;0;;2026-04-22 02:35:05
1634398869;ᴠɪʟʟ;veiiilw;andrewgiftschat;— 私の心はいつも自由です |†| # |★|;1;23;1;0;;60;medium;;0;;2026-04-22 02:35:05
1635092421;ꪒꪊꪒꪊ益;cmonwilli;andrewgiftschat;τы κσ ɱʜϱ υ τακ, υ τακ, α я ʜυκακ υ я ɱƴ∂ακ.;1;44;1;0;;65;high;;0;;2026-04-22 02:35:05
1635549346;🎀;ksushiksss_0;andrewgiftschat;;1;0;1;0;;35;low;;0;;2026-04-22 02:35:05
1636177729;;;rabota_chaty1;;1;0;0;0;;10;low;skipped;0;2026-04-22 02:35:05;2026-04-22 02:35:05
1636736892;𝐃𝐨𝐨𝐛;MyDoob;andrewgiftschat;𝘐 𝘨𝘦𝘵 𝘮𝘦𝘴𝘴𝘢𝘨𝘦𝘴 𝘧𝘳𝘰𝘮 𝘵𝘩𝘦 𝘴𝘵𝘢𝘳𝘴...;1;32;1;0;;60;medium;;0;;2026-04-22 02:35:05
1639030796;̶A̶n̶e̶m̶o̶<5;Amemik;andrewgiftschat;I have a dream;1;14;1;0;;60;medium;;0;;2026-04-22 02:35:05
1643750450;.;fas3ka;andrewgiftschat;;1;0;0;0;;25;low;;0;;2026-04-22 02:35:05
1643914924;ало;qganlo;andrewgiftschat;https://t.me/anonimnye_smss_bot?start=1643914924;1;48;1;0;;65;high;;0;;2026-04-22 02:35:05
1644762405;v;zetlyyv;andrewgiftschat;i‘m made of memories Elena Greco;1;32;1;0;;60;medium;;0;;2026-04-22 02:35:05
1646951953;sim;wannasexe;andrewgiftschat;;1;0;0;0;;25;low;;0;;2026-04-22 02:35:05
1650135672;Mikael;;python_ru;;1;0;0;0;;10;low;skipped;0;2026-04-22 02:35:05;2026-04-22 02:35:05
1650152587;;;rabota_chaty1;;1;0;0;0;;10;low;skipped;0;2026-04-22 02:35:05;2026-04-22 02:35:05
1651464846;Комару сола😈👆;komaru_sola;andrewgiftschat;UQArOVIaIxrW-IpNLWc0-bUcuWLw1XGP7Bv80Zxc1LndYTU;1;47;1;0;;65;high;;0;;2026-04-22 02:35:05
1653438438;Rozy;RozyJumayew;laravel_pro;Full stack developer;1;20;1;0;;60;medium;;0;;2026-04-22 02:35:05
1653976703;ᛉ‡𝕶𝖓𝖔𝖈𝖐𝖊𝖗†ᛉ🐮;KarinaAnya;andrewgiftschat;𝕴 𝖆𝖒 𝖁𝖊𝖓𝖚𝖘, 𝖆𝖓𝖉 𝖞𝖔𝖚 𝖆𝖗𝖊 𝖒𝖞 𝕸𝖆𝖗𝖘. @werti35;1;41;1;0;;65;high;;0;;2026-04-22 02:35:05
1661396616;𝓥𝓔𝓵𝓲𝓷𝓪𝓪⁶⁹ 🕊️#велик#вонючаясвинья #члм;vEliNA1x;andrewgiftschat;@h4tqid <- •My love• |||| - won't you die tonight for love? @toy_night | @vyyyda май кьют 🤭❤️ ||;1;96;1;0;;65;high;;0;;2026-04-22 02:35:05
1662456774;самат;KRYZAK_77;andrewgiftschat;;1;0;1;0;;35;low;;0;;2026-04-22 02:35:05
1664156726;𝑀.𝑅.;Iiimmba;andrewgiftschat;⭕️;1;2;1;0;;60;medium;;0;;2026-04-22 02:35:05
1665444676;bi0scuit𓆪;NEKOGLAl;andrewgiftschat;;1;0;1;0;;35;low;;0;;2026-04-22 02:35:05
1665706232;Daniel;DanielSpravtsev;laravel_pro;🧑‍💻 Senior Web Developer | Founder & CEO Deploykin & Spravtsev Web | Разработка веб-сервисов и онлайн-платформ — https://spravtsev.pro;1;134;1;0;;70;high;;0;;2026-04-22 02:35:05
1666126061;тигран;zeraaks;andrewgiftschat;;1;0;0;0;;25;low;;0;;2026-04-22 02:35:05
1668944794;;;tproger_chat;;1;0;0;0;;10;low;skipped;0;2026-04-22 02:35:05;2026-04-22 02:35:05
1669551810;🍭;xwqzvy;andrewgiftschat;;1;0;1;0;;35;low;;0;;2026-04-22 02:35:05
1669746821;ᛒᚨᛞᛁᛗ;xacvu;andrewgiftschat;;1;0;1;0;;35;low;;0;;2026-04-22 02:35:05
1673360087;_;smrtvana;laravel_pro;;1;0;1;0;;35;low;;0;;2026-04-22 02:35:05
1673674928;SECRET;SmREpsik;andrewgiftschat;;1;0;0;0;;25;low;;0;;2026-04-22 02:35:05
1674264144;𝚊𝚗𝚊𝚜𝚝𝚎𝚢𝚜𝚑𝚊𝚊🤍;chkchikiboom;andrewgiftschat;если меня спросят, что такое в мире красота.. @Olfik228 / @Dedan_side;1;69;1;0;;65;high;;0;;2026-04-22 02:35:05
1678449575;essentov;essentov;andrewgiftschat;@bi0o01 || kent: @oqezo,;1;24;1;0;;60;medium;;0;;2026-04-22 02:35:05
1681084247;𝖘𝖔𝖓𝖍𝖜𝖘 #ᏦnᴀffᴀᏴᴇlᴏvᴇd 𓆩🐮𓆪;S0nxwh;andrewgiftschat;- Ꮯᴀusᴇ Ꮖ'ʍ hᴇrᴇ, Ꮖ'ʍ ᴀlwᴀys righᴛ hᴇrᴇ @knaff4enok;1;51;1;0;;65;high;;0;;2026-04-22 02:35:05
1683223088;Дмитрий;Renar_Pathfinder;laravel_pro;;1;0;1;0;;35;low;;0;;2026-04-22 02:35:05
1684074284;"𓆩stupid♰fool𓆪;";Zxc_Dora_1000;andrewgiftschat;- ᴛʙои ᴀᴧыᴇ ᴦᴧᴀзᴀ, ʍᴇдᴧᴇнно бᴇжиᴛ иᴄᴋᴩᴀ @zznastlli;1;50;1;0;;65;high;;0;;2026-04-22 02:35:05
1692487559;TRAVOLTA;joetravolta;tproger_chat;Отвечаю по мере возможности! СПАМ = БАН!;1;40;0;0;;55;medium;;0;;2026-04-22 02:35:05
1692940986;Аня;Anna_Yarygina;andrewgiftschat;;1;0;1;0;;35;low;;0;;2026-04-22 02:35:05
1694926659;eclipse;minni_starrr;andrewgiftschat;i thought i was a fool for no one @minni_star;1;45;1;0;;65;high;;0;;2026-04-22 02:35:05
1698996179;｡*✧Ясечка✧⁠*｡;yassia_krm;andrewgiftschat;— ᴄ ᴛобой ʙᴄᴇᴦдᴀ дᴀ, ᴋᴩоʍᴇ ᴛᴇх ᴄᴧучᴀᴇʙ ᴋоᴦдᴀ оᴛʙᴇᴛ нᴇᴛ @Josten10_Drew3 |⚯ ͛жоски фан ГП,аниме,манхв| 𓆩ꨄ𓆪;1;104;1;0;;65;high;;0;;2026-04-22 02:35:05
1700526671;bezkrovnyy_;hjzfkzfhhs;andrewgiftschat;вы умрете вы знаете этл;1;23;1;0;;60;medium;;0;;2026-04-22 02:35:05
1704922402;Kvanya;Imkvanex;andrewgiftschat;;1;0;1;0;;35;low;;0;;2026-04-22 02:35:05
1706743638;nadea;nadea_hh;laravel_pro;#canthurtme #The40PercentRule;1;29;0;0;;50;medium;;0;;2026-04-22 02:35:05
1707794718;Сергей;inwall_ch;laravel_pro;;1;0;1;0;;35;low;;0;;2026-04-22 02:35:05
1707825630;vlad;Bshidow;andrewgiftschat;;1;0;1;0;;35;low;;0;;2026-04-22 02:35:05
1707982893;sr;sr44btw;laravel_pro;;1;0;1;0;;35;low;;0;;2026-04-22 02:35:05
1716484759;𝒦𝒾𝓇𝓊𝓈𝒽𝒶;Kirusha_Novikov;andrewgiftschat;;1;0;0;0;;25;low;;0;;2026-04-22 02:35:05
1719219926;𝙸𝚗𝚏𝚒𝚗𝚒𝚝𝚢シ︎;infiniity17;andrewgiftschat;;1;0;0;0;;25;low;;0;;2026-04-22 02:35:05
1721774867;#тёмамладший|подключу платежку;;andrewgiftschat;нету-;1;5;1;0;;45;medium;skipped;0;2026-04-22 02:35:05;2026-04-22 02:35:05
1722869029;🌀•𝒮𝐿𝒜𝒱𝒜•🌀#olev;Yasaew;andrewgiftschat;моя самая любимая @pinG69 │ мой бро @xo4yzhit | @marinkis01;1;59;1;0;;65;high;;0;;2026-04-22 02:35:05
1724778896;fl1mer;fl1mer;andrewgiftschat;UQBA31wAo28ZTayivCmoJKVMnWkJOoTmy8-F1ozCpI_9rBk_;1;48;1;0;;65;high;;0;;2026-04-22 02:35:05
1726950785;⁬⁯⁬⁯⁬⁯⁬⁯⁬⁯⁬⁯⁬⁯⁬⁯⁬⁯⁬⁯⁬⁯⁬⁯⁬⁯⁬⁯⁬⁯⁬⁯⁬⁯⁬⁯⁬;xaxaxassq;andrewgiftschat;02:00;1;5;1;0;;60;medium;;0;;2026-04-22 02:35:05
1730717757;thefr0zinax;thefr0zinax;andrewgiftschat;хз;1;2;1;0;;60;medium;;0;;2026-04-22 02:35:05
1733533823;;;rabota_chaty1;;1;0;0;0;;10;low;skipped;0;2026-04-22 02:35:05;2026-04-22 02:35:05
1738166833;dearty_sun;Dearty_sun;andrewgiftschat;- ᴨᴩᴏᴄᴛи ʍᴇня, ʙᴇᴩниᴄь ᴋᴏ ʍнᴇ ᴩᴏднᴀя;1;36;0;0;;50;medium;;0;;2026-04-22 02:35:05
1739646102;Тема;WhyPsychoAang;andrewgiftschat;🫶01.06.25🫶 Не отвечаю- не интересно.;1;36;1;0;;60;medium;;0;;2026-04-22 02:35:05
1740420726;rodilow;rodilow;andrewgiftschat;;1;0;1;0;;35;low;;0;;2026-04-22 02:35:05
1742214030;︎пизда;qii3i;andrewgiftschat;;1;0;1;0;;35;low;;0;;2026-04-22 02:35:05
1744139325;Азамат;Azamat_280311;andrewgiftschat;;1;0;1;0;;35;low;;0;;2026-04-22 02:35:05
1744827526;маскек1ки;yspeu;andrewgiftschat;teg @anymodels //thoughts about one... // my kent @zeropane угрозы=чс;1;69;1;0;;65;high;;0;;2026-04-22 02:35:05
1744899303;Welcome;hdiek93;andrewgiftschat;;1;0;1;0;;35;low;;0;;2026-04-22 02:35:05
1750531779;турик зв 1.4 😁;turikxq;andrewgiftschat;;1;0;1;0;;35;low;;0;;2026-04-22 02:35:05
1751512678;Артём;RussianSunny;laravel_pro;Редактирую текстовые файлы, чтобы заработать себе на жизнь;1;58;1;0;;65;high;;0;;2026-04-22 02:35:05
1754716375;Григорий;Gri_Shark;andrewgiftschat;;1;0;1;0;;35;low;;0;;2026-04-22 02:35:05
1755517658;𝗿𝗮𝗶𝗹𝗶𝗸;railikth;andrewgiftschat;;1;0;1;0;;35;low;;0;;2026-04-22 02:35:05
1755989202;Иван;Ivan23ru;andrewgiftschat;;1;0;1;0;;35;low;;0;;2026-04-22 02:35:05
1759716616;лера;riaaaxz;andrewgiftschat;;1;0;1;0;;35;low;;0;;2026-04-22 02:35:05
1760558254;Timur;thetimg;laravel_pro;;1;0;0;0;;25;low;;0;;2026-04-22 02:35:05
1763785460;🏹;sdespiro;andrewgiftschat;;1;0;0;0;;25;low;;0;;2026-04-22 02:35:05
1768198170;neongx;neongx;andrewgiftschat;Я с водкой и @freerio77;1;23;1;0;;60;medium;;0;;2026-04-22 02:35:05
1768428709;#фанатSBP |;;andrewgiftschat;Бот: @Sbpctars_bot | отзывы: https://t.me/+1km330sPewg1OWJi;1;59;1;0;;50;medium;skipped;0;2026-04-22 02:35:05;2026-04-22 02:35:05
1774211676;Артем;Artem864;andrewgiftschat;;1;0;0;0;;25;low;;0;;2026-04-22 02:35:05
1775327525;ᅠᅠ;lalalaxll;andrewgiftschat;тгк: https://t.me/+JDqwTjUX5II0MjYy;1;35;1;0;;60;medium;;0;;2026-04-22 02:35:05
1775711438;София;sofia130693;laravel_pro;;1;0;1;0;;35;low;;0;;2026-04-22 02:35:05
1776275734;ангельская;angelskayay;andrewgiftschat;;1;0;1;0;;35;low;;0;;2026-04-22 02:35:05
1777346251;Unnecessary ♱;hateexisting;andrewgiftschat;Forever young. @neprivetrussia;1;30;1;0;;60;medium;;0;;2026-04-22 02:35:05
1778329095;ad4mn;springtrapixh;andrewgiftschat;@T_leyka бебебе Турбек узбек (твою налево) | Вот она, боль утраты;1;65;1;0;;65;high;;0;;2026-04-22 02:35:05
1778462146;erpy;erpyshnost;andrewgiftschat;;1;0;1;0;;35;low;;0;;2026-04-22 02:35:05
1781102463;.𖥔 ݁ 𝐳𝒆𝐮𝐱𝐯𝐢𝐬³⁰ʳᵉᵛˢ ⲅⲁⲣⲁⲏⲧ #𝕚𝕟𝕧𝕚𝕟𝕔𝕚𝕓𝕝𝕖 ʙɪʟʟɪ ɴᴏɢᴀᴍɪ;Minoande;andrewgiftschat;|❗| 𝐆𝐚𝐫𝐚𝐧𝐭 𝟎% 𝐬𝐨 𝐬𝐝𝐞𝐥𝐤𝐢 |❗| 𝐃𝐞𝐟 @police_troll @NoTrolls |❗| 𝐍𝐅𝐓 𝐧𝐞 𝐭𝐫𝐞𝐢𝐳𝐡𝐲 |❗| 𝐓𝐨𝐩 𝐝𝐨𝐯𝐚: 𝟒𝟖𝟎𝟎₽ |❗|;1;98;1;0;;65;high;;0;;2026-04-22 02:35:05
1784340534;dementia2013;dementia2013;python_ru;Ковбой ПБОЮЛ;1;12;0;0;;50;medium;;0;;2026-04-22 02:35:05
1784555050;wྀི;ricruta;andrewgiftschat;;1;0;0;0;;25;low;;0;;2026-04-22 02:35:05
1791327976;ᅠ ︎ ︎ ︎ ︎ ᅠ ︎ ︎ ︎ ︎ ᅠ ︎ ︎;oskwekidk;andrewgiftschat;The cheapest thing in the world is someone else's opinion of you.;1;65;0;0;;55;medium;;0;;2026-04-22 02:35:05
1793277661;Nike;Wadard;andrewgiftschat;Трудись тихо-пусть успех будет шумным;1;37;1;0;;60;medium;;0;;2026-04-22 02:35:05
1794456476;Хумунс#loser;Humunss;andrewgiftschat;Won't you die tonight for love? @Mch4ko;1;39;1;0;;60;medium;;0;;2026-04-22 02:35:05
1794509071;ي;ssstees6;andrewgiftschat;i got golden teeth, she got bright green eyes🪽🪽;1;47;1;0;;65;high;;0;;2026-04-22 02:35:05
1795729757;Doshik♡;Dysh_3;andrewgiftschat;You are my today and all of my tomorrows♡. @Cmiwinka04;1;54;1;0;;65;high;;0;;2026-04-22 02:35:05
1801404822;عشب;mi1shaa;andrewgiftschat;I luv my sweetie boy sm @p4elkaaa;1;33;1;0;;60;medium;;0;;2026-04-22 02:35:05
1801960976;Andrey;Promotion_tg_smm;laravel_pro;;1;0;1;0;;35;low;;0;;2026-04-22 02:35:05
1802768768;аnn🗽;pwderl;andrewgiftschat;;1;0;1;0;;35;low;;0;;2026-04-22 02:35:05
1803153204;mmm;miy_miy_miy3;andrewgiftschat;;1;0;1;0;;35;low;;0;;2026-04-22 02:35:05
1803787634;Альберт;akurbanovDev;laravel_pro;Разработка/поддержка веб-проектов под задачи бизнеса в stavtrack.ru;1;67;1;0;;65;high;;0;;2026-04-22 02:35:05
1807480742;Скворец;likohv;laravel_pro;;1;0;1;0;;35;low;;0;;2026-04-22 02:35:05
1812653802;ㅤ;;andrewgiftschat;;1;0;0;0;;10;low;skipped;0;2026-04-22 02:35:05;2026-04-22 02:35:05
1814468006;MariaEchо;MariaEcho;laravel_pro;HRD ECHO COMPANY Php Node JS 3D React OUTSTAFF echo-company.ru;1;62;1;0;;65;high;;0;;2026-04-22 02:35:05
1817945579;Анис;monikersdepict;andrewgiftschat;Queen👑👸😈;1;8;1;0;;60;medium;;0;;2026-04-22 02:35:05
1818153860;Егор;Virusnjak040593;python_ru;;1;0;1;0;;35;low;;0;;2026-04-22 02:35:05
1819543129;America_Gamer;Gaming_CentreMB;andrewgiftschat;I'm not just rest of you,I'm stronger I'm smarter I'm better🗿;1;61;0;0;;55;medium;;0;;2026-04-22 02:35:05
1819932963;ghloriss;ghloriss;andrewgiftschat;;1;0;1;0;;35;low;;0;;2026-04-22 02:35:05
1820703832;D♡;DarkKillua;andrewgiftschat;Сильнее тебя я ещё не кого не любила♡ @Lizkalove21;1;50;0;0;;55;medium;;0;;2026-04-22 02:35:05
1821252109;Muhammadiy;;laravel_pro;Data bias creates a distorted of people;1;39;1;0;;45;medium;skipped;0;2026-04-22 02:35:05;2026-04-22 02:35:05
1822183935;Server;serverlocal;andrewgiftschat;卡图沙;1;3;1;0;;60;medium;;0;;2026-04-22 02:35:05
1825966986;Дмитрий;tako_god;andrewgiftschat;;1;0;1;0;;35;low;;0;;2026-04-22 02:35:05
1826290383;Аббос;abbos_9500;python_ru;;1;0;1;0;;35;low;;0;;2026-04-22 02:35:05
1827812089;Rahul;;python_ru;...;1;3;0;0;;35;low;skipped;0;2026-04-22 02:35:05;2026-04-22 02:35:05
1828205361;ADOLF;soszxc7;andrewgiftschat;;1;0;0;0;;25;low;;0;;2026-04-22 02:35:05
1828305321;янка;o0o0o0o0o0o00000o;andrewgiftschat;👼✌🏻;1;3;1;0;;60;medium;;0;;2026-04-22 02:35:05
1829112380;ccxlwsss//1;;andrewgiftschat;https://t.me/+agb0pxf2R7xhMGEy;1;30;1;0;;45;medium;skipped;0;2026-04-22 02:35:05;2026-04-22 02:35:05
1834865263;Арыстанбек;Est_Zhe_Aris;laravel_pro;Нюхай Аяк;1;9;1;0;;60;medium;;0;;2026-04-22 02:35:05
1836063419;darl1ixx;huuir;andrewgiftschat;ПОПРОШАЙНИЧЕСТВО-ЧС🚫;1;20;1;0;;60;medium;;0;;2026-04-22 02:35:05
1844547622;✨𓆩❄️⃟ ̸̽𝓡𝓮𝓲𝓱𝓪𝓷𝓮ꦿ𓆪✨;Reihane10ap;andrewgiftschat;💕 or ☠️?! ☠️ is 🏆;1;17;1;0;;60;medium;;0;;2026-04-22 02:35:05
1846594041;˖ ࣪ 𝒂𝒓𝒕𝒆𝒓𝒏𝒙 ༅;arternx;andrewgiftschat;;1;0;1;0;;35;low;;0;;2026-04-22 02:35:05
1847103378;Егор (!);egorbatutov;tproger_chat;𝚊𝚗𝚍 𝚒𝚏 𝚢𝚘𝚞 𝚐𝚘, 𝚒 𝚠𝚊𝚗𝚗𝚊 𝚐𝚘 𝚠𝚒𝚝𝚑 𝚢𝚘𝚞... https://t.me/+ig9UusMLsd80MTg6;1;68;1;0;;65;high;;0;;2026-04-22 02:35:05
1848422619;Вадим Александрович;;laravel_pro;48, NN;1;6;1;0;;45;medium;skipped;0;2026-04-22 02:35:05;2026-04-22 02:35:05
1848944711;Дмитрий;MCDias;andrewgiftschat;One Thing Is Not Another;1;24;1;0;;60;medium;;0;;2026-04-22 02:35:05
1849963118;@vllxy;nuzvill;andrewgiftschat;;1;0;1;0;;35;low;;0;;2026-04-22 02:35:05
1855045748;Даня;zhevna7;andrewgiftschat;;1;0;1;0;;35;low;;0;;2026-04-22 02:35:05
1856196537;Mavrodik;Chikenui3;andrewgiftschat;;1;0;1;0;;35;low;;0;;2026-04-22 02:35:05
1856709096;Николай;nikOstap88;laravel_pro;;1;0;1;0;;35;low;;0;;2026-04-22 02:35:05
1857058793;Евгений;;laravel_pro;;1;0;0;0;;10;low;skipped;0;2026-04-22 02:35:05;2026-04-22 02:35:05
1858953250;Victor️;sazonov19;laravel_pro;;1;0;1;0;;35;low;;0;;2026-04-22 02:35:05
1861166673;София Агеева;djkfodf;rabota_chaty1;«Я - не результат обстоятельств, я - результат своих решений.»;1;62;1;0;;65;high;;0;;2026-04-22 02:35:05
1861195357;Викач🏒¹⁴;kwerixcs;andrewgiftschat;«Только думаю о тебе» 14S;1;25;1;0;;60;medium;;0;;2026-04-22 02:35:05
1864937984;Алексей;master_pop_s;laravel_pro;Esse quam videri;1;16;1;0;;60;medium;;0;;2026-04-22 02:35:05
1868853324;Юра;clowneezz;andrewgiftschat;@ClownezzStarsBot ✨;1;19;1;0;;60;medium;;0;;2026-04-22 02:35:05
1871567395;︎ ︎ ︎Илья;scam_8888;andrewgiftschat;;1;0;1;0;;35;low;;0;;2026-04-22 02:35:05
1874023456;_______;svittttssa;andrewgiftschat;Я жив як карта ляже а шяс як жінка скаже 🥰❤️❤️‍🔥;1;48;0;0;;55;medium;;0;;2026-04-22 02:35:05
1874103591;ًًًً;adusyaam;andrewgiftschat;навряд ли теперь сможешь отвязаться,привыкла так сильно @Varvara_chevt;1;70;1;0;;65;high;;0;;2026-04-22 02:35:05
1874798844;свити витя соски;chededyvhui;andrewgiftschat;.;1;1;0;0;;50;medium;;0;;2026-04-22 02:35:05
1875955500;𝓀𝒶𝓇ℴ𝓁𝒾𝓃𝓀𝒶🤍;M_Lin_lin;andrewgiftschat;-Де ти намалюєш квіти навколо слідів від куль на стіні @Aliso_4kaXD;1;67;1;0;;65;high;;0;;2026-04-22 02:35:05
1876991613;Kytaro;Kytaro_76;andrewgiftschat;;1;0;1;0;;35;low;;0;;2026-04-22 02:35:05
1877269996;. ᯏ B🅴NZZO;sknkhnt42;andrewgiftschat;punch your lights out, hit the pavement, that's what I call entertainment;1;73;1;0;;65;high;;0;;2026-04-22 02:35:05
1877487294;ِangelina;clar_ange;andrewgiftschat;Raina🩵;1;6;1;0;;60;medium;;0;;2026-04-22 02:35:05
1879064419;Александр;ne_svayzivaisya;laravel_pro;;1;0;0;0;;25;low;;0;;2026-04-22 02:35:05
1880183786;хаунихау;lilp3ep1;andrewgiftschat;https://t.me/patrickstarsrobot?start=1880183786;1;47;1;0;;65;high;;0;;2026-04-22 02:35:05
1880225297;Тимур;brakdz;rabota_chaty1;Stop dreaming, start doing;1;26;1;0;;60;medium;;0;;2026-04-22 02:35:05
1884201676;Greedy;Greedy_SCAM;andrewgiftschat;ㅤ;1;1;1;0;;60;medium;;0;;2026-04-22 02:35:05
1886324531;меф :D #пм #мм #krt;hea1wi;andrewgiftschat;– ты пизданутый мудак, по тебе плачет дурка 😛😛 @hxtov #люполинуу;1;64;1;0;;65;high;;0;;2026-04-22 02:35:05
1887690689;𝔰𝔨𝔦𝔡𝔢𝔯𝔦𝔨;aph_t;andrewgiftschat;https://t.me/+jYjYrfJquv83YjBi;1;30;1;0;;60;medium;;0;;2026-04-22 02:35:05
1889889533;ᴜɴᴋɴᴏᴡɴ ᴛʏᴄᴏᴏɴ;tycoh;andrewgiftschat;ᴇᴠᴇɴ ᴛʜᴇ ᴅᴇᴠɪʟ ᴡɪʟʟ ǫᴜᴏᴛᴇ ᴛʜᴇ ʙɪʙʟᴇ ꜰᴏʀ ʜɪs ᴏᴡɴ ʙᴇɴᴇꜰɪᴛ;1;55;1;0;;65;high;;0;;2026-04-22 02:35:05
1892140739;Mira;vkk9597;andrewgiftschat;;1;0;0;0;;25;low;;0;;2026-04-22 02:35:05
1894294137;Kirill;ll_174;laravel_pro;;1;0;1;0;;35;low;;0;;2026-04-22 02:35:05
1895388244;ⲁⲥя;asyallbld;andrewgiftschat;d🦋;1;2;1;0;;60;medium;;0;;2026-04-22 02:35:05
1895497005;Liza;;rabota_chaty1;;1;0;1;0;;20;low;skipped;0;2026-04-22 02:35:05;2026-04-22 02:35:05
1899703611;༒𝙬𝙤𝙤;wowwx1;andrewgiftschat;;1;0;1;0;;35;low;;0;;2026-04-22 02:35:05
1900449076;#krt;imamthfckstarboy;andrewgiftschat;ɪ'ᴍ ᴄᴏᴍɪɴɢ ᴛᴏ ᴛʜᴇ ᴄᴏᴛᴛᴀɢᴇ. ʜʀ®️;1;31;0;0;;50;medium;;0;;2026-04-22 02:35:05
1901586225;It’s me;hipppy420;laravel_pro;;1;0;1;0;;35;low;;0;;2026-04-22 02:35:05
1907429629;../^pepSic0 `` #𝘬𝘪𝘴𝘴𝘭𝘢𝘬𝘬;PepSsiC0;andrewgiftschat;;1;0;1;0;;35;low;;0;;2026-04-22 02:35:05
1912734220;Mark;TarhunWave;andrewgiftschat;Созидай путь, а не ищи его.;1;27;1;0;;60;medium;;0;;2026-04-22 02:35:05
1913041665;𝓵𝓾𝓽𝓲𝓴;sofzente;andrewgiftschat;;1;0;1;0;;35;low;;0;;2026-04-22 02:35:05
1916762523;Zuzziks;zuzziks_68;andrewgiftschat;.;1;1;1;0;;60;medium;;0;;2026-04-22 02:35:05
1917142791;Ⲙⲓⲛⲓⲣⳑυⳋⳋ✨🎰 #lng#𝙺𝙴𝚅𝙸𝙽#shiaws#RVX#obil#irs#d🦋;mkplugg_mini;andrewgiftschat;✩°「ちょっとでも その気にさせたいな 僕だけに 微笑んで」°✩ //Ⳝⲟⲯⲉ ⲙⲟύ, ⲃυⲇυⲙⲟ, ⲡⲣυⲅⲗⲁⲱⲉⲏυⲉ ⲏⲉ ⳝыⲗⲟ ⲇⲟⲥⲧⲁⲃⲗⲉⲏⲟ ⲕⲟ ⲙⲏⲉ ⲥⲏⲟⲃⲁ.//20200 ⲃⲟⲏ!/-Ⲟⲏ ⲧⲟⲧ, ⲕⲧⲟ ⲙⲉⲏя ⲥⲩⲇυⲧ./;1;135;1;0;;70;high;;0;;2026-04-22 02:35:05
1917722102;Rakesh;;andrewgiftschat;;1;0;0;0;;10;low;skipped;0;2026-04-22 02:35:05;2026-04-22 02:35:05
1917808152;holymice;genfop;andrewgiftschat;;1;0;1;0;;35;low;;0;;2026-04-22 02:35:05
1919790048;Nikita;vaaxooo;laravel_pro;;1;0;1;0;;35;low;;0;;2026-04-22 02:35:05
1920144494;ᅠᅠw;ment034;andrewgiftschat;;1;0;1;0;;35;low;;0;;2026-04-22 02:35:05
1920497054;死 ʏᴜᴍᴇ.;;andrewgiftschat;;1;0;1;0;;20;low;skipped;0;2026-04-22 02:35:05;2026-04-22 02:35:05
1923057058;?;Rel_ex;andrewgiftschat;Иди нахуй @LeshaHG;1;18;1;0;;60;medium;;0;;2026-04-22 02:35:05
1923735427;ᅠ;Not_FittOk;andrewgiftschat;;1;0;1;0;;35;low;;0;;2026-04-22 02:35:05
1926088173;ⲛɪɢeⲛɑ¹²³;KvH_112;andrewgiftschat;.;1;1;1;0;;60;medium;;0;;2026-04-22 02:35:05
1930312229;Nameless;yrolg_eniarku;tproger_chat;war is peace, freedom is slavery, ignorance is strength;1;55;1;0;;65;high;;0;;2026-04-22 02:35:05
1931107298;RAdIANNt;Radianntt;andrewgiftschat;PASSE-MOI UN SEAU DE CREVETTES ET DU LAIT!!!;1;44;1;0;;65;high;;0;;2026-04-22 02:35:05
1932072541;🥱;Zevakk;andrewgiftschat;;1;0;0;0;;25;low;;0;;2026-04-22 02:35:05
1934462859;﹫𝘚𝘦𝘳𝘦𝘯𝘪𝘵𝘺;S3R3N1T1;andrewgiftschat;◉︎ ︎ ︎. . 𝐴𝐻! 𝑡𝑜𝑜 𝑚𝑢𝑐ℎ 𝑝꯭𝑟𝑒𝑠꯭𝑠𝑢𝑟꯭𝑒！✩;1;36;1;0;;60;medium;;0;;2026-04-22 02:35:05
1935791333;11 поражений подряд x лоу таб x 120 fps Monster TDM Zero x s1mpl;;andrewgiftschat;;1;0;1;0;;20;low;skipped;0;2026-04-22 02:35:05;2026-04-22 02:35:05
1937352498;Swann🦢;General_Swann;python_ru;;1;0;0;0;;25;low;;0;;2026-04-22 02:35:05
1943303658;PsYcHo;PSYCHOFD;python_ru;Świątynię można rozpoznać po jej bramach.;1;41;0;0;;55;medium;;0;;2026-04-22 02:35:05
1946517209;𝘯𝘢𝘴𝘵𝘪𝘬𝘲𝘸𝘹;nastixqwx;andrewgiftschat;НФТ НЕ ПРОДАЮ❗;1;14;0;0;;50;medium;;0;;2026-04-22 02:35:05
1947316685;Treepfire;Treepfire;andrewgiftschat;;1;0;1;0;;35;low;;0;;2026-04-22 02:35:05
1947788227;;;rabota_chaty1;;1;0;0;0;;10;low;skipped;0;2026-04-22 02:35:05;2026-04-22 02:35:05
1947965048;Ок;LeMih01;andrewgiftschat;😎Life is a game, so play it beautifully😎;1;40;0;0;;55;medium;;0;;2026-04-22 02:35:05
1950878910;𝘽𝙖𝙯𝙮𝙠;Bazyk_splaf;andrewgiftschat;;1;0;1;0;;35;low;;0;;2026-04-22 02:35:05
1952331669;З;gg23456789012;rabota_chaty1;;1;0;0;0;;25;low;;0;;2026-04-22 02:35:05
1956040650;Armen;;rabota_chaty1;;1;0;0;0;;10;low;skipped;0;2026-04-22 02:35:05;2026-04-22 02:35:05
1956762711;C13H16ClNO.؟;Milifk;andrewgiftschat;;1;0;1;0;;35;low;;0;;2026-04-22 02:35:05
1959369183;Kartoshechka🪿;Wegzzy;andrewgiftschat;- у меня тоже нет объяснения зачем по утрам просыпаться ☆;1;57;1;0;;65;high;;0;;2026-04-22 02:35:05
1961966654;xd;misomarnia;andrewgiftschat;luv my a;1;8;1;0;;60;medium;;0;;2026-04-22 02:35:05
1963298178;tgxgifts;TgxGifts;andrewgiftschat;Дарю нфт в БИО | Пополнить звёзды — @TgxGifts_bot;1;49;1;0;;65;high;;0;;2026-04-22 02:35:05
1963401012;_________________👩‍🦽 ______🚓;Ggpop567;andrewgiftschat;;1;0;0;0;;25;low;;0;;2026-04-22 02:35:05
1964406787;;;tproger_chat;;1;0;0;0;;10;low;skipped;0;2026-04-22 02:35:05;2026-04-22 02:35:05
1964430599;мотя;motya_vo;andrewgiftschat;✝️;1;2;0;0;;50;medium;;0;;2026-04-22 02:35:05
1967275383;?;SaveTonWallet;python_ru;;1;0;1;0;;35;low;;0;;2026-04-22 02:35:05
1968456391;gidroid;GIDROID1;andrewgiftschat;https://t.me/budabonus_bot?start=1968456391;1;43;1;0;;65;high;;0;;2026-04-22 02:35:05
1976386900;|3³Jl0|\/|;GeoLaTruco;andrewgiftschat;;1;0;1;0;;35;low;;0;;2026-04-22 02:35:05
1977214229;Илья;Menacing470;andrewgiftschat;В тебе есть чуитс 85/99 🌹;1;25;1;0;;60;medium;;0;;2026-04-22 02:35:05
1979195054;Булатище;Fizovv229;andrewgiftschat;Крутой чел;1;10;0;0;;50;medium;;0;;2026-04-22 02:35:05
1979582995;𝑚𝑖𝑠𝑠 𝑦𝑜𝑢🤍;IloveYulkaa;andrewgiftschat;;1;0;1;0;;35;low;;0;;2026-04-22 02:35:05
1979848880;Демонесса;The_Demoness_1;andrewgiftschat;;1;0;0;0;;25;low;;0;;2026-04-22 02:35:05
1980275064;marlboro;montano173;andrewgiftschat;;1;0;0;0;;25;low;;0;;2026-04-22 02:35:05
1980407057;ꦿ➢𝙃𝙃 🍇ᅠ➲︎;CKORO_3AKAT;andrewgiftschat;Def @monk Если меня не будет долгое время, чек этот юз @Offical_gifts;1;69;0;0;;55;medium;;0;;2026-04-22 02:35:05
1983524521;Богдан;true_normis;laravel_pro;;1;0;1;0;;35;low;;0;;2026-04-22 02:35:05
1983674793;Nikolai;prokhorenkon;laravel_pro;;1;0;1;0;;35;low;;0;;2026-04-22 02:35:05
1989292569;ксюханя #явтомивсі🏰;kslovme;andrewgiftschat;;1;0;1;0;;35;low;;0;;2026-04-22 02:35:05
1993265796;Асланчик;aslanalborov07;laravel_pro;Адыгэ-Турк 🇹🇷;1;13;1;0;;60;medium;;0;;2026-04-22 02:35:05
1993294279;elsy wye;elsyxw;andrewgiftschat;i would never lie to u, i would never fool u;1;44;1;0;;65;high;;0;;2026-04-22 02:35:05
1994984435;СиСиметр;sisiupbot;andrewgiftschat;"Развлекательный бот для групп (чатов)

🍼 Помощь — @upbotshelpbot";1;64;1;0;;65;high;;0;;2026-04-22 02:35:05
1996007771;Витуся🐾💙#krt;Vikku466;andrewgiftschat;И встретишь ты, когда не ждёшь,и обретёшь не там, где ищешь.;1;60;0;0;;55;medium;;0;;2026-04-22 02:35:05
2004682657;Fissssser;Fissssser;andrewgiftschat;;1;0;0;0;;25;low;;0;;2026-04-22 02:35:05
2005809338;Shohjahon;moShok11;laravel_pro;;1;0;0;0;;25;low;;0;;2026-04-22 02:35:05
2009252915;bywthlo ❄️;bywthlo;andrewgiftschat;;1;0;1;0;;35;low;;0;;2026-04-22 02:35:05
2011062098;Татьянка;transyxa_23_2002;andrewgiftschat;Видом богиня, а сердцем Трансуха♥️ https://t.me/+OY-d8o15-DQxMTU6 -ТГК и анон https://t.me/anonimqbot?start=lkprle, и инста l.tana.l;1;132;1;0;;70;high;;0;;2026-04-22 02:35:05
2012356895;DIOR;DH_2244;andrewgiftschat;https://t.me/+5tIrsu1sTVxlMzZi;1;30;1;0;;60;medium;;0;;2026-04-22 02:35:05
2012799710;Contestant;;andrewgiftschat;;1;0;1;0;;20;low;skipped;0;2026-04-22 02:35:05;2026-04-22 02:35:05
2013839017;Анжелка🔞;Bratzqv;andrewgiftschat;анонки http://t.me/AnonAskcBot?start=ekkvcy-Q;1;45;1;0;;65;high;;0;;2026-04-22 02:35:05
2017539129;бе;shkebede_autist;andrewgiftschat;Ты стала для меня роднее мамы, когда ты не в сети, я плачу;1;58;1;0;;65;high;;0;;2026-04-22 02:35:05
2023914208;Alex;AlexS735;laravel_pro;;1;0;1;0;;35;low;;0;;2026-04-22 02:35:05
2031124556;;;rabota_chaty1;;1;0;0;0;;10;low;skipped;0;2026-04-22 02:35:05;2026-04-22 02:35:05
2031333387;MEKTY;M3KTY;andrewgiftschat;Спам блок - @M3KTYY_bot;1;23;1;0;;60;medium;;0;;2026-04-22 02:35:05
2033399505;^᪲᪲᪲kil.s🃁^᪲᪲᪲;angel_killss;andrewgiftschat;«Лечит не время.Лечат психотерапия,отдых, работа, книги. Любовь»;1;64;1;0;;65;high;;0;;2026-04-22 02:35:05
2033624594;ZEQNkun;ZZexs;andrewgiftschat;;1;0;1;0;;35;low;;0;;2026-04-22 02:35:05
2035242016;Анна;Shinewize;tproger_chat;;1;0;1;0;;35;low;;0;;2026-04-22 02:35:05
2036692651;Михаил;mis_ha7;andrewgiftschat;;1;0;0;0;;25;low;;0;;2026-04-22 02:35:05
2038314654;Podkaifom #moew;tydaom;andrewgiftschat;;1;0;1;0;;35;low;;0;;2026-04-22 02:35:05
2041928905;Anaevskiy;aevs_tg;laravel_pro;Backend Dev;1;11;1;0;;60;medium;;0;;2026-04-22 02:35:05
2047453065;Руслан;ru51a4;laravel_pro;28yo, web dev;1;13;1;0;;60;medium;;0;;2026-04-22 02:35:05
2051308894;Aziz;azizbekodilov;laravel_pro;;1;0;0;0;;25;low;;0;;2026-04-22 02:35:05
2051617348;Артем;Kepper_2022;laravel_pro;;1;0;0;0;;25;low;;0;;2026-04-22 02:35:05
2053022242;AntiSpam Name Bot;antispamname_bot;tproger_chat;"Удаляю ботов по спамными, арабскими, китайскими никами; чищу системные сообщения и спам от каналов
Инфо: @botsbaseru 👀";1;118;1;0;;65;high;;0;;2026-04-22 02:35:05
2053300244;exetov;exetoviy;andrewgiftschat;Channel @dentroNFTnews;1;22;1;0;;60;medium;;0;;2026-04-22 02:35:05
2053861222;λ;Tyler_DurdaH;andrewgiftschat;Без лоха и жизнь плоха;1;22;1;0;;60;medium;;0;;2026-04-22 02:35:05
2054780132;Tysya;Natulia_r;rabota_chaty1;Люблю свою семью ❤️;1;19;1;0;;60;medium;;0;;2026-04-22 02:35:05
2056688147;Василь;Vasilpubg;andrewgiftschat;https://t.me/VASIKgifts;1;23;1;0;;60;medium;;0;;2026-04-22 02:35:05
2058685428;Palas12|Hyper☠️;PalasikiTG;andrewgiftschat;;1;0;1;0;;35;low;;0;;2026-04-22 02:35:05
2059163794;Абдул;Otmena310;andrewgiftschat;;1;0;1;0;;35;low;;0;;2026-04-22 02:35:05
2059437078;Jasur Bakhodirov;jasurbaxodirov;laravel_pro;;1;0;0;0;;25;low;;0;;2026-04-22 02:35:05
2059957613;тимофей;zzirtx;andrewgiftschat;my best lowtab @Gr1mnarr;1;24;1;0;;60;medium;;0;;2026-04-22 02:35:05
2064279460;твой озон @AdvanceStars_Bot;khl40;andrewgiftschat;@AdvanceStars_Bot - первый игровой бот на телеграм звезды 🌟;1;59;1;0;;65;high;;0;;2026-04-22 02:35:05
2067607395;чᴇᴩникᴀ #𝗺𝗻𝘃 #bliss;pzzdd4x;andrewgiftschat;ᴛᴇʟʟ ᴍᴇ, ʟᴏᴠᴇʀ ᴅᴏ ʏᴏᴜ ʟᴏᴠᴇ ᴍᴇ? ᴅᴇᴀᴛʜ ɪs ᴀʟᴡᴀʏs ɴᴇᴀʀ ᴍᴇ, ᴡᴀᴛᴄʜɪɴɢ;1;64;1;0;;65;high;;0;;2026-04-22 02:35:05
2069720231;Duma;Dumaoff;andrewgiftschat;;1;0;1;0;;35;low;;0;;2026-04-22 02:35:05
2071603055;афонька;changertqq;andrewgiftschat;;1;0;1;0;;35;low;;0;;2026-04-22 02:35:05
2072357317;𝒖𝒛𝒆𝒆𝒗;uzeev1;andrewgiftschat;http://t.me/anonaskbot?start=NOUgAZQLme2XEi3 связь;1;50;1;0;;65;high;;0;;2026-04-22 02:35:05
2073397472;ᴀᴅᴊɪɢᴀɴ;AdjiganOfficial;andrewgiftschat;;1;0;0;0;;25;low;;0;;2026-04-22 02:35:05
2076716086;𝘒𝘪𝘴𝘴𝘺 𝘋𝘦𝘷𝘪𝘭;;andrewgiftschat;Реклама NFT/игры | Эмодзи 1$ | @privetdevil | Гарант 2%| Реп в био | Блог - t.me/+M0wjuYAqKjk3OTUy | Воздух/угрозы = чс + спамблок;1;130;1;0;;55;medium;skipped;0;2026-04-22 02:35:05;2026-04-22 02:35:05
2076966099;ванюша грязный панк;GRAZNIPANK_YMER;andrewgiftschat;я написал жизнь как захотел перепробовав кучу страниц;1;53;1;0;;65;high;;0;;2026-04-22 02:35:05
2077295456;<code>;serves6s;laravel_pro;;1;0;1;0;;35;low;;0;;2026-04-22 02:35:05
2078831199;pixwillxx;yazykidlyy;andrewgiftschat;-все без слов, по глазам понимает @uoveru;1;41;1;0;;65;high;;0;;2026-04-22 02:35:05
2080748867;٭ʙʀᴇɴᴅɪ٭;leeknowsaurus_1;andrewgiftschat;;1;0;1;0;;35;low;;0;;2026-04-22 02:35:05
2081625949;𝔱𝔥𝔲𝔫𝔡𝔢𝔯;scamost;andrewgiftschat;;1;0;0;0;;25;low;;0;;2026-04-22 02:35:05
2082715723;Artemi;Ag1xis;andrewgiftschat;;1;0;1;0;;35;low;;0;;2026-04-22 02:35:05
2093781692;Fehuginn;FehuginS;laravel_pro;Обращаться по поводу сотрудничества.;1;36;1;0;;60;medium;;0;;2026-04-22 02:35:05
2099148966;₊𖥔 ℬℴ𝓉𝒾𝓃ℴ𝓀 ׅ𖥔ׄ𝆹𝅥 𝆭;wbswb5;andrewgiftschat;๋͜ . ๋͜ ࿙ .ꕮ. ࿚ ๋͜ ׁ⏜𐌖ᱛ𐌉ᱚ 𐌉Ⴝ ꤍᱛᱬ𐌉𐌽᱙... ๋͜ ࿙ .ꕮ. ๋͜ .࿚๋͜;1;55;1;0;;65;high;;0;;2026-04-22 02:35:05
2099270766;🎃;doorand1;andrewgiftschat;я начинаю болеть тобой https://t.me/+jI1hKanrQKxhN2Ni;1;53;1;0;;65;high;;0;;2026-04-22 02:35:05
2100356624;КОЛЛЕКТОР 🇲🇽;econ_yaluzz;andrewgiftschat;я люблю одну малышку;1;20;1;0;;60;medium;;0;;2026-04-22 02:35:05
2102965984;︎;aafectt;andrewgiftschat;;1;0;1;0;;35;low;;0;;2026-04-22 02:35:05
2108478655;venomus;venomusfn;andrewgiftschat;;1;0;0;0;;25;low;;0;;2026-04-22 02:35:05
2108754329;Pulse🌪️;neploxoychel;andrewgiftschat;;1;0;1;0;;35;low;;0;;2026-04-22 02:35:05
2112149229;𝙣𝙤𝙩𝙞𝙣𝙜𝙝𝙚𝙡𝙡;Sansdon;andrewgiftschat;;1;0;1;0;;35;low;;0;;2026-04-22 02:35:05
2114013960;ᅠ ᅠ⏤͟͟͞͞𝒦 е🄵ꪱׁׁׁׅׅׅ͜͜͜͜͜͜͜͡͡͡͡͡͡͡ ིྀꭈׁ͜͜͡͡ᬊ 𝆭 #kotletы;kepf1r;andrewgiftschat;ㅤ ㅤ @caramellddw …ℋ۪а͜м с тобꪮй нℯ стр𐐼шны ни тучи, ни дྀིྀིжди!࣪ лю!;1;69;1;0;;65;high;;0;;2026-04-22 02:35:05
2121050681;ꌩꀎꀎꀤꉓꃅꀤ ꀘꍏ꓄ꍏꁅꀤꋪꀤ#XX;;andrewgiftschat;tt:yuuichi_babaxovod;1;20;1;0;;45;medium;skipped;0;2026-04-22 02:35:05;2026-04-22 02:35:05
2121972799;𝑻𝒆𝒂𝑳𝒐𝑿;azurTLX;andrewgiftschat;;1;0;1;0;;35;low;;0;;2026-04-22 02:35:05
2124617358;Enryu;enryu2;laravel_pro;;1;0;1;0;;35;low;;0;;2026-04-22 02:35:05
2125047045;🌑𝐸𝑙𝑖𝑧𝑎𝑣𝑒𝑡𝑎𝑎🌑;draconity_q;andrewgiftschat;;1;0;1;0;;35;low;;0;;2026-04-22 02:35:05
2125604705;Джабир;jabir_sabitov;laravel_pro;;1;0;1;0;;35;low;;0;;2026-04-22 02:35:05
2126060392;pokaifu^^;Qwqqqwqwqw5;andrewgiftschat;;1;0;0;0;;25;low;;0;;2026-04-22 02:35:05
2126305615;ㅤㅤ;;andrewgiftschat;;1;0;0;0;;10;low;skipped;0;2026-04-22 02:35:05;2026-04-22 02:35:05
2129000243;qwello;pitimq;andrewgiftschat;;1;0;0;0;;25;low;;0;;2026-04-22 02:35:05
2133943511;Денис;deniswedb;laravel_pro;;1;0;1;0;;35;low;;0;;2026-04-22 02:35:05
2134805748;👨🏻‍✈️ 𝒂𝒅𝒂𝒎𝒂𝒏𝒕𝒊𝒏𝒆𝒔𝒔𝒔༽ٖٖٜٖٖٜٖٜٖ 𝖆𝔣𝘬 #ＩＧＮＯＲＥ #ＣＡＬＭ #ＳＩＬＥＮＴ #ＨＯＮＥＳＴ;adamantinesss;andrewgiftschat;@good_biznesbot @temartembot @chatzarazabot @mine_evo_bot;1;57;1;0;;65;high;;0;;2026-04-22 02:35:05
2135163497;Mia;MiaRieya;python_ru;;1;0;1;0;;35;low;;0;;2026-04-22 02:35:05
2137117912;Виктория🖤;Viki123467;andrewgiftschat;Ᏼᴄё бᴇɜ ᴄᴧᴏʙ, ᴨᴏ ᴦᴧᴀɜᴀʍ ᴨᴏниʍᴀᴇᴛ – @Nastyushka123 💋;1;51;1;0;;65;high;;0;;2026-04-22 02:35:05
2140522969;Artemka;Dur0vmee;andrewgiftschat;;1;0;1;0;;35;low;;0;;2026-04-22 02:35:05
2141290628;алеха;allxqli;andrewgiftschat;,;1;1;1;0;;60;medium;;0;;2026-04-22 02:35:05
2145497087;PAVLO;biodynamist;laravel_pro;https://it-healer.com Целитель. Специалист по работе с подсознанием. Биодинамика.;1;81;1;0;;65;high;;0;;2026-04-22 02:35:05
5000962492;Xasist;Cinroving;andrewgiftschat;;1;0;1;0;;35;low;;0;;2026-04-22 02:35:05
5003225533;Fan_Topsy;Fan_TOPSY_YT;andrewgiftschat;🦋Лучший бот - https://t.me/felon_stars / @felonstars_bot;1;56;1;0;;65;high;;0;;2026-04-22 02:35:05
5005722649;Нефтевоз #Nexzon;NEXZON7;andrewgiftschat;Adygha way way;1;14;1;0;;60;medium;;0;;2026-04-22 02:35:05
5007005929;Gerasimenko Anastasia🐮;Dana_Bro;andrewgiftschat;Люблю Вику @vikkiitg 🥰😘❤️;1;25;1;0;;60;medium;;0;;2026-04-22 02:35:05
5007410981;Private;mnsrv22;laravel_pro;;1;0;0;0;;25;low;;0;;2026-04-22 02:35:05
5007681507;Руслан;neebikamnemozgi;andrewgiftschat;https://t.me/+dDB5CwRvlRM1MGZi;1;30;1;0;;60;medium;;0;;2026-04-22 02:35:05
5008319575;Ꮥ૮ᏗᏒᏗᎷᎧᏬ૮ᏂᏋ #611канон LoveMySun;ScarM3ow;andrewgiftschat;[🌃] – My sun @SunEat | — Я скучен до безобразия;1;47;1;0;;65;high;;0;;2026-04-22 02:35:05
5010198267;ℳ𝒾𝓀;Mikorcg;andrewgiftschat;Типо умный💼;1;11;1;0;;60;medium;;0;;2026-04-22 02:35:05
5013386203;Lumik;lumik_143;andrewgiftschat;;1;0;0;0;;25;low;;0;;2026-04-22 02:35:05
5016641049;ripsi;ripsio;andrewgiftschat;;1;0;1;0;;35;low;;0;;2026-04-22 02:35:05
5017500358;…;myrhila;tproger_chat;;1;0;1;0;;35;low;;0;;2026-04-22 02:35:05
5025251119;Sweet_zubachistka #СнфтОтИндиго;Zubachistka25;andrewgiftschat;Пы❤️ @AdvanceStars_Bot - первый игровой бот на телеграм звезды 🌟;1;64;1;0;;65;high;;0;;2026-04-22 02:35:05
5028937399;гниль;mafiaymb812;andrewgiftschat;;1;0;0;0;;25;low;;0;;2026-04-22 02:35:05
5029101570;Ёрик;Oltimik;andrewgiftschat;Ишак побольше. @meoruo1;1;23;1;0;;60;medium;;0;;2026-04-22 02:35:05
5029637095;akynu;cxtrAttack;andrewgiftschat;;1;0;1;0;;35;low;;0;;2026-04-22 02:35:05
5029879611;∞LV;QueenL8;andrewgiftschat;;1;0;0;0;;25;low;;0;;2026-04-22 02:35:05
5029989069;D.S.B;dsb0407;andrewgiftschat;;1;0;1;0;;35;low;;0;;2026-04-22 02:35:05
5030718575;лондон;smabbaba;andrewgiftschat;ты? tg://settings;1;17;1;0;;60;medium;;0;;2026-04-22 02:35:05
5032132738;marty;Agokija;laravel_pro;;1;0;1;0;;35;low;;0;;2026-04-22 02:35:05
5036559147;~_𝑆𝑙𝑎𝑣𝑎 𝐵𝑒𝑏𝑟𝑜𝑤_~;slavaytebiglazanajopi;andrewgiftschat;｡･:*:･ﾟ’☆когда герою тяжело, кто станет героем для него?｡･:*:･ﾟ’☆;1;65;1;0;;65;high;;0;;2026-04-22 02:35:05
5036609271;жир;zhir_day;andrewgiftschat;;1;0;1;0;;35;low;;0;;2026-04-22 02:35:05
5037293640;.;aphonicus;laravel_pro;;1;0;0;0;;25;low;;0;;2026-04-22 02:35:05
5037494743;︎;anon22n;andrewgiftschat;Тренера не играют http://t.me/voprosy?start=plhhp0;1;50;1;0;;65;high;;0;;2026-04-22 02:35:05
5038953300;𝐬𝐰𝐞𝐚𝐮𝐲𝐲;wxg0qw;andrewgiftschat;;1;0;0;0;;25;low;;0;;2026-04-22 02:35:05
5040753316;cottoc2021;cottoc2021;andrewgiftschat;http://t.me/anonaskbot?start=qfucuw4 ᠌ ᠌᠌ ᠌ ᠌ ᠌ ᠌ ᠌ᴬ ʸᵇᵃ ᵏᵒᵍᵈᵃ? Участн;1;70;1;0;;65;high;;0;;2026-04-22 02:35:05
5040802082;AeroAce;Aer0Ace;andrewgiftschat;я буквально декстер морган💀💀💀;1;29;1;0;;60;medium;;0;;2026-04-22 02:35:05
5041477871;Alan;;laravel_pro;;1;0;1;0;;20;low;skipped;0;2026-04-22 02:35:05;2026-04-22 02:35:05
5042226646;Бэд;netpishy;andrewgiftschat;в пизду🫥;1;8;1;0;;60;medium;;0;;2026-04-22 02:35:05
5043156233;удалённый аккаунт;zcxle;andrewgiftschat;;1;0;1;0;;35;low;;0;;2026-04-22 02:35:05
5045033843;Pelmeni🥟;Abcdefghicly;andrewgiftschat;https://t.me/duckearnbot?start=ref_5045033843;1;45;1;0;;65;high;;0;;2026-04-22 02:35:05
5047830960;;;rabota_chaty1;;1;0;0;0;;10;low;skipped;0;2026-04-22 02:35:05;2026-04-22 02:35:05
5048196619;𝙫𝙚𝙣𝙞𝙘;realyvenic;andrewgiftschat;;1;0;1;0;;35;low;;0;;2026-04-22 02:35:05
5048719796;Кашей не нанисс;zipzerw;andrewgiftschat;Горшков -пес!!Тушите Арсения!!Это мигель он мой теска классический жаб;1;70;1;0;;65;high;;0;;2026-04-22 02:35:05
5050788762;bandz;bandzei;andrewgiftschat;;1;0;1;0;;35;low;;0;;2026-04-22 02:35:05
5052984662;Музыка • Скачать видео • Поиск музыки;smusic2bot;andrewgiftschat;"Скачать видео ютуб, тикток, инстаграм, рутуб, вк, shazam

Реклама: @wonka888 @naxay ⚠️ СВЕРЯЙТЕ ЮЗЕРНЕЙМЫ!";1;106;1;0;;65;high;;0;;2026-04-22 02:35:05
5053391777;Nabadoon;;laravel_pro;;1;0;1;0;;20;low;skipped;0;2026-04-22 02:35:05;2026-04-22 02:35:05
5056452133;ㅤ;delwdd;andrewgiftschat;;1;0;0;0;;25;low;;0;;2026-04-22 02:35:05
5057140112;votDaL1n;Dybashtbl;andrewgiftschat;;1;0;1;0;;35;low;;0;;2026-04-22 02:35:05
5058236362;­;snoweyl;andrewgiftschat;***;1;3;1;0;;60;medium;;0;;2026-04-22 02:35:05
5058609520;kent KRUPA;Krupoderkin;andrewgiftschat;;1;0;1;0;;35;low;;0;;2026-04-22 02:35:05
5058859800;Максим;ex1ztr3n;andrewgiftschat;;1;0;1;0;;35;low;;0;;2026-04-22 02:35:05
5059003942;vokskela;vokskela;laravel_pro;;1;0;0;0;;25;low;;0;;2026-04-22 02:35:05
5059999509;Dark Fantazy | Ноябрь;Tycaq;andrewgiftschat;СКУПАЮ НФТ ПОДАРКИ ///////////////////// Мечта не всегда будет мечтой.;1;70;1;0;;65;high;;0;;2026-04-22 02:35:05
5060508316;Артём Стендофф;gyci74;andrewgiftschat;;1;0;0;0;;25;low;;0;;2026-04-22 02:35:05
5061044492;kfc;vviikk19;andrewgiftschat;;1;0;1;0;;35;low;;0;;2026-04-22 02:35:05
5062978008;Pac1fis7;pac1fis7;andrewgiftschat;You don’t even realise what you’re on about;1;43;1;0;;65;high;;0;;2026-04-22 02:35:05
5064716115;Nektos;Marikton3;andrewgiftschat;;1;0;1;0;;35;low;;0;;2026-04-22 02:35:05
5065951821;.;abcde1426;python_ru;;1;0;0;0;;25;low;;0;;2026-04-22 02:35:05
5066611073;ɪ'ᴍ sᴏʀʀʏ;zivdy;andrewgiftschat;;1;0;1;0;;35;low;;0;;2026-04-22 02:35:05
5068721959;ᅠ ᅠ;Allahxa;andrewgiftschat;;1;0;0;0;;25;low;;0;;2026-04-22 02:35:05
5070325090;Сельдерей;swsttr;andrewgiftschat;;1;0;0;0;;25;low;;0;;2026-04-22 02:35:05
5072174181;黑絨 VêllûtøNêrø;meowqxtsu;andrewgiftschat;@ch1quita5 | 🤍العالم يفقد ألوانه بدونك;1;38;1;0;;60;medium;;0;;2026-04-22 02:35:05
5075970585;містер крутий;lun0xz;andrewgiftschat;у моей охраны есть охрана;1;25;1;0;;60;medium;;0;;2026-04-22 02:35:05
5079036676;Особа под именем Denys;Denchik_UwU;andrewgiftschat;And every day's the f#ckin' same Yeah, we playin' a game;1;56;1;0;;65;high;;0;;2026-04-22 02:35:05
5079075919;клинкер;snafken;andrewgiftschat;https://t.me/solebot764;1;23;1;0;;60;medium;;0;;2026-04-22 02:35:05
5079359168;Manjiro;Sano_Manjuro;andrewgiftschat;Кому оно нужно?;1;15;1;0;;60;medium;;0;;2026-04-22 02:35:05
5080314326;𝘇 𐰁 ₊˚𝐥𝐚𝐦𝐢_𝐳𝐚𝐦𝐢✧˚₊‧;lami_zami;andrewgiftschat;Назойливому трепу с утра. Я самый непослушный, ведь у меня наушники @repptuk Ꮖ ᴛry ᴛᴏ ᴄᴀll yᴏu ᴇvᴇrydᴀy;1;103;1;0;;65;high;;0;;2026-04-22 02:35:05
5082438145;Алексей;AlexSile9t;laravel_pro;;1;0;1;0;;35;low;;0;;2026-04-22 02:35:05
5084896033;Виталий;;python_ru;;1;0;0;0;;10;low;skipped;0;2026-04-22 02:35:05;2026-04-22 02:35:05
5085452812;ㅤ|||;maliluy;andrewgiftschat;-ты ждёшь звонка день изо дня..;1;31;1;0;;60;medium;;0;;2026-04-22 02:35:05
5085813038;Ivan;focusin_g;laravel_pro;;1;0;1;0;;35;low;;0;;2026-04-22 02:35:05
5087290029;Artem Dev;artemeeey;laravel_pro;web developer;1;13;1;0;;60;medium;;0;;2026-04-22 02:35:05
5087783428;ㅤ;;andrewgiftschat;;1;0;1;0;;20;low;skipped;0;2026-04-22 02:35:05;2026-04-22 02:35:05
5090906328;няш;zombieg4rl;andrewgiftschat;;1;0;1;0;;35;low;;0;;2026-04-22 02:35:05
5091376948;𝒑𝒊𝒏𝒌𝒊𝒆 𝒑𝒊𝒆🧸🎀;Ostwind_Love01;andrewgiftschat;-Если хочешь плакать то я буду плакать тоже!🎀@Sab1352 .За пиар буду банить;1;74;1;0;;65;high;;0;;2026-04-22 02:35:05
5094236966;Isa! 🪖 [伊萨];IsaLiu17;andrewgiftschat;Шизоид -3² [Я НЕНАВИЖУ ЧАРЛЬЗА] Шарлотку люблю!! НЕТАНЬЯХ СЛЕДИТ;1;64;1;0;;65;high;;0;;2026-04-22 02:35:05
5094718147;🐶🦴V.G.A;Climatoshi;andrewgiftschat;;1;0;1;0;;35;low;;0;;2026-04-22 02:35:05
5098791009;леха;swaihi_lw;andrewgiftschat;але-але, алеха гаваи;1;20;1;0;;60;medium;;0;;2026-04-22 02:35:05
5101002163;Женька-котейка;Zh_koteyka;andrewgiftschat;https://t.me/starsy_zarabotox_bot?start=5101002163;1;50;1;0;;65;high;;0;;2026-04-22 02:35:05
5103820158;♱caaskiis;tiskski;andrewgiftschat;-think i'll miss you forever @mariaxtiq @zimusav;1;48;1;0;;65;high;;0;;2026-04-22 02:35:05
5105653036;Илья;;python_ru;;1;0;1;0;;20;low;skipped;0;2026-04-22 02:35:05;2026-04-22 02:35:05
5105777856;zervais;zerzeriz;andrewgiftschat;такой тяжёлый жень, давай уснём, чтобы он кончился. 🔥💋 @kissnnu;1;63;1;0;;65;high;;0;;2026-04-22 02:35:05
5106324199;Antonov';;laravel_pro;;1;0;1;0;;20;low;skipped;0;2026-04-22 02:35:05;2026-04-22 02:35:05
5106753003;Роман;RaMoN_92;andrewgiftschat;;1;0;1;0;;35;low;;0;;2026-04-22 02:35:05
5107276905;;;rabota_chaty1;;1;0;0;0;;10;low;skipped;0;2026-04-22 02:35:05;2026-04-22 02:35:05
5107364029;kristinaa;kriss_arr;andrewgiftschat;;1;0;0;0;;25;low;;0;;2026-04-22 02:35:05
5112321746;Тесла;dbmm13;andrewgiftschat;;1;0;1;0;;35;low;;0;;2026-04-22 02:35:05
5113079459;schwab;g4123ddas;laravel_pro;;1;0;0;0;;25;low;;0;;2026-04-22 02:35:05
5113491567;Pablo;Pablospl;tproger_chat;Гр.Об;1;5;1;0;;60;medium;;0;;2026-04-22 02:35:05
5115714317;dilya;dilmaay;andrewgiftschat;;1;0;1;0;;35;low;;0;;2026-04-22 02:35:05
5116152975;.;chitos252;andrewgiftschat;;1;0;0;0;;25;low;;0;;2026-04-22 02:35:05
5116450936;Саша;Salli_098;rabota_chaty1;;1;0;1;0;;35;low;;0;;2026-04-22 02:35:05
5118631839;︎ ︎ ︎2248 #хх;PoplPo6;andrewgiftschat;;1;0;0;0;;25;low;;0;;2026-04-22 02:35:05
5119306377;💎𝐌𝐢𝐤𝐡𝐚𝐢𝐥 крутой💎(100+ отз.)🅣🅖;Blade_ball12;andrewgiftschat;Пж не спамьте когда я вам не отвечаю😢😢 @blagorodnyyi;1;52;1;0;;65;high;;0;;2026-04-22 02:35:05
5119389067;АВУИ#трас;VXXIIIXXV;andrewgiftschat;#Lif @afttek лучший;1;19;0;0;;50;medium;;0;;2026-04-22 02:35:05
5120033252;Ρουσλάν;Komov76;andrewgiftschat;https://t.me/KomovAdapter - адаптер и навигация.;1;48;1;0;;65;high;;0;;2026-04-22 02:35:05
5121549601;ᴩуᴄᴧᴀнᴏчᴋᴀ;rusveex;andrewgiftschat;🤍🤍🤍;1;3;1;0;;60;medium;;0;;2026-04-22 02:35:05
5122207884;Іван Разін;;laravel_pro;;1;0;0;0;;10;low;skipped;0;2026-04-22 02:35:05;2026-04-22 02:35:05
5122630152;Андрей;AndreyIzotov27;laravel_pro;;1;0;0;0;;25;low;;0;;2026-04-22 02:35:05
5124169377;В@н1ⲗьⲏыύ ⲇⲿⲟⲏⲭⲁⲏ˖ ࣪⊹;CookieJeonghan;andrewgiftschat;;1;0;1;0;;35;low;;0;;2026-04-22 02:35:05
5125790865;SonniKolya;SonniKolyaa;andrewgiftschat;.;1;1;1;0;;60;medium;;0;;2026-04-22 02:35:05
5126163303;Vkst;domanvik;andrewgiftschat;;1;0;1;0;;35;low;;0;;2026-04-22 02:35:05
5128274170;Грусноглазка🐉;me_Martyshka_S;andrewgiftschat;21:31 СССРК💘 Х🛐;1;15;1;0;;60;medium;;0;;2026-04-22 02:35:05
5129673001;-_𝓯𝓮𝓭𝔂𝓪𝓪_𝓼𝓱𝓰𝓼𝓱_-;JlyChIIIui;andrewgiftschat;-Быть плохим примером в тысячу раз пизже @DZT_80;1;48;0;0;;55;medium;;0;;2026-04-22 02:35:05
5129790756;алюля;myr_mua01;andrewgiftschat;;1;0;1;0;;35;low;;0;;2026-04-22 02:35:05
5130152764;frigoxD;frigoxD;andrewgiftschat;;1;0;1;0;;35;low;;0;;2026-04-22 02:35:05
5132332111;TᗩᑭKᗩ XD;tapkaXD;andrewgiftschat;нежна как кактус✨;1;17;1;0;;60;medium;;0;;2026-04-22 02:35:05
5133660757;[be];be_20_5;andrewgiftschat;;1;0;1;0;;35;low;;0;;2026-04-22 02:35:05
5134611906;maryy♰🫦#mf;maryy_101;andrewgiftschat;знаешь, @syshka01, не передать словами то, как я люблю тебя!❤️‍🔥;1;64;1;0;;65;high;;0;;2026-04-22 02:35:05
5134756124;momaro;momaro0;andrewgiftschat;Хазе чо тут писать;1;18;1;0;;60;medium;;0;;2026-04-22 02:35:05
5138200782;Sqwezzy;idsqwezzy;andrewgiftschat;@adaptersqwezzy;1;15;1;0;;60;medium;;0;;2026-04-22 02:35:05
5138950582;которег;rus_dossier;andrewgiftschat;следую @adapterofcounter | @cctadapter | @kotoreg_playlist | User @liq_skm;1;74;1;0;;65;high;;0;;2026-04-22 02:35:05
5142663558;James_Hardline🌸🌸🌸;James_Hardline;andrewgiftschat;;1;0;1;0;;35;low;;0;;2026-04-22 02:35:05
5143089831;Давид;Mahashkalaq;andrewgiftschat;🇲🇽🦅;1;3;1;0;;60;medium;;0;;2026-04-22 02:35:05
5144271852;⤷ ゛ɕ℮ 𝗿̤͛𝗮ׄ͜.p̷ꭎ𝆹𝅥ˎˊ˗ദ്ദി◝ ⩊ ◜.ᐟ.;wizixqesera;andrewgiftschat;♡̶ ⸼ ࣪ # ꤀ꤍተꤌ𐌻ꤌꤍ𑀨 ꤒγӄꤐખ ꤐ მ꤀ӄγ𐌼ꤕઞተꤌ𑀋 ઞꤌ ꤍપꤕተꤌ𑀋 @heedwe @lamnnaaa;1;64;1;0;;65;high;;0;;2026-04-22 02:35:05
5145893659;Dead glmbeidhd B2ZE;VpikeFLUK;andrewgiftschat;Винтрейд n1 хижина|@NEWMMKINGS;1;30;1;0;;60;medium;;0;;2026-04-22 02:35:05
5146482666;M;;laravel_pro;;1;0;1;0;;20;low;skipped;0;2026-04-22 02:35:05;2026-04-22 02:35:05
5146974856;СТЕКЛОВАТАААА;Bobrcurva5423;andrewgiftschat;Я купался в стекловате;1;22;1;0;;60;medium;;0;;2026-04-22 02:35:05
5147011808;Æ;worfekk;andrewgiftschat;ᴇ᥎ᴇry ᴛiʍᴇ Ꮖ ᴛɦiᥒᴋ ᴀʙᴏᥙᴛ yᴏᥙ🙇🏻‍♀️;1;33;1;0;;60;medium;;0;;2026-04-22 02:35:05
5148644752;Александра;;tproger_chat;;1;0;0;0;;10;low;skipped;0;2026-04-22 02:35:05;2026-04-22 02:35:05
5149870111;ilsandmfff;M3rs2;andrewgiftschat;Деф @tydaom;1;11;0;0;;50;medium;;0;;2026-04-22 02:35:05
5150085060;Bic;BICBEN8;rabota_chaty1;;1;0;1;0;;35;low;;0;;2026-04-22 02:35:05
5150764824;ℙℝ𝕆𝕂𝔸ℤℕ𝕀𝕂®;PROKAZN1K_OR1G;andrewgiftschat;http://t.me/SecretPoslaniyaBot?start=XJxHaeju;1;45;1;0;;65;high;;0;;2026-04-22 02:35:05
5151381894;Romag;Rhokin;andrewgiftschat;;1;0;1;0;;35;low;;0;;2026-04-22 02:35:05
5154745020;Есеня;sesunya;andrewgiftschat;;1;0;1;0;;35;low;;0;;2026-04-22 02:35:05
5155838690;Илья;Web_dev0307;laravel_pro;Ты моя единственная любовь ❤️ anutaaaa_b♥️;1;42;0;0;;55;medium;;0;;2026-04-22 02:35:05
5156271039;🐶;xdpptt;andrewgiftschat;;1;0;0;0;;25;low;;0;;2026-04-22 02:35:05
5157624222;❝ ❞Ⲏⲉ Ⲁⲏⲅⲉⲗ✸ #44;ZOIPT;andrewgiftschat;《ответь мне милая,сердце может разбиться,если оно не бьётся?》;1;61;1;0;;65;high;;0;;2026-04-22 02:35:05
5160119137;52;;andrewgiftschat;;1;0;1;0;;20;low;skipped;0;2026-04-22 02:35:05;2026-04-22 02:35:05
5162274641;VIDOK;;python_ru;;1;0;0;0;;10;low;skipped;0;2026-04-22 02:35:05;2026-04-22 02:35:05
5163093435;Басик;Zavozula;andrewgiftschat;http://t.me/anonaskbot?start=hibub;1;34;1;0;;60;medium;;0;;2026-04-22 02:35:05
5163295712;ОУКС;Fanat_Cska_Moscow;andrewgiftschat;Нам не нужен Fan id;1;19;1;0;;60;medium;;0;;2026-04-22 02:35:05
5164361932;антон;dezomorfiiiin;andrewgiftschat;;1;0;1;0;;35;low;;0;;2026-04-22 02:35:05
5165439247;ZOomtq;zoomtq;andrewgiftschat;💎;1;1;1;0;;60;medium;;0;;2026-04-22 02:35:05
5171282213;je t'aime;satistactk_fulcro;andrewgiftschat;15:26 :: ♡゙ что отличает птицу от летучей мыши? `` 🐈 | инфо:: @ve1nfo;1;69;1;0;;65;high;;0;;2026-04-22 02:35:05
5173316643;𝐬𝐚𝐯𝐚𝐞𝐯𝐯;savaevv;andrewgiftschat;Птицей гермеса меня называют, свои крилья пожирая, сам себя я укрощаю🗽;1;70;1;0;;65;high;;0;;2026-04-22 02:35:05
5174897918;dnipl;Dnipl;andrewgiftschat;;1;0;0;0;;25;low;;0;;2026-04-22 02:35:05
5176172510;◭ᴧиʍ ⁴⁶⁰⁺ rᴇws◮ · Скуп;;andrewgiftschat;🇬🇧𝑾𝒆𝒍𝒄𝒐𝒎𝒆| · 𝗮𝗱𝗮𝗽𝘁𝗲𝗿 - [@bioLimTeg] 450+ 𝗿𝗲𝘃𝗶𝗲𝘄𝘀 - [@reputationLim] 𝘀𝘁𝗮𝘇𝗵𝗲𝗿𝘆 - [@stajerilim] 𝘀𝗽𝗮𝗺𝗯𝗹𝗼𝗰𝗸 - [@LimtegSpamBot] 𝒓𝒖𝒄𝒉 - 8000₽;1;134;1;0;;55;medium;skipped;0;2026-04-22 02:35:05;2026-04-22 02:35:05
5179329193;fiksir;ali_ksir;andrewgiftschat;;1;0;1;0;;35;low;;0;;2026-04-22 02:35:05
5180376740;#𝙈𝘼𝙁𝘼𝘼 ꩜๋࣭;Aza_qwu;andrewgiftschat;@XLSuerki0 ᛝ – ᥴᥱκунд ʙ ⲙᥙнуᴛᥱ κᥲᤋᥲ᧘᧐ᥴь ᴛᥲκ ⲙᥲ᧘᧐ ᝰ;1;50;1;0;;65;high;;0;;2026-04-22 02:35:05
5180902596;dababii✈️LAMBO;dababy301;andrewgiftschat;Заработок - https://t.me/MakeReviewsBot?start=ref5180902596;1;59;1;0;;65;high;;0;;2026-04-22 02:35:05
5181938296;Oreo;Oreoo42;andrewgiftschat;– ɪ ᴅᴏɴ'ᴛ ᴡᴀɴɴᴀ ʟᴇᴀᴠᴇ ʏᴏᴜ ᴏᴜᴛ ʜᴇʀᴇ ɪɴ ᴛʜᴇ ᴏᴘᴇɴ @JivyVLecy;1;57;1;0;;65;high;;0;;2026-04-22 02:35:05
5184086584;꧁⁣༒𓆩ЧЕБУПЕЛЬКА༒ ツ;Mr_vanilla001;andrewgiftschat;ᔑᗜᘻᙓ੮iᘻᙓᔑ Ꙇ ᒍᕞᔑ੮ ᙎᗣᙁᙁᗣ ᙖᙓ ᕼᗣᖘᖘᖿ ᔑᗜᘻᙓ੮iᘻᙓᔑ Ꙇ ᒍᕞᔑ੮ ᙎᗣᙁᙁᗣ ᙖᙓ ᕼᗣᖘᖘᖿ;1;63;1;0;;65;high;;0;;2026-04-22 02:35:05
5185357073;Neko;Neko_Nakapte;andrewgiftschat;Visca el barca visca el catalunya💙❤️;1;36;1;0;;60;medium;;0;;2026-04-22 02:35:05
5186509451;ἰῶταˆ𐃷ˆ;yuiq0u;andrewgiftschat;–どんな夜でも、必ず朝が来る.🪷;1;16;1;0;;60;medium;;0;;2026-04-22 02:35:05
5188285024;•;sv1dein;andrewgiftschat;;1;0;0;0;;25;low;;0;;2026-04-22 02:35:05
5189153165;София;;andrewgiftschat;;1;0;1;0;;20;low;skipped;0;2026-04-22 02:35:05;2026-04-22 02:35:05
5190269223;hh²²;hinters52;andrewgiftschat;;1;0;1;0;;35;low;;0;;2026-04-22 02:35:05
5192757200;hook;etozhehook;laravel_pro;;1;0;0;0;;25;low;;0;;2026-04-22 02:35:05
5193132701;Андрей❤;Annddreyy;andrewgiftschat;;1;0;1;0;;35;low;;0;;2026-04-22 02:35:05
5193726220;(!?) ᨳ Насят ദ 🎀;Nasyjat;andrewgiftschat;Что может быть хуже чем откусить яблоко и найти внутри червяка? Хал...;1;70;1;0;;65;high;;0;;2026-04-22 02:35:05
5196711451;Temp;;python_ru;;1;0;0;0;;10;low;skipped;0;2026-04-22 02:35:05;2026-04-22 02:35:05
5196824878;ludoman;Iud1k;andrewgiftschat;;1;0;1;0;;35;low;;0;;2026-04-22 02:35:05
5198598802;˓˒ @ 𝑝𝑟𝑖𝑛͟͟𝑐͟͟𝑒͟͟𝑠𝑠 𝑠𝑒𝑦̶̶𝑜𝐦𝐢.;dollsheartie;andrewgiftschat;݂ ㅤ› ㅤ ㅤㅤ𖫲ㅤㅤ𝔀𝔀.ㅤ な⁝ㅤ 𓌔ׅㅤ﹫𝓲𝗋𝗅 𝗆𝐢𝗓𝗎𝗄𝗂 ⠘𝗆𝗂͟͟𝗓͟͟𝗎͟͟𝗄𝗂 𝗄𝗂𝗌𝐬𝖾𝗋‌ִ⃔ ♡. @irlestakiyama ㅤ ︶ㅤㅤㅤㅤ @mizukiskittyㅤ ִ↝ 𝗐𝗂𝗇'𝗌;1;109;1;0;;65;high;;0;;2026-04-22 02:35:05
5198877999;пень. 🤪;peniok92;andrewgiftschat;:: — ты шлюха, бе 😛 @rockws |•| жизнь одна, дота два, папа три.. 🥲;1;66;1;0;;65;high;;0;;2026-04-22 02:35:05
5199172485;ⲙ𑄝ня ！ ˓ ♡゙ ;;andrewgiftschat;— 君のような人には今まで出会ったことがなかった @vikuuoy ᡣ𐭩;1;36;1;0;;45;medium;skipped;0;2026-04-22 02:35:05;2026-04-22 02:35:05
5201002443;♣️dimzeex♣️;Warreori;andrewgiftschat;-Два дебила @FIRE_THE_HOLE;1;26;1;0;;60;medium;;0;;2026-04-22 02:35:05
5203499027;Egor;M0narch5;andrewgiftschat;| Деф @gmailcwex| нн;1;20;1;0;;60;medium;;0;;2026-04-22 02:35:05
5206584903;𝙍𝙖𝙞𝙜𝙝𝙩;Raight_1;andrewgiftschat;;1;0;1;0;;35;low;;0;;2026-04-22 02:35:05
5207431625;ʍᴀнᴦyᴄᴛ.;Am0lol33;andrewgiftschat;§:: ʙᴇдь ʙʍᴇᴄᴛᴇ ᴄ ϶ᴛиʍ дыʍᴏʍ, ʍы нᴇ ʙдыхᴀᴇʍ жиɜнь.📸 @Fee4ka_blym;1;64;1;0;;65;high;;0;;2026-04-22 02:35:05
5207837464;Сергей;sergey_140211;andrewgiftschat;;1;0;1;0;;35;low;;0;;2026-04-22 02:35:05
5210540404;𝕀𝕝𝕪𝕒;IlyaTrohov;andrewgiftschat;;1;0;0;0;;25;low;;0;;2026-04-22 02:35:05
5212010471;Арслан;Arslan230812;andrewgiftschat;;1;0;1;0;;35;low;;0;;2026-04-22 02:35:05
5214149615;Oksxwz;Oksxwk;andrewgiftschat;6 @Casey_kaka;1;13;1;0;;60;medium;;0;;2026-04-22 02:35:05
5215754222;Xizm;Xizmik;andrewgiftschat;Угрозы - чс мне все равно;1;25;1;0;;60;medium;;0;;2026-04-22 02:35:05
5216244304;соня 🆒👅;ksstmw;andrewgiftschat;;1;0;1;0;;35;low;;0;;2026-04-22 02:35:05
5217676901;Storm;sarvarphp;laravel_pro;;1;0;0;0;;25;low;;0;;2026-04-22 02:35:05
5221223034;;;rabota_chaty1;;1;0;0;0;;10;low;skipped;0;2026-04-22 02:35:05;2026-04-22 02:35:05
5222144428;tr1x;ex1iaz;andrewgiftschat;Я не спал уже два года. Это плохо, это много;1;44;1;0;;65;high;;0;;2026-04-22 02:35:05
5222241948;TABLETKA;sNoTv0rN0E;andrewgiftschat;;1;0;1;0;;35;low;;0;;2026-04-22 02:35:05
5224717160;ℑ𝔪𝔞𝔫𝔬𝔳𝔞💋;Imanova_D;andrewgiftschat;𝔐𝔢𝔪𝔬𝔯𝔦𝔢𝔰 𝔫𝔢𝔳𝔢𝔯 𝔡𝔦𝔢;1;18;1;0;;60;medium;;0;;2026-04-22 02:35:05
5227403363;сашааш;yumpix;andrewgiftschat;;1;0;0;0;;25;low;;0;;2026-04-22 02:35:05
5229365540;lalataf;lalataf;andrewgiftschat;ILD 1455 у кого аниме на аве тот даун хуесос конченый тупорылый;1;63;1;0;;65;high;;0;;2026-04-22 02:35:05
5230957278;Илюха;Ilyha0101;andrewgiftschat;В долг кого не знаю не даю.;1;27;1;0;;60;medium;;0;;2026-04-22 02:35:05
5231619781;Yukazo;useryukazo;andrewgiftschat;;1;0;0;0;;25;low;;0;;2026-04-22 02:35:05
5232690861;Qwerty;Chupacabra_02;andrewgiftschat;LOLOLOLOLO (о´∀`о) @Marryif;1;27;1;0;;60;medium;;0;;2026-04-22 02:35:05
5233042352;саша;sasqalx;andrewgiftschat;;1;0;0;0;;25;low;;0;;2026-04-22 02:35:05
5235255376;Alim;Alimich568;andrewgiftschat;Кушай финики;1;12;1;0;;60;medium;;0;;2026-04-22 02:35:05
5235415922;Ilias;anbelivebl;laravel_pro;;1;0;1;0;;35;low;;0;;2026-04-22 02:35:05
5235493193;Тимур;taimer1000;andrewgiftschat;;1;0;0;0;;25;low;;0;;2026-04-22 02:35:05
5235745957;Midnight #giftmid #midnice #milove #cls;Midnightnet;andrewgiftschat;0QBAB3No7TOPfjwp78L5yzzedG-1ODE4WeyV48O4aN-nNnOF помогаю нуждающим;1;66;0;0;;55;medium;;0;;2026-04-22 02:35:05
5238115081;𝔇𝔞𝔰𝔥𝔞;dwwshz190;andrewgiftschat;ㅤㅤ;1;2;1;0;;60;medium;;0;;2026-04-22 02:35:05
5238503884;PresTON_bad);Prestonbad_P;andrewgiftschat;;1;0;1;0;;35;low;;0;;2026-04-22 02:35:05
5241617312;A.n.d.r.e.у;darkrisen1;andrewgiftschat;;1;0;0;0;;25;low;;0;;2026-04-22 02:35:05
5241887103;xx¡lidd;xxliddd;andrewgiftschat;https://t.me/xxlidddd;1;21;1;0;;60;medium;;0;;2026-04-22 02:35:05
5242974588;артем #шеф;jirok_123;andrewgiftschat;;1;0;1;0;;35;low;;0;;2026-04-22 02:35:05
5243799530;Faizy;Faizy68;andrewgiftschat;;1;0;0;0;;25;low;;0;;2026-04-22 02:35:05
5244352818;Bloody;rakuzan_arsen;andrewgiftschat;Louse;1;5;1;0;;60;medium;;0;;2026-04-22 02:35:05
5247691674;mer;mersiambeya;andrewgiftschat;Воч демо;1;8;1;0;;60;medium;;0;;2026-04-22 02:35:05
5249157223;Alta 𓆩 𓆪;Topor113;andrewgiftschat;make me a glock glock please, @gminesbot;1;40;1;0;;65;high;;0;;2026-04-22 02:35:05
5250554218;he1stq;;andrewgiftschat;;1;0;1;0;;20;low;skipped;0;2026-04-22 02:35:05;2026-04-22 02:35:05
5255290735;pennyw1se 𝟏𝟏:𝟏𝟏;k1shlak_1111;andrewgiftschat;I'll kill myself soon, sorry;1;28;0;0;;50;medium;;0;;2026-04-22 02:35:05
5256174580;Combinate #MrFreeman;GGmyth;python_ru;Join the Freeman Cult! @nosignalgohome @nkkmnk;1;46;1;0;;65;high;;0;;2026-04-22 02:35:05
5257103299;ксюша;brattixx;andrewgiftschat;;1;0;0;0;;25;low;;0;;2026-04-22 02:35:05
5258272837;Ариша;arshkkkn;andrewgiftschat;В твоей голове притворюсь мыслями, только мысли могут что-то поменять;1;69;1;0;;65;high;;0;;2026-04-22 02:35:05
5259578229;аникс;ank_123;andrewgiftschat;;1;0;0;0;;25;low;;0;;2026-04-22 02:35:05
5262068607;🤵‍♂️浓郁的梨;;andrewgiftschat;;1;0;1;0;;20;low;skipped;0;2026-04-22 02:35:05;2026-04-22 02:35:05
5262219697;White1314;White131411;andrewgiftschat;;1;0;1;0;;35;low;;0;;2026-04-22 02:35:05
5263505823;Danil 🗣️🤙;TrudnoBeKM;andrewgiftschat;80% of success is showing up in the right place at the right time.🫥🍾;1;68;1;0;;65;high;;0;;2026-04-22 02:35:05
5264518549;;;rabota_chaty1;;1;0;0;0;;10;low;skipped;0;2026-04-22 02:35:05;2026-04-22 02:35:05
5265763934;٠;yuniiixq;andrewgiftschat;;1;0;1;0;;35;low;;0;;2026-04-22 02:35:05
5266615788;Elin;Elennrt6;laravel_pro;⚠️ Warning: Many users reported this account as a scam or a fake account. Please be careful, especially if it asks you for money.;1;129;1;0;;70;high;;0;;2026-04-22 02:35:05
5268246674;златка;Fallvx;andrewgiftschat;-ᴨᴏжᴀᴧуйᴄᴛᴀ,нᴇ уʍиᴩᴀй иᴧи ʍнᴇ ᴨᴩидёᴛᴄя ᴛᴏжᴇ @colziklp;1;53;1;0;;65;high;;0;;2026-04-22 02:35:05
5269236115;Катосик;catholic_1234;andrewgiftschat;;1;0;1;0;;35;low;;0;;2026-04-22 02:35:05
5269909156;𝓭𝓪𝓻𝓲𝓷𝓴𝓪𝓪;axswvv;andrewgiftschat;meow;1;4;1;0;;60;medium;;0;;2026-04-22 02:35:05
5270066632;ᶻ 𝘇 𐰁 tube😈🎮▐⧯]ᡃ⃝ᡃ⃝ᡃ⃝ᡃ⃝ᡃ⃝ᡃ⃝ᡃ⃝ᡃ⃝ᡃ⃝ᡃ⃝ᡃ⃝ᡃ⃝ᡃ⃝ᡃ⃝ᡃ;sqw1x;andrewgiftschat;;1;0;1;0;;35;low;;0;;2026-04-22 02:35:05
5270091884;n33xy;n33xy;andrewgiftschat;Ищешь где можно продать/купить apple технику? Тогда тебе сюда — @devicen33xy;1;76;1;0;;65;high;;0;;2026-04-22 02:35:05
5274002785;Hritanchik👾;Kresapsxxx;andrewgiftschat;Здарова братва;1;14;1;0;;60;medium;;0;;2026-04-22 02:35:05
5274029353;;;tproger_chat;;1;0;0;0;;10;low;skipped;0;2026-04-22 02:35:05;2026-04-22 02:35:05
5274892528;Tatiana;zim1705;laravel_pro;Backend php/go/js/ts;1;20;1;0;;60;medium;;0;;2026-04-22 02:35:05
5275381935;Huseyn;HJavaDle2;laravel_pro;Ölsəm bağışla.;1;14;1;0;;60;medium;;0;;2026-04-22 02:35:05
5276563527;киса куку;sikenq;andrewgiftschat;;1;0;1;0;;35;low;;0;;2026-04-22 02:35:05
5277068272;Crazes;Crazes0;andrewgiftschat;No bio yet;1;10;0;0;;50;medium;;0;;2026-04-22 02:35:05
5277185959;Сахар Магадан;i_skazal_net;andrewgiftschat;Кари Неаполь, Перец Кострома def by @crow #号混蛋1;1;47;1;0;;65;high;;0;;2026-04-22 02:35:05
5277810080;Ваня;CKAMMAMOHTENKA;andrewgiftschat;;1;0;1;0;;35;low;;0;;2026-04-22 02:35:05
5278111420;хизех;xixix0_0;andrewgiftschat;;1;0;1;0;;35;low;;0;;2026-04-22 02:35:05
5280064783;❌⭕ЧУ И СТРЕЛЯЮ💥💥;PYCCKUU_3HAK;andrewgiftschat;▷ Ⅱ ─◉───── Memento mori 41:42;1;30;0;0;;50;medium;;0;;2026-04-22 02:35:05
5283183521;𝑎𝑛𝑟𝑖/мелкаяに;aqweoooixqq;andrewgiftschat;-think I'll miss you forever @c2reatures 🫂💞;1;43;1;0;;65;high;;0;;2026-04-22 02:35:05
5283245175;Telek;telek62;andrewgiftschat;¯\_(ツ)_/¯;1;9;1;0;;60;medium;;0;;2026-04-22 02:35:05
5284385513;brok3 🇬🇪#33;br0k3e;andrewgiftschat;+888 (48)76 4332;1;16;1;0;;60;medium;;0;;2026-04-22 02:35:05
5284592991;хаё #чайтопˣʸᵘʰ;tea4ka;andrewgiftschat;@postergirlxd @cauka_x33 @nipsoo @fijkrv @cute_zhou люблю // @hayotgk;1;69;1;0;;65;high;;0;;2026-04-22 02:35:05
5286467122;.;KR44_44;andrewgiftschat;;1;0;1;0;;35;low;;0;;2026-04-22 02:35:05
5287486646;Aidana;aidana_amirtay;laravel_pro;;1;0;1;0;;35;low;;0;;2026-04-22 02:35:05
5288040023;Himanshu;;rabota_chaty1;;1;0;1;0;;20;low;skipped;0;2026-04-22 02:35:05;2026-04-22 02:35:05
5289669273;ማጂክ ቺክህን ሲወስድ በጣም ያሳዝናል።;Werter_tyrk;andrewgiftschat;;1;0;1;0;;35;low;;0;;2026-04-22 02:35:05
5289781746;Михаил;M1SS8D;laravel_pro;;1;0;1;0;;35;low;;0;;2026-04-22 02:35:05
5290885423;𝚜𝚑𝚊𝚍𝚘𝚠𝚜;shizzyw;andrewgiftschat;平安是福;1;4;1;0;;60;medium;;0;;2026-04-22 02:35:05
5291625829;Andrusha;andrushoe;andrewgiftschat;Все бананы в апельсинах;1;23;1;0;;60;medium;;0;;2026-04-22 02:35:05
5295748732;𝚂𝙷𝙸𝙽𝙴;;andrewgiftschat;...Ꮶᴀᴋ ʙ дᴇᴛᴄᴛʙᴇ, ᴄнᴇжинᴋᴀ, ᴧᴇᴛи-ᴧᴇᴛи, чᴛᴏбы ᴨᴏйʍᴀᴛь ʙ ᴧᴀдᴏнь...;1;64;1;0;;50;medium;skipped;0;2026-04-22 02:35:05;2026-04-22 02:35:05
5297089451;багожник;siduiaa;andrewgiftschat;пачка сигарет в моем кармане...;1;31;1;0;;60;medium;;0;;2026-04-22 02:35:05
5298363761;shinori #r9;;andrewgiftschat;;1;0;1;0;;20;low;skipped;0;2026-04-22 02:35:05;2026-04-22 02:35:05
5299749733;𝙅𝙖𝙣𝙚;anggggelok;andrewgiftschat;Оᴄᴛᴀᴧиᴄь буᴋʙы ʙ дᴏᴋуʍᴇнᴛᴀх, нᴀ ᴄчᴇᴛᴀх @o0_777_0o // 😳😳😳⚠️⚠️⚠️⚠️Опа! Где то я уже видел этот КОММЕНТ! 😏😏@dabllekill;1;115;1;0;;65;high;;0;;2026-04-22 02:35:05
5304863322;.........;skammaster;rabota_chaty1;;1;0;1;0;;35;low;;0;;2026-04-22 02:35:05
5305654480;лан;lana1n;andrewgiftschat;NFT is not for sale;1;19;0;0;;50;medium;;0;;2026-04-22 02:35:05
5306227190;Наталина;baskDominium;andrewgiftschat;;1;0;1;0;;35;low;;0;;2026-04-22 02:35:05
5309154296;Артём;Chiburgol235;andrewgiftschat;мои парни @nasckdb @Gardex_69 @Foggy_Mercenary❤️❤️❤️;1;52;1;0;;65;high;;0;;2026-04-22 02:35:05
5309757470;агуша;Agysha2;andrewgiftschat;https://t.me/patrickstarsrobot?start=5309757470;1;47;1;0;;65;high;;0;;2026-04-22 02:35:05
5310789981;дашка;kittwdrr;andrewgiftschat;stay with me;1;12;1;0;;60;medium;;0;;2026-04-22 02:35:05
5313143722;Арбузик;felix_3987;andrewgiftschat;;1;0;1;0;;35;low;;0;;2026-04-22 02:35:05
5315424766;heavy rain romantic;noireko;andrewgiftschat;;1;0;0;0;;25;low;;0;;2026-04-22 02:35:05
5316693061;V;unknowwwnnn666;laravel_pro;beni oldürmeden kurtuluş yok;1;28;1;0;;60;medium;;0;;2026-04-22 02:35:05
5316784840;S;Serebrova666;andrewgiftschat;;1;0;1;0;;35;low;;0;;2026-04-22 02:35:05
5321305648;∘₊✧─𝔰𝔥𝔞𝔫𝔱𝔦 ─✧₊∘#aeta#𝕝𝕪𝕟#𝕘𝕚𝕥𝕝𝕖𝕣#𝒩𝒶𝒾𝒾𝒾𝓇𝓎#𝒓𝒊𝒔𝒉𝒂;sh4nti3_kai;andrewgiftschat;《My god, My Universe『 @l8ues @free52j 』》;1;40;1;0;;65;high;;0;;2026-04-22 02:35:05
5323963233;Vraj;;python_ru;;1;0;0;0;;10;low;skipped;0;2026-04-22 02:35:05;2026-04-22 02:35:05
5325364344;fushiguro.;Fushiguro_228;andrewgiftschat;;1;0;1;0;;35;low;;0;;2026-04-22 02:35:05
5325844323;n;nanana_666;andrewgiftschat;t.me/anonimnyye_voprosy_bot?start=0qhzny;1;40;0;0;;55;medium;;0;;2026-04-22 02:35:05
5330766782;[рест!] Анастасия делить/игристфй компьютер;HOLLYBERRY_MYWIFE;andrewgiftschat;;1;0;1;0;;35;low;;0;;2026-04-22 02:35:05
5331063396;#ᴡʜʏᴛ𝟥ʟʏ;whyt3ly;andrewgiftschat;𝗯𝗲 𝗯𝗲𝘁𝘁𝗲𝗿. - ꜰᴏʀᴇᴠᴇʀ ʏᴏᴜɴɢ ɪ ᴡᴀɴᴛ ᴛᴏ ʙᴇ ꜰᴏʀᴇᴠᴇʀ ʏᴏᴜɴɢ @Komarixa_n1;1;66;1;0;;65;high;;0;;2026-04-22 02:35:05
5332683683;Dzmitry;zmicer_A;laravel_pro;;1;0;0;0;;25;low;;0;;2026-04-22 02:35:05
5335502901;マルセイユ;ton_billy;andrewgiftschat;@afttek лучший;1;14;1;0;;60;medium;;0;;2026-04-22 02:35:05
5336818316;anIs;anIs_sW;andrewgiftschat;;1;0;1;0;;35;low;;0;;2026-04-22 02:35:05
5338290320;ˊ╶ 𝕾𝖈@𝖗𝖑3𝖙𝖙'𝖘.;starrqss;andrewgiftschat;— should have been the one to fill your dark soul with LIIIGHT!;1;63;1;0;;65;high;;0;;2026-04-22 02:35:05
5339193248;🌬Maksiwc🌬;Maxxxichay;andrewgiftschat;блеблеблеблеблебле @Ulian_kaaar;1;31;1;0;;60;medium;;0;;2026-04-22 02:35:05
5341490156;𝐿;;andrewgiftschat;;1;0;1;0;;20;low;skipped;0;2026-04-22 02:35:05;2026-04-22 02:35:05
5342307454;𝐫𝐨𝐤𝐬𝐚𝐧𝐚;roksik_8;andrewgiftschat;http://t.me/voprosy?start=0h4oi;1;31;1;0;;60;medium;;0;;2026-04-22 02:35:05
5342438126;Reqwer;ReqwerPidr;andrewgiftschat;LOL;1;3;1;0;;60;medium;;0;;2026-04-22 02:35:05
5353314115;Vanya;Vany_aaaaaa;andrewgiftschat;;1;0;1;0;;35;low;;0;;2026-04-22 02:35:05
5355831823;Макс;;andrewgiftschat;;1;0;1;0;;20;low;skipped;0;2026-04-22 02:35:05;2026-04-22 02:35:05
5356053526;ᴀʟᴇʀᴛɪᴇ;Alertie;andrewgiftschat;Воістину воскрес 🐇🐰🥚🌸;1;21;1;0;;60;medium;;0;;2026-04-22 02:35:05
5359818433;Xochko🎌;xochko;andrewgiftschat;;1;0;1;0;;35;low;;0;;2026-04-22 02:35:05
5362201821;E X C L U S I V E;bbad7faoum4;andrewgiftschat;https://t.me/MELL_STARS_ROBOT?start=5362201821;1;46;1;0;;65;high;;0;;2026-04-22 02:35:05
5363740493;авелон @GIFTSDouble;Off_Avelon;andrewgiftschat;@neprivet @StarsAvelon_Bot в сети ≠ отвечу;1;42;1;0;;65;high;;0;;2026-04-22 02:35:05
5364691455;Geeksonator;GeeksonatorBot;laravel_pro;"PanteleevGroup chat assistant bot

Author @DimNS
Icon: https://flaticon.com/free-icons/robot";1;92;1;0;;65;high;;0;;2026-04-22 02:35:05
5366633546;M4RK;NSKRIDER;andrewgiftschat;;1;0;1;0;;35;low;;0;;2026-04-22 02:35:05
5367474706;by | Дима | тгк 10к;Dumachka198;andrewgiftschat;Work 95/500$. Гарант 1%. Скупаю трафик 🖤 @UGSGAME @giftstarsin я под з;1;70;1;0;;65;high;;0;;2026-04-22 02:35:05
5369895122;шухрат #vip-kazax;;andrewgiftschat;[ @IndigoGif ᴧучɯий ᴛᴦᴋ ᴄ ᴩᴀɜдᴀчᴀʍи ] | [ @shysha_hd ] | [ don't live in the past ] | [ don't forget about me @ksanov1 ];1;120;1;0;;55;medium;skipped;0;2026-04-22 02:35:05;2026-04-22 02:35:05
5369962009;ㅤㅤㅤㅤㅤㅤㅤㅤㅤㅤㅤㅤ;fekrx3;andrewgiftschat;;1;0;1;0;;35;low;;0;;2026-04-22 02:35:05
5375421026;матюха;matyusha_01;andrewgiftschat;@afttek лучший UQAlJN_3pbieRa8w7K23ymvi-tAFc2CrNpWiJNUd7RKrQSeD;1;63;1;0;;65;high;;0;;2026-04-22 02:35:05
5376393947;Сергей;SergeyB00;laravel_pro;;1;0;1;0;;35;low;;0;;2026-04-22 02:35:05
5376934773;Марина;MarinaZotovao;rabota_chaty1;;1;0;1;0;;35;low;;0;;2026-04-22 02:35:05
5381432157;𝑳𝒖𝒄𝒊𝒂 // قاتل مشاعرك #dar #scw;Lucia_bu;andrewgiftschat;-эй @SW4GA1 мы навсегда будем вместе? (つ･･)つ || ill kill everyone for you..im addicted to you..(･ω･) @Blitz_qwi || youre dead to me..;1;133;1;0;;70;high;;0;;2026-04-22 02:35:05
5381668518;Redskay;Redskay7;andrewgiftschat;;1;0;0;0;;25;low;;0;;2026-04-22 02:35:05
5382203663;влад крайпов;ckripe;andrewgiftschat;🏴‍☠️ @otzckripe — @ckripelink 10 МИН В КРИПТЕ 🥊;1;47;1;0;;65;high;;0;;2026-04-22 02:35:05
5385211644;эдуард.;devirchik;andrewgiftschat;We're brawling through this night together..;1;44;1;0;;65;high;;0;;2026-04-22 02:35:05
5386092341;Настя;oxFHMs;rabota_chaty1;;1;0;1;0;;35;low;;0;;2026-04-22 02:35:05
5389715493;.$hoha.🏴‍☠️💰;Shohchikuu;andrewgiftschat;;1;0;1;0;;35;low;;0;;2026-04-22 02:35:05
5390285562;탕㒶 #𝐵𝑎𝑟𝑖𝑘𝑒;ponsih_01;andrewgiftschat;[🧊]— Жизнь это шутка. И я смеюсь, хотя на самом деле юмора не понял.;1;68;1;0;;65;high;;0;;2026-04-22 02:35:05
5390285929;(DiXTiR) 𝚂𝙷𝚈;clash_r0yaI;andrewgiftschat;боюсь дівчат;1;12;1;0;;60;medium;;0;;2026-04-22 02:35:05
5391953015;мирленова#mf#k*s#абу#кул;vitokel;andrewgiftschat;-she looks like something that I'd see at a museum @vitokul;1;59;1;0;;65;high;;0;;2026-04-22 02:35:05
5392022457;SPERMA2281488 позвони и мы подбросим;rockws;andrewgiftschat;Ꭰᴀ я ᴨᴏᴩʙу ᴧюбᴏᴦᴏ, нᴀ ᴋᴏᴦᴏ уᴋᴀжᴇᴛ @Khlorka01 от шалавы слышу @peniok92;1;70;1;0;;65;high;;0;;2026-04-22 02:35:05
5392688684;Антон q;;laravel_pro;Разработка ботов и mini Apps - @quantstudio @astro_ton_bot - AI астрология и таро @tgleadro_bot - AI поиск лидов в Телеграм IT;1;126;1;0;;55;medium;skipped;0;2026-04-22 02:35:05;2026-04-22 02:35:05
5392978992;Stf;Stfsoftt;laravel_pro;Stfsoft;1;7;0;0;;50;medium;;0;;2026-04-22 02:35:05
5393975696;Вэлiк Язоv;DimkaYazov228;andrewgiftschat;;1;0;1;0;;35;low;;0;;2026-04-22 02:35:05
5396693536;࣪𓏲ּ彡𝑇𝑢𝑙𝑠𝑘𝑖𝑦𝑝𝑟𝑦𝑛𝑖𝑘彡࣪𓏲ּ;Tulskiyprynik_official;andrewgiftschat;⚝ ࣪ ִֶָ☾.𝐼𝑛 𝑚𝑦 ℎ𝑒𝑎𝑑, 𝑜𝑛𝑙𝑦 𝑏𝑢𝑟𝑔𝑒𝑟✮𖦹 ⋆｡°;1;38;1;0;;60;medium;;0;;2026-04-22 02:35:05
5397256311;𝕄𝕒𝕤𝕙𝕒;Kon1gsegg;andrewgiftschat;— trust me i got nothing for you other than love @l1mice5;1;57;1;0;;65;high;;0;;2026-04-22 02:35:05
5397929999;<3;reiral;andrewgiftschat;;1;0;0;0;;25;low;;0;;2026-04-22 02:35:05
5399763473;___________;jasurn6;andrewgiftschat;;1;0;0;0;;25;low;;0;;2026-04-22 02:35:05
5400024658;Бабай;Babaaikaaaa;andrewgiftschat;;1;0;1;0;;35;low;;0;;2026-04-22 02:35:05
5409550256;Koinddev;scrooge_pal;laravel_pro;Senior backend/frontend developer;1;33;1;0;;60;medium;;0;;2026-04-22 02:35:05
5414413943;GoErion;GoErion;laravel_pro;;1;0;1;0;;35;low;;0;;2026-04-22 02:35:05
5415052635;🌚;gveriksss;andrewgiftschat;@AdvanceStars_Bot - первый игровой бот на телеграм звезды 🌟;1;59;1;0;;65;high;;0;;2026-04-22 02:35:05
5416377823;danolul;danolul;andrewgiftschat;;1;0;1;0;;35;low;;0;;2026-04-22 02:35:05
5416760939;;;rabota_chaty1;;1;0;0;0;;10;low;skipped;0;2026-04-22 02:35:05;2026-04-22 02:35:05
5418620786;sakuravv 🌨️;bama_love33;andrewgiftschat;-if you really need a person hewill never let you go;1;52;1;0;;65;high;;0;;2026-04-22 02:35:05
5419794518;🎸🫀;melok_73;andrewgiftschat;;1;0;1;0;;35;low;;0;;2026-04-22 02:35:05
5419821408;ProMGG66;ProMGG666;tproger_chat;More than Ever;1;14;1;0;;60;medium;;0;;2026-04-22 02:35:05
5421117007;komfort;imkomfortt;andrewgiftschat;i will try to make the world better, trust me.;1;46;1;0;;65;high;;0;;2026-04-22 02:35:05
5426488577;Аризона;ArizonaStar18;andrewgiftschat;- 𑀝᧐ ʙᥴᥱⲙᥙ ϶ᴛ᧐ δыʙᥲᥱᴛ. 𐌡юдᥙ ʙᥙдяᴛ ᥴᥱδя ᴛᥲκᥙⲙᥙ κᥲκᥙⲙᥙ ᧐нᥙ ᥊᧐ᴛᥱ᧘ᥙ δы δыᴛь @averriixq;1;82;1;0;;65;high;;0;;2026-04-22 02:35:05
5427192468;這隻螃蟹真漂亮;TIPAVANDAL;andrewgiftschat;SETOR:);1;7;1;0;;60;medium;;0;;2026-04-22 02:35:05
5430171527;ShnᴀᴩiNᴏw #ʙylᴇr;ShnapiNow;andrewgiftschat;Есть любимая. @schnappStyle псевдо:Шнаппер, Шнаппик. [ И я ʍᴏᴦу ᴛᴇбᴇ ᴄᴋᴀɜᴀᴛь ᴏ ᴛᴏʍ, ᴋᴀᴋᴏй у нᴇᴇ ɜᴀд @starrafic ];1;112;1;0;;65;high;;0;;2026-04-22 02:35:05
5430187091;tokiimi;tokiimi;andrewgiftschat;;1;0;1;0;;35;low;;0;;2026-04-22 02:35:05
5430734405;Bobby;bobbybensoon;laravel_pro;;1;0;0;0;;25;low;;0;;2026-04-22 02:35:05
5432692804;𝖚𝖓𝖍𝖊𝖊𝖉𝖊𝖉;New_Gomunkul;andrewgiftschat;;1;0;1;0;;35;low;;0;;2026-04-22 02:35:05
5440954362;모르겠습니 | maxx🩸;;andrewgiftschat;;1;0;1;0;;20;low;skipped;0;2026-04-22 02:35:05;2026-04-22 02:35:05
5441722030;николаевна💋;wwxiwwe;andrewgiftschat;-ты днями и ночами в моем тг-канале рисуешь на экране💋 @dasha2832;1;65;0;0;;55;medium;;0;;2026-04-22 02:35:05
5441921760;👣пятко;AAAAAomg;andrewgiftschat;есть бести 🐺 @wertw7;1;20;1;0;;60;medium;;0;;2026-04-22 02:35:05
5442475111;Afaa Elevate;Afaa_Elevate;python_ru;If Anyone is Interested in Online Work, Inbox;1;45;0;0;;55;medium;;0;;2026-04-22 02:35:05
5442807835;❤️‍🩹 @AdvanceStars_Bot;vsess12;andrewgiftschat;@AdvanceStars_Bot - первый игровой бот на телеграм звезды 🌟;1;59;1;0;;65;high;;0;;2026-04-22 02:35:05
5443619563;Iris | Black Diamond;;andrewgiftschat;Чат техподдержки: @iris_cm_chat | Канал Ириса: @iris_cm | Полезные статьи: @irissup;1;83;1;0;;50;medium;skipped;0;2026-04-22 02:35:05;2026-04-22 02:35:05
5444186107;венти ли;ventea_li;andrewgiftschat;не парься, время расставит всё || ilmbf!;1;40;1;0;;65;high;;0;;2026-04-22 02:35:05
5445020048;Rophis𖣂;Rophis;andrewgiftschat;thanks, God.;1;12;1;0;;60;medium;;0;;2026-04-22 02:35:05
5445327796;Гоша сплит романтик🐍;Froggggggggggggggggggggggggggggg;andrewgiftschat;Подарки на мркт~продаю тон по курсу 110|занимаюсь скупкой ниже флора🐍;1;69;1;0;;65;high;;0;;2026-04-22 02:35:05
5446400135;FAD23;Amur_belbli;andrewgiftschat;Деф @fuckanomaly;1;16;1;0;;60;medium;;0;;2026-04-22 02:35:05
5447106011;Heh;;andrewgiftschat;;1;0;1;0;;20;low;skipped;0;2026-04-22 02:35:05;2026-04-22 02:35:05
5448525109;makaka @giftstarsin;malinkiao;andrewgiftschat;;1;0;1;0;;35;low;;0;;2026-04-22 02:35:05
5451735332;snickers;CHUKEPC_123;andrewgiftschat;@AdvanceStars_Bot - первый игровой бот на телеграм звезды 🌟;1;59;1;0;;65;high;;0;;2026-04-22 02:35:05
5455281361;Evgen4ik;Toper151;andrewgiftschat;;1;0;1;0;;35;low;;0;;2026-04-22 02:35:05
5455467752;🍒vika;vdlmtv;andrewgiftschat;❤️;1;2;1;0;;60;medium;;0;;2026-04-22 02:35:05
5459559727;Wolf;father_08;andrewgiftschat;https://t.me/ArniArmy_bot/app?startapp=yJkUzoMyNUejlMwQh1QUXw рекламу;1;69;1;0;;65;high;;0;;2026-04-22 02:35:05
5461675478;𝟏𝟏𝟏🪽;zxwer31;andrewgiftschat;;1;0;1;0;;35;low;;0;;2026-04-22 02:35:05
5462096627;Уильям;djdjevegdgeg;laravel_pro;;1;0;1;0;;35;low;;0;;2026-04-22 02:35:05
5463269662;Я Негр⁶⁷;befoshy;andrewgiftschat;Gamble so fkn much that the hate in your eyes will last forever;1;63;1;0;;65;high;;0;;2026-04-22 02:35:05
5465859262;Not🛜;I_aurelix;andrewgiftschat;;1;0;1;0;;35;low;;0;;2026-04-22 02:35:05
5469763437;П;;laravel_pro;;1;0;0;0;;10;low;skipped;0;2026-04-22 02:35:05;2026-04-22 02:35:05
5471330068;;;rabota_chaty1;;1;0;0;0;;10;low;skipped;0;2026-04-22 02:35:05;2026-04-22 02:35:05
5471393591;Sumit;Salangidunstoicize;andrewgiftschat;@work_day12_bot;1;15;1;0;;60;medium;;0;;2026-04-22 02:35:05
5471596515;Долларовый квадромиллионер;versach4;andrewgiftschat;ℑ 𝔰𝔢𝔢 𝔶𝔬𝔲.;1;10;1;0;;60;medium;;0;;2026-04-22 02:35:05
5471733767;☘️☘️☘️☘️ чебупелькк🍀🍀🍀🍀;cheebureekk;andrewgiftschat;Деф @didrivc.;1;13;1;0;;60;medium;;0;;2026-04-22 02:35:05
5475162013;Марина;;rabota_chaty1;;1;0;1;0;;20;low;skipped;0;2026-04-22 02:35:05;2026-04-22 02:35:05
5476069446;𝖝𝖝 𝕯𝕬𝖃𝕺 𝟣𝟫𝟣 𝖝𝖝;Danilo_191;andrewgiftschat;repa → @D191_otzivi + @Black_and_White_shop д3ф → @nifonin;1;58;1;0;;65;high;;0;;2026-04-22 02:35:05
5476989391;скибиди тулает🔥🔥🔥😎😎😎😎;arcantdothisanymore;rabota_chaty1;;1;0;1;0;;35;low;;0;;2026-04-22 02:35:05
5478356379;ruslan;owayt;laravel_pro;;1;0;0;0;;25;low;;0;;2026-04-22 02:35:05
5481251372;‍‍ ‍ ㅤ𓂅;Userrr315;andrewgiftschat;i don't care how long it takes^^ @ENISap;1;40;1;0;;65;high;;0;;2026-04-22 02:35:05
5483777496;Артём;PopularSanta69;andrewgiftschat;нᴇ ᴄᴋᴀжу чᴛᴏ я ᴧюбᴧю ᴛᴇбя, ᴨᴏᴛᴏʍу чᴛᴏ ʙᴄя ᴛʙᴏя ᴧюбᴏʙь ϶ᴛᴏ иᴧᴧюɜия;1;65;1;0;;65;high;;0;;2026-04-22 02:35:05
5485069920;Mef;Godzilla_RARAR;andrewgiftschat;- Мᴇжду нᴀʍи ᴛᴀᴋᴀя ᴨᴩᴏᴨᴀᴄᴛь, @lublu_strah нᴏ я ᴛᴀᴋ ᴧюбᴧю ᴛᴇбя;1;61;1;0;;65;high;;0;;2026-04-22 02:35:05
5488051276;Vahe;w33bvGL;laravel_pro;Full-Stack Engineer vahe.anidzen.com;1;36;1;0;;60;medium;;0;;2026-04-22 02:35:05
5491536546;Хс кто;cucumber_320;andrewgiftschat;;1;0;1;0;;35;low;;0;;2026-04-22 02:35:05
5496433524;Vali;nvx_exe;andrewgiftschat;;1;0;1;0;;35;low;;0;;2026-04-22 02:35:05
5499404863;...;IQelz;andrewgiftschat;;1;0;0;0;;25;low;;0;;2026-04-22 02:35:05
5499632622;M.A.;cestoc;andrewgiftschat;No risk — No Ferrari;1;20;1;0;;60;medium;;0;;2026-04-22 02:35:05
5499992328;Antony;Infuzoria_tufilka;andrewgiftschat;;1;0;1;0;;35;low;;0;;2026-04-22 02:35:05
5500881516;DIEZ;velya_promokodi;andrewgiftschat;;1;0;1;0;;35;low;;0;;2026-04-22 02:35:05
5502807145;LedeN4ik;LedeN4iks;andrewgiftschat;;1;0;0;0;;25;low;;0;;2026-04-22 02:35:05
5503592558;Manoj;;andrewgiftschat;;1;0;0;0;;10;low;skipped;0;2026-04-22 02:35:05;2026-04-22 02:35:05
5505991938;No;;laravel_pro;;1;0;1;0;;20;low;skipped;0;2026-04-22 02:35:05;2026-04-22 02:35:05
5508567039;Delg#чупократия;Bolen_Di;andrewgiftschat;;1;0;1;0;;35;low;;0;;2026-04-22 02:35:05
5510757496;乃𝖊𝚛ƚ𝐢𝚔;Bertov_dub;andrewgiftschat;симпапусик @Bobrik_22809 | а зачем все это? | до августа не будет нормально проявлять актив!;1;92;1;0;;65;high;;0;;2026-04-22 02:35:05
5512187336;Eugene;Evg_d3;laravel_pro;;1;0;0;0;;25;low;;0;;2026-04-22 02:35:05
5518528485;Жан;ihxnnxs;laravel_pro;;1;0;0;0;;25;low;;0;;2026-04-22 02:35:05
5525056024;леон𖣂;;andrewgiftschat;я молчу и я вангог;1;18;1;0;;45;medium;skipped;0;2026-04-22 02:35:05;2026-04-22 02:35:05
5526583992;Pushik;Pushik5;andrewgiftschat;;1;0;0;0;;25;low;;0;;2026-04-22 02:35:05
5527526093;.;nezhayshton;andrewgiftschat;;1;0;1;0;;35;low;;0;;2026-04-22 02:35:05
5527874302;eq;ex_was;laravel_pro;backend engineer // https://ex-was.sh;1;37;1;0;;60;medium;;0;;2026-04-22 02:35:05
5534001870;蕾姆;Re0Rem;python_ru;;1;0;1;0;;35;low;;0;;2026-04-22 02:35:05
5534247322;лика 𝜗ৎ;malixxx_1;andrewgiftschat;— let it run my mood @madicc @ahehasoni;1;39;1;0;;60;medium;;0;;2026-04-22 02:35:05
5539971861;Сергей;mr_udacha;laravel_pro;;1;0;1;0;;35;low;;0;;2026-04-22 02:35:05
5541218652;t;sliencedd;andrewgiftschat;;1;0;1;0;;35;low;;0;;2026-04-22 02:35:05
5541242667;୭ ֹ ֪ ּⲘᎥⲧᏕυ🥢۫۫ ׇֺ ٭ !¡𝑏𝑒𝑎𝑏𝑎𝑑𝑜𝑜𝑏𝑒𝑒🦇;CassGiwf;andrewgiftschat;– I found your vibe, and i found my night, yeah @Merruuww // Коля, что это за фильм?.. @fekqxx;1;94;1;0;;65;high;;0;;2026-04-22 02:35:05
5542261658;SQUAD;Danilkasquad;andrewgiftschat;;1;0;1;0;;35;low;;0;;2026-04-22 02:35:05
5542864024;SOLANKI;;rabota_chaty1;🙏જય 🥰માઁ ❤️અંબે 💞;1;17;1;0;;45;medium;skipped;0;2026-04-22 02:35:05;2026-04-22 02:35:05
5543057171;Владислав;Vladibi24;laravel_pro;;1;0;0;0;;25;low;;0;;2026-04-22 02:35:05
5543731832;toxic;Mr_tooxic;andrewgiftschat;;1;0;1;0;;35;low;;0;;2026-04-22 02:35:05
5544640837;🆅𝙰𝚉𝚉𝙰;;andrewgiftschat;Спамблок - @AzzaMes_bot|Fidonet - my world | | https://t.me/babypilllls - мир в страну Фидо| https://t.me/notkideyes 🎶;1;118;1;0;;50;medium;skipped;0;2026-04-22 02:35:05;2026-04-22 02:35:05
5547747005;Zelaje;Zelaje;andrewgiftschat;;1;0;1;0;;35;low;;0;;2026-04-22 02:35:05
5547959654;АлЕкС;Alexkrasavchic;andrewgiftschat;;1;0;1;0;;35;low;;0;;2026-04-22 02:35:05
5554879150;ого;gleogogento_ogo;andrewgiftschat;信じればすべては可能になります。1 今晩あなたに手紙を書きます。🫩;1;33;1;0;;60;medium;;0;;2026-04-22 02:35:05
5556503486;ника фудкорт;tytmonstr;andrewgiftschat;;1;0;1;0;;35;low;;0;;2026-04-22 02:35:05
5557123292;Никита;SL_MrStarLand;andrewgiftschat;;1;0;1;0;;35;low;;0;;2026-04-22 02:35:05
5557455540;Deeeeef;kaifarik1937;andrewgiftschat;𝗹 𝘄𝗮𝗹𝗸 𝘁𝗵𝗶𝘀 𝗲𝗮𝗿𝘁𝗵 𝗮𝗹𝗹 𝗯𝘆 𝗺𝘆𝘀𝗲𝗹𝗳.;1;32;1;0;;60;medium;;0;;2026-04-22 02:35:05
5557769220;❤️‍🔥sʜᴀᴅᴏᴡʀᴀᴢᴇ❤️‍🔥;DaringWayBR;andrewgiftschat;кент @bobro_2, @secretov1ch, @aexoea, @Radiska28;1;48;1;0;;65;high;;0;;2026-04-22 02:35:05
5558032424;𝔻𝕒𝕤𝕙𝕒𝕒𝕒;daria24251;andrewgiftschat;;1;0;1;0;;35;low;;0;;2026-04-22 02:35:05
5558797751;Нн #ОПГ;pavlich4ikk;andrewgiftschat;;1;0;0;0;;25;low;;0;;2026-04-22 02:35:05
5561361130;🇸🇪🇳🇴/𝟣𝟦𝟣/ᴋwᴇᴛᴛy;W1f1Sk3l3t0n;andrewgiftschat;I love Metro 203,'3;1;19;1;0;;60;medium;;0;;2026-04-22 02:35:05
5562931059;￶ ￶￶ ￶￶ ￶￶ ￶￶ ￶￶ ￶￶ ￶;Eragonloves;andrewgiftschat;;1;0;0;0;;25;low;;0;;2026-04-22 02:35:05
5563021627;Артëм;zxcar1;andrewgiftschat;«Ты и я — и этого достаточно». @luuyy10;1;39;1;0;;60;medium;;0;;2026-04-22 02:35:05
5563561119;∘˙˚🌺℘0 ꩇׁׅ݊ϐׁׅ֒1ᝯׁƙׁׅ֑⁸⁰+🪷˙∘;P0mb1ck;andrewgiftschat;-Typical North South Collide, Love To Hit You,Hate To Fight @Woof6967;1;69;1;0;;65;high;;0;;2026-04-22 02:35:05
5565756076;𝙓𝙪𝙨𝙖𝙣 ⁰¹ 🪽 Dopamine;zxxc_x;andrewgiftschat;Потерять тебя не хочу, а спать? нет @KAHOH457;1;45;1;0;;65;high;;0;;2026-04-22 02:35:05
5567392767;w1nny;k1z1kXD;andrewgiftschat;;1;0;1;0;;35;low;;0;;2026-04-22 02:35:05
5568109817;Эдгор;GigaPyk;andrewgiftschat;–Еᴄᴧи ᴛы 5-5-5, ᴛᴏ я 6-6-6 @An_Anastasia8 🤗😝🐈‍⬛;1;47;1;0;;65;high;;0;;2026-04-22 02:35:05
5572017070;ᶻz#angel#snr;g1lowy;andrewgiftschat;кто лучший ха ха ха да я знаю;1;29;1;0;;60;medium;;0;;2026-04-22 02:35:05
5573067871;kittwitxs , #s1k #лм;hacok_123;andrewgiftschat;-you can text me, you know l’ m up;1;34;1;0;;60;medium;;0;;2026-04-22 02:35:05
5576146472;Богдан;lead_web_developer;laravel_pro;;1;0;0;0;;25;low;;0;;2026-04-22 02:35:05
5576639505;︎ ︎ ︎ ︎ ︎;ximka1;andrewgiftschat;;1;0;0;0;;25;low;;0;;2026-04-22 02:35:05
5578666442;Александр;aaalunegov;laravel_pro;;1;0;1;0;;35;low;;0;;2026-04-22 02:35:05
5579768382;#яненомальный✞︎#янестабильный✞︎#Кэп✞︎;niceNuggets;andrewgiftschat;[:Ꭲы ᴦᴏʙᴏᴩиɯь чᴛᴏ ϶ᴛᴏ ʙᴄᴇ нᴇʙᴏɜʍᴏжнᴏ? Ꮋᴀхуй иди, я ᴛᴇбя нᴇ ᴄᴨᴩᴀɯиʙᴀᴧ!];1;70;1;0;;65;high;;0;;2026-04-22 02:35:05
5580011996;キティ#𝔳𝔢𝔰𝔢𝔫𝔫𝔦𝔢;astifss;andrewgiftschat;私は本当にバカだ;1;8;1;0;;60;medium;;0;;2026-04-22 02:35:05
5588143762;Жизнь;Fgovov;andrewgiftschat;@qalais_bot;1;11;1;0;;60;medium;;0;;2026-04-22 02:35:05
5596209575;⛧ᴋɪᴛᴛsᴇᴇ🍧;kkittz;andrewgiftschat;не хочу в школу, хочу на сво🍥||нспл вернись ай лав ю;1;52;1;0;;65;high;;0;;2026-04-22 02:35:05
5596313059;〠ꪀꫀɀꪀɀ〠;Yaneznz;andrewgiftschat;https://t.me/+C6VYWlweI7A4Yzky https://t.me/anonimnye_smss_bot?start=5;1;70;0;0;;55;medium;;0;;2026-04-22 02:35:05
5600203707;vlllsnk🎰;WbrishkaW;andrewgiftschat;all l did just to make you happy still, you don't even fucking love me;1;70;1;0;;65;high;;0;;2026-04-22 02:35:05
5601970579;ThereIsNull;ThereIsNull;andrewgiftschat;проведу сделку за 2% | лучший тгк https://t.me/+T7HvRRImhXw2Y2My| любимый кент @AlyuStrax;1;89;1;0;;65;high;;0;;2026-04-22 02:35:05
5602850744;𝒅𝒂𝒔𝒉𝒖𝒕𝒌𝒂;foreverxgyoung;andrewgiftschat;;1;0;0;0;;25;low;;0;;2026-04-22 02:35:05
5606475387;Shah;Lsspspz;andrewgiftschat;;1;0;1;0;;35;low;;0;;2026-04-22 02:35:05
5607948434;🪙;httpstmeaddemojiaccount_verified;python_ru;;1;0;1;0;;35;low;;0;;2026-04-22 02:35:05
5610065475;Antonio;Pozitivv_official;andrewgiftschat;;1;0;1;0;;35;low;;0;;2026-04-22 02:35:05
5610307037;#онлик;zzgewas01;andrewgiftschat;;1;0;1;0;;35;low;;0;;2026-04-22 02:35:05
5614416931;Botir;YsbElnj;rabota_chaty1;;1;0;0;0;;25;low;;0;;2026-04-22 02:35:05
5614738688;︎ ︎ ︎ ︎ ︎ ︎ ︎;emoyf;andrewgiftschat;;1;0;0;0;;25;low;;0;;2026-04-22 02:35:05
5616161151;A;;andrewgiftschat;;1;0;0;0;;10;low;skipped;0;2026-04-22 02:35:05;2026-04-22 02:35:05
5616320373;Rkw🐳;c_r_e_a_t_o_r_1;andrewgiftschat;,;1;1;1;0;;60;medium;;0;;2026-04-22 02:35:05
5620755639;друн;lusynok;andrewgiftschat;;1;0;1;0;;35;low;;0;;2026-04-22 02:35:05
5620826248;Hmz;;laravel_pro;;1;0;0;0;;10;low;skipped;0;2026-04-22 02:35:05;2026-04-22 02:35:05
5621160246;𝗗𝗨𝗖𝗛𝗛𝗘𝗡𝗘𝗹¹;DUCHHENEl;andrewgiftschat;waarom bang zijn voor iets als het toch gebeurt;1;47;1;0;;65;high;;0;;2026-04-22 02:35:05
5621267722;макс;mesmeric10;andrewgiftschat;;1;0;0;0;;25;low;;0;;2026-04-22 02:35:05
5621797431;United(Чек Био);Sergo500;andrewgiftschat;Кто-то это вообще читает?;1;25;1;0;;60;medium;;0;;2026-04-22 02:35:05
5622796954;Ast;sponger_code;tproger_chat;Web developer / Owner @fizo_calc_bot;1;36;1;0;;60;medium;;0;;2026-04-22 02:35:05
5626587601;неśvı;nesvihh;andrewgiftschat;;1;0;1;0;;35;low;;0;;2026-04-22 02:35:05
5628256672;Пропал;gamsuw;andrewgiftschat;;1;0;1;0;;35;low;;0;;2026-04-22 02:35:05
5629657796;Неля | ♱;Shavukha3;andrewgiftschat;| -i'll break your bones with all the love i carry. || ISTP;1;59;1;0;;65;high;;0;;2026-04-22 02:35:05
5629704188;Белый #FSO;mmmmmmmmmmmmmmmmmmmmmmmmmmwmmm;andrewgiftschat;;1;0;1;0;;35;low;;0;;2026-04-22 02:35:05
5632451273;Lutiy_popusk;;andrewgiftschat;Top trust:11300₽ по ордерам в лс не пишу, сверяйте меня по нфт юзу @trytonotcrying;1;82;0;0;;40;medium;skipped;0;2026-04-22 02:35:05;2026-04-22 02:35:05
5633671417;Пон;Qiqiponkapton;andrewgiftschat;;1;0;1;0;;35;low;;0;;2026-04-22 02:35:05
5635791940;#ЕГОРДУПЛОН @Diamond1604 пишите ему что он дуплон ム;KatrinaDro;andrewgiftschat;-мне снятся только кошмары, но я мечтаю уснуть;1;46;1;0;;65;high;;0;;2026-04-22 02:35:05
5636115462;софочка;sfffshka;andrewgiftschat;You know where to find me @Strakess;1;35;1;0;;60;medium;;0;;2026-04-22 02:35:05
5638050214;MKO;Pon_chukk;andrewgiftschat;;1;0;0;0;;25;low;;0;;2026-04-22 02:35:05
5641420735;Максим;maximdddd;andrewgiftschat;;1;0;1;0;;35;low;;0;;2026-04-22 02:35:05
5641607410;Rokvawv;Rokvawv;laravel_pro;PHP backend developer. GitHub: https://github.com/lokusok;1;57;1;0;;65;high;;0;;2026-04-22 02:35:05
5642274046;Xlofhb;xlofhb;andrewgiftschat;;1;0;1;0;;35;low;;0;;2026-04-22 02:35:05
5642438659;#ɑⲙυⲏκɑ;manekineko_52;andrewgiftschat;А ты просто чудо! А ты просто чудо! А ты просто чудо.. @Oguzok_777;1;66;1;0;;65;high;;0;;2026-04-22 02:35:05
5644019882;mohammed;MK_017;laravel_pro;;1;0;0;0;;25;low;;0;;2026-04-22 02:35:05
5645551607;;;rabota_chaty1;;1;0;0;0;;10;low;skipped;0;2026-04-22 02:35:05;2026-04-22 02:35:05
5648199476;Gamb;affgamb;laravel_pro;;1;0;1;0;;35;low;;0;;2026-04-22 02:35:05
5648690868;Ciężkiz;heavyyzz;andrewgiftschat;;1;0;1;0;;35;low;;0;;2026-04-22 02:35:05
5649069106;fanatikk☦️🪬;fanatikk_kaka;andrewgiftschat;;1;0;1;0;;35;low;;0;;2026-04-22 02:35:05
5650149150;Сергей Николаевич;afonin_sergey8;tproger_chat;;1;0;0;0;;25;low;;0;;2026-04-22 02:35:05
5652738187;торнадо;APTornadoRUS;andrewgiftschat;Пн-Пт - 10:00-22:30 Сб-Вс - 12:00 - 23:00 def by - Zmeydox.t.me;1;63;1;0;;65;high;;0;;2026-04-22 02:35:05
5653069400;⌑ 𝓼𝓸𝓷𝓯𝓲𝓴 ⌑ #str;sonf1k;andrewgiftschat;;1;0;1;0;;35;low;;0;;2026-04-22 02:35:05
5655649350;Korolevich;korolevskiymurah;andrewgiftschat;;1;0;1;0;;35;low;;0;;2026-04-22 02:35:05
5656120059;котяра;ssssslaaaay;andrewgiftschat;Научится бы арбузы есть по пустякам 🥷;1;37;1;0;;60;medium;;0;;2026-04-22 02:35:05
5657298843;ᅠᅠᅠнастя зайчик бурмалдайчик;acidahh;andrewgiftschat;Фембои мой антидепрессант, они кажется приносят мне удачу;1;57;1;0;;65;high;;0;;2026-04-22 02:35:05
5658494386;ᴡᴇʟʟᴋᴏss;SakuSSan;andrewgiftschat;Кандай гана карабаңыз;1;21;1;0;;60;medium;;0;;2026-04-22 02:35:05
5658603330;Мария;Mary19881304;laravel_pro;;1;0;1;0;;35;low;;0;;2026-04-22 02:35:05
5659581533;proka3nikk;proka3nikk;andrewgiftschat;ㅤ 🏹 :: // ⁀➷ — 𝙄 𝙬𝙖𝙣𝙩 𝙩𝙤 𝙠𝙞𝙨𝙨 𝙮𝙤𝙪 𝙤𝙣 𝙩𝙝𝙚 𝙢𝙤𝙪𝙩𝙝.. @azalikXD 「#люблюазалию」;1;73;1;0;;65;high;;0;;2026-04-22 02:35:05
5660023379;R;Pon002;andrewgiftschat;;1;0;1;0;;35;low;;0;;2026-04-22 02:35:05
5660996301;udhhhu;udhhhu;andrewgiftschat;im 56 now but yd i was 20 || -say you needed me, need me, cause i can't breathe;1;79;1;0;;65;high;;0;;2026-04-22 02:35:05
5661521642;Ищи @jordan74_new;;andrewgiftschat;;1;0;0;0;;10;low;skipped;0;2026-04-22 02:35:05;2026-04-22 02:35:05
5661915941;𝒞𝒽ℴ𝓃 #𝐽𝑜ℎ𝑛𝑦𝑑𝑒𝑝𝑝;;andrewgiftschat;;1;0;0;0;;10;low;skipped;0;2026-04-22 02:35:05;2026-04-22 02:35:05
5665227459;#Skywhywalker;MafinBlue;andrewgiftschat;@AWOLNATION0_0 @qwiaue @Donlipl;1;31;1;0;;60;medium;;0;;2026-04-22 02:35:05
5666402247;Гена#колесо_телеги;genasigma;andrewgiftschat;;1;0;1;0;;35;low;;0;;2026-04-22 02:35:05
5667637431;XPESTAHOC;Im_pufikk;andrewgiftschat;kenti @KEKSIK_GOAYT1 макс def @ABCTPiUCKiU_hydojnik спам,угроза и тому подобние спам❤️ люблю свою девочку<3;1;107;1;0;;65;high;;0;;2026-04-22 02:35:05
5668840514;nvsmf#str#вишLone#дл#als#лиmf#kt#ді#am#абу#kotevvyᛖⴼƁ#krt#𝑺𝒉;kexsixka;andrewgiftschat;@AdvanceStars_Bot - первый игровой бот на телеграм звезды 🌟;1;59;1;0;;65;high;;0;;2026-04-22 02:35:05
5672060041;rishᴀ ᴛvᴀrᴇvᴀ;ioyghy;andrewgiftschat;;1;0;1;0;;35;low;;0;;2026-04-22 02:35:05
5677202221;;;rabota_chaty1;;1;0;0;0;;10;low;skipped;0;2026-04-22 02:35:05;2026-04-22 02:35:05
5678359329;m;Milka_imba;andrewgiftschat;у меня так много вариантов,но не надо @Mil_kshe;1;47;1;0;;65;high;;0;;2026-04-22 02:35:05
5679997406;♫;;andrewgiftschat;;1;0;1;0;;20;low;skipped;0;2026-04-22 02:35:05;2026-04-22 02:35:05
5687340418;Maus;Tueskd;andrewgiftschat;;1;0;1;0;;35;low;;0;;2026-04-22 02:35:05
5689066049;Карим;PornoIove;andrewgiftschat;;1;0;0;0;;25;low;;0;;2026-04-22 02:35:05
5689997853;Берналдо;bernaldo_bredt_1954;python_ru;;1;0;0;0;;25;low;;0;;2026-04-22 02:35:05
5690667003;Oleg • project manager;amdevmanager;laravel_pro;;1;0;1;0;;35;low;;0;;2026-04-22 02:35:05
5690991879;.;wizons;andrewgiftschat;;1;0;1;0;;35;low;;0;;2026-04-22 02:35:05
5691795934;🥢;kijiioy;andrewgiftschat;;1;0;1;0;;35;low;;0;;2026-04-22 02:35:05
5694054233;соля;solomiykzzz;andrewgiftschat;;1;0;0;0;;25;low;;0;;2026-04-22 02:35:05
5694985505;⋒┋ɴᴏʀɪʏᴛᴠᴀʏ⌞⌝¤๋ࣩࣩࣩࣩࣩࣩࣩࣩࣩࣩࣩࣩࣩࣩࣩࣧࣧࣧࣧࣧࣧࣧࣧࣧࣧࣧ͜͡┋⋓/~;NoriYTVay;andrewgiftschat;;1;0;0;0;;25;low;;0;;2026-04-22 02:35:05
5697217384;mandarin🫦;mandarinloveee;andrewgiftschat;;1;0;1;0;;35;low;;0;;2026-04-22 02:35:05
5698947658;ࣩࣩࣩࣩࣩࣩࣩࣩࣩࣧࣧࣧࣧࣧࣧࣧࣧࣧࣧࣧࣧࣧࣧࣧࣧࣧࣧࣧࣧࣧࣧࣧࣧࣧࣧࣧࣧࣧࣧࣧࣧ;Gk4k41;andrewgiftschat;Привет! я использую WhatsApp!;1;29;1;0;;60;medium;;0;;2026-04-22 02:35:05
5699131752;FasDger;FasDger;andrewgiftschat;@afttek лучший;1;14;1;0;;60;medium;;0;;2026-04-22 02:35:05
5700017117;ღ;v_int_alt_dll;andrewgiftschat;- тебя раздевает мой взгляд, но я не стою на ногах💗🖤;1;52;1;0;;65;high;;0;;2026-04-22 02:35:05
5700116600;ⓢⒺⓁⒾⓜ;selim857;andrewgiftschat;;1;0;0;0;;25;low;;0;;2026-04-22 02:35:05
5700617328;ксафикс;Ksafix;andrewgiftschat;Bio - @ksf_b | Я он;1;19;1;0;;60;medium;;0;;2026-04-22 02:35:05
5702706423;Moonshine;Otoya_love;andrewgiftschat;;1;0;0;0;;25;low;;0;;2026-04-22 02:35:05
5703800862;Анна;;tproger_chat;;1;0;0;0;;10;low;skipped;0;2026-04-22 02:35:05;2026-04-22 02:35:05
5703967895;Andreas;djdjxxxa;andrewgiftschat;;1;0;1;0;;35;low;;0;;2026-04-22 02:35:05
5705141512;﷽;lrk7s;andrewgiftschat;- it’s just a dream 🖤 @Dihkol;1;29;1;0;;60;medium;;0;;2026-04-22 02:35:05
5707045874;Polytre;o0o0o0l1;andrewgiftschat;🌟 https://t.me/patrickstarsrobot?start=5707045874;1;49;1;0;;65;high;;0;;2026-04-22 02:35:05
5708598625;Котейка;Koteyka_loh;andrewgiftschat;@AdvanceStars_Bot - первый игровой бот на телеграм звезды 🌟;1;59;1;0;;65;high;;0;;2026-04-22 02:35:05
5710790869;gellss𓆪;gellsswr;andrewgiftschat;🫀;1;1;0;0;;50;medium;;0;;2026-04-22 02:35:05
5711139664;✌️s1ʟᴇɴᴛ✌️#zxc;s1lent_n1;andrewgiftschat;причина number one: я пиздец тупой еблан @susboi1488;1;52;1;0;;65;high;;0;;2026-04-22 02:35:05
5713190178;zzz;que1ro;andrewgiftschat;1с;1;2;1;0;;60;medium;;0;;2026-04-22 02:35:05
5713370430;;;rabota_chaty1;;1;0;0;0;;10;low;skipped;0;2026-04-22 02:35:05;2026-04-22 02:35:05
5713391368;🥄˗ˏˋ✧Ƭɤɛɼⅆℽⅉ ʑɳɑƙ✧ˎˊ˗⁹² 『 ЪъЪ 』;Tverdijznakk;andrewgiftschat;;1;0;1;0;;35;low;;0;;2026-04-22 02:35:05
5716665985;Ditrix_leyy;distrix_van;andrewgiftschat;;1;0;0;0;;25;low;;0;;2026-04-22 02:35:05
5718503576;I;Dergunow;andrewgiftschat;;1;0;0;0;;25;low;;0;;2026-04-22 02:35:05
5718723432;Мisа ♱;Missaaa_m;andrewgiftschat;@Kazakh413 , @Pacok67, МОИ ПЕШКИ;1;32;1;0;;60;medium;;0;;2026-04-22 02:35:05
5723829920;𖤍♱ᵃᷝᷝᷝᶥᶥu♱𖤍 🍀;PsychoAnamaliya;andrewgiftschat;;1;0;1;0;;35;low;;0;;2026-04-22 02:35:05
5723968118;🩸;memeememeemme;andrewgiftschat;мне наплевать, поверь мне так наплевать, меня не надо спасать.;1;62;1;0;;65;high;;0;;2026-04-22 02:35:05
5724503973;𓆩𝖟𝖊𝖒𝖆𝖆𝖆𓆪;;andrewgiftschat;ʙᴧᴀдᴇᴧᴇų чᴀᴛᴀ @EXPANSION_GARANT | #ʙᴜʏ #ɴꜰᴛ | ᴨᴩᴏдᴀю ɜʙᴇɜды ᴨᴏ 1.3₽ | вывожʏ звᴇзды с кᴀнᴀлᴀ и чᴀтᴀ|отзывы 300+ -> [ @Doki_zema ] 𝐆𝐀𝐑𝐀𝐍𝐓 𝟎%;1;139;1;0;;55;medium;skipped;0;2026-04-22 02:35:05;2026-04-22 02:35:05
5725853861;່ ‍ ‍ ‍соната;Angelossskpp;andrewgiftschat;—𝑆𝑜𝑚𝑒𝑡ℎ𝑖𝑛𝑔 𝑏𝑎𝑑 𝑖𝑠 𝑎𝑏𝑜𝑢𝑡 𝑡𝑜 ℎ𝑎𝑝𝑝𝑒𝑛 𝑡𝑜 𝑚𝑒;1;39;0;0;;50;medium;;0;;2026-04-22 02:35:05
5729839457;Vadim;Wadimka_M;python_ru;;1;0;0;0;;25;low;;0;;2026-04-22 02:35:05
5736276829;Dmitry;www_ua_zp;laravel_pro;;1;0;0;0;;25;low;;0;;2026-04-22 02:35:05
5738339894;Сᴛиʙᴇн;;andrewgiftschat;-𝓗𝓸𝔀 𝓬𝓪𝓷 𝔂𝓸𝓾 𝓵𝓸𝓸𝓴 𝓪𝓽 𝓶𝓮 𝓪𝓷𝓭 𝓹𝓻𝓮𝓽𝓮𝓷𝓭 𝓘'𝓶 𝓼𝓸𝓶𝓮𝓸𝓷𝓮 𝔂𝓸𝓾 𝓷𝓮𝓿𝓮𝓻 𝓶𝓮𝓽?;1;62;1;0;;50;medium;skipped;0;2026-04-22 02:35:05;2026-04-22 02:35:05
5743340046;Stanislav;aero_usa;laravel_pro;;1;0;1;0;;35;low;;0;;2026-04-22 02:35:05
5743722002;;;rabota_chaty1;;1;0;0;0;;10;low;skipped;0;2026-04-22 02:35:05;2026-04-22 02:35:05
5744128955;ᛝの⃯ӄ͠ɨ͜ƙָׂυ꒰ྀི১໒꒱ིྀ🍧 #mf#scw#хлс#snr#aбу;Hakidamee;andrewgiftschat;‧˚꒰🕯୭ ˚. ᵎᵎ 𝟐𝟐/𝟎𝟐. ᛝ 𝟐͟͟𝟏͟:͟𝟒͟͟𝟑͟ ⋆˚𝜗𝜚˚⋆;1;40;1;0;;65;high;;0;;2026-04-22 02:35:05
5744562553;Ni Moka;niymoka;laravel_pro;;1;0;0;0;;25;low;;0;;2026-04-22 02:35:05
5750223340;КТО-ТО;dazai_56999;andrewgiftschat;;1;0;0;0;;25;low;;0;;2026-04-22 02:35:05
5751739963;ximora;porn_legend;andrewgiftschat;купить тг старсы - @XimoraStars_bot;1;35;1;0;;60;medium;;0;;2026-04-22 02:35:05
5752603456;високосность aura | звезды и впн;wecok_official;andrewgiftschat;afk | ЛУЧШИЕ ЗВЁЗДЫ https://t.me/coltmarketbot?start=5752603456 | Мой бот для звёзд @starswecok_bot;1;99;1;0;;65;high;;0;;2026-04-22 02:35:05
5754321220;Равил;Ravil_228;andrewgiftschat;;1;0;0;0;;25;low;;0;;2026-04-22 02:35:05
5757959439;𓆩кариша𓆪;nnnnnesik;andrewgiftschat;;1;0;1;0;;35;low;;0;;2026-04-22 02:35:05
5758001114;Хинси🐮;Lady_buff;andrewgiftschat;villain and violent infant and innocent;1;39;1;0;;60;medium;;0;;2026-04-22 02:35:05
5760881946;M1konix;M1konix;andrewgiftschat;Шо ти смотриш сюда;1;18;1;0;;60;medium;;0;;2026-04-22 02:35:05
5765212844;Xaizzz#SparkTeam;xnelyyyy;andrewgiftschat;;1;0;1;0;;35;low;;0;;2026-04-22 02:35:05
5766547505;˙⋆˙Ⲙⲟⲧⲓⲥⲁⲧ111⋆˙;Motistar_RBX;andrewgiftschat;Я тя щас съем):( пшол из моего профиля по дальше;1;48;1;0;;65;high;;0;;2026-04-22 02:35:05
5770598119;ㅤ;;andrewgiftschat;;1;0;0;0;;10;low;skipped;0;2026-04-22 02:35:05;2026-04-22 02:35:05
5771267232;Бекзод;BekzodNazirbekov;laravel_pro;;1;0;0;0;;25;low;;0;;2026-04-22 02:35:05
5771705257;;;rabota_chaty1;;1;0;0;0;;10;low;skipped;0;2026-04-22 02:35:05;2026-04-22 02:35:05
5773934977;𝒕𝒐𝒎𝒂𝒐𝒏𝒆 #ᴅᴇꜰᴠᴏʟᴛᴀɢᴇ;tomaonee;andrewgiftschat;uezdshimok;1;10;1;0;;60;medium;;0;;2026-04-22 02:35:05
5774287423;🎧𝔗𝔚𝔈𝔛𝔛𝔗💿¹⁴¹;ATrain90;andrewgiftschat;Только для @nakkqtw009 просыпаюсь каждый день!|Bеst: @Elasbri★;1;62;1;0;;65;high;;0;;2026-04-22 02:35:05
5776125427;Sem;Semmara1340;andrewgiftschat;;1;0;1;0;;35;low;;0;;2026-04-22 02:35:05
5776349362;gm;jauewqq22;laravel_pro;;1;0;0;0;;25;low;;0;;2026-04-22 02:35:05
5777303503;;;rabota_chaty1;;1;0;0;0;;10;low;skipped;0;2026-04-22 02:35:05;2026-04-22 02:35:05
5777680204;;;rabota_chaty1;;1;0;0;0;;10;low;skipped;0;2026-04-22 02:35:05;2026-04-22 02:35:05
5777884713;Keller;KellerNixon;andrewgiftschat;;1;0;0;0;;25;low;;0;;2026-04-22 02:35:05
5782004856;AnnA✨;rox_anna4ka;andrewgiftschat;Мир не идеален, но со мной гораздо лучше😉;1;41;1;0;;65;high;;0;;2026-04-22 02:35:05
5782653072;N🙏;reckl04;laravel_pro;;1;0;0;0;;25;low;;0;;2026-04-22 02:35:05
5785231445;nezum;nezumm8;laravel_pro;;1;0;0;0;;25;low;;0;;2026-04-22 02:35:05
5786727496;⋆｡˚ .🗽⚜️் ༘;mortishkank;andrewgiftschat;Did u think i'd lay down and die?Oh,not i. I'll survive!;1;56;1;0;;65;high;;0;;2026-04-22 02:35:05
5787270502;маяскач mf;zxcffg346;andrewgiftschat;;1;0;0;0;;25;low;;0;;2026-04-22 02:35:05
5788046441;GRAM;valyutaTG_bot;andrewgiftschat;"GRAM - крутой игровой бот с большим выбором разнообразных игр.
Cвязь @creator_gram
Канал @gram_chanel";1;101;1;0;;65;high;;0;;2026-04-22 02:35:05
5790227642;Дана #ts #s14v #s1k #mf #krt #абу;Bogdanochka11;andrewgiftschat;;1;0;1;0;;35;low;;0;;2026-04-22 02:35:05
5791786469;дішаа|😮‍💨;errrrrrrrrrror404;andrewgiftschat;ю-хуу;1;5;1;0;;60;medium;;0;;2026-04-22 02:35:05
5792363683;𝑺𝒐𝓃𝒾𝓀;sonik261;andrewgiftschat;;1;0;1;0;;35;low;;0;;2026-04-22 02:35:05
5795233988;Нургали;;andrewgiftschat;;1;0;0;0;;10;low;skipped;0;2026-04-22 02:35:05;2026-04-22 02:35:05
5795416327;fresh;freshxw;andrewgiftschat;;1;0;1;0;;35;low;;0;;2026-04-22 02:35:05
5796069714;𝖌𝖑𝖆𝖛𝖓𝖞𝖞 𝖐𝖔𝖙;gwexsawi;andrewgiftschat;ოꫀ𑄝ω, ოꫀ𑄝ω !! 🐾;1;15;1;0;;60;medium;;0;;2026-04-22 02:35:05
5796741464;Камиль;Kamilcheg1;andrewgiftschat;;1;0;0;0;;25;low;;0;;2026-04-22 02:35:05
5797395175;Eugene;RomanoffEU;laravel_pro;;1;0;0;0;;25;low;;0;;2026-04-22 02:35:05
5798310334;☠️#/𝓝𝓲𝓴𝓪𝓧/#🐉 #🕷️ #aylak#r#୨୧Ꮲᴏуɜ#иᴋн#садист;nika_1451;andrewgiftschat;×ᴦᴧухᴏй ʍуɜыᴋᴀнᴛ— @Seniccha×;1;28;1;0;;60;medium;;0;;2026-04-22 02:35:05
5798630779;Wentropis;Wentropis;laravel_pro;;1;0;1;0;;35;low;;0;;2026-04-22 02:35:05
5798687993;𓆩٭𝙅𝘿𝙃٭𓆪;Doktor_JDH;andrewgiftschat;—ᴄʍᴇᴩᴛь - ϶ᴛᴏ ᴨᴏᴄᴧᴇднᴇᴇ чᴛᴏ ᴛы уʙидиɯь, бᴇᴩᴇᴦи ᴦᴧᴀɜᴀ.;1;53;1;0;;65;high;;0;;2026-04-22 02:35:05
5800301507;𝙧𝙠’💎 #𝙨𝙠𝙮;kamillka_kamic;andrewgiftschat;-мы были вдвоём несмотря ни на что @danixx_d 💓 / @podpiskagde -канальчик;1;72;1;0;;65;high;;0;;2026-04-22 02:35:05
5800464526;Weellir;Weellir;andrewgiftschat;;1;0;0;0;;25;low;;0;;2026-04-22 02:35:05
5802043888;Артёмка;sworddao;andrewgiftschat;;1;0;1;0;;35;low;;0;;2026-04-22 02:35:05
5804041066;КРуТОЙ-_* 𓍼;K_R_u_T_O_I;andrewgiftschat;🎰;1;1;1;0;;60;medium;;0;;2026-04-22 02:35:05
5804545457;ཐི♱ 🩸Fall in love🥀 ♱ཋྀ;FFalliinllove;andrewgiftschat;Нет никого лучше их ( ˊ ᵕ ˋ )♡.°⑅ — @pazzangtr @Rayven_s;1;56;1;0;;65;high;;0;;2026-04-22 02:35:05
5809751837;Slim;nwyass;andrewgiftschat;💤💤💤;1;3;1;0;;60;medium;;0;;2026-04-22 02:35:05
5810771143;🪬✟ممنوع التدخي;mi4kq2;andrewgiftschat;Sólo quiero el mar y una gran vida.;1;35;1;0;;60;medium;;0;;2026-04-22 02:35:05
5811120294;Tirix;F0rMu15;andrewgiftschat;;1;0;1;0;;35;low;;0;;2026-04-22 02:35:05
5811954410;Миша;Sigma_ez;andrewgiftschat;;1;0;1;0;;35;low;;0;;2026-04-22 02:35:05
5811988331;HiFis;hifis19;andrewgiftschat;何かを達成するには、何かを犠牲にする必要があります. Сделайте сигну, пожалуйста 💋;1;55;1;0;;65;high;;0;;2026-04-22 02:35:05
5812902390;GLEBASIK;Glibasik12;andrewgiftschat;А.П,О.П,А.М,А.П,Л.Р;1;19;1;0;;60;medium;;0;;2026-04-22 02:35:05
5815604034;☥;a_xzxz_a;andrewgiftschat;:/;1;2;1;0;;60;medium;;0;;2026-04-22 02:35:05
5816555879;Oybek;;rabota_chaty1;;1;0;1;0;;20;low;skipped;0;2026-04-22 02:35:05;2026-04-22 02:35:05
5816687254;Velvet night 🎧🥀;your_whisperr;andrewgiftschat;He who passes judgment draws the sword himself <Lord Stark @Rock_Olech;1;70;1;0;;65;high;;0;;2026-04-22 02:35:05
5817404153;𝚛𝚊𝚟𝚒𝚘𝚕𝚕𝚒 #antiгуфи;ravion4356;andrewgiftschat;;1;0;0;0;;25;low;;0;;2026-04-22 02:35:05
5820700560;Mykhailo;mykhailo_telegram_user;laravel_pro;Що це...;1;8;1;0;;60;medium;;0;;2026-04-22 02:35:05
5821391215;User123456789;Orakbayeva;python_ru;;1;0;0;0;;25;low;;0;;2026-04-22 02:35:05
5826732652;shizy @afttek лучшийй;Fayzen13;andrewgiftschat;put it on me that's the best part baby the trust- @improvtu;1;59;1;0;;65;high;;0;;2026-04-22 02:35:05
5829401777;Ксюшоб🫟;nomiDor_24;andrewgiftschat;Кого ты там затыкаеш @Gorillazka;1;32;1;0;;60;medium;;0;;2026-04-22 02:35:05
5830926685;微風;GlowUp04321;andrewgiftschat;— 我疲憊地在你身邊哼了一聲;1;14;1;0;;60;medium;;0;;2026-04-22 02:35:05
5831167385;ㅤ;noezi;andrewgiftschat;95 - 4;1;6;1;0;;60;medium;;0;;2026-04-22 02:35:05
5832086615;карапус;krpzz;andrewgiftschat;отказано;1;8;1;0;;60;medium;;0;;2026-04-22 02:35:05
5832365079;#qwi #Dus #s1k#pe#Kitty#naya#shiaws#Evelin#КвSveic#ln#kн#лет#ꪋꪶꪱ;Jupik01;andrewgiftschat;- я загадаю вечность рядом с тобой @Dasherrr_13 💓🫶;1;50;1;0;;65;high;;0;;2026-04-22 02:35:05
5835949162;sonchezz;skibiiib;andrewgiftschat;;1;0;0;0;;25;low;;0;;2026-04-22 02:35:05
5839378464;𝙎𝙖𝙗𝙞;Sabi_asr;andrewgiftschat;;1;0;1;0;;35;low;;0;;2026-04-22 02:35:05
5841225006;ᵏˣКатюшкаʳᵃⁱ;santiksic;andrewgiftschat;тут пусто 907💋;1;14;1;0;;60;medium;;0;;2026-04-22 02:35:05
5841515045;;;rabota_chaty1;;1;0;0;0;;10;low;skipped;0;2026-04-22 02:35:05;2026-04-22 02:35:05
5843476076;Вероника;;laravel_pro;;1;0;1;0;;20;low;skipped;0;2026-04-22 02:35:05;2026-04-22 02:35:05
5843877433;#сликий;BV_ZAG;andrewgiftschat;Анонимность — иллюзия безопасности;1;34;1;0;;60;medium;;0;;2026-04-22 02:35:05
5844345215;𝕵;Jumanazarov_009;andrewgiftschat;https://t.me/patrickstarsrobot?start=5844345215;1;47;1;0;;65;high;;0;;2026-04-22 02:35:05
5846898488;maktraxer;kaidih1;andrewgiftschat;call me at midnight!! >ᴗ< @tsukasa_kinnie;1;41;1;0;;65;high;;0;;2026-04-22 02:35:05
5848015622;Хз🎲;Spalk03;andrewgiftschat;;1;0;1;0;;35;low;;0;;2026-04-22 02:35:05
5848130958;Timofey;Person37833653;andrewgiftschat;;1;0;1;0;;35;low;;0;;2026-04-22 02:35:05
5852866490;[Afk];Parallyyzed;andrewgiftschat;7;1;1;1;0;;60;medium;;0;;2026-04-22 02:35:05
5852972918;Anvar;itztdn;laravel_pro;Full-stack Developer;1;20;1;0;;60;medium;;0;;2026-04-22 02:35:05
5853381468;R;AblaasR;andrewgiftschat;Имба;1;4;1;0;;60;medium;;0;;2026-04-22 02:35:05
5853614516;ᅠChester;UseTheChester;andrewgiftschat;For bro @Yafuzzik;1;17;1;0;;60;medium;;0;;2026-04-22 02:35:05
5858655950;𝕶и𝖕и𝖊ше𝖐;Thekidofpain;andrewgiftschat;Жизнь одна, а сталкер 2// @Mokarowkomarek_ixilefchek 🫂;1;54;1;0;;65;high;;0;;2026-04-22 02:35:05
5859180157;MuhammadSharif🧑‍💻;TON66871984934939393837674370464;andrewgiftschat;;1;0;1;0;;35;low;;0;;2026-04-22 02:35:05
5863905904;[𝖈𝖘];termls;andrewgiftschat;а если вселенная бесконечна действительно?;1;42;1;0;;65;high;;0;;2026-04-22 02:35:05
5864330313;камила;Kam_1404;andrewgiftschat;;1;0;1;0;;35;low;;0;;2026-04-22 02:35:05
5864544934;Walls|sep;durovanalnoeotverstie;andrewgiftschat;Empire needs you|||;1;19;1;0;;60;medium;;0;;2026-04-22 02:35:05
5865267609;NIX;Catapes666;andrewgiftschat;https://t.me/nft12345678 Мой отзывы;1;35;1;0;;60;medium;;0;;2026-04-22 02:35:05
5868939493;ᅠtixnu ᅠ;;andrewgiftschat;;1;0;1;0;;20;low;skipped;0;2026-04-22 02:35:05;2026-04-22 02:35:05
5869568005;млечный # младший #;mirrelllll;andrewgiftschat;старший-@Tepliy_Sokol средний-@arsench4k1;1;41;1;0;;65;high;;0;;2026-04-22 02:35:05
5869777445;6zxt;;andrewgiftschat;деф @king_defa: https://t.me/+AFUkZAF-r5AwNWEy;1;46;1;0;;50;medium;skipped;0;2026-04-22 02:35:05;2026-04-22 02:35:05
5871565305;𝓡𝓲𝓷𝓭𝓸 𝓗𝓪𝔂𝓽𝓪𝓷𝓲;RankHaitini;andrewgiftschat;I ᥕᥲᥒᥒᥲ δᥱ y᧐ᥙr ᥣ᧐᥎ᥱr @Miss_Misterio;1;36;1;0;;60;medium;;0;;2026-04-22 02:35:05
5872616051;The[]Star[]Sky?;snehwx;andrewgiftschat;учител:дети севодня тема депресия весь класс *смотрит наменя* я:пр✌️😔;1;69;1;0;;65;high;;0;;2026-04-22 02:35:05
5873341153;Венегрет;GoldKotik;andrewgiftschat;Тᴜᴍʏᴘ вᴀᴘᴇ̈нᴏᴇ яйцо @TimurCHYVAK | а ты моя кошка 💘 @GoldKotiki |;1;65;1;0;;65;high;;0;;2026-04-22 02:35:05
5873801471;ustaqx;drunpodrynu;andrewgiftschat;Мои руки не крылья, да и люди не птицы @aalin_wqz0;1;50;1;0;;65;high;;0;;2026-04-22 02:35:05
5874176610;Синеглазка, но не Туманова;Vasssssik;andrewgiftschat;http://t.me/voprosy?start=voxqk;1;31;1;0;;60;medium;;0;;2026-04-22 02:35:05
5876806361;丂乇尺千ㄖㄥ丨爪🕊️;wI808Iw;andrewgiftschat;Жизнь - туман, а ты в ней - ёжик🦔🕊️... L.I.M.P.;1;47;1;0;;65;high;;0;;2026-04-22 02:35:05
5877162960;;;rabota_chaty1;;1;0;0;0;;10;low;skipped;0;2026-04-22 02:35:05;2026-04-22 02:35:05
5878606197;Саша;CHENOBIO;andrewgiftschat;;1;0;1;0;;35;low;;0;;2026-04-22 02:35:05
5878884942;Кириешкин;Kirieshkin_Tech;andrewgiftschat;Че писать то;1;12;1;0;;60;medium;;0;;2026-04-22 02:35:05
5878929286;Полина<3 #rizii;Polina_chipolina433;andrewgiftschat;:о;1;2;1;0;;60;medium;;0;;2026-04-22 02:35:05
5880416366;🌷 𐙚 ִ ࣪;ilpov;andrewgiftschat;угрозы докс скам мимо |;1;23;1;0;;60;medium;;0;;2026-04-22 02:35:05
5880416864;TheNeo;theneo777;laravel_pro;По вопросам сотрудничества ко мне.;1;34;1;0;;60;medium;;0;;2026-04-22 02:35:05
5880737461;Vladosik;kurasan4k;andrewgiftschat;;1;0;1;0;;35;low;;0;;2026-04-22 02:35:05
5882017347;౿ ° 🪻 ࿙݃࿙‌̼ ⸼࣪ ִ;Purple_Yuri;andrewgiftschat;;1;0;1;0;;35;low;;0;;2026-04-22 02:35:05
5883354319;赤毛;handsinblood1;andrewgiftschat;давай сыграем в любовь?;1;23;1;0;;60;medium;;0;;2026-04-22 02:35:05
5884012305;admin;mgameadmin;andrewgiftschat;Monopoly Game @mgamexbot;1;24;1;0;;60;medium;;0;;2026-04-22 02:35:05
5884288887;amww_x:3🪽#mlo;amwwx1;andrewgiftschat;🧔‍♀️||https://t.me/askrubot?start=5884288887;1;44;0;0;;55;medium;;0;;2026-04-22 02:35:05
5885098457;Anvarbek;Anvarbek_Ergashev;laravel_pro;;1;0;1;0;;35;low;;0;;2026-04-22 02:35:05
5885167145;@pecish;wh1te1836;andrewgiftschat;.;1;1;1;0;;60;medium;;0;;2026-04-22 02:35:05
5885532289;kpyт;seXkpyT;andrewgiftschat;;1;0;1;0;;35;low;;0;;2026-04-22 02:35:05
5887646031;Тако;takobeIl;andrewgiftschat;;1;0;1;0;;35;low;;0;;2026-04-22 02:35:05
5891051761;Сергей;DeDaa_Sergey;andrewgiftschat;Всегда будь немного добрее, чем необходимо;1;42;1;0;;65;high;;0;;2026-04-22 02:35:05
5891879239;Джон гарик;djongandon;rabota_chaty1;;1;0;0;0;;25;low;;0;;2026-04-22 02:35:05
5896173336;Максим #zuza 🐀;Zuza230182;andrewgiftschat;🐀👀;1;2;1;0;;60;medium;;0;;2026-04-22 02:35:05
5897855274;🐜;lasqwwxi;andrewgiftschat;https://t.me/petiti_bot?start=ref_5897855274;1;44;1;0;;65;high;;0;;2026-04-22 02:35:05
5899890251;tryxcva;capsli;andrewgiftschat;;1;0;1;0;;35;low;;0;;2026-04-22 02:35:05
5899971555;кит кат;loveyakitkat;andrewgiftschat;𝒾' jusᴛ #waiᴛ fᴏr ʍy 𖹭wn ⇄ @NNPHJ_KISSER |𝒾' lᴏvᴇ y𖹭u⇄ @augustbaab;1;66;1;0;;65;high;;0;;2026-04-22 02:35:05
5900233811;ᗢZeR0|XD;IsItZeR0;andrewgiftschat;-put it on me that's the best part baby the trust @Nillka_J |19.01.26|;1;70;1;0;;65;high;;0;;2026-04-22 02:35:05
5901058139;✞ΛИRA✞дɪʟᴅᴀ;Liriksans;andrewgiftschat;Пиши мне анонимно http://t.me/thevoprosybot?start=npcai;1;55;1;0;;65;high;;0;;2026-04-22 02:35:05
5902690003;ᅠ ￴￴￴￴✞︎kotik✞︎;kotikq01;andrewgiftschat;Люблю гулять и задротить;1;24;1;0;;60;medium;;0;;2026-04-22 02:35:05
5903161739;Новогодний Angel 3,8к+;angelprorok1;andrewgiftschat;доксер, богинец, король, сватер,троллер,миллионер! @vellskayaa сучка;1;68;1;0;;65;high;;0;;2026-04-22 02:35:05
5905235546;машечка💕;meow00993;andrewgiftschat;;1;0;0;0;;25;low;;0;;2026-04-22 02:35:05
5908503024;"ⲡυⲗюⲗя;3 | 06:46 / 2 own kttns";annagwx00;andrewgiftschat;Thinᴋing I'll ʍiss yᴏu fᴏrᴇvᴇr💤💋🫂@meovlmeov;1;43;1;0;;65;high;;0;;2026-04-22 02:35:05
5909812874;daxe;cute1337;andrewgiftschat;;1;0;1;0;;35;low;;0;;2026-04-22 02:35:05
5910126038;˚✶₊‧ ꒰ა 𝐾𝑖𝑡𝑡𝑦 ໒꒱ ‧₊✶˚ (˶˃ ᵕ ˂˶);MeOwMeOwB89;andrewgiftschat;ᶻ 𝘇 𐰁... 𝓗𝓸𝔀 𝓬𝓪𝓷 𝓘 𝓵𝓲𝓿𝓮 𝓯𝓸𝓻𝓮𝓿𝓮𝓻? ┊┊ @dioso_h ♡゙;1;47;1;0;;65;high;;0;;2026-04-22 02:35:05
5910183387;Имиль;imilxxx;andrewgiftschat;Happiness is in money;1;21;1;0;;60;medium;;0;;2026-04-22 02:35:05
5913720487;;;rabota_chaty1;;1;0;0;0;;10;low;skipped;0;2026-04-22 02:35:05;2026-04-22 02:35:05
5913826747;BunkerRP;BunkerRP_bot;andrewgiftschat;"Бот-ведущий для игры в «Бункер»

Новости: @BunkerRP_news
По всем вопросам: @vingronk";1;84;1;0;;65;high;;0;;2026-04-22 02:35:05
5918662333;;;rabota_chaty1;;1;0;0;0;;10;low;skipped;0;2026-04-22 02:35:05;2026-04-22 02:35:05
5918770428;𝖘𝖕𝖖𝖝𝖝 👾;spqxx162;andrewgiftschat;глору люблю❤️;1;13;1;0;;60;medium;;0;;2026-04-22 02:35:05
5922412571;.;viweqe;andrewgiftschat;;1;0;1;0;;35;low;;0;;2026-04-22 02:35:05
5923475758;А;raaa_aa111;andrewgiftschat;;1;0;1;0;;35;low;;0;;2026-04-22 02:35:05
5927600245;ᵗᵒᵘᵏᵃ;angejix;andrewgiftschat;𝐖𝐨𝐧'𝐭 𝐲𝐨𝐮 𝐝𝐢𝐞 𝐭𝐨𝐧𝐢𝐠𝐡𝐭 𝐟𝐨𝐫 𝐥𝐨𝐯𝐞? @munurety;1;41;1;0;;65;high;;0;;2026-04-22 02:35:05
5928824334;Ч1NんЇ;ban_chanushka;andrewgiftschat;@Sasha_FANTA_AM and @L7KCHAN м¥ ф1B0рìтē;1;40;1;0;;65;high;;0;;2026-04-22 02:35:05
5929608848;Алексей;alexsunarchin;laravel_pro;;1;0;0;0;;25;low;;0;;2026-04-22 02:35:05
5929635213;миша :Р;nolyex;andrewgiftschat;Те, кто не могут принять изменения, обречены остаться в тени истории.;1;69;1;0;;65;high;;0;;2026-04-22 02:35:05
5931770012;.;skeeex;andrewgiftschat;беееееебеееее @Gg_pyp;1;21;0;0;;50;medium;;0;;2026-04-22 02:35:05
5934524548;[L];itz_sakuraa;andrewgiftschat;.;1;1;1;0;;60;medium;;0;;2026-04-22 02:35:05
5935069704;I̟̅͂N̷̨͂$P̵̩ͦŔ̷̜4T̙̓͠I̵ͤ̂Ȯ̥͞N̷̶ͧ crm;sanii_u;andrewgiftschat;;1;0;1;0;;35;low;;0;;2026-04-22 02:35:05
5937004464;Ⓖ︎Ⓤ︎Ⓛ︎Ⓛ︎;rokysz;andrewgiftschat;;1;0;0;0;;25;low;;0;;2026-04-22 02:35:05
5938742910;𝐩𝐨𝐥𝐢𝐧𝐤𝐮𝐬𝐩;polinkusp;andrewgiftschat;;1;0;0;0;;25;low;;0;;2026-04-22 02:35:05
5941010780;Varya;;laravel_pro;;1;0;1;0;;20;low;skipped;0;2026-04-22 02:35:05;2026-04-22 02:35:05
5941748491;S1lent #крм;;andrewgiftschat;;1;0;1;0;;20;low;skipped;0;2026-04-22 02:35:05;2026-04-22 02:35:05
5943220339;𝑨𝒍𝒊𝒔𝒊𝒌ೀ #люблюклубничногобета🍓;Alisa_kaka666;andrewgiftschat;Только для @JEHDDHY возращаюсь я в постель)> @bassietrue когда врб;1;66;1;0;;65;high;;0;;2026-04-22 02:35:05
5943263532;𝕻𝖗𝖊𝖉𝖆𝖙𝖔𝖗;Hashborne;andrewgiftschat;Присоединяйся: https://t.me/rollsgame_bot?start=_tgr_bve8IlgyZjg6;1;65;1;0;;65;high;;0;;2026-04-22 02:35:05
5943910920;^ELIMDAR^;Voplotyy;andrewgiftschat;https://t.me/starsy_zarabotox_bot?start=5943910920;1;50;1;0;;65;high;;0;;2026-04-22 02:35:05
5943917548;Евгений;geniward;laravel_pro;;1;0;0;0;;25;low;;0;;2026-04-22 02:35:05
5944230479;Astral🧸;Astral_se2;andrewgiftschat;Ку🧸💝🎁🌹💐;1;7;1;0;;60;medium;;0;;2026-04-22 02:35:05
5947182041;помпурун;omorui;andrewgiftschat;Словно падающая звезда, ты упала с небес. Скажи мне это нападение или дар небес? @qisukx - жир;1;94;1;0;;65;high;;0;;2026-04-22 02:35:05
5950739873;"(_""_---_""_)";Wdeelon;andrewgiftschat;;1;0;1;0;;35;low;;0;;2026-04-22 02:35:05
5950784876;Kom🩶;Kom505kom;andrewgiftschat;落ちた花びらは二度と咲くことはない;1;17;1;0;;60;medium;;0;;2026-04-22 02:35:05
5951452935;“A-Site Studio”;A_Site_Studio_Support;laravel_pro;;1;0;1;0;;35;low;;0;;2026-04-22 02:35:05
5952418572;dashaawq;dashaawk;andrewgiftschat;;1;0;1;0;;35;low;;0;;2026-04-22 02:35:05
5952969794;⤷ ݂ ֹ 𝒦 𝘢𝘱𝘳𝘪 🏩‹ 𖦹 ༘;Ponyashkameow;andrewgiftschat;і'ᥣᥣ ᑲrᥱᥲk ᥡ᥆ᥙr ᑲ᥆ᥒᥱs ᥕі𝗍һ ᥲᥣᥣ 𝗍һᥱ ᥣ᥆᥎ᥱ і ᥴᥲrrᥡ;1;47;1;0;;65;high;;0;;2026-04-22 02:35:05
5954411799;ᴘʀᴏғᴇssɪᴏɴᴀʟ;sixtyer;andrewgiftschat;;1;0;1;0;;35;low;;0;;2026-04-22 02:35:05
5955934182;.;Nikto1345;andrewgiftschat;;1;0;0;0;;25;low;;0;;2026-04-22 02:35:05
5957182672;аня;avswip;andrewgiftschat;;1;0;0;0;;25;low;;0;;2026-04-22 02:35:05
5957831547;дресс#Drail▪️;anexpl;andrewgiftschat;;1;0;1;0;;35;low;;0;;2026-04-22 02:35:05
5958175922;♠;hitrmot;andrewgiftschat;нет;1;3;1;0;;60;medium;;0;;2026-04-22 02:35:05
5960336912;wididi;wididi;andrewgiftschat;;1;0;1;0;;35;low;;0;;2026-04-22 02:35:05
5962969471;Камила🫶🏻;Lovelosko;andrewgiftschat;—I feel glad when you're glad @okeokeokeooke;1;44;1;0;;65;high;;0;;2026-04-22 02:35:05
5963589204;не алиса, а элис.dev;Alica_ee;andrewgiftschat;Upset'ы и I am sad Step back, заканчивай этот set @listdevv;1;59;1;0;;65;high;;0;;2026-04-22 02:35:05
5966564245;precious;wwprecious;andrewgiftschat;;1;0;1;0;;35;low;;0;;2026-04-22 02:35:05
5966904086;ㅤㅤㅤㅤㅤㅤ;V0R_MSK;andrewgiftschat;я под защитой @vkmafioznik;1;26;0;0;;50;medium;;0;;2026-04-22 02:35:05
5966960782;ᴄᴋияʍиᴄ;skyamy_s;andrewgiftschat;зима не лето - арбуз не котлета;1;31;1;0;;60;medium;;0;;2026-04-22 02:35:05
5967054357;У МЯ ПЕРЕДОЗ;pornhub_peredozvik;andrewgiftschat;What do you want? #святая;1;25;1;0;;60;medium;;0;;2026-04-22 02:35:05
5967747519;RiPnYt;RiPnYt;andrewgiftschat;♱ 𝓡𝓲𝓟𝓷𝓨𝓽 ♱;1;10;1;0;;60;medium;;0;;2026-04-22 02:35:05
5971197711;Унитайзер7;G225225;andrewgiftschat;;1;0;0;0;;25;low;;0;;2026-04-22 02:35:05
5971847916;danil_msk;FUgeegUF;andrewgiftschat;;1;0;1;0;;35;low;;0;;2026-04-22 02:35:05
5972655162;Светлана;;tproger_chat;;1;0;0;0;;10;low;skipped;0;2026-04-22 02:35:05;2026-04-22 02:35:05
5977345468;ㅤ ㅤ;bliinya;andrewgiftschat;;1;0;1;0;;35;low;;0;;2026-04-22 02:35:05
5978648919;Дима;dima30r;andrewgiftschat;;1;0;1;0;;35;low;;0;;2026-04-22 02:35:05
5979126953;igoryf_13#SKNICE;M3PZOCT;andrewgiftschat;@Mzmzlk я хотел жить без проблем...;1;35;1;0;;60;medium;;0;;2026-04-22 02:35:05
5979291685;pedro;GoldenBlossom55;laravel_pro;;1;0;0;0;;25;low;;0;;2026-04-22 02:35:05
5979772752;𝗩𝗮𝗹𝗶𝗽𝗮;Valipochka;andrewgiftschat;𝗬𝗼𝘂 𝗸𝗻𝗼𝘄 𝘄𝗵𝗲𝗿𝗲 𝘁𝗼 𝗳𝗶𝗻𝗱 𝗺𝗲 @Milisik_s | @Tremorlabs;1;50;1;0;;65;high;;0;;2026-04-22 02:35:05
5980458706;;;rabota_chaty1;;1;0;0;0;;10;low;skipped;0;2026-04-22 02:35:05;2026-04-22 02:35:05
5982125050;vertoks;vertoks_m;andrewgiftschat;блин бейби ватфааак;1;19;1;0;;60;medium;;0;;2026-04-22 02:35:05
5982145356;Merrir0sses;Merir0sses;andrewgiftschat;;1;0;1;0;;35;low;;0;;2026-04-22 02:35:05
5982303499;#b’t.;wertlosee;andrewgiftschat;𝘐𝘵’𝘴 𝘴𝘶𝘤𝘩 𝘢 𝘭𝘰𝘷𝘦𝘭𝘺 𝘥𝘢𝘺, 𝘸𝘦 𝘴𝘩𝘰𝘶𝘭𝘥 𝘱𝘰𝘤𝘬𝘦𝘵 𝘵𝘩𝘦 𝘴𝘶𝘯𝘴𝘩𝘪𝘯𝘦;1;53;1;0;;65;high;;0;;2026-04-22 02:35:05
5982321735;𝓥𝓪𝓻𝓲𝔁𝓲𝓲♡👅;mne_noxyiu;andrewgiftschat;~᧐дᥙн уκ᧐᧘ ᥙ я ʙ᧐ᥴκρᥱᥴну,дуɯᥙᴛ ᴦ᧐᧘᧐ᥴ ᴛʙ᧐ᥔ чудᥱᥴныᥔ @SonicViperSVZ5 👅;1;68;1;0;;65;high;;0;;2026-04-22 02:35:05
5982413099;Lixzx.^_^ #газоваядовалка #CKK;lizznnz;andrewgiftschat;—you heard i like the bad girls baby @kamik_x ヾ(≧▽≦*)o;1;54;1;0;;65;high;;0;;2026-04-22 02:35:05
5982596117;xx;xselyavi;andrewgiftschat;;1;0;1;0;;35;low;;0;;2026-04-22 02:35:05
5984309819;95🥇;temagifts62;andrewgiftschat;;1;0;1;0;;35;low;;0;;2026-04-22 02:35:05
5984516829;antisocial;zxclown888;andrewgiftschat;мае лицо замазано ща гримом я пu3дкц красиви😎✌️;1;47;1;0;;65;high;;0;;2026-04-22 02:35:05
5984522922;ⲏⲁⲥⲧя 👻 #kl;CMETAHKA_LE;andrewgiftschat;ⳡⲧⲟ ⲗⲩⳡⲱⲉ ⲙⲉⲏя ⲏυⲕⲟⲅⲟ ⲏⲉ ⲃⲥⲧⲣⲉⳡⲁⲗⲁ.. 💘🥰 @CAXAPOK_LE ❤‍🩹 - д, с, р;1;65;1;0;;65;high;;0;;2026-04-22 02:35:05
5984671731;флешмоб;minami_xqw;andrewgiftschat;а4 аригинал;1;11;1;0;;60;medium;;0;;2026-04-22 02:35:05
5985775993;…;mafw_42;andrewgiftschat;;1;0;0;0;;25;low;;0;;2026-04-22 02:35:05
5987359077;kramalovv;kramalovv;andrewgiftschat;;1;0;0;0;;25;low;;0;;2026-04-22 02:35:05
5987725496;лиловая #гладиатор;LHGBXtxD;andrewgiftschat;-среди берез,болот и звезд,цыганских свадеб,волчьих слез мне нет местаааа;1;73;1;0;;65;high;;0;;2026-04-22 02:35:05
5990488670;...;Pigeon1Pigeon;andrewgiftschat;;1;0;1;0;;35;low;;0;;2026-04-22 02:35:05
5990644195;Ofiur.;Ofiur;andrewgiftschat;<⸻<< 「Carpe diem.」 >>⸻> https://t.me/+8RzdxtWXh8A1MDhi| @Moki_Milkiway;1;70;0;0;;55;medium;;0;;2026-04-22 02:35:05
5994615876;Данил;Fafauyi;andrewgiftschat;;1;0;1;0;;35;low;;0;;2026-04-22 02:35:05
5996831769;Что?;Squiizzyy;andrewgiftschat;;1;0;1;0;;35;low;;0;;2026-04-22 02:35:05
5996955795;СВЯТАЯЯ;salineeee;andrewgiftschat;;1;0;1;0;;35;low;;0;;2026-04-22 02:35:05
5997942594;Muhammad;;andrewgiftschat;;1;0;0;0;;10;low;skipped;0;2026-04-22 02:35:05;2026-04-22 02:35:05
6002538934;Дашечка;Tyt_rovno77;rabota_chaty1;;1;0;1;0;;35;low;;0;;2026-04-22 02:35:05
6003232416;Stanislav;Stas_turner;andrewgiftschat;;1;0;0;0;;25;low;;0;;2026-04-22 02:35:05
6004539414;Ilya;;laravel_pro;;1;0;0;0;;10;low;skipped;0;2026-04-22 02:35:05;2026-04-22 02:35:05
6005669274;Человек;Chill_gue;andrewgiftschat;человек которого почти никто не знает, но его можешь узнать именно ты;1;69;0;0;;55;medium;;0;;2026-04-22 02:35:05
6006998418;10;imlegendaren;andrewgiftschat;.;1;1;0;0;;50;medium;;0;;2026-04-22 02:35:05
6008568728;𝓜𝓻𝓪𝓴;Xboksss;andrewgiftschat;Xz;1;2;1;0;;60;medium;;0;;2026-04-22 02:35:05
6012566053;av3rag3r;av3rag3r;andrewgiftschat;🧩я, 𐔖ɥᥱⲏь 𐔤ᥴⲧᥲ᥈, ⲙⲏᥱ ⲭ𐔖ɥᥱⲧᥴя ᥴᥒᥲⲧь, ⲙⲏᥱ ⲭ𐔖ɥᥱⲧᥴя ⳅⲏᥲⲧь, ᥒ𐔖ɥᥱⲙ𐔤 ⲃᥴᥱ ⲧᥲⲕ🧩;1;70;1;0;;65;high;;0;;2026-04-22 02:35:05
6013861183;.;rocketskywa1kerr;andrewgiftschat;похоже на любовь и я болен тобой;1;32;1;0;;60;medium;;0;;2026-04-22 02:35:05
6015296935;блин блинский;xuxexo;andrewgiftschat;;1;0;1;0;;35;low;;0;;2026-04-22 02:35:05
6015954726;Азизбек;;rabota_chaty1;;1;0;0;0;;10;low;skipped;0;2026-04-22 02:35:05;2026-04-22 02:35:05
6016936533;𝐒𝐢𝐥//𝐤𝐢🪿;sil_ku;andrewgiftschat;;1;0;0;0;;25;low;;0;;2026-04-22 02:35:05
6017344403;MaDmAtViT;Typoy_i_daun;andrewgiftschat;당신은 똑똑하고 아름답습니 @Kofiixs;1;23;1;0;;60;medium;;0;;2026-04-22 02:35:05
6019534927;J;Guestest;python_ru;;1;0;0;0;;25;low;;0;;2026-04-22 02:35:05
6019698714;Еваааа;evriska;andrewgiftschat;—small world, all her friends know of me @mmiq_z|| 𝙷𝚘𝚠 𝚌𝚊𝚗 𝚢𝚘𝚞 𝚕𝚘𝚘𝚔 𝚊𝚝 𝚖𝚎 𝚊𝚗𝚍 𝚙𝚛𝚎𝚝𝚎𝚗𝚍 𝙸'𝚖 𝚜𝚘𝚖𝚎𝚘𝚗𝚎 𝚢𝚘𝚞 𝚗𝚎𝚟𝚎𝚛 𝚖𝚎𝚝?;1;112;1;0;;65;high;;0;;2026-04-22 02:35:05
6020833208;midav;lmidav;andrewgiftschat;|?_?| бро @tgantilopa;1;21;1;0;;60;medium;;0;;2026-04-22 02:35:05
6021216325;𝙼𝚊𝚐𝚊_;Mr_mm3;andrewgiftschat;“Воистину, за каждой тягостью наступает облегчение”;1;51;1;0;;65;high;;0;;2026-04-22 02:35:05
6021301271;ʏᴍᴇʀ!ɯий#ᴀɴɢᴇʟ;moonsexsizzex;andrewgiftschat;;1;0;1;0;;35;low;;0;;2026-04-22 02:35:05
6024464870;Tatiana;;laravel_pro;;1;0;1;0;;20;low;skipped;0;2026-04-22 02:35:05;2026-04-22 02:35:05
6026667647;Decon бабкиХАСЛ;axowp;andrewgiftschat;дальше меньше, #кимпиньтяо;1;26;1;0;;60;medium;;0;;2026-04-22 02:35:05
6027386798;Alex Gambling;topgamblersstudio;laravel_pro;Gambling projects;1;17;1;0;;60;medium;;0;;2026-04-22 02:35:05
6027518804;ashzxx;ashxkz;andrewgiftschat;be yourself;1;11;0;0;;50;medium;;0;;2026-04-22 02:35:05
6027959857;·.¸¸.·♩♪♫𝑯𝒖𝒍𝒆𝒇𝒐𝒏 𝒅𝒛𝒉𝒊𝒎𝒂𝒍𝒖𝒊𝒄𝒉𝒊𝒇𝒐𝒏 ♫♪♩·.¸¸.·;hulefon0;andrewgiftschat;Алелуя;1;6;1;0;;60;medium;;0;;2026-04-22 02:35:05
6029684380;Dopixxxx;jiropix;andrewgiftschat;;1;0;1;0;;35;low;;0;;2026-04-22 02:35:05
6030915202;fazenn;fazen_tag;andrewgiftschat;;1;0;1;0;;35;low;;0;;2026-04-22 02:35:05
6031507233;Áir🪽;a1ries;andrewgiftschat;;1;0;1;0;;35;low;;0;;2026-04-22 02:35:05
6031789238;.;;andrewgiftschat;;1;0;1;0;;20;low;skipped;0;2026-04-22 02:35:05;2026-04-22 02:35:05
6033815583;Farid Rustamov;Texnokursor;laravel_pro;;1;0;1;0;;35;low;;0;;2026-04-22 02:35:05
6037440911;🍦;Pusheen_fan_bebebe;andrewgiftschat;@vvtrhzp если ты 6-6-6 то я жесть-жесть-жесть #Даянафембой;1;58;1;0;;65;high;;0;;2026-04-22 02:35:05
6038505241;ᶻ 𝗓 𐰁 𝙱𝚎𝚕 | 𝑩𝑹𝑬𝑿𝑿𝑿;anti_depr;andrewgiftschat;— Дᴀᴧьɯᴇ ᴋᴩуᴛяᴛᴄя ᴨᴧᴀнᴇᴛы, ничᴇᴦᴏ нᴇ ᴨᴏʍᴇняᴛь.. | @Natural1049;1;62;1;0;;65;high;;0;;2026-04-22 02:35:05
6038756035;Дарья;dsh_aa114;andrewgiftschat;;1;0;1;0;;35;low;;0;;2026-04-22 02:35:05
6041849928;Денис;dpikaev;tproger_chat;;1;0;1;0;;35;low;;0;;2026-04-22 02:35:05
6042689515;No Name;makeaccount2a;laravel_pro;;1;0;0;0;;25;low;;0;;2026-04-22 02:35:05
6046746515;Викуля;vikalubb;rabota_chaty1;;1;0;1;0;;35;low;;0;;2026-04-22 02:35:05
6047385828;𝗖𝗶𝘃𝗼𝗿;RadiantShard;andrewgiftschat;𝗛𝗶𝘀 𝗻𝗮𝗺𝗲 𝗶𝘀 𝗠𝗮𝘅.;1;16;1;0;;60;medium;;0;;2026-04-22 02:35:05
6048019878;NN;E100rr;andrewgiftschat;;1;0;1;0;;35;low;;0;;2026-04-22 02:35:05
6049103065;крюга;cruqa;andrewgiftschat;;1;0;1;0;;35;low;;0;;2026-04-22 02:35:05
6050840730;Mr Dezze @andrusho;Killler019;andrewgiftschat;;1;0;1;0;;35;low;;0;;2026-04-22 02:35:05
6051926038;дишка;diixssii;andrewgiftschat;;1;0;1;0;;35;low;;0;;2026-04-22 02:35:05
6053797273;𝘽𝙞𝙜𝘾𝙝𝙞𝙛;Goychick;andrewgiftschat;Win or win;1;10;1;0;;60;medium;;0;;2026-04-22 02:35:05
6054227174;🤑;xvdvbd;andrewgiftschat;;1;0;1;0;;35;low;;0;;2026-04-22 02:35:05
6057366053;Legmar;Legmar1340;andrewgiftschat;🟢;1;1;1;0;;60;medium;;0;;2026-04-22 02:35:05
6060150607;Stasy 🦦;Killer_cutie;andrewgiftschat;ᴍʏ ʙᴀʙʏ ɪs ᴀ ᴍᴏɴsᴛᴇʀ ᴀ ʜᴜɴᴛᴇʀ ʙᴜᴛ ɪ'ᴍ ɴᴏᴛ ᴀꜰʀᴀɪᴅ;1;48;1;0;;65;high;;0;;2026-04-22 02:35:05
6060869851;Barmoley;Artem_Barmoleyy;andrewgiftschat;Манагер;1;7;1;0;;60;medium;;0;;2026-04-22 02:35:05
6065034190;поляя;komiskii;andrewgiftschat;;1;0;1;0;;35;low;;0;;2026-04-22 02:35:05
6065676896;валенок;Inoprishlenexc;andrewgiftschat;;1;0;0;0;;25;low;;0;;2026-04-22 02:35:05
6067757781;ⓃⒾⓀⒾⓉⒶ❥••࿐;nikitaaa299;andrewgiftschat;Самый добрый;1;12;1;0;;60;medium;;0;;2026-04-22 02:35:05
6069194406;David;david_555;andrewgiftschat;Залетайте в наш канал с лудками на нфт) (канал)https://t.me/NeonWolfGifts https://t.me/NeonWolfRep (Отзывы) https://t.me/NeonWolfChat (Чат);1;139;1;0;;70;high;;0;;2026-04-22 02:35:05
6071202591;⸝⸝═˗.˚⌗𝐤𝐫𝐨𝐳𝐢𝐤___𝐤𝐙.°═⸝⸝;Krozz_kZ;andrewgiftschat;[🫁] - И как стать лучше? Увы, никто не расскажет..;1;50;1;0;;65;high;;0;;2026-04-22 02:35:05
6071606655;ALI;ALI_777tm;andrewgiftschat;;1;0;1;0;;35;low;;0;;2026-04-22 02:35:05
6076378207;sprite#vnl#mf#krt#scw;Daryx6;andrewgiftschat;;1;0;1;0;;35;low;;0;;2026-04-22 02:35:05
6077186417;i.s;is_hhhk;andrewgiftschat;;1;0;1;0;;35;low;;0;;2026-04-22 02:35:05
6077829559;s;xxx_poo;andrewgiftschat;;1;0;0;0;;25;low;;0;;2026-04-22 02:35:05
6078890370;Reb3c1ak ∆;Lerch_3_1_1;python_ru;;1;0;1;0;;35;low;;0;;2026-04-22 02:35:05
6082202606;PAБOTA;;rabota_chaty1;;1;0;0;0;;10;low;skipped;0;2026-04-22 02:35:05;2026-04-22 02:35:05
6083444425;𝐒𝐮𝐧𝐬𝐡𝐢𝐧𝐞 | 𝑰𝒍𝒊𝒂𝒏𝒏𝒐𝒄𝒉𝒌𝒂;Iliannochka;andrewgiftschat;ⲕⲟⲅⲇⲁ ⲏⲁ ⲏⲉⳝⲟ ⲃⳅⲟύⲇⲩⲧ ⲇⲃⲁ ⲡⲟⲗⲩⲙⲉⲥяцⲁ - @onlbred♡〡иногда пропадаю;1;64;1;0;;65;high;;0;;2026-04-22 02:35:05
6084357339;тумбочка;xeydsik;andrewgiftschat;-йоу @Minoande;1;14;1;0;;60;medium;;0;;2026-04-22 02:35:05
6085362707;私は|ヴァーニャが|大好き|です。|14+16;Fawifst;andrewgiftschat;— ʍᴏᴦу ʙ ᴄᴇбя ʙᴧюбиᴛь и иᴄᴨᴀᴩиᴛьᴄя нᴀʙᴄᴇᴦдᴀ.@astreer_cc;1;55;1;0;;65;high;;0;;2026-04-22 02:35:05
6085896655;;;rabota_chaty1;;1;0;0;0;;10;low;skipped;0;2026-04-22 02:35:05;2026-04-22 02:35:05
6089330040;Miguel;klngoflive;andrewgiftschat;;1;0;1;0;;35;low;;0;;2026-04-22 02:35:05
6090522023;дашулик;dashasdf99;andrewgiftschat;;1;0;1;0;;35;low;;0;;2026-04-22 02:35:05
6093844255;Alexander;alexander_otwell;laravel_pro;;1;0;1;0;;35;low;;0;;2026-04-22 02:35:05
6095457771;Алина ✨;Linana136;andrewgiftschat;🌸🌸🌸;1;3;1;0;;60;medium;;0;;2026-04-22 02:35:05
6096784753;Артур;Ejjexjxb;andrewgiftschat;Мой раб tg://settings;1;21;0;0;;50;medium;;0;;2026-04-22 02:35:05
6097022279;84780;kJAfMx;andrewgiftschat;;1;0;1;0;;35;low;;0;;2026-04-22 02:35:05
6099310879;Олег;oleg_puan;laravel_pro;Программирую: боты, сайты, ИИ, любые пожелания. 10+ лет опыта;1;61;1;0;;65;high;;0;;2026-04-22 02:35:05
6099501234;Максим;Maxon4ik0305;andrewgiftschat;;1;0;0;0;;25;low;;0;;2026-04-22 02:35:05
6102715125;VladisSlay;Vladisslay4;andrewgiftschat;Lego colorful blocks have been popular for many years. You can build almost anything with them! Make sure to visit Legoland in California!;1;138;0;0;;60;medium;;0;;2026-04-22 02:35:05
6104009843;love;qwericxx;andrewgiftschat;;1;0;0;0;;25;low;;0;;2026-04-22 02:35:05
6105563552;YepBro;yepbro_ru;laravel_pro;Веб-разработка на Laravel/Vue/Nuxt;1;34;1;0;;60;medium;;0;;2026-04-22 02:35:05
6109291875;дᴇʜᴘᴜᴋᴄ⚰️;cenkriix;andrewgiftschat;;1;0;0;0;;25;low;;0;;2026-04-22 02:35:05
6113201428;Кара﹆🗣️;ka1iks;andrewgiftschat;мне твои советы как мертвому минеты😺 || в💘;1;42;1;0;;65;high;;0;;2026-04-22 02:35:05
6114544849;Artyomka;Artyomka1111;andrewgiftschat;;1;0;0;0;;25;low;;0;;2026-04-22 02:35:05
6114609606;Дєкстєр Морган;ShturmoviKkk;andrewgiftschat;Ґазґаз нафта ґаз За це люблю ДонбасГосподи памажи всіх зубожи @V5NIGER;1;70;1;0;;65;high;;0;;2026-04-22 02:35:05
6114776509;Sasha;sas_rodionova;laravel_pro;Blogger, Beauty. Project in sentry.io;1;37;1;0;;60;medium;;0;;2026-04-22 02:35:05
6117583647;Дanya;yesdanya;andrewgiftschat;;1;0;1;0;;35;low;;0;;2026-04-22 02:35:05
6117609689;hmstr;usenxt1;andrewgiftschat;;1;0;1;0;;35;low;;0;;2026-04-22 02:35:05
6118070597;{°•.ⲙᥲrsɦⲙᥲᥣᥣ᧐ᥕ.•°};marshmallow555;andrewgiftschat;𐌑y ɦᥱᥲrᴛ ᧐ᥒᥣy ᥕᥲᥒᴛs jᥙsᴛiᥴᥱ.;1;28;1;0;;60;medium;;0;;2026-04-22 02:35:05
6118612815;олег;imrealbug;andrewgiftschat;| ЧyвAk эта ВeЧeринka oтCтOй- @Wheelchair96 |;1;45;1;0;;65;high;;0;;2026-04-22 02:35:05
6119131035;Kit :);Reytmanqq;andrewgiftschat;https://t.me/tgifts_stars_bot?start=AnqntRsj;1;44;1;0;;65;high;;0;;2026-04-22 02:35:05
6119600675;WsQUIL;JESTERRRRRRRRRRRRRRRRRRR;andrewgiftschat;;1;0;1;0;;35;low;;0;;2026-04-22 02:35:05
6119956710;𝑅𝑎𝑆𝑢𝑙;Crizik;andrewgiftschat;Обсуждать хуйню и жить счастливо @tubus955;1;42;1;0;;65;high;;0;;2026-04-22 02:35:05
6122476986;Isaac;Isaaklover;andrewgiftschat;*Плачу в какашки*;1;17;1;0;;60;medium;;0;;2026-04-22 02:35:05
6122972454;Slab;slabn67;andrewgiftschat;;1;0;1;0;;35;low;;0;;2026-04-22 02:35:05
6123765383;Канаво;Railsey;andrewgiftschat;"Канава. Напиши мне в лс слово ""Зюзя"" @Sssseeeehhhh - черни бро";1;62;1;0;;65;high;;0;;2026-04-22 02:35:05
6124290020;Владимир;PereSvet001;andrewgiftschat;;1;0;1;0;;35;low;;0;;2026-04-22 02:35:05
6125969463;𝕸𝖆𝖉𝖗𝖆;Maaadraa;andrewgiftschat;;1;0;1;0;;35;low;;0;;2026-04-22 02:35:05
6129126536;Hollow;The_best_scamer_ever;andrewgiftschat;;1;0;1;0;;35;low;;0;;2026-04-22 02:35:05
6129191583;Ярослав;hardbobrik;andrewgiftschat;;1;0;0;0;;25;low;;0;;2026-04-22 02:35:05
6130269341;Данон;danon_x;andrewgiftschat;;1;0;1;0;;35;low;;0;;2026-04-22 02:35:05
6132949085;Murodxon;murodqodirxonov;laravel_pro;;1;0;0;0;;25;low;;0;;2026-04-22 02:35:05
6134453464;Mule;Mr1R0b0t;laravel_pro;;1;0;1;0;;35;low;;0;;2026-04-22 02:35:05
6136512352;Xnks;Internil7;rabota_chaty1;my def @zvon000 || лучшие номера тг @nomera_buy;1;47;1;0;;65;high;;0;;2026-04-22 02:35:05
6137287760;Пряник;wawasek;andrewgiftschat;віч дімо;1;8;1;0;;60;medium;;0;;2026-04-22 02:35:05
6140599356;𝓐𝓻𝓶𝓮𝓷159;King15179;andrewgiftschat;;1;0;1;0;;35;low;;0;;2026-04-22 02:35:05
6140764897;W;itwasburning;andrewgiftschat;;1;0;1;0;;35;low;;0;;2026-04-22 02:35:05
6141724068;ㅤ ⟢۪ ֹ ᮫ 𝐌𝟏𝐤𝐤𝐚ྀི ׁ ۪ ֹ ᮫ ｜;m1kaurii;andrewgiftschat;- 𝐧𝐨 𝐨𝐧𝐞 𝐥𝐨𝐨𝐤 𝐠𝐨𝐨𝐝 𝐰𝐢𝐭𝐡 𝐦𝐞 𝐛𝐮𝐭 𝐲𝐨𝐮𝐮!࣪ 𓏲ᥫ᭡ ⊹ ˑ @l_like_rain 🎐💍💍;1;62;1;0;;65;high;;0;;2026-04-22 02:35:05
6142122783;༒︎🌱𝑭𝒊𝒌𝒖𝒔🌱༒︎;RastenieKlassaFikusovoe;andrewgiftschat;Бегущий фикус;1;13;1;0;;60;medium;;0;;2026-04-22 02:35:05
6143736217;𝓝𝓾;Nushnu;andrewgiftschat;😝;1;1;1;0;;60;medium;;0;;2026-04-22 02:35:05
6144790218;Momen;momensameer;laravel_pro;Software Development Engineering;1;32;1;0;;60;medium;;0;;2026-04-22 02:35:05
6146869737;eren;erehh_h;andrewgiftschat;;1;0;1;0;;35;low;;0;;2026-04-22 02:35:05
6148950068;§;difuehdj8;andrewgiftschat;;1;0;1;0;;35;low;;0;;2026-04-22 02:35:05
6152909979;Kim 🛡️;AKIM_812;andrewgiftschat;def : t.me/bogmajor;1;19;1;0;;60;medium;;0;;2026-04-22 02:35:05
6153145623;𝑚𝑖𝑛𝑦𝑜𝑛𝑛𝑜𝑣𝑎;XXPPLL11;andrewgiftschat;;1;0;1;0;;35;low;;0;;2026-04-22 02:35:05
6156248027;* ₊˚𝓓𝓪𝓻𝓻𝓲𝓷𝓪𝓪𝓪˚₊‧*;Launeeexx;andrewgiftschat;;1;0;1;0;;35;low;;0;;2026-04-22 02:35:05
6156514133;Naitik;;rabota_chaty1;;1;0;0;0;;10;low;skipped;0;2026-04-22 02:35:05;2026-04-22 02:35:05
6157923617;abi;viiyyyr;andrewgiftschat;"You tell me I'm wrong ; then you better prove you are right";1;59;1;0;;65;high;;0;;2026-04-22 02:35:05
6159515392;J💘;jeni_offs;andrewgiftschat;🤷🏻‍♀️;1;5;1;0;;60;medium;;0;;2026-04-22 02:35:05
6160457090;ᅠкарти;vertxxx;andrewgiftschat;;1;0;1;0;;35;low;;0;;2026-04-22 02:35:05
6160836208;Nastya;;laravel_pro;SheIn (Europe), travel, photography 📸 Thailand;1;46;1;0;;50;medium;skipped;0;2026-04-22 02:35:05;2026-04-22 02:35:05
6163775235;Have_Fun;ayvolky;andrewgiftschat;https://t.me/nftayvolky;1;23;1;0;;60;medium;;0;;2026-04-22 02:35:05
6168044087;.;suhrob_47;andrewgiftschat;Купить звёзды и нфт можно через @Starsselb_bot;1;46;1;0;;65;high;;0;;2026-04-22 02:35:05
6168885159;mey;meyyy_nem;andrewgiftschat;How can you look at me and pretend I'm someone you never met?;1;61;1;0;;65;high;;0;;2026-04-22 02:35:05
6180820217;︎ марихуановa;;andrewgiftschat;https://t.me/GID_ScamBase - Скам база;1;37;1;0;;45;medium;skipped;0;2026-04-22 02:35:05;2026-04-22 02:35:05
6181391519;;;rabota_chaty1;;1;0;0;0;;10;low;skipped;0;2026-04-22 02:35:05;2026-04-22 02:35:05
6181501868;анечка⁴⁷;tblovvki;andrewgiftschat;-𝑖𝑓 𝑡ℎ𝑒 𝑤𝑜𝑟𝑙𝑑 𝑤𝑎𝑠 𝑒𝑛𝑑𝑖𝑛𝑔. @lottery_aaa | ²¹⁴⁷⁶¹;1;47;1;0;;65;high;;0;;2026-04-22 02:35:05
6184460092;[Сын Дурова] garant 190+ rev #visk;Son_of_Durovv;andrewgiftschat;Я под защитой @def_zendy;1;24;1;0;;60;medium;;0;;2026-04-22 02:35:05
6185049512;ᅟ котейка😝;KAHOH457;andrewgiftschat;-ты спать не хочешь? @zxxc_x;1;28;1;0;;60;medium;;0;;2026-04-22 02:35:05
6185875320;Zubаツ;XZuba;andrewgiftschat;player bs;1;9;1;0;;60;medium;;0;;2026-04-22 02:35:05
6186389158;kharisanova ‘ #аby;kharisanovaa;andrewgiftschat;MDD;1;3;1;0;;60;medium;;0;;2026-04-22 02:35:05
6187375040;BOBRIK;BOBRIK_VI;andrewgiftschat;;1;0;1;0;;35;low;;0;;2026-04-22 02:35:05
6189995728;Zo1x;zo1x_71;andrewgiftschat;;1;0;1;0;;35;low;;0;;2026-04-22 02:35:05
6192277523;Ketchup;Dodds18;andrewgiftschat;;1;0;0;0;;25;low;;0;;2026-04-22 02:35:05
6193316867;hitwaveⓘᶻˣᶜ🇺🇲;frikpdr;andrewgiftschat;𝒗𝒐𝒍𝒉𝒆𝒚 𝒇𝒕. 𝒅𝒂𝒃𝒃𝒂𝒄𝒌𝒘𝒐𝒐𝒅–ᴛᴩиᴨᴀ нᴇᴛ⋆˚‧˚♪⊹🚬;1;39;1;0;;60;medium;;0;;2026-04-22 02:35:05
6194193370;Халель что то как то не эщкере;Krutoi_kot_zeleni;andrewgiftschat;;1;0;1;0;;35;low;;0;;2026-04-22 02:35:05
6194393338;RS | Денис | USSR • ∞ ™©®⁷ |;RealMadridFunDenis;andrewgiftschat;¡HALA MADRID!¡HALA MADRID!¡HALA MADRID!Люблю играть в Grow a Garden;1;67;1;0;;65;high;;0;;2026-04-22 02:35:05
6195020314;⌗ . ᵎᵎ ⸝⸝ 𝓑𝑎𝑠𝑠𝑖𝑒 𝐵𝑙𝑜𝑜𝑚𝑖𝑛𝑔𝑡𝑜𝑛 ᛝ⁠⁠ .ᐟ ⨝;Woeweru;andrewgiftschat;⏜۫𓏸⃘⌣۪ ׄ⏜۫𓏸⃘⌣ 𖥔 ۪ ׄ⏜۫𓏸⃘⌣۪ ⏜ׄ۫𓏸⃘⌣ ι ᥕᥲᥒt tо ⲙᥱᥱt hιⲙ @Hornet_v_kedax| @UltGabriel| Fᥙtᥙrᥱ'᥉ ⲙᥲᦔᥱ 𐔖𐔥 @Leonid_Steiner 𐔌՞ ܸ.ˬ.ܸ՞𐦯;1;125;1;0;;70;high;;0;;2026-04-22 02:35:05
6196531968;⍥⃝♟️;Black_andwhite_Goose;andrewgiftschat;Тгк: https://t.me/Chef_Shusha;1;29;1;0;;60;medium;;0;;2026-04-22 02:35:05
6197569345;ᅠ;tuva17ru;andrewgiftschat;;1;0;0;0;;25;low;;0;;2026-04-22 02:35:05
6198694010;PxAAMRSHLL;pxaamrshll;laravel_pro;;1;0;1;0;;35;low;;0;;2026-04-22 02:35:05
6199128894;Эвко 差;Dildo_171;andrewgiftschat;;1;0;1;0;;35;low;;0;;2026-04-22 02:35:05
6199983536;Lunassi 🌑;Lonssyyy;andrewgiftschat;+888 0808 0888;1;14;1;0;;60;medium;;0;;2026-04-22 02:35:05
6201082692;Юра;Premium686;andrewgiftschat;http://t.me/voprosy?start=9l3pe;1;31;1;0;;60;medium;;0;;2026-04-22 02:35:05
6201964837;sonch🙊;muwmuv;andrewgiftschat;;1;0;1;0;;35;low;;0;;2026-04-22 02:35:05
6202588652;даша;slimey52;andrewgiftschat;;1;0;1;0;;35;low;;0;;2026-04-22 02:35:05
6202779927;Глеб𖣂;confusso;andrewgiftschat;;1;0;1;0;;35;low;;0;;2026-04-22 02:35:05
6203860891;мопс;wwwwwvwvvwwwv;andrewgiftschat;;1;0;0;0;;25;low;;0;;2026-04-22 02:35:05
6204945212;Роман;roma_name;laravel_pro;;1;0;0;0;;25;low;;0;;2026-04-22 02:35:05
6205726864;𝐅𝐒 | 𝐍𝐢𝐠𝐡𝐭 🩸𝙹𝚘𝚔𝚎𝚛𝚜 🃏;wizzer07;andrewgiftschat;;1;0;1;0;;35;low;;0;;2026-04-22 02:35:05
6207149894;𝒂𝒈𝒂𝒕𝒂 𝒔𝒊𝒏𝒚𝒂𝒆𝒗𝒂;Agata2110;andrewgiftschat;;1;0;1;0;;35;low;;0;;2026-04-22 02:35:05
6208120673;Мишаня;Omckindnk;andrewgiftschat;;1;0;1;0;;35;low;;0;;2026-04-22 02:35:05
6209821205;𝗟𝗮𝘃𝘇𝗮𝘆;lavzay;andrewgiftschat;о себе;1;6;1;0;;60;medium;;0;;2026-04-22 02:35:05
6210523459;спящий 🏴‍☠️;Gomer8282;andrewgiftschat;;1;0;1;0;;35;low;;0;;2026-04-22 02:35:05
6213708590;Olga;;laravel_pro;Product manager 🇹🇭;1;18;1;0;;45;medium;skipped;0;2026-04-22 02:35:05;2026-04-22 02:35:05
6215222997;50 | Ersancik;Ersancik;andrewgiftschat;Создатель ARENAS BRAWL - @ARENASBRAWLCOMM;1;41;1;0;;65;high;;0;;2026-04-22 02:35:05
6215965590;#беспечная🎰;guksiuyy;andrewgiftschat;;1;0;1;0;;35;low;;0;;2026-04-22 02:35:05
6216152364;Мг. #fr;Dadaya2340;andrewgiftschat;;1;0;0;0;;25;low;;0;;2026-04-22 02:35:05
6219255417;ɪɴᴛ | ɴᴀᴊᴊɪᴍᴇ;vuonc;andrewgiftschat;𝘐 𝘮𝘶𝘴𝘵 𝘣𝘦 𝘮𝘢𝘥𝘦 𝘰𝘧 𝘴𝘵𝘦𝘦𝘭 | ᴛᴀᴋ ᴦᴩіє @osdpopo;1;43;1;0;;65;high;;0;;2026-04-22 02:35:05
6220492538;аришка 🪽;mi_rinnn1;andrewgiftschat;;1;0;0;0;;25;low;;0;;2026-04-22 02:35:05
6220780747;ᅠNett;NettSpace;andrewgiftschat;ᅠ¹⁷;1;3;1;0;;60;medium;;0;;2026-04-22 02:35:05
6221092199;Владимир;glumeshka;laravel_pro;;1;0;1;0;;35;low;;0;;2026-04-22 02:35:05
6223139514;Edward;haysnaeidrefiraa;python_ru;Happiness lies in the joy of achievement and the thrill of creative ef;1;70;1;0;;65;high;;0;;2026-04-22 02:35:05
6225137831;Svetoos𐙚;svet_oos;andrewgiftschat;>>>;1;3;1;0;;60;medium;;0;;2026-04-22 02:35:05
6225714088;₊˚౨ৎ𝙣𝙨1𝙡𝙬𝙬˚౨ৎ˚₊;ns1lww;andrewgiftschat;⛄️ʚɞ˚‧｡⋆ ᕼᙓᒐᒐᗜ! ⋆｡‧˚ʚɞ⛄️;1;24;1;0;;60;medium;;0;;2026-04-22 02:35:05
6225891520;Маруся;mashytikl;andrewgiftschat;;1;0;1;0;;35;low;;0;;2026-04-22 02:35:05
6231004819;Murzey;Murzey4;andrewgiftschat;🐈;1;1;1;0;;60;medium;;0;;2026-04-22 02:35:05
6231133374;戏;;python_ru;;1;0;0;0;;10;low;skipped;0;2026-04-22 02:35:05;2026-04-22 02:35:05
6231390744;RAIM;raim_lv;laravel_pro;;1;0;1;0;;35;low;;0;;2026-04-22 02:35:05
6233301099;Кот ⠒̫⃝🍔;Itz_catnap;andrewgiftschat;;1;0;1;0;;35;low;;0;;2026-04-22 02:35:05
6234834036;ASER;Aseriz121;andrewgiftschat;14.03.26🤎;1;9;1;0;;60;medium;;0;;2026-04-22 02:35:05
6236308902;?;;andrewgiftschat;;1;0;0;0;;10;low;skipped;0;2026-04-22 02:35:05;2026-04-22 02:35:05
6237998605;Ховард;howard_16;laravel_pro;;1;0;1;0;;35;low;;0;;2026-04-22 02:35:05
6239396659;ˢʷᶤ ❦;elecarol;andrewgiftschat;👹;1;1;1;0;;60;medium;;0;;2026-04-22 02:35:05
6239412033;Opiks100;Paul_du_nowkie;andrewgiftschat;Рыбки плавают по дну,не поймаешь не одну @didjey_ignat_sponjik;1;62;1;0;;65;high;;0;;2026-04-22 02:35:05
6242260224;sᴀdᴩigᴇᴏnᴇ.💙🎶 (400+)#хᴀниᴋᴄ;Sadpigeonefanfan;andrewgiftschat;Я ɜᴀбиᴩᴀю @veroshiks_22_0 ʙ ᴄᴛᴩᴀɯный дᴏᴏᴏᴏʍ...;1;46;1;0;;65;high;;0;;2026-04-22 02:35:05
6243986756;sakiko🌒 #scw #gav;ssakkiko;andrewgiftschat;𝒘𝒐𝒏’𝒕 𝒚𝒐𝒖 𝒅𝒊𝒆 𝒕𝒐𝒏𝒊𝒈𝒉𝒕 𝒇𝒐𝒓 𝒍𝒐𝒗𝒆?;1;31;0;0;;50;medium;;0;;2026-04-22 02:35:05
6253340670;Kamaz;Kamaz226;andrewgiftschat;Я остаюсь Я буду здесь жить;1;27;1;0;;60;medium;;0;;2026-04-22 02:35:05
6255566627;ᴋᴏʀᴜᴘᴛsᴏᴠ #nptkbv #knt #ns #ng #ilooins;Kkorupt;andrewgiftschat;;1;0;1;0;;35;low;;0;;2026-04-22 02:35:05
6256301493;арм;armenches;andrewgiftschat;;1;0;0;0;;25;low;;0;;2026-04-22 02:35:05
6258465776;wrixis🪽;wrixis4;andrewgiftschat;крылатая;1;8;1;0;;60;medium;;0;;2026-04-22 02:35:05
6259101045;бутылка;bottledaa;andrewgiftschat;;1;0;1;0;;35;low;;0;;2026-04-22 02:35:05
6259271753;Гаэль;gael_hektor_1950;tproger_chat;;1;0;0;0;;25;low;;0;;2026-04-22 02:35:05
6260235326;Okixo;;andrewgiftschat;;1;0;1;0;;20;low;skipped;0;2026-04-22 02:35:05;2026-04-22 02:35:05
6260736399;Jet;hamasakibrain;laravel_pro;Разработка Сайтов, CRM, Личных кабинетов и интеграция платежных систем;1;70;0;0;;55;medium;;0;;2026-04-22 02:35:05
6268148243;Апрельская Мизулина🌹🏞️🐇;CTRAX0VKA;andrewgiftschat;био: @bio_aIternativa нфт не продаю, не дарю!!! DEF by @fuzyk;1;61;1;0;;65;high;;0;;2026-04-22 02:35:05
6268738926;P1nkip1e;P1nkip1e;andrewgiftschat;;1;0;1;0;;35;low;;0;;2026-04-22 02:35:05
6269153779;Домик;Tixo228k;andrewgiftschat;Давай🤫 @hip_ff;1;14;1;0;;60;medium;;0;;2026-04-22 02:35:05
6272816012;Культурный St3lsik;Ngngngngngngngngnng;andrewgiftschat;;1;0;1;0;;35;low;;0;;2026-04-22 02:35:05
6273234592;x;ihihihihhi11;laravel_pro;;1;0;0;0;;25;low;;0;;2026-04-22 02:35:05
6273535608;𝒱𝒾𝓀𝓉ℴ𝓇𝒾𝓎𝒶🐶;Viktoria_z2014;andrewgiftschat;;1;0;1;0;;35;low;;0;;2026-04-22 02:35:05
6275207419;ₖₒwₛₐᵣ;K0vs4r;andrewgiftschat;;1;0;1;0;;35;low;;0;;2026-04-22 02:35:05
6276217822;𝐓𝐞𝐦𝐚v | 𝐦𝐧𝐯;Mestichny;andrewgiftschat;(A❤️‍🩹);1;7;1;0;;60;medium;;0;;2026-04-22 02:35:05
6280471365;Stepanova Arina 🌷🫶🏻;Arshikvvs;andrewgiftschat;Не люблю когда обменивают мои подарки:(;1;39;1;0;;60;medium;;0;;2026-04-22 02:35:05
6283855124;😘𝔟𝔞𝔱𝔬𝔫 𝔟𝔞𝔱𝔬𝔫𝔬𝔳𝔦𝔠𝔥 🍀;Batontopchic;andrewgiftschat;Вы можете не верить в меня, но я верю в себя, верю в свою веру в себя(ну а также я хочу пиццы🍕);1;95;1;0;;65;high;;0;;2026-04-22 02:35:05
6284933877;ⲃыⲇⲩⲙⲁⲏⲏыύ;froumy;andrewgiftschat;Пишите по делу;1;14;1;0;;60;medium;;0;;2026-04-22 02:35:05
6284989990;;;rabota_chaty1;;1;0;0;0;;10;low;skipped;0;2026-04-22 02:35:05;2026-04-22 02:35:05
6290293723;🦆;miseo4;andrewgiftschat;@bitegame_bot 💿 - Играйте там, где реально выиграть!;1;52;1;0;;65;high;;0;;2026-04-22 02:35:05
6291325842;Андрей;dronsan;python_ru;;1;0;1;0;;35;low;;0;;2026-04-22 02:35:05
6293571554;🧛🏻‍♀️;li1kill;andrewgiftschat;;1;0;0;0;;25;low;;0;;2026-04-22 02:35:05
6294100266;милана филимонова;Venierr0;andrewgiftschat;;1;0;1;0;;35;low;;0;;2026-04-22 02:35:05
6297092167;A;legitll;andrewgiftschat;;1;0;1;0;;35;low;;0;;2026-04-22 02:35:05
6298593340;Порно с рэдом;Author2IsMyWaifu;andrewgiftschat;третий стонет | @MipysiaIsMyWaifu @Red_SomeCuteWords;1;52;1;0;;65;high;;0;;2026-04-22 02:35:05
6299721486;Poki;KittyPoki333;python_ru;Мечтайте по-крупному, работайте с умом, достигайте величия! 🏃🏻‍♀️;1;65;1;0;;65;high;;0;;2026-04-22 02:35:05
6301169373;Pai;;tproger_chat;;1;0;0;0;;10;low;skipped;0;2026-04-22 02:35:05;2026-04-22 02:35:05
6301539285;𝙢𝙖𝙧𝙞𝙥𝙤𝙡𝙡𝙡𝙤;maripollloxxx;andrewgiftschat;https://t.me/maripolllo;1;23;1;0;;60;medium;;0;;2026-04-22 02:35:05
6303196030;Человек;Gameepl;andrewgiftschat;https://t.me/patrikmens1;1;24;1;0;;60;medium;;0;;2026-04-22 02:35:05
6305085884;Артур;Mkwicpwp16;andrewgiftschat;?;1;1;1;0;;60;medium;;0;;2026-04-22 02:35:05
6306554605;Регина;;tproger_chat;;1;0;0;0;;10;low;skipped;0;2026-04-22 02:35:05;2026-04-22 02:35:05
6309690423;Кто вообще этот ваш камина;Benzin657;andrewgiftschat;;1;0;1;0;;35;low;;0;;2026-04-22 02:35:05
6309839718;Admin 2;Def4nce;andrewgiftschat;Footbal⚽⚽⚽;1;10;0;0;;50;medium;;0;;2026-04-22 02:35:05
6310383082;宿日｜𝙏𝙤𝙢𝙞𝙠 | sell stars;noresets;andrewgiftschat;🌟 Дешевые звезды - @Tomikgifts_bot 🌟 1.1₽;1;41;1;0;;65;high;;0;;2026-04-22 02:35:05
6311073986;𝙨𝙖𝙢𝙪𝙧𝙖𝙞𝙥𝙧𝙤 | ЧЕК БИО;samuraipro;andrewgiftschat;спам блок? @spam_samuraipro_bot;1;31;1;0;;60;medium;;0;;2026-04-22 02:35:05
6311115907;Weex;;andrewgiftschat;;1;0;0;0;;10;low;skipped;0;2026-04-22 02:35:05;2026-04-22 02:35:05
6311251185;Europe;EurSMM;laravel_pro;По вопросам рекламы и сотрудничества;1;36;1;0;;60;medium;;0;;2026-04-22 02:35:05
6313167669;ChessVania;gemini_3_1_pro;andrewgiftschat;Продам юзернейм, писать в ЛС. Администратор СУПФ, программист, кот;1;66;1;0;;65;high;;0;;2026-04-22 02:35:05
6314169831;ᅠ ᅠ ;oganww;andrewgiftschat;#mys #scar;1;10;1;0;;60;medium;;0;;2026-04-22 02:35:05
6315824145;Миша;Larsitop;andrewgiftschat;https://t.me/crasivcat;1;22;1;0;;60;medium;;0;;2026-04-22 02:35:05
6317950951;𒉭PSYXO𒉭;Talez1k;andrewgiftschat;有勇气的人永远不会无能为力🫠;1;14;1;0;;60;medium;;0;;2026-04-22 02:35:05
6320691061;𝙎𝙖𝙛𝙡𝙞𝙭 #prime;OHA_KAK_M6;andrewgiftschat;;1;0;1;0;;35;low;;0;;2026-04-22 02:35:05
6321727116;.;kkksssvf;andrewgiftschat;;1;0;1;0;;35;low;;0;;2026-04-22 02:35:05
6323058594;𝓐;silwanq;andrewgiftschat;ай кот тигрица @kkot_t;1;22;1;0;;60;medium;;0;;2026-04-22 02:35:05
6323682673;Ogurch8k;upket;andrewgiftschat;;1;0;1;0;;35;low;;0;;2026-04-22 02:35:05
6324153987;,;Petroiok;andrewgiftschat;;1;0;1;0;;35;low;;0;;2026-04-22 02:35:05
6324181066;Мотя :);TottaMota;andrewgiftschat;;1;0;0;0;;25;low;;0;;2026-04-22 02:35:05
6325360072;сигма;meowowonv;andrewgiftschat;;1;0;0;0;;25;low;;0;;2026-04-22 02:35:05
6325494623;Developer ( 王 兴财 )🥰;career777;laravel_pro;Do your best to get all the best;1;32;1;0;;60;medium;;0;;2026-04-22 02:35:05
6326268633;Homo sapiens;homosapiens342;andrewgiftschat;I love cats;1;11;1;0;;60;medium;;0;;2026-04-22 02:35:05
6327552570;Удаленный аккаунт;Jenna0my0empire;andrewgiftschat;Была давно;1;10;1;0;;60;medium;;0;;2026-04-22 02:35:05
6328546495;Skittle;Dogsstara;andrewgiftschat;Big bro 😎;1;9;1;0;;60;medium;;0;;2026-04-22 02:35:05
6329149808;Maiva-sslowley;;andrewgiftschat;;1;0;1;0;;20;low;skipped;0;2026-04-22 02:35:05;2026-04-22 02:35:05
6329255783;@Nexter_YouTube*;SENDERGER;andrewgiftschat;...;1;3;1;0;;60;medium;;0;;2026-04-22 02:35:05
6329460946;белка #krt #scw #ксар #𝕯𝖆𝖓𝖗 #miku #mav #маньякмоймуж #siren;userpolichkasq;andrewgiftschat;лю полю 🩷 #𝙺𝙴𝚅𝙸𝙽 #мишка #сердце #трас #KTN #pkr #ss #har #keу;1;61;0;0;;55;medium;;0;;2026-04-22 02:35:05
6330105859;Дима;;rabota_chaty1;;1;0;0;0;;10;low;skipped;0;2026-04-22 02:35:05;2026-04-22 02:35:05
6333513650;tenshi.ts;koori_no_tenshi;laravel_pro;Node.js Backend Developer;1;25;1;0;;60;medium;;0;;2026-04-22 02:35:05
6334416318;nastyusha;;andrewgiftschat;(скупаю строго через @Funpay_menegr_bot) @xrocket официальная биржа TON 🏆 @btcprices bitcoin price 🧑‍💻 @tonznatok новости 🎁;1;123;1;0;;55;medium;skipped;0;2026-04-22 02:35:05;2026-04-22 02:35:05
6335708038;Ms;EMOgirl11;rabota_chaty1;;1;0;1;0;;35;low;;0;;2026-04-22 02:35:05
6335817125;аняя;anyaafff;andrewgiftschat;как облегчить твою боль прибывании в dreamcore? @Frogertlop | изи бриджи бэ бэ , изи бри бри джи джи джи @anutochka988;1;118;1;0;;65;high;;0;;2026-04-22 02:35:05
6336899018;𝔫𝔦𝔨𝔦𝔠𝔥💤;nichka_sleep;andrewgiftschat;[💤]-скажи мне всё как есть, сядем в пустой вагон, я тоже не в курсе, куда идет поезд, узнаем потом..;1;100;0;0;;55;medium;;0;;2026-04-22 02:35:05
6338585401;wermlllk' |19:32|#ма, я лаю;wermlllk;andrewgiftschat;—верните в моду любовь, где было очень тепло @samosttt;1;54;1;0;;65;high;;0;;2026-04-22 02:35:05
6339213598;(⁠＾⁠3⁠＾⁠♪;BalerinaMina00;andrewgiftschat;;1;0;1;0;;35;low;;0;;2026-04-22 02:35:05
6341297346;3eRox;na_respy_botikov;andrewgiftschat;Мои отзывы: @otzivi3eRox and my bio @sosimolcha;1;47;0;0;;55;medium;;0;;2026-04-22 02:35:05
6341548795;￶@rroutinne;rroutinne;andrewgiftschat;;1;0;1;0;;35;low;;0;;2026-04-22 02:35:05
6342706212;мяу;Nightmarine_56;andrewgiftschat;НЕ ВСТУПАЮ ВО ФЛУДЫ.;1;20;1;0;;60;medium;;0;;2026-04-22 02:35:05
6345443078;Арина;I_am_resting_now;andrewgiftschat;Цени наше общение,пока не стало ПОЗДНО;1;38;0;0;;50;medium;;0;;2026-04-22 02:35:05
6349220540;.....😺;Capogbabushkii;andrewgiftschat;;1;0;1;0;;35;low;;0;;2026-04-22 02:35:05
6352485943;.⊹ ࣪ ˖;lellels;andrewgiftschat;;1;0;0;0;;25;low;;0;;2026-04-22 02:35:05
6354411815;𝑠𝑢𝑖𝑛;suinxx;andrewgiftschat;;1;0;1;0;;35;low;;0;;2026-04-22 02:35:05
6356244265;трушная;;andrewgiftschat;#LE #tortik #vex;1;16;1;0;;45;medium;skipped;0;2026-04-22 02:35:05;2026-04-22 02:35:05
6357233188;sofixxq;sofiaslh;andrewgiftschat;;1;0;1;0;;35;low;;0;;2026-04-22 02:35:05
6362279122;ᴄʜᴀᴍᴘɪᴄᴋ 🪭;Champick1;andrewgiftschat;N;1;1;1;0;;60;medium;;0;;2026-04-22 02:35:05
6364086815;\sʜᴀ•°→•°꒯꒐꒐꒐꒐ꅐ/;Shadiiiiiw;andrewgiftschat;–И всё так же семь дней в неделю и каждый день - как семь бед... Но я живой... // I'm fine...;1;93;1;0;;65;high;;0;;2026-04-22 02:35:05
6364884074;Лариса;Cheeky_077;rabota_chaty1;Заработок без вложений 17+ 🎄🎁 https://t.me/+GgIaq56xeOk4MGIy;1;60;1;0;;65;high;;0;;2026-04-22 02:35:05
6365009719;𝓐𝓷𝓭𝓻𝓮𝔂;frenchess71;python_ru;;1;0;0;0;;25;low;;0;;2026-04-22 02:35:05
6365271947;19;i52lil;andrewgiftschat;Тгк: https://t.me/+gP-8u-MIHhExMTgy;1;35;1;0;;60;medium;;0;;2026-04-22 02:35:05
6367732975;𝄃𝄃𝄂𝄂𝄀𝄁𝄃𝄂𝄂𝄃;McLover888;andrewgiftschat;Y entre todas esas cosas, déjame quererte, entrégate a mí.;1;58;1;0;;65;high;;0;;2026-04-22 02:35:05
6368100864;Виктория;;rabota_chaty1;;1;0;1;0;;20;low;skipped;0;2026-04-22 02:35:05;2026-04-22 02:35:05
6369951853;sweetychu#megaroflik👅;megaroflikk;andrewgiftschat;я тебя любила всем сердцем и ты мне верила @yum1ns #Iⲙiss #kertmygirl;1;69;0;0;;55;medium;;0;;2026-04-22 02:35:05
6371042870;невско;hhowin;andrewgiftschat;подарки тут https://t.me/+serO3sFxMddhNGQy;1;42;1;0;;65;high;;0;;2026-04-22 02:35:05
6372387857;𝕸𝖎𝖙𝖘𝖚𝖗𝖊🍀 || afk;;andrewgiftschat;i close my eyes, and all i see is you @vellskayaa;1;49;1;0;;50;medium;skipped;0;2026-04-22 02:35:05;2026-04-22 02:35:05
6374853514;Kanokt;kanokt;andrewgiftschat;;1;0;0;0;;25;low;;0;;2026-04-22 02:35:05
6375374085;Кирилл;kirill_ok11;andrewgiftschat;t.me/starbanana_bot. <-- Не обращать внимания. Сверху просто гуд песни;1;70;1;0;;65;high;;0;;2026-04-22 02:35:05
6378532722;котофей;vuchlak;andrewgiftschat;and if you go, l wanna go with you @nastwsg;1;43;1;0;;65;high;;0;;2026-04-22 02:35:05
6381284388;weksers;weksers;andrewgiftschat;;1;0;1;0;;35;low;;0;;2026-04-22 02:35:05
6382096689;Дмитрий;Dmit_lis_else;python_ru;bio: @Dmit_lis;1;14;0;0;;50;medium;;0;;2026-04-22 02:35:05
6384400979;ASO;asowalot;andrewgiftschat;который так пронзает тело @swet_u @wqwbee яйцв;1;46;1;0;;65;high;;0;;2026-04-22 02:35:05
6384850518;ася🥂;anomox;andrewgiftschat;;1;0;1;0;;35;low;;0;;2026-04-22 02:35:05
6385269330;Глеб🌶️;Gleb10077;andrewgiftschat;я фанатик @nrdem;1;16;1;0;;60;medium;;0;;2026-04-22 02:35:05
6386182049;1nwwq#mlo;amww_x1;andrewgiftschat;♡;1;1;0;0;;50;medium;;0;;2026-04-22 02:35:05
6387292991;someone;someonebob;andrewgiftschat;;1;0;1;0;;35;low;;0;;2026-04-22 02:35:05
6388137905;#mqswkks × #FATE;ke0szwarz;andrewgiftschat;;1;0;1;0;;35;low;;0;;2026-04-22 02:35:05
6388679875;Остяк;xxxx9916;andrewgiftschat;;1;0;1;0;;35;low;;0;;2026-04-22 02:35:05
6390502371;rieltor;Xav4i;andrewgiftschat;Чача;1;4;1;0;;60;medium;;0;;2026-04-22 02:35:05
6393359431;spapa;spa0pa;andrewgiftschat;;1;0;0;0;;25;low;;0;;2026-04-22 02:35:05
6398374008;𝗺𝗮𝗱.;madk1d_66;andrewgiftschat;-демоны не спят. ночью я уеду в ад @xxxxxxxxxqwz ✚;1;50;1;0;;65;high;;0;;2026-04-22 02:35:05
6398681298;Racoon;Rac_on;andrewgiftschat;Менеджер @Rogeeeeeeeeee 🦖✔️;1;27;1;0;;60;medium;;0;;2026-04-22 02:35:05
6402418042;Artik;artik349;andrewgiftschat;— ʜᴏᴡ ᴄᴀɴ ʏᴏᴜ ʟᴏᴏᴋ ᴀᴛ ᴍᴇ ᴀɴᴅ ᴘʀᴇᴛᴇɴᴅ ɪ'ᴍ sᴏᴍᴇᴏɴᴇ ʏᴏᴜ ɴᴇᴠᴇʀ ᴍᴇᴛ?;1;63;1;0;;65;high;;0;;2026-04-22 02:35:05
6404915357;𝄂𝄚𝅦𝄞ׄ꧁♪𓆩𝟘.𝚗𝚒𝚌𝚒.𝟘.𝟘𝟡𓆪♪꧂𝄞𝄂𝄚𝅦;monluif;andrewgiftschat;𝄞–Oh,if l were a zombie I'd never eat your brain –𝄞 –@margiipp–;1;63;1;0;;65;high;;0;;2026-04-22 02:35:05
6405307540;C¹⁸H²⁶O²;Nandrolona_0;andrewgiftschat;;1;0;1;0;;35;low;;0;;2026-04-22 02:35:05
6407079466;ت! ᗢ و.;;andrewgiftschat;https://youtu.be/Tp7N0B7bgqI?si=uHF-hDS_5VPukeW3;1;48;1;0;;50;medium;skipped;0;2026-04-22 02:35:05;2026-04-22 02:35:05
6408183349;Shayba▪️;Shayba_use;andrewgiftschat;.;1;1;1;0;;60;medium;;0;;2026-04-22 02:35:05
6408613509;Serine;;laravel_pro;;1;0;1;0;;20;low;skipped;0;2026-04-22 02:35:05;2026-04-22 02:35:05
6408783052;✧ 𝑽𝒂𝒍𝒆𝒓𝒊𝒂;Krosh_for_end;andrewgiftschat;ᴛы оᴛᴋᴀзыʙᴀᴧᴀ ʍнᴇ, ᴨод ʍоᴧчᴀᴧиʙоᴇ ᴄоᴦᴧᴀᴄиᴇ нᴇбᴇᴄ. ᴇʀᴇɴ ʙ ᴄᴇᴩдцᴇ. 😭;1;66;1;0;;65;high;;0;;2026-04-22 02:35:05
6408931506;ʙᴇᴩᴛуᴏɜ #бᴧᴀᴦᴏᴄᴧᴏʙᴇнный;Vertouz_1;andrewgiftschat;;1;0;1;0;;35;low;;0;;2026-04-22 02:35:05
6414694975;ㅤ//𝕭𝖆𝖈𝖚ⲗ𝖚𝖈𝖆//🐰🕯//#ОгоньПожарГорим#шмыбзик;riptikorca;andrewgiftschat;ㅤ ㅤ ㅤ;1;5;1;0;;60;medium;;0;;2026-04-22 02:35:05
6425150372;ŃĘkŠŦI ᵒᶰᶫᶦᵏ ᴬ;nneksti;andrewgiftschat;лящкі такіє вкусняшкі я німагу с єйо ног @ryuiirxx ❤️❤️❤️;1;57;1;0;;65;high;;0;;2026-04-22 02:35:05
6426717433;;;rabota_chaty1;;1;0;0;0;;10;low;skipped;0;2026-04-22 02:35:05;2026-04-22 02:35:05
6426728725;Balvan;Balvann228;andrewgiftschat;.;1;1;1;0;;60;medium;;0;;2026-04-22 02:35:05
6427755042;𝐅𝐢𝐳𝐮𝐥𝐲𝐚;fizulya;python_ru;https://t.me/lineage2_telegram_bot?start=6427755042 I love kitsun (fak;1;70;0;0;;55;medium;;0;;2026-04-22 02:35:05
6430896892;Balambula;Balambula;andrewgiftschat;;1;0;1;0;;35;low;;0;;2026-04-22 02:35:05
6431398608;ᴋᴀsᴘᴇʀ | тoxıс;Andy_Kasper;andrewgiftschat;;1;0;1;0;;35;low;;0;;2026-04-22 02:35:05
6432930865;Gleb☃️🌱🔥 /𝑠ℎ𝑎𝑑𝑜𝑤 ᴬᴸᴸᴱᵀᵂᴵˣ;kotikanetrogati;andrewgiftschat;;1;0;1;0;;35;low;;0;;2026-04-22 02:35:05
6434579961;ムシャ;Freed0m_149;andrewgiftschat;- 進撃の巨人シーズン4のオープニングテーマみたいですね。 @rrrrewwpi;1;40;1;0;;65;high;;0;;2026-04-22 02:35:05
6435117365;TLR;TLRdarling;andrewgiftschat;;1;0;1;0;;35;low;;0;;2026-04-22 02:35:05
6438610793;Vanek;Zaza_kent;andrewgiftschat;;1;0;1;0;;35;low;;0;;2026-04-22 02:35:05
6439335248;.;nnnm_01;andrewgiftschat;;1;0;1;0;;35;low;;0;;2026-04-22 02:35:05
6441380811;memory? ♡;Dimasqv;andrewgiftschat;;1;0;1;0;;35;low;;0;;2026-04-22 02:35:05
6442007158;Евгений;jenyaetojon;laravel_pro;До тебя ниразу я не делал комплименты;1;37;0;0;;50;medium;;0;;2026-04-22 02:35:05
6442453798;ㅤㅤbye bye kitty ‘;sediderova;andrewgiftschat;тремор обеих рук, сигарета летит в проем — 18.10.24;1;51;1;0;;65;high;;0;;2026-04-22 02:35:05
6443203200;pU5hk1n;PushkinGifts;andrewgiftschat;;1;0;1;0;;35;low;;0;;2026-04-22 02:35:05
6444225012;Fontainebleau;Unplugged2llk;andrewgiftschat;;1;0;0;0;;25;low;;0;;2026-04-22 02:35:05
6444908314;𝕴 𝖆𝖒 𝖙𝖍𝖊 𝖐𝖓𝖎𝖌𝖍𝖙 𝖔𝖋 𝖉𝖆𝖗𝖐𝖓𝖊𝖘𝖘;meowwwqwqq;andrewgiftschat;;1;0;0;0;;25;low;;0;;2026-04-22 02:35:05
6446960387;;;rabota_chaty1;;1;0;0;0;;10;low;skipped;0;2026-04-22 02:35:05;2026-04-22 02:35:05
6447528550;☢️匚ㄒ乇ЛҜ乇卩☢️;SSS_4537;andrewgiftschat;;1;0;0;0;;25;low;;0;;2026-04-22 02:35:05
6452292378;карина.;ndjskso9;andrewgiftschat;я люблю М💘;1;10;0;0;;50;medium;;0;;2026-04-22 02:35:05
6454164441;N3for_Nuller;N3for_Nuller;andrewgiftschat;Sister, I will never forget our date. Im A TonCoin Holder. SOON Release...;1;74;1;0;;65;high;;0;;2026-04-22 02:35:05
6454499718;Машка;florova_034;andrewgiftschat;;1;0;1;0;;35;low;;0;;2026-04-22 02:35:05
6455468272;ily;razorblade4;andrewgiftschat;;1;0;0;0;;25;low;;0;;2026-04-22 02:35:05
6457180142;Parashuram;;rabota_chaty1;;1;0;0;0;;10;low;skipped;0;2026-04-22 02:35:05;2026-04-22 02:35:05
6457265103;𝓶 𝓯 𝓸 𝓮 𝔁 𝓹 𝔂 𝔂 𝔂;mfoexpe;andrewgiftschat;;1;0;1;0;;35;low;;0;;2026-04-22 02:35:05
6457832053;ᴡʜʏ ɴᴏᴛ???;Moskow_never_sleepX;andrewgiftschat;-Цᴇᴧуй ʍᴇня ʙ ᴧицо, бᴩоᴄᴀй ʍᴇня нᴀзᴧо.. @pudeel4/любимая @NastyaUfik💋;1;69;1;0;;65;high;;0;;2026-04-22 02:35:05
6458249792;mfz;ebnutiy_tip;andrewgiftschat;😵;1;1;1;0;;60;medium;;0;;2026-04-22 02:35:05
6460937474;k;roketll;andrewgiftschat;;1;0;1;0;;35;low;;0;;2026-04-22 02:35:05
6461139740;🥷;HI319;andrewgiftschat;🫤;1;1;1;0;;60;medium;;0;;2026-04-22 02:35:05
6461795414;⏤͟͟͞͞𝐂𝐨𝐟𝐟𝐞𝐞.ᝰ.ᐟ ☕︎ ║ [Sʜᴇ/ʜᴇʀ] #𝙻𝚞𝚗𝚒𝚡𝙺𝚒𝚜𝚜𝚎𝚛!!;coffee_zz;andrewgiftschat;—Aɴᴅ ɪғ ʏᴏᴜ ᴅɪᴇ I ᴡᴀɴɴᴀ ᴅɪᴇ ᴡɪᴛʜ ʏᴏᴜ!ꨄ @xlunixzz 𝙸 love u so much. !!;1;69;1;0;;65;high;;0;;2026-04-22 02:35:05
6462099565;;;rabota_chaty1;;1;0;0;0;;10;low;skipped;0;2026-04-22 02:35:05;2026-04-22 02:35:05
6462419857;𓆩𝑹𝑨𝑾𝑾𝑾𓆪;lexuss_lovess;andrewgiftschat;ᴄʍоᴛᴩи ᴋᴩᴀᴄиʙо ᴋᴀᴋ, ᴀ ʙ ᴦоᴩодᴇ нᴇ ʙидно зʙᴇзд✞ @nobbodyxx;1;57;1;0;;65;high;;0;;2026-04-22 02:35:05
6463909480;ᴠᴋ | ᴡɪɴᴛᴇᴢᴢᴢ;W1nteZzz0;andrewgiftschat;ᴨᴩᴇждᴇ чᴇʍ ᴨиᴄᴀᴛь, ᴨᴩᴏчᴛи ϶ᴛᴏ t.me/oqesL | ʙɪᴏɢʀᴀᴘʜʏ t.me/R5dox | ʙʀᴏ - @ternotecrat;1;84;1;0;;65;high;;0;;2026-04-22 02:35:05
6464408145;wex🇫🇷;wexiwew;andrewgiftschat;;1;0;1;0;;35;low;;0;;2026-04-22 02:35:05
6466046252;дашка;daashkkaq;andrewgiftschat;;1;0;0;0;;25;low;;0;;2026-04-22 02:35:05
6466245270;𝑫𝒆𝒍𝒍𝒐𝒏𝒕𝒚 | 43 𝒓𝒆𝒑;Dellontygifts;andrewgiftschat;Прежде чем писать,просмотри: @N0Privet снимаю и монтирую для @spokn1;1;68;1;0;;65;high;;0;;2026-04-22 02:35:05
6468636352;Лана;;rabota_chaty1;;1;0;1;0;;20;low;skipped;0;2026-04-22 02:35:05;2026-04-22 02:35:05
6469528938;koroli#NNSWAG;korolinis;andrewgiftschat;;1;0;0;0;;25;low;;0;;2026-04-22 02:35:05
6469869510;Ivan;Ivan175;andrewgiftschat;;1;0;0;0;;25;low;;0;;2026-04-22 02:35:05
6470574404;Алина;alina342566;rabota_chaty1;;1;0;1;0;;35;low;;0;;2026-04-22 02:35:05
6472385814;киса🐈‍⬛;minibro_52;andrewgiftschat;;1;0;1;0;;35;low;;0;;2026-04-22 02:35:05
6472856393;ʙᴏʙʀ;BOBR_OFFF;andrewgiftschat;ᴇɴɪᴏʏ ʏᴏᴜʀsᴇʟғ;1;14;1;0;;60;medium;;0;;2026-04-22 02:35:05
6474757213;Lu 🎐;L1llush;andrewgiftschat;Ади бади гетте;1;14;1;0;;60;medium;;0;;2026-04-22 02:35:05
6476443364;Артём;BIGZAIS;andrewgiftschat;Самое главное в жизни это не быть таким как все;1;47;1;0;;65;high;;0;;2026-04-22 02:35:05
6477263710;тiхонечко );Anemizzz12;andrewgiftschat;не счастливый обладатель телеграм премиум =) inst: anemic_pattern12;1;67;1;0;;65;high;;0;;2026-04-22 02:35:05
6477285689;𝒌𝒊𝒍𝒍𝒆𝒓 𝒒𝒖𝒆𝒆𝒏♡︎;ckfaq;andrewgiftschat;-𝑎𝑛𝑑 𝑖𝑓 𝑦𝑜𝑢 𝑔𝑜,𝑖 𝑤𝑎𝑛𝑛𝑎 𝑔𝑜 𝑤𝑖𝑡ℎ 𝑦𝑜𝑢. @ctzdlm;1;43;1;0;;65;high;;0;;2026-04-22 02:35:05
6480380311;۶ৎ;zzndin;andrewgiftschat;;1;0;1;0;;35;low;;0;;2026-04-22 02:35:05
6482958533;Vay;Xay74;andrewgiftschat;;1;0;1;0;;35;low;;0;;2026-04-22 02:35:05
6485112265;🙋🏽;Genrikh_Gasparyam89;rabota_chaty1;;1;0;0;0;;25;low;;0;;2026-04-22 02:35:05
6486532457;2̪̀̏͟x̜̯̝̎̋͒2x̛̘͕͖͗͌2̘̂x̪͗2̰͋;Glists228;andrewgiftschat;;1;0;0;0;;25;low;;0;;2026-04-22 02:35:05
6488482279;[ᵉᵐᵖᵉʳᵒʳ];;andrewgiftschat;half baked;1;10;1;0;;45;medium;skipped;0;2026-04-22 02:35:05;2026-04-22 02:35:05
6489065895;Dexta;HarborButtcher;andrewgiftschat;Tonight's the night. Мій кінільчік- https://t.me/DexterMrgn1;1;60;1;0;;65;high;;0;;2026-04-22 02:35:05
6489676114;@RaysWin;aligarhhh777;laravel_pro;;1;0;1;0;;35;low;;0;;2026-04-22 02:35:05
6489707387;сырнiкᅠ;blin_on_ton;andrewgiftschat;;1;0;1;0;;35;low;;0;;2026-04-22 02:35:05
6489825104;𝑴𝑪. 𝑾𝒐𝒍𝒅𝒊𝒊𝒊𝒊~~(⁠≧⁠▽⁠≦⁠) 🎇🃏;Goegoldberg;andrewgiftschat;- schrei!-auch wenn es wen tut @Keropikero;1;42;1;0;;65;high;;0;;2026-04-22 02:35:05
6497458438;меня съела кислота;wherey0uu;andrewgiftschat;;1;0;1;0;;35;low;;0;;2026-04-22 02:35:05
6497550051;￶ ￶ ￶ ￶￶ NnaakkII;l8ues;andrewgiftschat;;1;0;1;0;;35;low;;0;;2026-04-22 02:35:05
6497890278;goAway.#;Nixsidee1;andrewgiftschat;Я нᴀᴄᴛᴏящий ϶ᴋᴄᴛᴩᴇʍᴀᴧ, я ᴄᴩᴀᴧ ʙ ᴦᴏᴄᴛях и нᴇ ᴄʍыʙᴀᴧ;1;50;0;0;;55;medium;;0;;2026-04-22 02:35:05
6498563624;ㅤㅤㅤ- #KTN;treshau;andrewgiftschat;https://t.me/patrickstarsrobot?start=6498563624;1;47;0;0;;55;medium;;0;;2026-04-22 02:35:05
6498582791;а;annapq_ww;andrewgiftschat;𝓬𝓪𝓷'𝓽 𝓼𝓽𝓸𝓹 𝓽𝓱𝓲𝓷𝓴𝓲𝓷𝓰 𝓸𝓯 𝔂𝓸𝓾 @Molluu9;1;35;0;0;;50;medium;;0;;2026-04-22 02:35:05
6501038247;Light🗽;Lawliet148869;andrewgiftschat;𝒚𝒐𝒖𝒓 𝒕𝒊𝒎𝒆 𝒉𝒂𝒔 𝒄𝒐𝒎𝒆, 𝑳𝒊𝒈𝒉𝒕...;1;28;1;0;;60;medium;;0;;2026-04-22 02:35:05
6501659668;💔𝖗𝖎𝖛𝖎𝖝𝖎💔;;andrewgiftschat;;1;0;1;0;;20;low;skipped;0;2026-04-22 02:35:05;2026-04-22 02:35:05
6503506011;DevOps ru autoban bot;devops_ru_autoban_bot;devops_ru;Автоматическая антиспам система.;1;32;1;0;;60;medium;;0;;2026-04-22 02:35:05
6504237887;Ульяна;bnkhkztw;rabota_chaty1;Только работа, а не талант может принести вам успех сегодня.;1;60;1;0;;65;high;;0;;2026-04-22 02:35:05
6504395267;Вадим;Vadim_ecom_soft_ai;laravel_pro;Создаю интернет-магазины для продавцов маркетплейсов. Помогаю снизить;1;69;1;0;;65;high;;0;;2026-04-22 02:35:05
6504990853;1337;doxic1337;andrewgiftschat;https://t.me/starsy_zarabotox_bot?start=6504990853;1;50;1;0;;65;high;;0;;2026-04-22 02:35:05
6507233216;kgm;criispooi;andrewgiftschat;;1;0;1;0;;35;low;;0;;2026-04-22 02:35:05
6508146711;Yayyy🐣;Linder_soul;andrewgiftschat;;1;0;1;0;;35;low;;0;;2026-04-22 02:35:05
6508610840;Mali🧸✨;Mamimalio;andrewgiftschat;;1;0;1;0;;35;low;;0;;2026-04-22 02:35:05
6510275309;Жеkа🐯🤩🐯;Jeka4ka148842;andrewgiftschat;@afttek лучший;1;14;1;0;;60;medium;;0;;2026-04-22 02:35:05
6510583840;𝒯𝓇𝒾𝓀𝓈𝒾 🎟️;xx1wixti;andrewgiftschat;э эй, @Kr1ptovalyta, мы навсегда будем вместе?;1;46;1;0;;65;high;;0;;2026-04-22 02:35:05
6510922794;Давид;David_Gritskevich;andrewgiftschat;;1;0;0;0;;25;low;;0;;2026-04-22 02:35:05
6511564400;Екатерина;kate_vesellova;rabota_chaty1;HR - менеджер;1;13;1;0;;60;medium;;0;;2026-04-22 02:35:05
6512662890;Твой беспечный рыцарь of the dark #тм#scw#Lan#rvx#mp#leks#mf#krt;Please_stopping;andrewgiftschat;;1;0;1;0;;35;low;;0;;2026-04-22 02:35:05
6513829060;𝑚𝑖𝑙𝑙𝑒𝑟 | котяра.✝️🐮🐾;nana_Dyrova;andrewgiftschat;я смотрел на тебя, а видел счастье;1;34;1;0;;60;medium;;0;;2026-04-22 02:35:05
6513883397;𝙑𝙖𝙙𝙞𝙢𝙤𝙫𝙣𝙖;VADIMOVNI;andrewgiftschat;я в розыске нах;1;15;1;0;;60;medium;;0;;2026-04-22 02:35:05
6514293873;Kapusto☘️ #ATE;APUC52;andrewgiftschat;;1;0;1;0;;35;low;;0;;2026-04-22 02:35:05
6516131686;𝓢𝓱𝓸𝓱𝓳𝓪𝓱𝓸𝓷#scw;r_shoha0;andrewgiftschat;@afttek лучший;1;14;0;0;;50;medium;;0;;2026-04-22 02:35:05
6516790689;Shugochka;shuga_frag;andrewgiftschat;What doesn't kill you makes you stronger.;1;41;1;0;;65;high;;0;;2026-04-22 02:35:05
6517580610;ᅠ;dcizo;andrewgiftschat;;1;0;1;0;;35;low;;0;;2026-04-22 02:35:05
6519594183;Екатеринa Манина;KaterinaManina;laravel_pro;;1;0;0;0;;25;low;;0;;2026-04-22 02:35:05
6521176436;тумикс;Tumikks;andrewgiftschat;;1;0;1;0;;35;low;;0;;2026-04-22 02:35:05
6523013912;🤙|malleodas;Starsss08;andrewgiftschat;евааа любии меняя @Cococo_cococococ;1;35;1;0;;60;medium;;0;;2026-04-22 02:35:05
6523257869;Osmwod;Vsmxh;andrewgiftschat;;1;0;1;0;;35;low;;0;;2026-04-22 02:35:05
6524559471;Бе;Ds_jit;andrewgiftschat;;1;0;1;0;;35;low;;0;;2026-04-22 02:35:05
6526334139;nikita msw;nikitamsw;laravel_pro;21 y.o, МГУ (MLR);1;17;0;0;;50;medium;;0;;2026-04-22 02:35:05
6527687656;•κƿ૯ύਡυ~ɾ૯ƿʌ🎰•;alyameow228;andrewgiftschat;- джинсовка Levi's, йоу (Ханна Монтана) @alyonkagav;1;51;0;0;;55;medium;;0;;2026-04-22 02:35:05
6527909570;N.;NIKA_axax;andrewgiftschat;.;1;1;1;0;;60;medium;;0;;2026-04-22 02:35:05
6528758598;zav;sof_solo13;andrewgiftschat;;1;0;0;0;;25;low;;0;;2026-04-22 02:35:05
6530351746;Debbie;Seldebbi;andrewgiftschat;🐙🐙;1;2;1;0;;60;medium;;0;;2026-04-22 02:35:05
6531546807;𝖒𝖔𝖌𝖌𝖊𝖗;nomogger;andrewgiftschat;подарки не дарю, а разыгрываю – @mogger_news. мои юзы – @username_mogger. мой шоп (звезды 1.45₽) @mogger_stars_bot. емодзи–@mogger_emoji_bot;1;140;1;0;;70;high;;0;;2026-04-22 02:35:05
6532174154;даня;O7MENA;andrewgiftschat;;1;0;1;0;;35;low;;0;;2026-04-22 02:35:05
6533065559;𝑉.;Kirllong;andrewgiftschat;;1;0;0;0;;25;low;;0;;2026-04-22 02:35:05
6533645765;Димитрий;SlawaRuskim;andrewgiftschat;SlawaRossie;1;11;1;0;;60;medium;;0;;2026-04-22 02:35:05
6533651322;Satoru;Animehavenh;laravel_pro;Fhgsrtgvhiiiiiiiiiiiiiiiiiiii;1;29;1;0;;60;medium;;0;;2026-04-22 02:35:05
6533740967;@lelya;staliiik;andrewgiftschat;心を閉じる時間;1;7;1;0;;60;medium;;0;;2026-04-22 02:35:05
6534747323;машк.🎯;swekiz_z;andrewgiftschat;-может быть,встретимся завтра,я этим зависимый 🫂😻 @dassha_zz10;1;62;1;0;;65;high;;0;;2026-04-22 02:35:05
6536556824;flopi🇭🇺;;andrewgiftschat;;1;0;0;0;;10;low;skipped;0;2026-04-22 02:35:05;2026-04-22 02:35:05
6539281332;qithanter🇪🇺🍀 | stars 1.3;qithanter;andrewgiftschat;Купить звезды : @QithanterStars_bot ⭐;1;37;1;0;;60;medium;;0;;2026-04-22 02:35:05
6542063751;Milka;muvekis;andrewgiftschat;-чужие губы тебя ласкают @kem0nesz 🩷;1;36;0;0;;50;medium;;0;;2026-04-22 02:35:05
6543761249;𝚂𝙿𝙸𝙺𝙴;Mrbeastwinner;andrewgiftschat;—ты не такая как все @kkxzvmn | I'M THE 𝚂𝚃𝙰𝚁;1;44;1;0;;65;high;;0;;2026-04-22 02:35:05
6545396891;амеля;qwxxwxc;andrewgiftschat;@mashkac00l - изи бриджи бэ бэ, изи бриджи джи джи;1;50;1;0;;65;high;;0;;2026-04-22 02:35:05
6547778250;Laifins;Laifins;andrewgiftschat;;1;0;1;0;;35;low;;0;;2026-04-22 02:35:05
6549834982;Batuhan;;python_ru;;1;0;0;0;;10;low;skipped;0;2026-04-22 02:35:05;2026-04-22 02:35:05
6551189780;Alex Shkipper;VolkO63;laravel_pro;;1;0;1;0;;35;low;;0;;2026-04-22 02:35:05
6552359707;𝒩𝒶𝓃𝓎𝓈𝒾𝓀🪐;woman0nline;andrewgiftschat;https://t.me/JellyBunnySlotsBot?start=_tgr_JbrsEtUyZWZi;1;55;1;0;;65;high;;0;;2026-04-22 02:35:05
6553208532;Heiki;Wolokoloew;andrewgiftschat;Wenn sie von Ordnung und Gerechtigkeit sprechen Meinen sie Unterwerfung ...... 🏴‍☠️........ レーᆺーマ;1;97;1;0;;65;high;;0;;2026-04-22 02:35:05
6553487975;Матвей;matveikharuzhka;andrewgiftschat;;1;0;0;0;;25;low;;0;;2026-04-22 02:35:05
6554657650;Зеленюк Александр;azrael666raze;python_ru;@wlnghh 👅;1;9;1;0;;60;medium;;0;;2026-04-22 02:35:05
6554907573;.♡pol!nkaa;pollixxis;andrewgiftschat;ɪ ʟᴏᴠᴇ ʏᴏᴜ sᴏ. ɪ ᴄᴀɴ ɴᴇᴠᴇʀ ʟᴇᴛ ʏᴏᴜ ɢᴏ. @A_D_R_e_n_Al_i_N;1;56;0;0;;55;medium;;0;;2026-04-22 02:35:05
6556264551;server.net™️ //фортуна. #joker #artist #png #nonconformist;xxyzen;andrewgiftschat;«Κι όμως, ο καθένας για κάτι σιωπά»;1;35;1;0;;60;medium;;0;;2026-04-22 02:35:05
6556314311;☦️;D_m4ik;andrewgiftschat;;1;0;1;0;;35;low;;0;;2026-04-22 02:35:05
6556601841;;;rabota_chaty1;;1;0;0;0;;10;low;skipped;0;2026-04-22 02:35:05;2026-04-22 02:35:05
6557389146;Mr. Mirror.;MisterMirrer;python_ru;;1;0;1;0;;35;low;;0;;2026-04-22 02:35:05
6557581435;Rip morokov.;ripyk;andrewgiftschat;;1;0;1;0;;35;low;;0;;2026-04-22 02:35:05
6560272503;Vishnevsiy;Ckandal;andrewgiftschat;🖤;1;1;1;0;;60;medium;;0;;2026-04-22 02:35:05
6560852108;Герман👾;german_18g;laravel_pro;;1;0;1;0;;35;low;;0;;2026-04-22 02:35:05
6563199678;Стас;StasrtQ;andrewgiftschat;;1;0;1;0;;35;low;;0;;2026-04-22 02:35:05
6565694409;Керт#@andrusho;Sophaapd;andrewgiftschat;https://t.me/andrew_gifts1 лучший канал;1;39;1;0;;60;medium;;0;;2026-04-22 02:35:05
6565856800;🅡︎𝖗𝖆𝖘𝖚𝖑🅛︎;Rasul_good;andrewgiftschat;@Forever_ps99 второй канал;1;26;1;0;;60;medium;;0;;2026-04-22 02:35:05
6568061375;н⃫и⃫к⃫а⃫;lipskwz;andrewgiftschat;сладких снов;1;12;1;0;;60;medium;;0;;2026-04-22 02:35:05
6568192813;nevilova;nev1lova;andrewgiftschat;;1;0;1;0;;35;low;;0;;2026-04-22 02:35:05
6568753433;𝕹𝖎𝖐𝖎𝖙𝖆;ggnks_200;andrewgiftschat;;1;0;1;0;;35;low;;0;;2026-04-22 02:35:05
6570175434;;;rabota_chaty1;;1;0;0;0;;10;low;skipped;0;2026-04-22 02:35:05;2026-04-22 02:35:05
6572361568;[🌸]„—𝘔𝘪𝘯𝘵..—“[𝘚𝘏𝘌/𝘏𝘌𝘙]..🌹/🔪..#ɸᴀнᴨиᴛᴇᴩᴀ:3 #нᴇʙдуᴨᴧёныɯ #𝘥𝘰𝘳𝘬 #𝘤𝘳;Mint_YB;andrewgiftschat;[💓]—«I l0v3 y0u,1ʍ4g1n3 ᴀ w0rld w1ᴛh0uᴛ y0u,1ᴛ's 0nly 3v3r y0u,1 0nly ᴛh1nᴋ 0f y0u..—[🪷] /🌸/—;1;93;1;0;;65;high;;0;;2026-04-22 02:35:05
6573316543;Canyon;Deadbyy;andrewgiftschat;;1;0;0;0;;25;low;;0;;2026-04-22 02:35:05
6575093284;d2llb1yob;xmnnai;andrewgiftschat;𝗜-𝗼-𝗹, 𝗜'𝗺 𝗹𝗮𝘂𝗴𝗵𝗶𝗻𝗴 𝗮𝘁 𝘆𝗼𝘂 𝗵𝗼𝗺𝗶𝗲;1;32;1;0;;60;medium;;0;;2026-04-22 02:35:05
6576760773;ghellw;ghellw;andrewgiftschat;;1;0;1;0;;35;low;;0;;2026-04-22 02:35:05
6577339235;︎ ︎ ︎ ᅠ ︎ ︎ ︎ ︎ ᅠ(160+rew);xuilo22807;andrewgiftschat;;1;0;0;0;;25;low;;0;;2026-04-22 02:35:05
6578389773;kusiil🌑;wearxx0zz;andrewgiftschat;;1;0;1;0;;35;low;;0;;2026-04-22 02:35:05
6585024246;Эдуард;EduardGorbunov57;rabota_chaty1;;1;0;1;0;;35;low;;0;;2026-04-22 02:35:05
6585319068;счастливая сгущенка|4;xxxskyqxxx;andrewgiftschat;;1;0;1;0;;35;low;;0;;2026-04-22 02:35:05
6588500834;Раду Друмя;drumearr;andrewgiftschat;;1;0;1;0;;35;low;;0;;2026-04-22 02:35:05
6590314464;DAISIES♦︎IWURY♦︎;Jejndpqoo;andrewgiftschat;Catch me if you can);1;20;1;0;;60;medium;;0;;2026-04-22 02:35:05
6592458386;Sonyash;sony_ash;andrewgiftschat;Совпадения с реальностью случайны;1;33;1;0;;60;medium;;0;;2026-04-22 02:35:05
6594346960;Eг[]pblч;BigiVasy_67;andrewgiftschat;Жизнь одна а брат 2 (всем 50 звезд в лс @For_Ukra1ne);1;53;1;0;;65;high;;0;;2026-04-22 02:35:05
6594598529;Joyoce;Joyoce;andrewgiftschat;;1;0;1;0;;35;low;;0;;2026-04-22 02:35:05
6596356338;Матвей :);DiDbi_Top;andrewgiftschat;Пон;1;3;0;0;;50;medium;;0;;2026-04-22 02:35:05
6603296969;𝐤𝐰𝐞𝐫𝐢𝐱𝐞;wydwh;andrewgiftschat;https://t.me/+SihwqUSdFf8xN2Ji;1;30;1;0;;60;medium;;0;;2026-04-22 02:35:05
6603447194;damnans;kkkoooaaazzz;andrewgiftschat;;1;0;0;0;;25;low;;0;;2026-04-22 02:35:05
6607091311;Глафира;Glafira_38aar;rabota_chaty1;;1;0;1;0;;35;low;;0;;2026-04-22 02:35:05
6608665560;∆アニマ-ヤンデレ⚯#ЖенаДжеффа;MapriderBessie;andrewgiftschat;⚡️And I love you Linoshka — @Qw3rs0hp 👁️;1;40;1;0;;65;high;;0;;2026-04-22 02:35:05
6609737024;󠆜⁧󠆜⁧⁧⁧⁧♆⁧પ૯ƿተꤣӄ;Mr4epTuk;andrewgiftschat;— Падший Ангел.;1;15;1;0;;60;medium;;0;;2026-04-22 02:35:05
6609820312;ᥬପᏒᏬ꒱ ೃ࿔₊•୨ 残り香;Ang3lRu;andrewgiftschat;𝑀𝑦 𝑔𝑜𝑑, 𝑀𝑦 𝑢𝑛𝑖𝑣𝑒𝑟𝑠𝑒! @me0wle4A | |Бью рекорды - @sulriy;1;55;1;0;;65;high;;0;;2026-04-22 02:35:05
6610233645;Поддержка;vacancies_filter_manager;laravel_pro;;1;0;1;0;;35;low;;0;;2026-04-22 02:35:05
6610341047;Чепурна;chepoorna;andrewgiftschat;;1;0;1;0;;35;low;;0;;2026-04-22 02:35:05
6610979251;ᅠ;l_Il_lI_l;andrewgiftschat;;1;0;1;0;;35;low;;0;;2026-04-22 02:35:05
6611586780;︎;Neymar_999;andrewgiftschat;;1;0;1;0;;35;low;;0;;2026-04-22 02:35:05
6613074752;🕸️𝔡𝔞𝔯𝔨𝔫𝔢𝔰𝔰✞;ZwZ_or;andrewgiftschat;꧁𝒟𝑒𝒶𝓉𝒽 𝒾𝓈 𝒾𝓃𝑒𝓋𝒾𝓉𝒶𝒷𝓁𝑒꧂ https://t.me/+Y203ATRA1fk1YzI6;1;52;1;0;;65;high;;0;;2026-04-22 02:35:05
6614255674;cyrus;runald;andrewgiftschat;Мы боимся Бога.;1;15;1;0;;60;medium;;0;;2026-04-22 02:35:05
6614389050;Goose;GOOSe_gus;andrewgiftschat;;1;0;1;0;;35;low;;0;;2026-04-22 02:35:05
6615687019;Maykidk1;Maykidk1;andrewgiftschat;;1;0;0;0;;25;low;;0;;2026-04-22 02:35:05
6616091474;;;rabota_chaty1;;1;0;0;0;;10;low;skipped;0;2026-04-22 02:35:05;2026-04-22 02:35:05
6617146581;Andry;Jakrutoi1436;andrewgiftschat;Никогда не выберу веревку и стул;1;32;1;0;;60;medium;;0;;2026-04-22 02:35:05
6617875834;Фикс;fiks_official;andrewgiftschat;;1;0;1;0;;35;low;;0;;2026-04-22 02:35:05
6618407609;Полка🕷️;Polina_Chipalina;andrewgiftschat;Run, baby, run, run for your life;1;33;1;0;;60;medium;;0;;2026-04-22 02:35:05
6620962883;Anchooousik💵;Anyya1513;andrewgiftschat;;1;0;1;0;;35;low;;0;;2026-04-22 02:35:05
6623464036;Max;Lexxs;andrewgiftschat;;1;0;1;0;;35;low;;0;;2026-04-22 02:35:05
6624152853;𝙺𝚘𝚝𝚙𝚕𝚊𝚢𝚖𝚎𝚘𝚠 | #данувас;kotplaymeowYT;andrewgiftschat;⚠️///Пиɯи ᴨᴏ хуйнᴇ, ᴨᴏ дᴇᴧу - чᴄ.;1;33;1;0;;60;medium;;0;;2026-04-22 02:35:05
6625938782;Вика;V61677;andrewgiftschat;Сила, боль, тишина, музыка. И ты;1;32;1;0;;60;medium;;0;;2026-04-22 02:35:05
6626464130;🥷#муха;xxttuss;andrewgiftschat;Кенты- @cybo_bratish, @QQQQQQROEOW;1;34;1;0;;60;medium;;0;;2026-04-22 02:35:05
6627618020;AGS;;rabota_chaty1;https://t.me/Secret_Hube;1;24;0;0;;35;low;skipped;0;2026-04-22 02:35:05;2026-04-22 02:35:05
6630932689;Кумушка;makaeva_14;andrewgiftschat;🤍;1;1;0;0;;50;medium;;0;;2026-04-22 02:35:05
6631237016;пиздализ(.)(.);qwerxxpu;andrewgiftschat;— я люблю тебя, малышка киса мяу, киса мяу. @rainwsx;1;52;1;0;;65;high;;0;;2026-04-22 02:35:05
6632428993;travelling❤️;viksho6;andrewgiftschat;ну давай вставай принцесса, хавай нахуй мое сердце @aaa1vvv;1;59;1;0;;65;high;;0;;2026-04-22 02:35:05
6632660189;Калыванчик;Humanwwww;andrewgiftschat;Хз чо писать;1;12;1;0;;60;medium;;0;;2026-04-22 02:35:05
6632835064;ᯏ ꪑꪱꪀꫀꪶꪶꪋ. 👩🏼‍💻 ˖.;Mine_lla;andrewgiftschat;;1;0;0;0;;25;low;;0;;2026-04-22 02:35:05
6635969866;Mikhail;Mike_kobyshev;laravel_pro;;1;0;1;0;;35;low;;0;;2026-04-22 02:35:05
6637571505;дypнaя;cumokay;andrewgiftschat;пупупуп;1;7;1;0;;60;medium;;0;;2026-04-22 02:35:05
6640185418;⤷ ᵗ᷒ᰰ 𓂃 𝓚𝒔𝒆𝒏𝒊𝒂 𝆹𝅥 ♡ ⎯#Lan;strawb3rryDDD;andrewgiftschat;(♡´▽`♡);1;7;1;0;;60;medium;;0;;2026-04-22 02:35:05
6640197679;𝐱ོᴀди́ 🪭 #хейтер;hadl4a;andrewgiftschat;я хочу быᴛь ᴛᴇʍ ᴄᴀʍыʍ ᴛᴩᴇᴋоʍ нᴀ ᴨᴀʙᴛоᴩᴇ;1;39;1;0;;60;medium;;0;;2026-04-22 02:35:05
6641171562;kjieqw#vex;exziles;andrewgiftschat;-давай с тобой обнявшись стоя❤️‍🔥@Stern_koteyka|| -ты долбоеб?я это фото только маме своей кидала, откуда у тебя это фото? @I_Love_Tactility;1;140;0;0;;60;medium;;0;;2026-04-22 02:35:05
6643449618;Изабелла;;andrewgiftschat;;1;0;1;0;;20;low;skipped;0;2026-04-22 02:35:05;2026-04-22 02:35:05
6644431584;︎ ︎ ︎ ᅠ ︎ ︎ ︎ ︎;MoneyGuardan;andrewgiftschat;Deposited $3, and withdrew 80 Rubles... 🛢️;1;42;1;0;;65;high;;0;;2026-04-22 02:35:05
6645161027;𝘏𝘢𝘳𝘬𝘦𝘯;qMimnnq2;andrewgiftschat;|✦|;1;3;0;0;;50;medium;;0;;2026-04-22 02:35:05
6646786715;Springi #Cap_emp #сырнеке fso;Spngi;andrewgiftschat;;1;0;1;0;;35;low;;0;;2026-04-22 02:35:05
6646998962;extada;;andrewgiftschat;@elemeta / @nftswe | подарки не дарю, только принимаю 🤪;1;55;1;0;;50;medium;skipped;0;2026-04-22 02:35:05;2026-04-22 02:35:05
6647322076;✞ ᗞᗴᗩᗞ ᏆᔑᏞᗩᑎᗞ ✞ ;Banan_cadrolZOV;andrewgiftschat;;1;0;1;0;;35;low;;0;;2026-04-22 02:35:05
6648766852;mamatkunem 🇬🇪🦅;hvkegern;andrewgiftschat;;1;0;0;0;;25;low;;0;;2026-04-22 02:35:05
6649611918;🧜🏻‍♂️クソトランスジェンダー🧚🏻‍♂️;terrorllBM;andrewgiftschat;;1;0;1;0;;35;low;;0;;2026-04-22 02:35:05
6654053244;ᯠ_ _ᯄ੭;kisser3;andrewgiftschat;я ʙᤋᴦ᧘яд. я ʙᥙжу ʙᥴё, н᧐ δᥱᥴᥰ᧐᧘ᥱᤋн᧐ ᴦ᧐ʙ᧐ρᥙᴛь;1;44;0;0;;55;medium;;0;;2026-04-22 02:35:05
6654529814;Л;Lialkaik;andrewgiftschat;;1;0;1;0;;35;low;;0;;2026-04-22 02:35:05
6654986539;aec;;andrewgiftschat;"""Maybe wars aren't meant to be won. Maybe they're continuous.""";1;62;1;0;;50;medium;skipped;0;2026-04-22 02:35:05;2026-04-22 02:35:05
6656709749;;;rabota_chaty1;;1;0;0;0;;10;low;skipped;0;2026-04-22 02:35:05;2026-04-22 02:35:05
6656862589;;;rabota_chaty1;;1;0;0;0;;10;low;skipped;0;2026-04-22 02:35:05;2026-04-22 02:35:05
6657961933;𝓢𝓸𝓷𝔂𝓪;soonikx14;andrewgiftschat;;1;0;0;0;;25;low;;0;;2026-04-22 02:35:05
6658484371;Кирилл;k1rwzq;andrewgiftschat;@tonstarskir;1;12;1;0;;60;medium;;0;;2026-04-22 02:35:05
6660018225;#Яʍᴏᴦучий хᴀɯᥫ᭡ ֶָ֢ ፝֟፝֟፝֟፝֟ᎡꫝᎫ;Nefiska;andrewgiftschat;;1;0;1;0;;35;low;;0;;2026-04-22 02:35:05
6664658690;Чел какой-то;NN_KakoyTo123;andrewgiftschat;💩💩💩💩;1;4;1;0;;60;medium;;0;;2026-04-22 02:35:05
6665337752;Hi;albert2106;laravel_pro;Шагаем в будущее...;1;19;0;0;;50;medium;;0;;2026-04-22 02:35:05
6666512765;⌀NULL⌀;Arkis_fan;andrewgiftschat;;1;0;0;0;;25;low;;0;;2026-04-22 02:35:05
6668747725;Mazayko;Mazayko;andrewgiftschat;def: @Scorpeey | sᴘᴀᴍ-ʙʟᴏᴄᴋ?Пиши сюда 👉 [ @MazaykoSpamblockbot ];1;64;1;0;;65;high;;0;;2026-04-22 02:35:05
6669055918;ℙ𝕚𝕟𝕖𝕒𝕡𝕡𝕝𝕖❄️;Pineapple_YT;andrewgiftschat;Человек со смыслом — это каждый из нас🖤 | Био @bioPineapple;1;59;1;0;;65;high;;0;;2026-04-22 02:35:05
6669372427;аёка;seer14_uw;andrewgiftschat;https://t.me/+CUs3D45bRfpkYjVi;1;30;1;0;;60;medium;;0;;2026-04-22 02:35:05
6671229291;+888 0808 6767;Ne_zackerman;andrewgiftschat;67😴👈😥68😥👉69😈;1;12;1;0;;60;medium;;0;;2026-04-22 02:35:05
6673424987;✒//𝙡𝙤𝙡//;Lisa_104;andrewgiftschat;;1;0;0;0;;25;low;;0;;2026-04-22 02:35:05
6673485178;­;w9nderw;andrewgiftschat;;1;0;0;0;;25;low;;0;;2026-04-22 02:35:05
6673545196;"Милка;)";Millki_wey;andrewgiftschat;;1;0;0;0;;25;low;;0;;2026-04-22 02:35:05
6675076484;ㅤPIRATE“🏴‍☠“💰ㅤ;Nikolai_14_Hom27;andrewgiftschat;🥷🫥 Nft Ambassador 🫥🥷;1;20;1;0;;60;medium;;0;;2026-04-22 02:35:05
6675308762;mychips⚜️;mych1ps;andrewgiftschat;;1;0;1;0;;35;low;;0;;2026-04-22 02:35:05
6675318660;forever young #sueta📿;worktemaaa;andrewgiftschat;;1;0;1;0;;35;low;;0;;2026-04-22 02:35:05
6675665112;｡･:*:･ﾟ’’stay<3｡･:*:･ﾟ’;KoreaIlovee;andrewgiftschat;Красотулька (братела) @Ya7203;1;29;1;0;;60;medium;;0;;2026-04-22 02:35:05
6675799728;Андрей;alex_koto1;laravel_pro;;1;0;1;0;;35;low;;0;;2026-04-22 02:35:05
6676473022;𝑲 𝑵 𝑶 𝑪 𝑲 𝑶 𝑼 𝑻;KNOCKOUTopp;andrewgiftschat;;1;0;0;0;;25;low;;0;;2026-04-22 02:35:05
6677482541;Максим | Продам звёзды по 1.2₽;ExTro79;andrewgiftschat;;1;0;1;0;;35;low;;0;;2026-04-22 02:35:05
6679657832;ɴᴇᴏ1ʟx;nuwqzz;andrewgiftschat;“ʜᴀᴘᴘɪɴᴇss ɪs ɴᴏᴛ ᴀ ᴅᴇsᴛɪɴᴀᴛɪᴏɴ, ɪᴛ’s ᴀ ᴡᴀʏ ᴏғ ʟɪᴠɪɴɢ ᴇᴠᴇʀʏ ᴅᴀʏ.”;1;65;1;0;;65;high;;0;;2026-04-22 02:35:05
6680288658;᭣֤ࣨ ♡♛𖦹夜の影🕷𓁥𖦹༅;UWU_XXD;andrewgiftschat;–я ⳅⲏⲁю ⲧы ⲃυⲇυⲱь ⲥⲃⲉⲧ,ⲧы ⲇⲁⲗьⲱⲉ ⳝⲩⲇⲉⲱь ⲥⲏυⲧьⲥя ⲙⲏⲉ.💍 @y2k366;1;61;1;0;;65;high;;0;;2026-04-22 02:35:05
6681584795;AndrewNox;AndrewNoxi;andrewgiftschat;;1;0;1;0;;35;low;;0;;2026-04-22 02:35:05
6682586045;Dizzy;PiDizzy;andrewgiftschat;В сети ≠ могу ответить;1;22;1;0;;60;medium;;0;;2026-04-22 02:35:05
6683725080;Мария;xKwhHFVKZj;rabota_chaty1;❤️❤️❤️;1;6;1;0;;60;medium;;0;;2026-04-22 02:35:05
6687915363;Tm|SaKuRa 🌸;TM_SaKuRaa;andrewgiftschat;Я нарисую облаками твой силуэт @terebonika мур мяу @nedodeff;1;60;1;0;;65;high;;0;;2026-04-22 02:35:05
6689028177;AL | Antxfoot;Antxfoot;andrewgiftschat;;1;0;1;0;;35;low;;0;;2026-04-22 02:35:05
6692576144;Mike;mikeniko;laravel_pro;;1;0;0;0;;25;low;;0;;2026-04-22 02:35:05
6694357587;𝗃𝖾𝖺𝗅𝗈𝗎𝗌𝗒.;;andrewgiftschat;;1;0;1;0;;20;low;skipped;0;2026-04-22 02:35:05;2026-04-22 02:35:05
6695723479;𝚗𝚎𝚛𝚟;zxcmtty;andrewgiftschat;🍀;1;1;1;0;;60;medium;;0;;2026-04-22 02:35:05
6695771324;Rodolfo;Ditchagitprop;andrewgiftschat;;1;0;1;0;;35;low;;0;;2026-04-22 02:35:05
6698061032;ᅠ;tri_dash;andrewgiftschat;Люблююю @ponskipon17♥;1;21;0;0;;50;medium;;0;;2026-04-22 02:35:05
6700434983;Roger;;laravel_pro;;1;0;0;0;;10;low;skipped;0;2026-04-22 02:35:05;2026-04-22 02:35:05
6702083308;ᶻ 𝘇 𐰁 .. х1р0к4. 💤 #MelloMyBf;h1kkywa;andrewgiftschat;;1;0;0;0;;25;low;;0;;2026-04-22 02:35:05
6702587801;A & Magnificent;AleksRMB1455;laravel_pro;;1;0;0;0;;25;low;;0;;2026-04-22 02:35:05
6702768992;Stefan;Darmau1;laravel_pro;;1;0;1;0;;35;low;;0;;2026-04-22 02:35:05
6704420916;;;rabota_chaty1;;1;0;0;0;;10;low;skipped;0;2026-04-22 02:35:05;2026-04-22 02:35:05
6704670881;Миша#муха#Марикс#Angel;Zom093;andrewgiftschat;https://t.me/patrickstarsrobot?start=6704670881;1;47;1;0;;65;high;;0;;2026-04-22 02:35:05
6705198458;𝙡𝙖𝙩𝙞𝙛𝙖#ENB;MetBreelov;andrewgiftschat;сап;1;3;1;0;;60;medium;;0;;2026-04-22 02:35:05
6707965027;Comfort;NastyG9;python_ru;;1;0;0;0;;25;low;;0;;2026-04-22 02:35:05
6708414363;Дарвин;darwin_natural;laravel_pro;;1;0;0;0;;25;low;;0;;2026-04-22 02:35:05
6719844169;Tanya;nnkakoito7493;andrewgiftschat;Forever alone~;1;14;1;0;;60;medium;;0;;2026-04-22 02:35:05
6722131661;Denis;;python_ru;;1;0;0;0;;10;low;skipped;0;2026-04-22 02:35:05;2026-04-22 02:35:05
6723186449;wwwww;;andrewgiftschat;убить нельзя помиловать;1;23;1;0;;45;medium;skipped;0;2026-04-22 02:35:05;2026-04-22 02:35:05
6727188073;Elin;elinbrin;laravel_pro;;1;0;1;0;;35;low;;0;;2026-04-22 02:35:05
6728384827;Менеджер;alex_SShel;rabota_chaty1;;1;0;1;0;;35;low;;0;;2026-04-22 02:35:05
6729246540;мастер.ЛЕВ;master_LEV_ff;andrewgiftschat;менеджер канала @versacenftGIFTS;1;32;1;0;;60;medium;;0;;2026-04-22 02:35:05
6731023419;ℳik𝑜;S1ttiex;andrewgiftschat;Если что то не так, она знает @Kse0702;1;38;1;0;;60;medium;;0;;2026-04-22 02:35:05
6732837248;ромик;kryst4all;andrewgiftschat;🐽🐽🐽;1;3;0;0;;50;medium;;0;;2026-04-22 02:35:05
6734185059;Алина;;rabota_chaty1;;1;0;1;0;;20;low;skipped;0;2026-04-22 02:35:05;2026-04-22 02:35:05
6736022333;🅔Marshil #афк;Areztovon;andrewgiftschat;Дарю всем подарки кто напишет лс;1;32;1;0;;60;medium;;0;;2026-04-22 02:35:05
6736801048;Алекс;Alekskor_70;andrewgiftschat;;1;0;1;0;;35;low;;0;;2026-04-22 02:35:05
6739354052;Sajib🐾;ssajib145n84p;andrewgiftschat;Я люблю тебя, Бог;1;17;1;0;;60;medium;;0;;2026-04-22 02:35:05
6740042316;zzayy;zaayul;andrewgiftschat;;1;0;1;0;;35;low;;0;;2026-04-22 02:35:05
6740461320;Ismail;nasirov_ismayil;laravel_pro;Backend developer 👨🏻‍💻;1;22;0;0;;50;medium;;0;;2026-04-22 02:35:05
6740589136;;;rabota_chaty1;;1;0;0;0;;10;low;skipped;0;2026-04-22 02:35:05;2026-04-22 02:35:05
6740955576;Данила;Danila_in_tg;andrewgiftschat;Никто;1;5;0;0;;50;medium;;0;;2026-04-22 02:35:05
6741215850;Alex;katamaranov99;laravel_pro;;1;0;0;0;;25;low;;0;;2026-04-22 02:35:05
6744981616;Batyrkhan;batyr_92;laravel_pro;;1;0;0;0;;25;low;;0;;2026-04-22 02:35:05
6745906010;...;Sssa919;andrewgiftschat;;1;0;1;0;;35;low;;0;;2026-04-22 02:35:05
6747254874;🚬;koy697;andrewgiftschat;;1;0;0;0;;25;low;;0;;2026-04-22 02:35:05
6748451024;vlad_me;vladmees;andrewgiftschat;;1;0;1;0;;35;low;;0;;2026-04-22 02:35:05
6751609001;🐶 Simba🐕‍🦺;SimbaDinofleks;andrewgiftschat;😔Забывайте обиды, но никогда не забывайте доброту.😔;1;51;1;0;;65;high;;0;;2026-04-22 02:35:05
6752214439;Urozbekov ️️;Urozbekov;laravel_pro;;1;0;1;0;;35;low;;0;;2026-04-22 02:35:05
6757827154;rufirufyа;rufkkary;andrewgiftschat;-ʍнᴇ ʙᴀжно ᴛоᴧьᴋо ᴛо, чᴛо ʙ ʍоᴇй ᴦоᴧоʙᴇ @I_brickix🖤||I'M A RUFI;1;63;1;0;;65;high;;0;;2026-04-22 02:35:05
6758055954;𝗙𝗮𝗻𝘁𝗼𝗵|ᵇᵃᵇʸ ⁶⁹;Fantoh;andrewgiftschat;;1;0;1;0;;35;low;;0;;2026-04-22 02:35:05
6759291337;Ѣѧʜϯџκ🎀;SvetaInMotion;andrewgiftschat;http://t.me/anonaskbot?start=user_nyojodssfa;1;44;1;0;;65;high;;0;;2026-04-22 02:35:05
6762390624;Ююю @GIFTSDouble;mushka_fredee;andrewgiftschat;UQBsZ1QHs35nA7c6VTB7JsgB33yaaDhisY_xkCP_QjIzqUY-;1;48;1;0;;65;high;;0;;2026-04-22 02:35:05
6763149551;✧;TW_tester;andrewgiftschat;Верните в моду любовь где было очень тепло @TUKCUK_0 💊;1;54;0;0;;55;medium;;0;;2026-04-22 02:35:05
6763330473;Vlawzqv;BOREXXX;andrewgiftschat;I remember when you shined brighter than anyone...;1;50;1;0;;65;high;;0;;2026-04-22 02:35:05
6763803881;𝑸𝑼𝑰𝑿𝑶𝑻𝑰𝑪;quixoticccccc;andrewgiftschat;;1;0;1;0;;35;low;;0;;2026-04-22 02:35:05
6765602436;Александр;alexiofik;tproger_chat;;1;0;1;0;;35;low;;0;;2026-04-22 02:35:05
6766565830;;;rabota_chaty1;;1;0;0;0;;10;low;skipped;0;2026-04-22 02:35:05;2026-04-22 02:35:05
6769566849;Евгений;eugeny_dots;laravel_pro;Neurodivergence life. Тесты: @audhd_ru_test_bot;1;47;1;0;;65;high;;0;;2026-04-22 02:35:05
6770177934;Dorian;domen_o876r;laravel_pro;;1;0;0;0;;25;low;;0;;2026-04-22 02:35:05
6772052488;Кирилллл;Yurko2010;andrewgiftschat;;1;0;1;0;;35;low;;0;;2026-04-22 02:35:05
6773751421;жизнь;werfasl;andrewgiftschat;;1;0;1;0;;35;low;;0;;2026-04-22 02:35:05
6775417228;&;;rabota_chaty1;;1;0;0;0;;10;low;skipped;0;2026-04-22 02:35:05;2026-04-22 02:35:05
6776167650;Какашка #krt;arbuz_sex;andrewgiftschat;;1;0;1;0;;35;low;;0;;2026-04-22 02:35:05
6776493126;😁😁;anglishbro6ja4;andrewgiftschat;@felonstars_bot самый лучший;1;28;1;0;;60;medium;;0;;2026-04-22 02:35:05
6776923295;David;david_cpm;andrewgiftschat;;1;0;1;0;;35;low;;0;;2026-04-22 02:35:05
6777207168;Борис;;rabota_chaty1;;1;0;1;0;;20;low;skipped;0;2026-04-22 02:35:05;2026-04-22 02:35:05
6778258235;Naysik135;Nasko135;andrewgiftschat;;1;0;1;0;;35;low;;0;;2026-04-22 02:35:05
6779922478;М...;Problemmak;andrewgiftschat;- ᴨᴏɜднᴏ, ᴏ чᴇʍ-ᴛᴏ дуʍᴀᴛь ᴄᴧиɯᴋᴏʍ ᴨᴏɜднᴏ...;1;43;1;0;;65;high;;0;;2026-04-22 02:35:05
6781007387;;;rabota_chaty1;;1;0;0;0;;10;low;skipped;0;2026-04-22 02:35:05;2026-04-22 02:35:05
6783783541;venomen;venomen3;andrewgiftschat;;1;0;1;0;;35;low;;0;;2026-04-22 02:35:05
6785946950;Олег;oleg_godd;laravel_pro;;1;0;1;0;;35;low;;0;;2026-04-22 02:35:05
6786893311;moori;weybaii;andrewgiftschat;;1;0;1;0;;35;low;;0;;2026-04-22 02:35:05
6787177929;sAt@n@_kass💀;Svet_kasq;andrewgiftschat;Life is a journey 💫;1;19;1;0;;60;medium;;0;;2026-04-22 02:35:05
6790517988;Катя;;tproger_chat;;1;0;0;0;;10;low;skipped;0;2026-04-22 02:35:05;2026-04-22 02:35:05
6792208763;пальма 🌴;angg_liin;andrewgiftschat;;1;0;0;0;;25;low;;0;;2026-04-22 02:35:05
6792277463;GreenSmile;zebra49jxwy;andrewgiftschat;В аду нас тоже знают пора открыть там филлиал;1;45;1;0;;65;high;;0;;2026-04-22 02:35:05
6792445348;🦂Марат;Marat2456;andrewgiftschat;;1;0;1;0;;35;low;;0;;2026-04-22 02:35:05
6793490495;А;def_ot_mori;andrewgiftschat;https://t.me/patrickstarsrobot?start=6793490495;1;47;1;0;;65;high;;0;;2026-04-22 02:35:05
6794909852;Хантерок;qwowra;andrewgiftschat;;1;0;1;0;;35;low;;0;;2026-04-22 02:35:05
6795105660;Dastin;Cergeevnaaaaa;andrewgiftschat;𝑙 𝑤𝑎𝑛𝑛𝑎 𝑏𝑒 𝑦𝑜𝑢 𝑙𝑜𝑣𝑒𝑟 ❤️;1;23;1;0;;60;medium;;0;;2026-04-22 02:35:05
6795453252;Fleep | Дарю подарки в канале;FleepTg;andrewgiftschat;||Админ канала @FleepNft|| def:@monk Sell stars || Rep:@FleepRep || есть фейки, сверяйте юз;1;91;1;0;;65;high;;0;;2026-04-22 02:35:05
6796335911;pixel;hackstylee;andrewgiftschat;;1;0;1;0;;35;low;;0;;2026-04-22 02:35:05
6797184432;Samuelmk186;yoEIGyH;laravel_pro;Software Development, Graphic Design, Architecture;1;50;1;0;;65;high;;0;;2026-04-22 02:35:05
6799734720;Aizen//teto;Teto_autist;andrewgiftschat;-Где вместе мы вспоминаем обо всем @diva_aytist;1;47;1;0;;65;high;;0;;2026-04-22 02:35:05
6800180917;;;rabota_chaty1;;1;0;0;0;;10;low;skipped;0;2026-04-22 02:35:05;2026-04-22 02:35:05
6800711887;sxael 🦶;sxael;andrewgiftschat;🦶;1;1;1;0;;60;medium;;0;;2026-04-22 02:35:05
6803488120;molt;moltkun;andrewgiftschat;Счастье приходит с упорством;1;28;1;0;;60;medium;;0;;2026-04-22 02:35:05
6803924424;🍃🕷c٥ʷₚͦ៰ᷜ⍳;cowokpol;andrewgiftschat;- think i'll miss you forever @Marinette_XDD/лю @Theaffairs;1;59;1;0;;65;high;;0;;2026-04-22 02:35:05
6805433282;Фисташки;F1ztashki;andrewgiftschat;t.me/anonaskbot?start=g84t7 анон;1;32;1;0;;60;medium;;0;;2026-04-22 02:35:05
6806218627;Сойду;Defiae;andrewgiftschat;-ᴀɴᴅ ɪꜰ ɪ ᴏɴʟʏ ᴄᴏᴜʟᴅ, ɪ'ᴅ ᴍᴀᴋᴇ ᴀ ᴅᴇᴀʟ ᴡɪᴛʜ ɢᴏᴅ @B_KAHABE_ALWAYS;1;63;1;0;;65;high;;0;;2026-04-22 02:35:05
6808270344;frog;frog812;andrewgiftschat;;1;0;1;0;;35;low;;0;;2026-04-22 02:35:05
6808543342;Anmol;;rabota_chaty1;;1;0;0;0;;10;low;skipped;0;2026-04-22 02:35:05;2026-04-22 02:35:05
6808555229;alxiff;alxiff;andrewgiftschat;;1;0;0;0;;25;low;;0;;2026-04-22 02:35:05
6812895338;♫︎ ֶֶֶֶֶֶֶָָ֢ 𓏺 ꪑ૮ ઝ᥆ꪒꪋ👅 𝂅ׄ ^᪲᪲;maf1n0_o;andrewgiftschat;;1;0;1;0;;35;low;;0;;2026-04-22 02:35:05
6813519689;ㅤ;lAIexanderl;andrewgiftschat;;1;0;0;0;;25;low;;0;;2026-04-22 02:35:05
6815020397;ZENOX;fas0l1nkW;andrewgiftschat;Подарки продаю только за звезды! За рубли не продаю!;1;52;1;0;;65;high;;0;;2026-04-22 02:35:05
6816386409;𝔄𝑛𝑔𝑒𝑙 ᶠᶫᵒʷᵉʳˢ;Minyard_28;andrewgiftschat;ну конечно уверен, забери моё сердце @minjuminny ♡⁠ ♪;1;53;1;0;;65;high;;0;;2026-04-22 02:35:05
6817990918;˚₊‧꒰ა Karolina ໒꒱ ‧₊˚;kkarec;andrewgiftschat;@SalllF1sher любимая моя мадам 👰‍♀️🍥 ໒꒰ྀི ˊᗜˋ* ꒱ྀིა;1;51;1;0;;65;high;;0;;2026-04-22 02:35:05
6820600517;Сабыр;;laravel_pro;;1;0;0;0;;10;low;skipped;0;2026-04-22 02:35:05;2026-04-22 02:35:05
6822826704;𝚜𝚚𝚠𝚎𝚎𝚎𝚛𝚣𝚣¹⁴³;dweeq;andrewgiftschat;𝚅𝚊𝚖𝚙;1;4;1;0;;60;medium;;0;;2026-04-22 02:35:05
6822841994;Бь.вь.мь.габуль.габырство.2.67 покой;B0GKV;andrewgiftschat;;1;0;1;0;;35;low;;0;;2026-04-22 02:35:05
6823131435;k0TaK6A$👑;DemonTea1;andrewgiftschat;Look me in my hunter eyes;1;25;1;0;;60;medium;;0;;2026-04-22 02:35:05
6824625586;;;rabota_chaty1;;1;0;0;0;;10;low;skipped;0;2026-04-22 02:35:05;2026-04-22 02:35:05
6825104737;88;;python_ru;Global SMS : Welcome to our official channel https://t.me/TopYing_SMS;1;69;0;0;;40;medium;skipped;0;2026-04-22 02:35:05;2026-04-22 02:35:05
6825518836;Нарцис;Wht_YYY;andrewgiftschat;Семья это святое https://t.me/+PnQKs1rdQWVkMTI6;1;47;1;0;;65;high;;0;;2026-04-22 02:35:05
6827566588;Moon;mon_s_l1;laravel_pro;;1;0;0;0;;25;low;;0;;2026-04-22 02:35:05
6829495719;Сын;yoma_ha_yoma_so;laravel_pro;;1;0;1;0;;35;low;;0;;2026-04-22 02:35:05
6829927864;︎-#|•твоя блонда👱🏻‍♀️🖤•[🃏] =^ᴥ^=;Blondablack;andrewgiftschat;-молодость сложно забыть , но я в силах все изменить🥷;1;53;1;0;;65;high;;0;;2026-04-22 02:35:05
6830037867;лэлька ☘️;kdkwo_8;andrewgiftschat;- скромни_55. || нᴀʙᴇчно ʍоᴧодой, ꜰᴏʀᴠᴇʀ ʏᴏᴜɴɢ @Cenext;1;54;1;0;;65;high;;0;;2026-04-22 02:35:05
6830244569;Керилл;Tycah;andrewgiftschat;-Дайте поспать! Дайте, дайте поспать!;1;37;1;0;;60;medium;;0;;2026-04-22 02:35:05
6832975264;Квартирант;Sw1re;andrewgiftschat;А Одинцов, это где?;1;19;1;0;;60;medium;;0;;2026-04-22 02:35:05
6836623952;🎧 #krt;lerkaaa_meow;andrewgiftschat;;1;0;1;0;;35;low;;0;;2026-04-22 02:35:05
6837212217;dash'ckopoo;Darinackopoo;andrewgiftschat;;1;0;1;0;;35;low;;0;;2026-04-22 02:35:05
6837812184;zloy demon 777;zloydemon777;andrewgiftschat;https://t.me/+OUwUi_D6l1k3MzY6;1;30;1;0;;60;medium;;0;;2026-04-22 02:35:05
6845492871;Green Star #ꪋટƿ᥆ꪉƿ᥆;psixn;andrewgiftschat;You're so upset with me But I'm so obsessed with you I'm fucking crazy I don't wanna damage you. @Graf_ciazkeza @Nyanqwq;1;120;1;0;;70;high;;0;;2026-04-22 02:35:05
6846174851;Roman;roman_likesoft;laravel_pro;Мы разрабатываем AI проекты для бизнеса. https://2ly.link/20BPQ;1;63;1;0;;65;high;;0;;2026-04-22 02:35:05
6848787260;www;yyetvwy;andrewgiftschat;;1;0;1;0;;35;low;;0;;2026-04-22 02:35:05
6849809857;Srinivasa;;rabota_chaty1;;1;0;0;0;;10;low;skipped;0;2026-04-22 02:35:05;2026-04-22 02:35:05
6854108382;агаткис;agatkis;andrewgiftschat;;1;0;0;0;;25;low;;0;;2026-04-22 02:35:05
6855264231;ⲕᥱⲏⲇυ.;Candyy_LL;andrewgiftschat;Мальчик был такой красивый, а теперь гниет в могиле.;1;52;1;0;;65;high;;0;;2026-04-22 02:35:05
6855353261;Юля;Yusik_19;andrewgiftschat;;1;0;1;0;;35;low;;0;;2026-04-22 02:35:05
6856971097;#UrᴀgᴀnHᴏᴋᴀgᴇ🐰;demaaxx;andrewgiftschat;-у ʍя ᴛᴀᴋ ʍнᴏᴦᴏ ʙᴀᴩиᴀнᴛᴏʙ,нᴏ нᴇ нᴀдᴏ @O_ᴏvsyᴀnᴋᴏvᴀᴀ😁✌🏻🤍;1;55;1;0;;65;high;;0;;2026-04-22 02:35:05
6857813534;Coder;coder_dev1231;laravel_pro;;1;0;1;0;;35;low;;0;;2026-04-22 02:35:05
6858605483;Nerella;nerellaa;andrewgiftschat;𝒜𝓅𝓇𝒾𝓁 𝟸𝟷𝓈𝓉 𝟸𝟶𝟸𝟻. 𝒯𝒽𝑒 𝒹𝒶𝓎 ℐ’𝓁𝓁 𝓃𝑒𝓋𝑒𝓇 𝒻𝑜𝓇𝑔𝑒𝓉;1;42;1;0;;65;high;;0;;2026-04-22 02:35:05
6861319182;Alex;porvex;andrewgiftschat;;1;0;0;0;;25;low;;0;;2026-04-22 02:35:05
6861450168;Answer…..!…..? #LE;mellstroy0991;andrewgiftschat;;1;0;1;0;;35;low;;0;;2026-04-22 02:35:05
6862488379;☃️;Oboccanui;andrewgiftschat;;1;0;0;0;;25;low;;0;;2026-04-22 02:35:05
6862747080;Mickey;starsMickey007;andrewgiftschat;;1;0;0;0;;25;low;;0;;2026-04-22 02:35:05
6864709985;retetyt ностоящи 100%️;retetytttt;andrewgiftschat;;1;0;1;0;;35;low;;0;;2026-04-22 02:35:05
6865596604;Турина;bourreauCuirassier;andrewgiftschat;;1;0;1;0;;35;low;;0;;2026-04-22 02:35:05
6867124659;swesas;swesas;andrewgiftschat;;1;0;1;0;;35;low;;0;;2026-04-22 02:35:05
6867157575;𝖋𝖊𝖑𝖆;fela_9342;andrewgiftschat;;1;0;0;0;;25;low;;0;;2026-04-22 02:35:05
6867330575;Jewish;mrewish;andrewgiftschat;А обыватели-то и не знают, в чём смысл.;1;39;1;0;;60;medium;;0;;2026-04-22 02:35:05
6867951400;j #neap;esseesssses;andrewgiftschat;https://t.me/+U27_F_Z0YpU0ZTRi;1;30;1;0;;60;medium;;0;;2026-04-22 02:35:05
6870980158;#SCHEDOL#;mujlanofobka_80lvl;andrewgiftschat;Не сприймай життя надто серйозно- все одно живим з нього не виберешся);1;70;1;0;;65;high;;0;;2026-04-22 02:35:05
6871962816;Malstroy;fozyaq;andrewgiftschat;;1;0;1;0;;35;low;;0;;2026-04-22 02:35:05
6873119205;Мбаппе;Mak7gg;andrewgiftschat;;1;0;0;0;;25;low;;0;;2026-04-22 02:35:05
6874054472;goldberg;svtanti;andrewgiftschat;恋しい;1;3;1;0;;60;medium;;0;;2026-04-22 02:35:05
6874808595;(MayotkXD) Даниил Колбосенко;MayotkXD;andrewgiftschat;-Я дарил тебе цветы, мне хотелось теплоты @RinoXD // Я под защитой;1;66;1;0;;65;high;;0;;2026-04-22 02:35:05
6875282963;Сильфи#fso;NICTO_NN0;andrewgiftschat;@M1zuki69 Фогель♥️ どんなに遠く離れていても、私の心はいつもあなたのそばにあります。 Лучший канал @Andr;1;70;1;0;;65;high;;0;;2026-04-22 02:35:05
6879715510;кирмуська;siamkatzen;andrewgiftschat;˚₊‧꒰ა {ᓚᘏᗢ }໒꒱ ‧₊˚༘⋆ —— 𝘊𝘭𝘢𝘴𝘴 𝘢𝘤𝘵, 𝘯𝘰 𝘮𝘰𝘯𝘦𝘺, 𝘵𝘳𝘶𝘦 𝘢𝘳𝘪𝘴𝘵𝘰𝘤𝘢𝘵!! ≽^-⩊-^≼ // / 𔓐𑇓 / //;1;82;1;0;;65;high;;0;;2026-04-22 02:35:05
6880597753;Ярослава;;rabota_chaty1;Хочешь ? Заходи https://t.me/+bJcGj3ay8mszZGJi;1;46;1;0;;50;medium;skipped;0;2026-04-22 02:35:05;2026-04-22 02:35:05
6883383089;.;glamyrchik2007;andrewgiftschat;;1;0;1;0;;35;low;;0;;2026-04-22 02:35:05
6887499307;fara;Sivere_Dsintov;andrewgiftschat;;1;0;0;0;;25;low;;0;;2026-04-22 02:35:05
6887973696;dashaaa🪷;Dashytio;andrewgiftschat;;1;0;1;0;;35;low;;0;;2026-04-22 02:35:05
6889210178;«𒉭»;Dolboyobikkk;andrewgiftschat;;1;0;1;0;;35;low;;0;;2026-04-22 02:35:05
6889347895;Blenderinchik ¹⁴³ | COLA GANG;ne_blenderinchik;andrewgiftschat;;1;0;1;0;;35;low;;0;;2026-04-22 02:35:05
6889595277;Ꮇᥱύᥴυ ݃;CutieMacy;andrewgiftschat;. . Lieb mich, lieb mich, lieb mich, lieb mich, lieb mich, lieb mich, lieb mich, lieb mich, lieb mich, lieb mich;1;112;1;0;;65;high;;0;;2026-04-22 02:35:05
6890021487;ʙᴀᴩᴋ⚚;sewlerr;andrewgiftschat;-уᴨᴀʙɯий ᴧᴇᴨᴇᴄᴛᴏᴋ, ужᴇ ниᴋᴏᴦдᴀ нᴇ ɜᴀцʙᴇᴛёᴛ 𓍼;1;44;1;0;;65;high;;0;;2026-04-22 02:35:05
6890244104;𑀥iᥲᥒᥲ;diana5_diana6;andrewgiftschat;мы навсегда будем вместе @BlaNla_gashaba;1;40;1;0;;65;high;;0;;2026-04-22 02:35:05
6891068252;Аня;Anutkajuse;andrewgiftschat;;1;0;1;0;;35;low;;0;;2026-04-22 02:35:05
6891827049;ᥒᥙⳋᥱr ᥉kᥱᥣᥱt𐔖ᥒ;nuga_skelet;andrewgiftschat;У МЕНЯ НЕТУ РЕСОВ Я ИХ ПОТЕРЯЛ @F0ck_XD;1;39;1;0;;60;medium;;0;;2026-04-22 02:35:05
6891901319;динкаа) ☀;mikx_www;andrewgiftschat;;1;0;0;0;;25;low;;0;;2026-04-22 02:35:05
6891910924;Ангелина🧊;Ledok_017;andrewgiftschat;Ты типа 10/10🍹🌹;1;15;1;0;;60;medium;;0;;2026-04-22 02:35:05
6897987412;ㅤ;Soskanerealka4;andrewgiftschat;;1;0;1;0;;35;low;;0;;2026-04-22 02:35:05
6899640060;Hello_sqwex;Busya_in_flop;andrewgiftschat;;1;0;1;0;;35;low;;0;;2026-04-22 02:35:05
6900260319;Арбуз;SmilSwagg;andrewgiftschat;;1;0;1;0;;35;low;;0;;2026-04-22 02:35:05
6901417005;Колобок;Kolobok973;andrewgiftschat;Понятно;1;7;1;0;;60;medium;;0;;2026-04-22 02:35:05
6902150213;Noyname #sell #stars 1.6₽;Noynamezx;andrewgiftschat;Иногда ответ в загадке бывает настолько явным, что мы просто его не замечаем;1;76;1;0;;65;high;;0;;2026-04-22 02:35:05
6902862584;𝘉𝘳𝘦𝘻𝘻𝘺🧸 𝘑𝘋𝘔🔰;Acccord_1k;andrewgiftschat;🤍 الهمدلله☪️;1;12;1;0;;60;medium;;0;;2026-04-22 02:35:05
6906157155;Nurzi1k;Nurzi1k;andrewgiftschat;Йоу @gminesbot;1;14;1;0;;60;medium;;0;;2026-04-22 02:35:05
6906157721;;;rabota_chaty1;;1;0;0;0;;10;low;skipped;0;2026-04-22 02:35:05;2026-04-22 02:35:05
6909079970;Miss Lita.;Lita_Mares_16;andrewgiftschat;Когда ваши мечты будут сильнее ваших страхов - они начнут сбываться;1;67;1;0;;65;high;;0;;2026-04-22 02:35:05
6910166172;диш;vellskayaa;andrewgiftschat;дадада, на векии @m4ow4rr || and when we’re apare, i’m missing you @xacfo;1;73;1;0;;65;high;;0;;2026-04-22 02:35:05
6911323878;꩜;nucerocebe;andrewgiftschat;;1;0;0;0;;25;low;;0;;2026-04-22 02:35:05
6911500848;𝖆𝖑𝖎𝖘𝖍𝖐𝖆 || afk;lynord;andrewgiftschat;;1;0;1;0;;35;low;;0;;2026-04-22 02:35:05
6911694340;Денис;offidnsh;laravel_pro;;1;0;0;0;;25;low;;0;;2026-04-22 02:35:05
6912724200;ひどいエベット;etkort;andrewgiftschat;;1;0;1;0;;35;low;;0;;2026-04-22 02:35:05
6912736924;ヅ𝙼𝙰𝚃𝚅𝙴𝚈♧;Mat_vey999;andrewgiftschat;Просто Матвей;1;13;1;0;;60;medium;;0;;2026-04-22 02:35:05
6914868153;🪫🎧;Oguzok_777;andrewgiftschat;он такой скучный! он такой скучный! он такой скучный! @manekineko_52;1;68;1;0;;65;high;;0;;2026-04-22 02:35:05
6915936796;Герман;german_bok;laravel_pro;ссылка на бесплатный мастер-класс https://t.me/+svWX_o4zSK8xMGNk;1;64;1;0;;65;high;;0;;2026-04-22 02:35:05
6916714404;︻デ═一🅂🄽🄸🄿🄴🅁;M3F_SN1P3R_888;andrewgiftschat;Лучше быть уверенным в хорошем результате, чем надеяться на отличный.;1;69;1;0;;65;high;;0;;2026-04-22 02:35:05
6917392238;Дмитрий;fexpexfex;laravel_pro;;1;0;1;0;;35;low;;0;;2026-04-22 02:35:05
6919451125;;;rabota_chaty1;;1;0;0;0;;10;low;skipped;0;2026-04-22 02:35:05;2026-04-22 02:35:05
6923453764;🎰;E666KX333;andrewgiftschat;🎰;1;1;1;0;;60;medium;;0;;2026-04-22 02:35:05
6923530491;Водолаз @cs_shot_bot;VD_stars;andrewgiftschat;https://t.me/cs_shot_bot/app?startapp=ref_6923530491;1;52;1;0;;65;high;;0;;2026-04-22 02:35:05
6925611351;фаsоль mhmhh | hidden;zxccazi;andrewgiftschat;— let's touch the sky i’ma i’ma change your life yeah @exclus1veeg | prestando mis alas 💢 | био кефир любима @mmkaooo жена 😎😎😎 | @listhidden;1;140;1;0;;70;high;;0;;2026-04-22 02:35:05
6929259778;ㅤㅤㅤㅤㅤ ㅤㅤㅤㅤㅤ ㅤㅤㅤㅤㅤ ㅤㅤㅤㅤㅤㅤㅤㅤㅤㅤㅤㅤㅤㅤㅤ ㅤㅤㅤㅤㅤ;Iomku;andrewgiftschat;+.-;1;3;1;0;;60;medium;;0;;2026-04-22 02:35:05
6930859433;#𝙗𝒐␢ó⁶⁹|ᶜᵉˡᵉˢᵗᶦᵃˡ;h4tqid;andrewgiftschat;| > @vEliNA1x < my love | @cyxaruk2tIme - мая бро❤❤❤;1;52;1;0;;65;high;;0;;2026-04-22 02:35:05
6931203550;Diwwrss;Diwwrss;andrewgiftschat;-И ТАМ БУДЕМ МЫ В ДВОЕЕЕМММ @please_dont_leaves|@LoveB3brina112 подсос;1;70;1;0;;65;high;;0;;2026-04-22 02:35:05
6931238641;Майнкрафтер⛏️;Nikita_ykp;andrewgiftschat;;1;0;1;0;;35;low;;0;;2026-04-22 02:35:05
6932237655;HAUNT BOSS;;rabota_chaty1;;1;0;1;0;;20;low;skipped;0;2026-04-22 02:35:05;2026-04-22 02:35:05
6933075978;Maша;;rabota_chaty1;https://t.me/+Y7Hv9fxBMoo0M2Ri;1;30;1;0;;45;medium;skipped;0;2026-04-22 02:35:05;2026-04-22 02:35:05
6934702089;Джеймс;dzhejms_glenn_1976;python_ru;;1;0;0;0;;25;low;;0;;2026-04-22 02:35:05
6937176300;ʜɪɢʜ;DoAsWellAsMe;andrewgiftschat;@medal @squad;1;13;1;0;;60;medium;;0;;2026-04-22 02:35:05
6937691887;Фёдор;tricky_Dostoyevsky;andrewgiftschat;;1;0;1;0;;35;low;;0;;2026-04-22 02:35:05
6939616515;Гена;xrLsmosiIH;laravel_pro;;1;0;0;0;;25;low;;0;;2026-04-22 02:35:05
6940020953;☕️Ꭲᴏʍʍy Ꮯᴀsh|#𑀝᧐ffᥱᥱ|☕️;I_am_Tommy_Cash;andrewgiftschat;—ⲙy ᥣifᥱ iᥒ Esᴛ᧐ᥒiᥲ|;1;20;1;0;;60;medium;;0;;2026-04-22 02:35:05
6941337184;Igor;igor_dushin;laravel_pro;;1;0;1;0;;35;low;;0;;2026-04-22 02:35:05
6941637501;ᅠᅠ;YA_CEKCN;andrewgiftschat;Мамкин хакер, папкин кібер-диктатор. he/he/he/ha;1;48;1;0;;65;high;;0;;2026-04-22 02:35:05
6942198630;МанХипе;manhipe;tproger_chat;;1;0;0;0;;25;low;;0;;2026-04-22 02:35:05
6944719689;bayelm32;tgbalel;andrewgiftschat;;1;0;1;0;;35;low;;0;;2026-04-22 02:35:05
6945638439;𝘄𝗲𝗿𝘂𝗺𝗽𝗵𝗵.𝗲𝘅𝗲;werumphh;andrewgiftschat;I've had enough ✦;1;17;1;0;;60;medium;;0;;2026-04-22 02:35:05
6946920401;Владимир;;tproger_chat;;1;0;0;0;;10;low;skipped;0;2026-04-22 02:35:05;2026-04-22 02:35:05
6948420748;nbie;xseo0;andrewgiftschat;;1;0;1;0;;35;low;;0;;2026-04-22 02:35:05
6951327170;@artem;yuu_original;andrewgiftschat;❀ My shop @arti_stars_bot ㅤㅤㅤㅤㅤㅤㅤㅤㅤㅤㅤㅤㅤㅤㅤㅤㅤㅤㅤㅤㅤㅤㅤㅤㅤㅤㅤㅤㅤㅤㅤㅤㅤㅤㅤㅤㅤㅤㅤㅤㅤㅤㅤㅤㅤㅤㅤㅤㅤㅤㅤㅤㅤㅤㅤㅤㅤㅤㅤㅤㅤㅤㅤㅤㅤㅤㅤㅤㅤㅤㅤㅤㅤㅤㅤㅤㅤтгк https://t.me/+53Lhmlgqnmo;1;132;0;0;;60;medium;;0;;2026-04-22 02:35:05
6951365221;Dev;ProgrammerGCC;laravel_pro;В ногу со временем;1;18;1;0;;60;medium;;0;;2026-04-22 02:35:05
6952045850;wxx;wxxxix;andrewgiftschat;;1;0;1;0;;35;low;;0;;2026-04-22 02:35:05
6953551531;.;Prosto_chel_6_7;andrewgiftschat;#threefash;1;10;1;0;;60;medium;;0;;2026-04-22 02:35:05
6954390199;Kitoy;;rabota_chaty1;;1;0;0;0;;10;low;skipped;0;2026-04-22 02:35:05;2026-04-22 02:35:05
6958133967;Ого;Antuvenom;andrewgiftschat;"Нсдчбвы - //|/""::_, (^$^€¿€¡| яП_"" _! ""?"" лфЮчббсн2нцны☣️🚸⚠️🔇🔕📢📣уг67 @ 👽👽 куки крутой сигма";1;91;1;0;;65;high;;0;;2026-04-22 02:35:05
6958805381;меня нет;;andrewgiftschat;;1;0;1;0;;20;low;skipped;0;2026-04-22 02:35:05;2026-04-22 02:35:05
6959544071;𝐷𝑎𝑁𝑖𝐿𝑘𝐴;Danil_Gamer;andrewgiftschat;Писать только по делу));1;23;1;0;;60;medium;;0;;2026-04-22 02:35:05
6959625230;Neonka #Анлак☃️;has1ll_tag;andrewgiftschat;А Сюда что писать надо?;1;23;1;0;;60;medium;;0;;2026-04-22 02:35:05
6960433067;؜ ؜⛧;;andrewgiftschat;-все не такие как ты @Mrbeastwinner;1;35;0;0;;35;low;skipped;0;2026-04-22 02:35:05;2026-04-22 02:35:05
6961265665;Артем;Bloodbanny;andrewgiftschat;;1;0;1;0;;35;low;;0;;2026-04-22 02:35:05
6967603037;Марат;vlakdk1;rabota_chaty1;;1;0;0;0;;25;low;;0;;2026-04-22 02:35:05
6967822299;🐈‍⬛;rikot_14;andrewgiftschat;🐈‍⬛;1;3;0;0;;50;medium;;0;;2026-04-22 02:35:05
6974068653;#ᴏᴅᴜᴡᴀɴɢᴏᴅ;sexyoduwan;andrewgiftschat;🙈🙉;1;2;1;0;;60;medium;;0;;2026-04-22 02:35:05
6974353792;респик;respa204;andrewgiftschat;;1;0;1;0;;35;low;;0;;2026-04-22 02:35:05
6975517118;kero;sxowu;andrewgiftschat;;1;0;1;0;;35;low;;0;;2026-04-22 02:35:05
6975579720;K;;tproger_chat;;1;0;0;0;;10;low;skipped;0;2026-04-22 02:35:05;2026-04-22 02:35:05
6975813510;𝙽𝚎𝚟𝚎𝚛『♪』;Vezhlivaya_ip;andrewgiftschat;Тот кто был мнᴇ нᴇобходим - слишком чужой чтобы быть родным 🎧;1;61;1;0;;65;high;;0;;2026-04-22 02:35:05
6979108968;Соня;;laravel_pro;Для открытия резюме писать https://t.me/assistant_kadry;1;55;1;0;;50;medium;skipped;0;2026-04-22 02:35:05;2026-04-22 02:35:05
6979732223;𝐹 𝐿 𝒪 𝒪 𝐹 𝒴 ¹²³ᴿᵉᵛ;rafik2130;andrewgiftschat;UQCvuAx0ATAwyxD-VCN-WFNfi6NgamwxZVPWUtbxh1iD6u9w;1;48;1;0;;65;high;;0;;2026-04-22 02:35:05
6981491571;monst;;andrewgiftschat;reviews: https://t.me/monst_otzivi | tgk: @tgmonst | топка 85$/6к₽;1;66;1;0;;50;medium;skipped;0;2026-04-22 02:35:05;2026-04-22 02:35:05
6982087475;никаа;;andrewgiftschat;;1;0;0;0;;10;low;skipped;0;2026-04-22 02:35:05;2026-04-22 02:35:05
6982220644;𝔉𝔢ℜ𝔫𝔄𝔩𖠱;elupulucpalu;andrewgiftschat;https://t.me/patrickstarsrobot?start=6982220644;1;47;1;0;;65;high;;0;;2026-04-22 02:35:05
6983355594;🥷;n1wq17;andrewgiftschat;même l'obscurité se termine et le soleil se lève;1;48;1;0;;65;high;;0;;2026-04-22 02:35:05
6984057338;𝘙𝘰𝘴𝘵𝘪𝘬'🤑;Ixudn;andrewgiftschat;𝑺𝒆𝒍𝒍𝒆𝒓 / 𝑩𝒖𝒚𝒆𝒓 𝑨𝒏𝒐𝒏𝒚𝒎𝒐𝒖𝒔 𝑵𝒖𝒎𝒃𝒆𝒓𝒔 𝑻𝒆𝒍𝒆𝒈𝒓𝒂𝒎 & 𝑮𝒊𝒇𝒕𝒔 🫠 @rostikstars_bot;1;68;1;0;;65;high;;0;;2026-04-22 02:35:05
6986617423;ᅠᅠᅠ🌶️;Vipi_04949;andrewgiftschat;;1;0;1;0;;35;low;;0;;2026-04-22 02:35:05
6987002163;𝑧𝑍 “𝑣𝑖𝑙𝑘𝑎;yousarli;andrewgiftschat;–sᴇɴᴅ ᴍᴇ ᴀ ᴍᴇssᴀɢᴇ, ʏᴏᴜ ᴋɴᴏᴡ ʟ'ᴍ ɴᴏᴛ sʟᴇᴇᴘɪɴɢ. || @siiva8, ʍᴀй ᴄᴩᴇди янʙᴀᴩᴇй.;1;77;1;0;;65;high;;0;;2026-04-22 02:35:05
6988344250;шуфель🥷;shyfell;andrewgiftschat;никогда не ври тем,кого любишь🤷🏼‍♀️;1;35;0;0;;50;medium;;0;;2026-04-22 02:35:05
6989130205;Frescoref;frescoref;laravel_pro;https://frescoref.ru;1;20;1;0;;60;medium;;0;;2026-04-22 02:35:05
6990085300;;;rabota_chaty1;;1;0;0;0;;10;low;skipped;0;2026-04-22 02:35:05;2026-04-22 02:35:05
6990646028;Александр;Faultlessly_Barb;laravel_pro;;1;0;0;0;;25;low;;0;;2026-04-22 02:35:05
6992664164;ファントム;;andrewgiftschat;Rio de Janeiro;1;14;0;0;;35;low;skipped;0;2026-04-22 02:35:05;2026-04-22 02:35:05
6992748410;꧁༒𝐌𝐨𝐨𝐧𝐥𝐢𝐭 𝐀𝐱𝐨𝐥𝐨𝐭𝐥༒꧂;Axolotls1;andrewgiftschat;ᴊᴜsᴛ ᴏɴᴇ ᴄʜᴀɴᴄᴇ, ʀɪɢʜᴛ?;1;23;1;0;;60;medium;;0;;2026-04-22 02:35:05
6993609041;#𝑠𝑒𝑥𝑦 𝑠𝑤𝑎𝑔 #𝑎𝑟𝑟𝑖𝑣𝑜𝑟 #𝑙𝑜𝑣𝑒♡;edigeri2011;andrewgiftschat;;1;0;1;0;;35;low;;0;;2026-04-22 02:35:05
6994036385;✨♡🎧Alisher🎧♡✨;Lustry_666;andrewgiftschat;I am porn Star✨;1;15;1;0;;60;medium;;0;;2026-04-22 02:35:05
6998949251;Chappa;Wertyeii;andrewgiftschat;;1;0;1;0;;35;low;;0;;2026-04-22 02:35:05
7001116166;Протогенчик;Ptorogenchik;andrewgiftschat;Не бойся не пиши и не звони;1;27;1;0;;60;medium;;0;;2026-04-22 02:35:05
7002168557;7060;Student_7060;rabota_chaty1;;1;0;1;0;;35;low;;0;;2026-04-22 02:35:05
7002222064;Ева;;rabota_chaty1;;1;0;1;0;;20;low;skipped;0;2026-04-22 02:35:05;2026-04-22 02:35:05
7002806628;;;rabota_chaty1;;1;0;0;0;;10;low;skipped;0;2026-04-22 02:35:05;2026-04-22 02:35:05
7003643833;♰;iula_qxzz;andrewgiftschat;🤞🏻;1;2;1;0;;60;medium;;0;;2026-04-22 02:35:05
7004052428;ÐĘÄŦĤ/afk;Dixres35;andrewgiftschat;剣を手に持っている限り、私はそれを失っていません🥀🩵;1;26;1;0;;60;medium;;0;;2026-04-22 02:35:05
7005039527;Ярослава;Aroslava_59vosv;rabota_chaty1;07.12|/2007;1;11;0;0;;50;medium;;0;;2026-04-22 02:35:05
7006662267;;;rabota_chaty1;;1;0;0;0;;10;low;skipped;0;2026-04-22 02:35:05;2026-04-22 02:35:05
7006696044;1L| Snappit | ಠ⁠∀⁠ಠ️✨ Starsfi ૮꒰ ˶• ༝ •˶꒱ა ♡;UWUBTCTON;andrewgiftschat;- Ⲡⲣⲟⲧяⲏυ ⲥⲃⲟю ⲣⲩⲕⲩ, ⲁ я ⲡⲟⲡⲣⲟⳝⲩю ⲡⲟύⲙⲁⲧь @evik_miui🥹❤️;1;55;1;0;;65;high;;0;;2026-04-22 02:35:05
7007831101;Ведьмочка;Kote_u;andrewgiftschat;;1;0;1;0;;35;low;;0;;2026-04-22 02:35:05
7008123971;West #escape;westtop2;andrewgiftschat;;1;0;1;0;;35;low;;0;;2026-04-22 02:35:05
7012788421;西亞斯- we all dymefouns𖣂;zxcstxlox;andrewgiftschat;;1;0;0;0;;25;low;;0;;2026-04-22 02:35:05
7012977819;Соня Квертова;sonbya21;rabota_chaty1;;1;0;1;0;;35;low;;0;;2026-04-22 02:35:05
7014816070;shteynov;Merekeams;andrewgiftschat;;1;0;1;0;;35;low;;0;;2026-04-22 02:35:05
7014957611;︎𝙼𝚒𝚗𝚒𝚙𝚎𝚔𝚊 𝙻𝚎𝚐𝚎𝚗𝚍𝚊 #ᴏꜰꜰɪᴄɪᴀʟ;Shizzy_Absolutik;andrewgiftschat;︎;1;1;1;0;;60;medium;;0;;2026-04-22 02:35:05
7015694947;Белла;bella_arti1;laravel_pro;https://online.academiamillionerov.ru/mar07?utm_source=tg_rass;1;62;1;0;;65;high;;0;;2026-04-22 02:35:05
7016571149;;;tproger_chat;;1;0;0;0;;10;low;skipped;0;2026-04-22 02:35:05;2026-04-22 02:35:05
7017427447;Y;GayvaI79;rabota_chaty1;;1;0;0;0;;25;low;;0;;2026-04-22 02:35:05
7017531485;Константин;;laravel_pro;eq.team | Laravel/FullStack разработчик;1;39;1;0;;45;medium;skipped;0;2026-04-22 02:35:05;2026-04-22 02:35:05
7019126135;SPOTEK #оченьжiрныйжыр;;andrewgiftschat;😂 звёзды по делу бек, просьба гифта и тп = будь здоров #оченьжiрныйжыр;1;70;1;0;;50;medium;skipped;0;2026-04-22 02:35:05;2026-04-22 02:35:05
7019876172;анаконда;s1r2n3t4;andrewgiftschat;︎ ︎ ︎︎ ︎ ︎︎ ︎ ︎︎ ︎ ︎︎ ︎ ︎;1;25;1;0;;60;medium;;0;;2026-04-22 02:35:05
7020433652;Полина;Annafhngh194;rabota_chaty1;;1;0;1;0;;35;low;;0;;2026-04-22 02:35:05
7023478318;Mef x sleep;Durovvsprime;andrewgiftschat;;1;0;1;0;;35;low;;0;;2026-04-22 02:35:05
7024416471;;;rabota_chaty1;;1;0;0;0;;10;low;skipped;0;2026-04-22 02:35:05;2026-04-22 02:35:05
7026270678;NagiCin;G0OD7;andrewgiftschat;I'm shorter than you, but smarter by a head. t.me/CTALlNE;1;57;1;0;;65;high;;0;;2026-04-22 02:35:05
7029176898;ᵏⁿᵏ;IaNeKnk;andrewgiftschat;;1;0;1;0;;35;low;;0;;2026-04-22 02:35:05
7029420767;Badshah;;rabota_chaty1;;1;0;1;0;;20;low;skipped;0;2026-04-22 02:35:05;2026-04-22 02:35:05
7029664081;;;rabota_chaty1;;1;0;0;0;;10;low;skipped;0;2026-04-22 02:35:05;2026-04-22 02:35:05
7031111554;𝙣🗽;w3xin11;andrewgiftschat;;1;0;1;0;;35;low;;0;;2026-04-22 02:35:05
7031270614;Ирина;irinawork229;rabota_chaty1;;1;0;1;0;;35;low;;0;;2026-04-22 02:35:05
7032182994;Лудик;Loodixvld;andrewgiftschat;Жизнь это жизнь...;1;18;1;0;;60;medium;;0;;2026-04-22 02:35:05
7034858767;VIKTOROVICH;BUONJIORNO_NFT;andrewgiftschat;;1;0;1;0;;35;low;;0;;2026-04-22 02:35:05
7038281695;ss;osmzksk;andrewgiftschat;Если разойдёмся здесь, может, встретимся на экваторе;1;52;1;0;;65;high;;0;;2026-04-22 02:35:05
7038592359;𝒏𝒊𝒌𝒂;Nika853;andrewgiftschat;;1;0;1;0;;35;low;;0;;2026-04-22 02:35:05
7039222184;Kelly🐤 + {name} + Gra-Gra;Kelly789998855;tproger_chat;;1;0;0;0;;25;low;;0;;2026-04-22 02:35:05
7041542872;Ирга;Dymaibashkoi;andrewgiftschat;;1;0;1;0;;35;low;;0;;2026-04-22 02:35:05
7041593585;Рома;P0MAHCHIK;andrewgiftschat;сƴ∂ьɓα — ϶τσ ʜϱ сτρϱ᧘α, α ɞυχρь. σʜα ʜϱсɛτ ʜαс ɞ ʜϱσжυ∂αʜʜыϱ ɱυρы.;1;66;1;0;;65;high;;0;;2026-04-22 02:35:05
7042275890;Пользователь🐈;polzovtell;rabota_chaty1;;1;0;1;0;;35;low;;0;;2026-04-22 02:35:05
7044493510;ᅠ;deadlaki;andrewgiftschat;;1;0;1;0;;35;low;;0;;2026-04-22 02:35:05
7045743295;𓆩M̷Ā̷͗̋G͇A̶𓆪;;andrewgiftschat;"ɪꜰ ᴛʜᴇʏ ɢɪᴠᴇ, ᴛᴀᴋᴇ ɪᴛ; ɪꜰ ᴛʜᴇʏ ᴅᴏɴ'ᴛ, ᴛᴀᴋᴇ ɪᴛ ᴀᴡᴀʏ. ᴍʏ ᴄʜᴀɴɴᴇʟ - [t.me/maga_kanal] ꜱᴘᴀᴍ? > [t.me/magasuppa_bot] - [t.me/maga_arenda_bot]";1;136;1;0;;55;medium;skipped;0;2026-04-22 02:35:05;2026-04-22 02:35:05
7047591663;Lizikims🩷;Lizkimmm;andrewgiftschat;У ⲙⲉⲏя ⲉⲥⲧь ⲡⲟⲇⲣⲩⲯⲕⲁ, ⲟⲏⲁ ⲏⲟⲥυⲧ ⲇⲯυⲏⲥы ⲕⲗυⲱёⲏⲏыⲉ,ⲩⲙⲁⲗυⲱёⲏⲏⲁя- @Vvan_58;1;70;0;0;;55;medium;;0;;2026-04-22 02:35:05
7047840567;Персик;Artop_oc;andrewgiftschat;;1;0;1;0;;35;low;;0;;2026-04-22 02:35:05
7048178181;P;;laravel_pro;;1;0;0;0;;10;low;skipped;0;2026-04-22 02:35:05;2026-04-22 02:35:05
7048446334;𝓞 𝓵 𝓲 𝓶 𝓹𝓲 𝔂 𝓼 𝓴 𝓲 𝔂 𝓶 𝓲 𝓼 𝓱 𝓴 𝓪;Levchenko_22;andrewgiftschat;@olimpstarsbot мой бот для покупки звёзд;1;40;1;0;;65;high;;0;;2026-04-22 02:35:05
7048741086;Loser;Black_cat_Meow13;andrewgiftschat;Анон: http://t.me/anonaskbot?start=v511yfc3aruum9q;1;50;1;0;;65;high;;0;;2026-04-22 02:35:05
7051154458;𝙵𝙻𝚄𝙾𝚁𝙸𝚃𝙴 [#𝙻𝚇𝚁];Fluorite_Endf1eld;andrewgiftschat;ɢᴅ ɪɴ ᴍʏ ʜᴇᴀʀᴛ;1;14;1;0;;60;medium;;0;;2026-04-22 02:35:05
7051954718;Карп;;rabota_chaty1;;1;0;1;0;;20;low;skipped;0;2026-04-22 02:35:05;2026-04-22 02:35:05
7052154984;Анатолий Фролов 🪴;anatoly_frolov;laravel_pro;Fullstack разработчик из Владивостока •github.com/anafro;1;56;1;0;;65;high;;0;;2026-04-22 02:35:05
7054108722;Lolik;llitteh52;andrewgiftschat;t.me/anonaskbot?start=wcvi2;1;27;1;0;;60;medium;;0;;2026-04-22 02:35:05
7055878995;KN64D;jelebruh_Sh0ker;andrewgiftschat;;1;0;1;0;;35;low;;0;;2026-04-22 02:35:05
7056321935;воzнесенная dотошность;cutvoid;andrewgiftschat;;1;0;1;0;;35;low;;0;;2026-04-22 02:35:05
7057504213;;;rabota_chaty1;;1;0;0;0;;10;low;skipped;0;2026-04-22 02:35:05;2026-04-22 02:35:05
7058349537;-;park2303;andrewgiftschat;god, you look so pretty when you tell me that you love me;1;57;1;0;;65;high;;0;;2026-04-22 02:35:05
7058517686;Ш.;Woxa_o16;andrewgiftschat;Страх сильнее любви..;1;21;1;0;;60;medium;;0;;2026-04-22 02:35:05
7059660208;VerstkaS;verstkaS;laravel_pro;;1;0;0;0;;25;low;;0;;2026-04-22 02:35:05
7062489266;Jimen;Jimen_4334;andrewgiftschat;;1;0;0;0;;25;low;;0;;2026-04-22 02:35:05
7064291697;°//-_k᥉𐔤᥉hιt᥉ᥲ_-\\° #Andrew #DK #DW #MZIFF #LIDA;ksyshitsaaa;andrewgiftschat;//-𝐰𝐢𝐥𝐥 𝐲𝐨𝐮 𝐛𝐞 𝐦𝐲 𝐰𝐢𝐟𝐞?)💋 @opraHbl;1;34;1;0;;60;medium;;0;;2026-04-22 02:35:05
7066470903;ᴛᴇᴋɪᴧᴀ sʟᴀʏ #s2000;tekilaslay;andrewgiftschat;люблю только его, остальные мимо @Weeeyt;1;40;1;0;;65;high;;0;;2026-04-22 02:35:05
7066476556;Ашибка;Necrtomant;andrewgiftschat;у ʍᴇня еᴄᴛь ʍноᴦо ᴄʙ϶ᴦᴀ, ᴄᴀʍый ʍоᴧодой ᴄᴇйчᴀᴄ, ʙ нᴀᴛуᴩᴇ;1;55;1;0;;65;high;;0;;2026-04-22 02:35:05
7068224518;𝕲𝖔𝖔𝖉 𝖑𝖚𝖈𝖐;good_luck2286;andrewgiftschat;Сурпрайз;1;8;1;0;;60;medium;;0;;2026-04-22 02:35:05
7074008441;︎ ︎ ︎ ︎ ︎ ︎;Lolpopskie;andrewgiftschat;;1;0;0;0;;25;low;;0;;2026-04-22 02:35:05
7075182553;MissionFailed;travor2025;laravel_pro;;1;0;0;0;;25;low;;0;;2026-04-22 02:35:05
7076236227;;;rabota_chaty1;;1;0;0;0;;10;low;skipped;0;2026-04-22 02:35:05;2026-04-22 02:35:05
7077008798;ʏᴏᴜʀ ᴍᴇᴍᴏʀ1ᴇᴤ...;;andrewgiftschat;Forget the past, but remember the lessons.;1;42;1;0;;50;medium;skipped;0;2026-04-22 02:35:05;2026-04-22 02:35:05
7077278227;наsya🍁;Nasya_228;andrewgiftschat;;1;0;1;0;;35;low;;0;;2026-04-22 02:35:05
7078195798;:3 #KTN;;andrewgiftschat;|scs|scw|;1;9;1;0;;45;medium;skipped;0;2026-04-22 02:35:05;2026-04-22 02:35:05
7078322963; 𝕍𝕒𝕤𝕚𝕝𝕚𝕪;Zvonok1983;andrewgiftschat;;1;0;0;0;;25;low;;0;;2026-04-22 02:35:05
7079675661;Диана;;laravel_pro;;1;0;1;0;;20;low;skipped;0;2026-04-22 02:35:05;2026-04-22 02:35:05
7083002024;°•Пåŧҏųҝ•°#аллигаторнагибатор#fudge#пИсЮнКоВыЙ зЛоДиШь#алибастр;Gfnpt;andrewgiftschat;-я - ⲅⲟⲃⲏⲟ υ ⲧы ⲅⲟⲃⲏⲟ, ⲁ я - ⲏⲉⲇⲁⲃⲏⲟ, ⲧы - ⲇⲁⲃⲏⲟ @ndara5086❤️‍🩹I'm just a kid...http://t.me/anonaskbot?start=12bbk;1;114;1;0;;65;high;;0;;2026-04-22 02:35:05
7086652368;;;rabota_chaty1;;1;0;0;0;;10;low;skipped;0;2026-04-22 02:35:05;2026-04-22 02:35:05
7087382184;Мага;Maga142012;andrewgiftschat;https://t.me/patrickstarsrobot?start=7087382184 люблю мишек;1;59;1;0;;65;high;;0;;2026-04-22 02:35:05
7089287714;Irᥲ;psinaRenji;andrewgiftschat;;1;0;1;0;;35;low;;0;;2026-04-22 02:35:05
7092070122;Me :);VERON3420;andrewgiftschat;;1;0;1;0;;35;low;;0;;2026-04-22 02:35:05
7092767693;Порше;Amalie_Estheticism;rabota_chaty1;;1;0;0;0;;25;low;;0;;2026-04-22 02:35:05
7092789997;Shao Lin;Sha0_L1n;andrewgiftschat;.;1;1;1;0;;60;medium;;0;;2026-04-22 02:35:05
7093095269;Sahndareleindi;;rabota_chaty1;;1;0;0;0;;10;low;skipped;0;2026-04-22 02:35:05;2026-04-22 02:35:05
7093721512;𝓋𝒾𝓀𝒶. 𝒦𝓊𝓁ℯ𝓀;cosmic_viko;andrewgiftschat;-падает звезда, с неё одно желание @Minion5858;1;46;1;0;;65;high;;0;;2026-04-22 02:35:05
7094837022;Артём;GENERAL_ARTYOM;andrewgiftschat;;1;0;0;0;;25;low;;0;;2026-04-22 02:35:05
7096639760;Айлин;Ajlin_68llA;rabota_chaty1;;1;0;1;0;;35;low;;0;;2026-04-22 02:35:05
7097893107;Гурий;;rabota_chaty1;;1;0;1;0;;20;low;skipped;0;2026-04-22 02:35:05;2026-04-22 02:35:05
7099273588;GANGSTER🗡️;cvehy;andrewgiftschat;Ни копейки за душой и дорога дальняя В аэропорт из района спального…;1;68;1;0;;65;high;;0;;2026-04-22 02:35:05
7099854058;Indy;;andrewgiftschat;- 𝑰𝒕’𝒔 𝒔𝒐 𝒔𝒘𝒆𝒆𝒕 ,𝒌𝒏𝒐𝒘𝒊𝒏𝒈 𝒕𝒉𝒂𝒕 𝒚𝒐𝒖 𝒍𝒐𝒗𝒆 𝒎𝒆 @toaln;1;48;1;0;;50;medium;skipped;0;2026-04-22 02:35:05;2026-04-22 02:35:05
7099954692;;;rabota_chaty1;;1;0;0;0;;10;low;skipped;0;2026-04-22 02:35:05;2026-04-22 02:35:05
7100446607;Art;ArtyWeb;laravel_pro;;1;0;0;0;;25;low;;0;;2026-04-22 02:35:05
7100808097;☘️_𝓝𝓪𝓽𝓲𝓬𝓴_☘️#krt#Lan#Sft#ss#kell#vnl#scw#key#milf#dsh#svt☘️☘️;Nastiko_16;andrewgiftschat;;1;0;1;0;;35;low;;0;;2026-04-22 02:35:05
7102867790;xz;krytoixzshka21;andrewgiftschat;;1;0;1;0;;35;low;;0;;2026-04-22 02:35:05
7103770160;Саня;ryns55555;andrewgiftschat;;1;0;1;0;;35;low;;0;;2026-04-22 02:35:05
7104433633;Андрей;belskycode;laravel_pro;;1;0;0;0;;25;low;;0;;2026-04-22 02:35:05
7106105064;💘ℳ𝒶𝓇𝓎𝓈ℯ𝓀°𝗔🍀#fso #andrewbest sad.;masha22229;andrewgiftschat;;1;0;1;0;;35;low;;0;;2026-04-22 02:35:05
7106257112;Екатерина;katrin_343;laravel_pro;Веб-дизайнер, СММ;1;17;1;0;;60;medium;;0;;2026-04-22 02:35:05
7106398083;Макс;Waretyih;andrewgiftschat;;1;0;1;0;;35;low;;0;;2026-04-22 02:35:05
7107127089;мелодии444 🧁;swettwkiss;andrewgiftschat;;1;0;1;0;;35;low;;0;;2026-04-22 02:35:05
7107141152;🏆[̲̅S]𝕾𝖆𝖍𝖆R][S7🎭;SaharRTQT;andrewgiftschat;https://telegra.ph/Informaciya-03-11-8 my def @defmatrix 拆除、損壞.;1;63;0;0;;55;medium;;0;;2026-04-22 02:35:05
7109320990;фейска;facekaa;andrewgiftschat;nobody knows the me that you do @lix_DK;1;39;1;0;;60;medium;;0;;2026-04-22 02:35:05
7110135560;Нейм;takoy_ugar4ikfwn6;andrewgiftschat;DackMan;1;7;1;0;;60;medium;;0;;2026-04-22 02:35:05
7113823708;Ника);sspixi;andrewgiftschat;«Когда все рушится — я прячусь в Его сердце.Там тихо.Там мое спасение»;1;70;0;0;;55;medium;;0;;2026-04-22 02:35:05
7114123319;#ᴄᴀᴋуᴩᴀ ɯᴀᴩиᴨᴏʙᴀ #ᴄᴋ #вк #sh_18;senile_l;andrewgiftschat;#Calmy ﻿;1;8;1;0;;60;medium;;0;;2026-04-22 02:35:05
7114834419;....;Anatoliyhhj;laravel_pro;;1;0;0;0;;25;low;;0;;2026-04-22 02:35:05
7114908994;𝟟𝔼𝕍𝔼ℕ;RUSSKIY666;andrewgiftschat;- Представь как это круто, никуда не надо утром -;1;49;1;0;;65;high;;0;;2026-04-22 02:35:05
7116254308;.;Mariaam_52;andrewgiftschat;;1;0;1;0;;35;low;;0;;2026-04-22 02:35:05
7116273647;Лина;LinaHR5;rabota_chaty1;;1;0;1;0;;35;low;;0;;2026-04-22 02:35:05
7117206287;.;Pypok_bobra1;andrewgiftschat;;1;0;1;0;;35;low;;0;;2026-04-22 02:35:05
7117649861;Алла;;rabota_chaty1;;1;0;1;0;;20;low;skipped;0;2026-04-22 02:35:05;2026-04-22 02:35:05
7120047831;Te;;laravel_pro;;1;0;0;0;;10;low;skipped;0;2026-04-22 02:35:05;2026-04-22 02:35:05
7122140596;saaaah;;laravel_pro;;1;0;0;0;;10;low;skipped;0;2026-04-22 02:35:05;2026-04-22 02:35:05
7123160064;Faith;dislonl;andrewgiftschat;;1;0;0;0;;25;low;;0;;2026-04-22 02:35:05
7126184628;Kenneth;;python_ru;;1;0;0;0;;10;low;skipped;0;2026-04-22 02:35:05;2026-04-22 02:35:05
7129700704;드림코어 ム 🌺;Diii_Favorite;andrewgiftschat;たとえ困難であっても、私たちは必ず突破口を開くでしょう。 @Miro_Jean Д>>>🤍🤍🤍🌺🌺🌺;1;50;0;0;;55;medium;;0;;2026-04-22 02:35:05
7129739921;𝙲𝚛𝚎𝚊𝚝𝚒𝚟𝚎 | 𝚜𝚝𝚊𝚛𝚜 𝟷.2₽;yndx000;andrewgiftschat;Отзывы: @yngtl;1;14;1;0;;60;medium;;0;;2026-04-22 02:35:05
7132074647;Эн;glowby_ligts;andrewgiftschat;Что внутри ? Пойди пойми Скрывать себя нелегко!Наш мир в пи&#е давно!;1;69;1;0;;65;high;;0;;2026-04-22 02:35:05
7133141240;Виктория;viktoria_730;andrewgiftschat;;1;0;1;0;;35;low;;0;;2026-04-22 02:35:05
7133455316;убейте меня пжззп;murrmayy11;andrewgiftschat;.;1;1;1;0;;60;medium;;0;;2026-04-22 02:35:05
7133999472;Алексей;alexey23914;laravel_pro;;1;0;0;0;;25;low;;0;;2026-04-22 02:35:05
7134413318;викусик;vicoco_slay;andrewgiftschat;;1;0;1;0;;35;low;;0;;2026-04-22 02:35:05
7135652038;💋;Mulluir;andrewgiftschat;"💋""д""💋";1;5;1;0;;60;medium;;0;;2026-04-22 02:35:05
7136569484;Солянка;Colianochka;andrewgiftschat;;1;0;1;0;;35;low;;0;;2026-04-22 02:35:05
7136694626;Виктория;;rabota_chaty1;По всем вопросам, касающимся В/У, обращайтесь по адресу: @Inspector_Mi;1;70;1;0;;50;medium;skipped;0;2026-04-22 02:35:05;2026-04-22 02:35:05
7139004225;А.;n5kor;andrewgiftschat;;1;0;1;0;;35;low;;0;;2026-04-22 02:35:05
7143217418;Project;projectfull;laravel_pro;;1;0;1;0;;35;low;;0;;2026-04-22 02:35:05
7143546785;;;rabota_chaty1;;1;0;0;0;;10;low;skipped;0;2026-04-22 02:35:05;2026-04-22 02:35:05
7145069850;F1rgle #фирглоковский⁸¹²;f1rgle;andrewgiftschat;#frg | Work 400$ | кахаю🌷 || @otzivif1rgle, — замішав цей пітбуль, з живчиком @bugerchiks🪦👅#free 18.01XD ww bio - @biof1rgle 🫂👽;1;127;0;0;;60;medium;;0;;2026-04-22 02:35:05
7145865698;Миха↯;RAFT1X;andrewgiftschat;https://telegra.ph/Gosudarstvennyj-reestr-02-02;1;47;1;0;;65;high;;0;;2026-04-22 02:35:05
7146199568;𝒾𝒾.𝓃ℴ𝒸𝓉𝓊𝓇ℯ ℒℒ #by𝙈𝙇𝙂 INFJ;;andrewgiftschat;Loquere mihi, angele temptator.;1;31;1;0;;45;medium;skipped;0;2026-04-22 02:35:05;2026-04-22 02:35:05
7150531306;***;lRevorKingl;andrewgiftschat;;1;0;1;0;;35;low;;0;;2026-04-22 02:35:05
7152504313;Sophinka☁️;imsophinka;rabota_chaty1;my lens, my mess, my magic;1;26;1;0;;60;medium;;0;;2026-04-22 02:35:05
7153087187;Александр;alexander_smor;laravel_pro;;1;0;1;0;;35;low;;0;;2026-04-22 02:35:05
7153181948;🤫;Ruslambus;andrewgiftschat;;1;0;0;0;;25;low;;0;;2026-04-22 02:35:05
7153437863;Анна;anna_pros_1;laravel_pro;Получи консультацию специалиста бесплатно @psy_podbor_bot;1;57;0;0;;55;medium;;0;;2026-04-22 02:35:05
7155135151;Worse #муха;worse16;andrewgiftschat;Если что не так она знает - @MIRINA_011;1;39;1;0;;60;medium;;0;;2026-04-22 02:35:05
7156485605;Европей;Plack19;andrewgiftschat;;1;0;1;0;;35;low;;0;;2026-04-22 02:35:05
7157035361;дашечка;Ogurtsov228;andrewgiftschat;https://t.me/dashaaddddw;1;24;0;0;;50;medium;;0;;2026-04-22 02:35:05
7158531169;Merlin;merlin_0_0_0_0;laravel_pro;;1;0;1;0;;35;low;;0;;2026-04-22 02:35:05
7159517316;Shoxrux Mirzaxmedov;mirzakhmedov_Shokh;laravel_pro;Audentes fortuna iuvat;1;22;1;0;;60;medium;;0;;2026-04-22 02:35:05
7165218542;Дед UR #дешевая пенсия;Freegameet;andrewgiftschat;;1;0;1;0;;35;low;;0;;2026-04-22 02:35:05
7168506338;Пюре;boberhill;andrewgiftschat;Пюре;1;4;1;0;;60;medium;;0;;2026-04-22 02:35:05
7169882567;Ярополк;;rabota_chaty1;;1;0;1;0;;20;low;skipped;0;2026-04-22 02:35:05;2026-04-22 02:35:05
7173166536;Flora;;tproger_chat;;1;0;0;0;;10;low;skipped;0;2026-04-22 02:35:05;2026-04-22 02:35:05
7176680682;heonxx 𝗌𝗍𝖺𝗋𝗌 𝟣.4;heonxx;andrewgiftschat;;1;0;1;0;;35;low;;0;;2026-04-22 02:35:05
7178202632;Quea;;laravel_pro;;1;0;0;0;;10;low;skipped;0;2026-04-22 02:35:05;2026-04-22 02:35:05
7180329660;mxzzxs;mxzzxs;andrewgiftschat;@Kugoo1maxspeed;1;15;1;0;;60;medium;;0;;2026-04-22 02:35:05
7183062154;ксил. #k #krt #s1k #𝙺𝙴𝚅𝙸𝙽 #wenty #scw #mys #ts;xilyv;andrewgiftschat;под защитой - @def_acsel // @gafur0v || поклонник - @xllerr_5.;1;62;1;0;;65;high;;0;;2026-04-22 02:35:05
7184096832;________________🚗___🚓__________;OreoBabl;andrewgiftschat;А.н.к.я.в.л.х.п.е.н.б.а.н.в.д.к.с.ч. расшифруй, ХЕХЕХЕХЕХЕХХЕХЕХЕХЕХЕХ;1;70;1;0;;65;high;;0;;2026-04-22 02:35:05
7185721652;9055;uumous;andrewgiftschat;;1;0;1;0;;35;low;;0;;2026-04-22 02:35:05
7185970926;Oleg;Lari_Greenwood;laravel_pro;Основатель закрытого клуба Barganets, предприниматель,визионер. Пишу тут: t.me/Codename_Vlasov;1;94;1;0;;65;high;;0;;2026-04-22 02:35:05
7190404724;Крокозябр - Крокодил с рисунками;CrocoZyabrBot;andrewgiftschat;"🐊 Крокодил, но нужно рисовать!
@CrocoDraw, @CrocoDrawChat
Помощь: @CrocoLab 
Реклама: @crocoads";1;95;1;0;;65;high;;0;;2026-04-22 02:35:05
7191405487;Кариша 🖤;wrings0;andrewgiftschat;@evvixxi;1;8;1;0;;60;medium;;0;;2026-04-22 02:35:05
7192674364;;;rabota_chaty1;;1;0;0;0;;10;low;skipped;0;2026-04-22 02:35:05;2026-04-22 02:35:05
7193965650;Moser | 𝓢𝓽𝓪𝓶𝓮𝓼𝓽𝓪;BrianM0SSERR;andrewgiftschat;девятьсот;1;9;1;0;;60;medium;;0;;2026-04-22 02:35:05
7194430450;Focuss? (focusnic ) #seraphim #tazik MY BRO is @grast1x;SixSevenFocus;andrewgiftschat;;1;0;0;0;;25;low;;0;;2026-04-22 02:35:05
7195862480;Влад;vlad_swim;rabota_chaty1;;1;0;0;0;;25;low;;0;;2026-04-22 02:35:05
7196724687;А;solshja;laravel_pro;;1;0;1;0;;35;low;;0;;2026-04-22 02:35:05
7197343499;Анатолий;;rabota_chaty1;;1;0;0;0;;10;low;skipped;0;2026-04-22 02:35:05;2026-04-22 02:35:05
7197372482;𝚂𝙾𝙵𝚒𝙰_♡;sofka_38;andrewgiftschat;;1;0;1;0;;35;low;;0;;2026-04-22 02:35:05
7198372546;VLex;VLexar;laravel_pro;;1;0;0;0;;25;low;;0;;2026-04-22 02:35:05
7199467480;теодор;rephov;andrewgiftschat;гарант;1;6;1;0;;60;medium;;0;;2026-04-22 02:35:05
7199561707;#сашавдольчегобанна;;andrewgiftschat;;1;0;0;0;;10;low;skipped;0;2026-04-22 02:35:05;2026-04-22 02:35:05
7200693018;саша айеро адский дрочила;pestkisserr;andrewgiftschat;;1;0;1;0;;35;low;;0;;2026-04-22 02:35:05
7203199923;;;rabota_chaty1;;1;0;0;0;;10;low;skipped;0;2026-04-22 02:35:05;2026-04-22 02:35:05
7206575544;-;;rabota_chaty1;;1;0;0;0;;10;low;skipped;0;2026-04-22 02:35:05;2026-04-22 02:35:05
7207597914;Croco;cr0c9;andrewgiftschat;;1;0;1;0;;35;low;;0;;2026-04-22 02:35:05
7207786440;Рустам;;rabota_chaty1;;1;0;0;0;;10;low;skipped;0;2026-04-22 02:35:05;2026-04-22 02:35:05
7211064696;Ермак;;laravel_pro;;1;0;0;0;;10;low;skipped;0;2026-04-22 02:35:05;2026-04-22 02:35:05
7211454276;𐙚;nnnst3;andrewgiftschat;#scw;1;4;0;0;;50;medium;;0;;2026-04-22 02:35:05
7212233859;Хай;Femoz10;andrewgiftschat;;1;0;1;0;;35;low;;0;;2026-04-22 02:35:05
7213266463;;;rabota_chaty1;;1;0;0;0;;10;low;skipped;0;2026-04-22 02:35:05;2026-04-22 02:35:05
7214166643;🔪Ася🔪;Boogeyman259;andrewgiftschat;;1;0;1;0;;35;low;;0;;2026-04-22 02:35:05
7214748807;xxl;qwzxc01;andrewgiftschat;@UGSGAME;1;8;1;0;;60;medium;;0;;2026-04-22 02:35:05
7215316515;Георгий;georgiy_tell;laravel_pro;;1;0;1;0;;35;low;;0;;2026-04-22 02:35:05
7215898008;🚬⚰️;UnstoppablePABLO;andrewgiftschat;-Сколько бы не было слов, такую, как ты, уже не найду @fligad_25855;1;67;1;0;;65;high;;0;;2026-04-22 02:35:05
7217368531;аришкее;arishke27;andrewgiftschat;мы бы не погуляли с тобой дважды @Dezlafe;1;41;1;0;;65;high;;0;;2026-04-22 02:35:05
7217522222;Дмитрий;OxSviridoff;laravel_pro;;1;0;1;0;;35;low;;0;;2026-04-22 02:35:05
7217994674;G;galymovv;andrewgiftschat;✰Лучший чат ✰ | @twixchat_G 💸;1;29;1;0;;60;medium;;0;;2026-04-22 02:35:05
7222162537;Finn;;laravel_pro;;1;0;0;0;;10;low;skipped;0;2026-04-22 02:35:05;2026-04-22 02:35:05
7222273374;Taypups;taypups;andrewgiftschat;https://t.me/taypupsrembodadik;1;30;1;0;;60;medium;;0;;2026-04-22 02:35:05
7223529504;Nade;jqvyychpr;rabota_chaty1;BUY and SELL CHILD PORN @Moskvazsd95Robotbot @Moskva966bot;1;58;1;0;;65;high;;0;;2026-04-22 02:35:05
7224121856;Лиана;;rabota_chaty1;кидай + @Valeriano19;1;20;1;0;;45;medium;skipped;0;2026-04-22 02:35:05;2026-04-22 02:35:05
7224597456;#####;zeksipps;andrewgiftschat;;1;0;1;0;;35;low;;0;;2026-04-22 02:35:05
7225856623;ᅠᅠᅠᅠᅠᅠᅠᅠм';RiskyWicky;andrewgiftschat;;1;0;0;0;;25;low;;0;;2026-04-22 02:35:05
7226252434;Пятерка;romamnepodig;andrewgiftschat;𝐅𝐚𝐧𝐚𝐭 5𝐨𝐫𝐤𝐢;1;11;1;0;;60;medium;;0;;2026-04-22 02:35:05
7226808286;</> 𝚜𝚎𝚗𝚓𝚊𝚊 𝙵𝙻7 :𝙳;wcxqv;andrewgiftschat;"""Школа давит, любимая кареглазая брюнеточка манит🥰"" @SenjaaBio";1;62;1;0;;65;high;;0;;2026-04-22 02:35:05
7229745621;Erfan;Codm_Aura;andrewgiftschat;️ ‌ 𝗠𝗢𝗩𝗘 𝗜𝗡 𝗦𝗜𝗟𝗘𝗡𝗖𝗘 🌑! ️;1;24;1;0;;60;medium;;0;;2026-04-22 02:35:05
7230890105;Wicked;gomanagerone;laravel_pro;golang dev;1;10;1;0;;60;medium;;0;;2026-04-22 02:35:05
7232188911;𝑺𝒂𝒚𝒅𝒖𝒍𝒍𝒐𝒆𝒗 🌴;Avganskiy7;andrewgiftschat;𝑭𝒐𝒓 𝒆𝒗𝒆𝒓𝒚 𝒃𝒖𝒓𝒅𝒆𝒏 𝒄𝒐𝒎𝒆𝒔 𝒓𝒆𝒍𝒊𝒆𝒇. 𝟗𝟒:𝟓🌴;1;36;0;0;;50;medium;;0;;2026-04-22 02:35:05
7232405568;Sh4rp;officialTornado;andrewgiftschat;;1;0;1;0;;35;low;;0;;2026-04-22 02:35:05
7232763057;;;python_ru;;1;0;0;0;;10;low;skipped;0;2026-04-22 02:35:05;2026-04-22 02:35:05
7233741442;²⁰²⁶Лимон🎄🎆;Emirlanff;andrewgiftschat;:|везучасть 0%|:;1;16;1;0;;60;medium;;0;;2026-04-22 02:35:05
7235770826;mahabulhaque;;laravel_pro;;1;0;0;0;;10;low;skipped;0;2026-04-22 02:35:05;2026-04-22 02:35:05
7235848489;Who needs me?;Ajkwbsj_roejej;andrewgiftschat;;1;0;1;0;;35;low;;0;;2026-04-22 02:35:05
7237132979;𝙾𝙿𝙸𝚄𝙼;Opium40;andrewgiftschat;Я под защитой @defdimasik 🫪;1;27;1;0;;60;medium;;0;;2026-04-22 02:35:05
7238129171;aarne;pekaboosykape0o;andrewgiftschat;;1;0;1;0;;35;low;;0;;2026-04-22 02:35:05
7240179994;ᅠ;;andrewgiftschat;;1;0;0;0;;10;low;skipped;0;2026-04-22 02:35:05;2026-04-22 02:35:05
7242623833;юляя;juliaasqq;andrewgiftschat;🤍🤍;1;2;1;0;;60;medium;;0;;2026-04-22 02:35:05
7244570499;.;karnuw;andrewgiftschat;;1;0;0;0;;25;low;;0;;2026-04-22 02:35:05
7245341059;Alexandr;agejkov1609;laravel_pro;;1;0;0;0;;25;low;;0;;2026-04-22 02:35:05
7246335514;Вадим;VadimAleksandpovichBadexa;laravel_pro;;1;0;1;0;;35;low;;0;;2026-04-22 02:35:05
7248201127;Филипп;;rabota_chaty1;;1;0;0;0;;10;low;skipped;0;2026-04-22 02:35:05;2026-04-22 02:35:05
7249166769;Kalif;;andrewgiftschat;Информация: https://t.me/infokalif. Мои игры : https://t.me/+dDyBiQoKYF5mNjEy;1;77;1;0;;50;medium;skipped;0;2026-04-22 02:35:05;2026-04-22 02:35:05
7249412146;sëvgiłinᵃᵐᵒᵘʳ;S3VG1LIN;andrewgiftschat;;1;0;1;0;;35;low;;0;;2026-04-22 02:35:05
7250812108;𝔑𝔞𝔰𝔱𝛾𝔲𝔰𝔥𝔞;Nast3900;andrewgiftschat;;1;0;1;0;;35;low;;0;;2026-04-22 02:35:05
7254806553;<Bessie//Cocoa> #ᴀɴɢʟ 𓊆She//her 𓊇;COCMO_KOCMO;andrewgiftschat;;1;0;1;0;;35;low;;0;;2026-04-22 02:35:05
7255971648;︎ ︎ ︎ ︎ ᅠ ︎ ︎ ︎ ︎ ᅠ ︎ ︎;bigbrrrrrrrrrr10;andrewgiftschat;;1;0;1;0;;35;low;;0;;2026-04-22 02:35:05
7257112484;единственный лив;eepsx;andrewgiftschat;| 12.03.26-лив с км | 74 ybiystva | -плыви,может быть тебя занясет туд;1;70;1;0;;65;high;;0;;2026-04-22 02:35:05
7259397238;🍾💋Pina Colada🍌🥭20+ proofs#Crazy#AngelD#Pinaa#LoUXD;Pinaa_Colad1;andrewgiftschat;♩✧♪●♩○♬☆;1;8;1;0;;60;medium;;0;;2026-04-22 02:35:05
7259418668;Чудище;Kur_tka;andrewgiftschat;Чай?.. Кофе?.. Это не имеет смысла...;1;37;1;0;;60;medium;;0;;2026-04-22 02:35:05
7260835670;чепух;chepyx375;andrewgiftschat;skkrtt;1;6;0;0;;50;medium;;0;;2026-04-22 02:35:05
7261220720;дашуля чеч;svo67pocoyo228ZOV;andrewgiftschat;;1;0;1;0;;35;low;;0;;2026-04-22 02:35:05
7261345789;@.;yyy14x;andrewgiftschat;;1;0;1;0;;35;low;;0;;2026-04-22 02:35:05
7263077740;Narin;;rabota_chaty1;;1;0;1;0;;20;low;skipped;0;2026-04-22 02:35:05;2026-04-22 02:35:05
7264850019;Ivan | zora;ivan_ivan3363;andrewgiftschat;Привет;1;6;1;0;;60;medium;;0;;2026-04-22 02:35:05
7265082528;некрайс #яверныйрабдофаминадогробанавсегда;nekrise;andrewgiftschat;;1;0;0;0;;25;low;;0;;2026-04-22 02:35:05
7265864872;𝗌𝗁𝗂𝗆𝗈𝗇𝗇𝖾.;cisdeo;andrewgiftschat;𝒔𝒂𝒅𝒍𝒚 𝒘𝒂𝒊𝒕𝒊𝒏𝒈 𝒇𝒐𝒓 𝒚𝒐𝒖𝒓 𝒔𝒚𝒎𝒑𝒂𝒕𝒉𝒚 @xeshasss || эм🤍 @quelixh;1;57;1;0;;65;high;;0;;2026-04-22 02:35:05
7266136224;ᵐⁱᵉßᵃ;miasteniia;andrewgiftschat;-я ищу тебя по твоим милым следам,по твоим милым духам..| @maeineri |♡;1;70;1;0;;65;high;;0;;2026-04-22 02:35:05
7266891389;Камияр;kamyaro_o;andrewgiftschat;один человек - миллион воспоминаний🚶🏻‍♂️;1;40;1;0;;65;high;;0;;2026-04-22 02:35:05
7269467593;бублик;kvqoowl;andrewgiftschat;;1;0;0;0;;25;low;;0;;2026-04-22 02:35:05
7271499049;5mewmet..TM!;Sikkir118;andrewgiftschat;;1;0;1;0;;35;low;;0;;2026-04-22 02:35:05
7272191727;Denchik Antisesh;Denchik_Antiseshh;andrewgiftschat;22.02.2026...Начало прайма. Не отвечаю-дублируйте. @denchik_antisesher;1;70;1;0;;65;high;;0;;2026-04-22 02:35:05
7275454994;ム A͟͟m͟͟i͟͟x͟͟x͟͟w͟͟ᵐᵃᶫᵃᵃᵃʸᵃ;Dk2kx;andrewgiftschat;☆˙ — 𝘲𝘶𝘢𝘯𝘥 𝘑𝘦 𝘳ê𝘷𝘦 𝘤'𝘦𝘴𝘵 𝘥𝘦 𝘵𝘰𝘪. @dark_1Rose // ᥫ᭡ 𝘵𝘶 𝘦𝘴 𝘮𝘰𝘯 𝘢𝘮𝘰𝘶𝘳. // •ˎˊ˗ ᴩядᴏʍ ᴄ ᴛᴏбᴏй ɜᴀᴦᴏᴩᴀюᴛᴄя ɜʙёɜды!!;1;109;1;0;;65;high;;0;;2026-04-22 02:35:05
7275647682;Солевая🚬;qwilkz;andrewgiftschat;-ⲙⲉⲏя ⲩⳝυⲃⲁⲗ ⲁⲗⲕⲟⲅⲟⲗь @pumpersq;1;31;1;0;;60;medium;;0;;2026-04-22 02:35:05
7276024253;#𝐫𝐨𝐥𝐥𝐞𝐱𝐨𝐯;;andrewgiftschat;make crypto great again;1;23;1;0;;45;medium;skipped;0;2026-04-22 02:35:05;2026-04-22 02:35:05
7277936681;alladin hokage;ebanatich;andrewgiftschat;пыдсолнух;1;9;1;0;;60;medium;;0;;2026-04-22 02:35:05
7278069935;..;minions_owner;andrewgiftschat;;1;0;0;0;;25;low;;0;;2026-04-22 02:35:05
7279090776;A person is degrading;onlyiamdegrading;andrewgiftschat;I know what victory is but you dont;1;35;1;0;;60;medium;;0;;2026-04-22 02:35:05
7284117782;Кейго Таками;Keigo_Takami_MHA;andrewgiftschat;Жизнь тебя проиграла стуже и смерти ты не нужен. @Dabi_Todoroki_MHA;1;67;1;0;;65;high;;0;;2026-04-22 02:35:05
7284367562;Jullietta #key;Juliettxqx;andrewgiftschat;ᴧюбᴏй ᴋᴏнᴇц – ϶ᴛᴏ хᴏᴩᴏɯᴇᴇ нᴀчᴀᴧᴏ.;1;33;1;0;;60;medium;;0;;2026-04-22 02:35:05
7285568819;Crypto;Cyberdons;andrewgiftschat;Майнинг НФТ https://getgems.io/miningvws https://t.me/MagicVipClub;1;66;1;0;;65;high;;0;;2026-04-22 02:35:05
7285697147;mary;mary_sh126;andrewgiftschat;Исцелю твои порезы, заберу все гематомы @amk35;1;46;1;0;;65;high;;0;;2026-04-22 02:35:05
7289596338;даря;xaykill;andrewgiftschat;;1;0;1;0;;35;low;;0;;2026-04-22 02:35:05
7290245146;Мария;kivi011;rabota_chaty1;;1;0;1;0;;35;low;;0;;2026-04-22 02:35:05
7292244307;Надежда;allmatter;andrewgiftschat;Будь добрее и люди к тебе потянутся 🤩;1;37;1;0;;60;medium;;0;;2026-04-22 02:35:05
7292396041;ㅤ Ｄｉｚ;Dizzertyt;andrewgiftschat;;1;0;0;0;;25;low;;0;;2026-04-22 02:35:05
7293144768;крутой;denismolon;andrewgiftschat;яйа;1;3;1;0;;60;medium;;0;;2026-04-22 02:35:05
7293266997;Dasha manashka;Dasha_manashka;andrewgiftschat;🏐❤️;1;3;1;0;;60;medium;;0;;2026-04-22 02:35:05
7296605462;;;rabota_chaty1;;1;0;0;0;;10;low;skipped;0;2026-04-22 02:35:05;2026-04-22 02:35:05
7296610180;Саша;tap_top_robot;andrewgiftschat;;1;0;1;0;;35;low;;0;;2026-04-22 02:35:05
7297123803;Архип;uDzL6nDTbaT;rabota_chaty1;;1;0;0;0;;25;low;;0;;2026-04-22 02:35:05
7297255664;/ᐠ｡ꞈ｡ᐟ\;chill8775;andrewgiftschat;Белый и пушистый;1;16;1;0;;60;medium;;0;;2026-04-22 02:35:05
7297358732;;;tproger_chat;;1;0;0;0;;10;low;skipped;0;2026-04-22 02:35:05;2026-04-22 02:35:05
7298419654;макс;u_lox;andrewgiftschat;;1;0;1;0;;35;low;;0;;2026-04-22 02:35:05
7302908703;Ⓝ︎|ᵏ🅸︎𝓽A;NikiDashik;andrewgiftschat;#викаимашапикмухи;1;17;1;0;;60;medium;;0;;2026-04-22 02:35:05
7303080379;;;rabota_chaty1;;1;0;0;0;;10;low;skipped;0;2026-04-22 02:35:05;2026-04-22 02:35:05
7304304243;Daser;daser_21;andrewgiftschat;Нфт не продаю пишишь-ЧС(блок) | Лах |Sonwilz Love | Гарант | Отзывы есть;1;72;1;0;;65;high;;0;;2026-04-22 02:35:05
7305391788;𝚊𝚋𝚍𝚞𝚕𝚕𝚘𝚓𝚘𝚗𝚘𝚟 | продаю тоны 🗽;abdljnv;andrewgiftschat;;1;0;1;0;;35;low;;0;;2026-04-22 02:35:05
7305442135;zevs;vitalshark_500K;andrewgiftschat;🦍🦍🦍🦍;1;4;1;0;;60;medium;;0;;2026-04-22 02:35:05
7309061040;Vectull;Vectull;laravel_pro;;1;0;1;0;;35;low;;0;;2026-04-22 02:35:05
7309945042;WW;Klesheryyy;andrewgiftschat;;1;0;1;0;;35;low;;0;;2026-04-22 02:35:05
7311225842;一顆一顆一顆 [fso]@wdice;Bus1ya;andrewgiftschat;;1;0;1;0;;35;low;;0;;2026-04-22 02:35:05
7316939829;CᅠO ᅠF ᅠU ᅠR 〄;homik356;andrewgiftschat;The invincible must win, but sometimes it pays to be careful.;1;61;1;0;;65;high;;0;;2026-04-22 02:35:05
7316987848;С чатика;qev199;python_ru;бесплатный канал- https://t.me/+PgAFUNBIWUc4Yzli АККАУНТ НЕ ОСНОВНОЙ;1;68;1;0;;65;high;;0;;2026-04-22 02:35:05
7319016947;𝖐𝖑𝖜𝖓𝖐;klwnk;andrewgiftschat;;1;0;1;0;;35;low;;0;;2026-04-22 02:35:05
7319447486;Алекса;Superanimal_ockster;rabota_chaty1;https://t.me/+9vakY4eMYoliZmMy ❤️;1;33;1;0;;60;medium;;0;;2026-04-22 02:35:05
7325095796;彡Тебя;Loqweopxxll;andrewgiftschat;;1;0;1;0;;35;low;;0;;2026-04-22 02:35:05
7325493889;кровоизлияние;agreatch4os;andrewgiftschat;Darling, please worship me unless you prefer to bleed | |;1;57;1;0;;65;high;;0;;2026-04-22 02:35:05
7326254681;🔇OdDxnary#s6x⋮;oddxxnS6x;andrewgiftschat;EzzzzGG!!!//⋮ ⸝⸝.mpc😔;1;21;1;0;;60;medium;;0;;2026-04-22 02:35:05
7327059969;ᔦᴀйный ᑎᴀᴋᴇᴛиᴋ S ᘜyLьб0ᕫ⁹²(!)#ss;Tea_and_Ceremony;andrewgiftschat;Это аргумент против которого ты не попрешь))) @your_angel013;1;60;1;0;;65;high;;0;;2026-04-22 02:35:05
7329952596;Skull;alieoplop;andrewgiftschat;;1;0;1;0;;35;low;;0;;2026-04-22 02:35:05
7331395036;Hugh;;rabota_chaty1;;1;0;1;0;;20;low;skipped;0;2026-04-22 02:35:05;2026-04-22 02:35:05
7332397001;φάντασμα;Datfik1;andrewgiftschat;;1;0;1;0;;35;low;;0;;2026-04-22 02:35:05
7334467178;Алсу;alsy_loml;laravel_pro;;1;0;1;0;;35;low;;0;;2026-04-22 02:35:05
7334472037;༒•N𝒾k𝒾𝕥ⱥ•༒;Pesikk_kotik;andrewgiftschat;"Ninjago best P.S ninjas don't give up ;)";1;40;1;0;;65;high;;0;;2026-04-22 02:35:05
7339939094;katerinashutkina;Hoffman524;python_ru;;1;0;0;0;;25;low;;0;;2026-04-22 02:35:05
7342525250;Dima🙃;Dima1076;andrewgiftschat;LuBly cpat;1;10;1;0;;60;medium;;0;;2026-04-22 02:35:05
7343025496;Raf;Xrafi;andrewgiftschat;;1;0;1;0;;35;low;;0;;2026-04-22 02:35:05
7344045027;Mister_S;MisTer_SaV;andrewgiftschat;https://t.me/patrickstarsrobot?start=7344045027 просто лучший;1;61;1;0;;65;high;;0;;2026-04-22 02:35:05
7345806347;Фируз;FiruzManager;rabota_chaty1;https://t.me/+anEY2cnEoEVhZjcy;1;30;1;0;;60;medium;;0;;2026-04-22 02:35:05
7346371787;SoulLive;Sky1Bee;andrewgiftschat;;1;0;1;0;;35;low;;0;;2026-04-22 02:35:05
7346769129;🥀｡･♡ℬ𝒶𝓃ℊ𝒞𝒽𝒶𝓃𝒶𝒶𝒶♡･｡🥀;Im_dead_143;andrewgiftschat;;1;0;1;0;;35;low;;0;;2026-04-22 02:35:05
7348050656;;;rabota_chaty1;;1;0;0;0;;10;low;skipped;0;2026-04-22 02:35:05;2026-04-22 02:35:05
7348066589;Ханна;;rabota_chaty1;;1;0;1;0;;20;low;skipped;0;2026-04-22 02:35:05;2026-04-22 02:35:05
7350528409;;;rabota_chaty1;;1;0;0;0;;10;low;skipped;0;2026-04-22 02:35:05;2026-04-22 02:35:05
7351237008;Егор;;rabota_chaty1;;1;0;0;0;;10;low;skipped;0;2026-04-22 02:35:05;2026-04-22 02:35:05
7354339253;Егор крииид;mnenorm_ok;andrewgiftschat;-ʙᴏɜьʍи ᴛᴇᴧᴇɸᴏн дᴇᴛᴋᴀ, я ɜнᴀю ᴛы хᴏчᴇɯь ᴨᴏɜʙᴏниᴛь @loner534;1;59;1;0;;65;high;;0;;2026-04-22 02:35:05
7354440748;monster;anonimkitoprop;andrewgiftschat;;1;0;1;0;;35;low;;0;;2026-04-22 02:35:05
7355899043;Діма;Auf22898;andrewgiftschat;;1;0;1;0;;35;low;;0;;2026-04-22 02:35:05
7358625207;Jéssica C. 🔥;;rabota_chaty1;;1;0;0;0;;10;low;skipped;0;2026-04-22 02:35:05;2026-04-22 02:35:05
7359070134;;;rabota_chaty1;;1;0;0;0;;10;low;skipped;0;2026-04-22 02:35:05;2026-04-22 02:35:05
7359772328;КРАССАВЧИК;;rabota_chaty1;;1;0;0;0;;10;low;skipped;0;2026-04-22 02:35:05;2026-04-22 02:35:05
7359930639;آبْوٓ ݽِفيّانُ التَدّمُِرِيّ𓏺⁵¹¹;z_e_n_511;andrewgiftschat;لسَت سَهݪا أنا صَاحبَ البَدايَة وقائدَ النهايَة.;1;48;1;0;;65;high;;0;;2026-04-22 02:35:05
7363809488;Unkill;UnkillThis;andrewgiftschat;;1;0;1;0;;35;low;;0;;2026-04-22 02:35:05
7365398147;tony;TONl_STARK;andrewgiftschat;;1;0;1;0;;35;low;;0;;2026-04-22 02:35:05
7366348718;;;rabota_chaty1;;1;0;0;0;;10;low;skipped;0;2026-04-22 02:35:05;2026-04-22 02:35:05
7366802526;Злата;visrise;rabota_chaty1;;1;0;1;0;;35;low;;0;;2026-04-22 02:35:05
7369243240;;;rabota_chaty1;;1;0;0;0;;10;low;skipped;0;2026-04-22 02:35:05;2026-04-22 02:35:05
7370655817;Dang #astifam #foreveryoung;cuqzo;andrewgiftschat;- ᴀ ғᴀᴍɪʟɪᴀʀ sᴄᴇɴᴀʀɪᴏ, ᴡɪᴛʜ ᴏɴʟʏ ɴᴜᴍʙᴇʀs ᴀɴᴅ ғᴀᴄᴇs ᴄʜᴀɴɢɪɴɢ... 🕸;1;64;1;0;;65;high;;0;;2026-04-22 02:35:05
7370973454;Вероника;angel_girll2;andrewgiftschat;Я на все готова просто знай детка ты моя дамаlove❤️ @kissyourlipslol;1;68;1;0;;65;high;;0;;2026-04-22 02:35:05
7371447792;Рыбалочка;MDfish_bot;andrewgiftschat;"🎣 Союз рыболовов - @glavrubsoyz


🧑‍💻 Сотрудничество - @emperort1me

t.me/rubalovka

t.me/monkeys_giveaways";1;107;1;0;;65;high;;0;;2026-04-22 02:35:05
7373510549;V͟A⃠𝑫𝕀🇲;Vadimator22;andrewgiftschat;Люблю играть в игры Rockstar Games,такие как Red Dead Redemption 2 и Grand Theft Auto 5;1;87;1;0;;65;high;;0;;2026-04-22 02:35:05
7374606114;DELETE;Maintou5566;andrewgiftschat;˚ ✦ . . ˚ . . ✦ ˚ . ★ . . ˚ * ✦;1;31;1;0;;60;medium;;0;;2026-04-22 02:35:05
7374708516;;;rabota_chaty1;;1;0;0;0;;10;low;skipped;0;2026-04-22 02:35:05;2026-04-22 02:35:05
7375089086;AXPO;;andrewgiftschat;@info_axpo - Информация и навигация. @axpo_ysly - Информация по услугам. @FlagMdney - Отзывы.;1;93;1;0;;50;medium;skipped;0;2026-04-22 02:35:05;2026-04-22 02:35:05
7380340869;Chris;;laravel_pro;;1;0;0;0;;10;low;skipped;0;2026-04-22 02:35:05;2026-04-22 02:35:05
7380399030;에고르❤️;EgorikRuznikov_tyt;andrewgiftschat;;1;0;0;0;;25;low;;0;;2026-04-22 02:35:05
7381945106;بیژن;bijan377m0ph;andrewgiftschat;я не чурка;1;10;1;0;;60;medium;;0;;2026-04-22 02:35:05
7382683470;Ajam;;tproger_chat;;1;0;0;0;;10;low;skipped;0;2026-04-22 02:35:05;2026-04-22 02:35:05
7385520416;редиска⁶⁹🫜🫜;palinaa67;andrewgiftschat;;1;0;0;0;;25;low;;0;;2026-04-22 02:35:05
7386933807;Irlerveron;sQBhph;rabota_chaty1;;1;0;0;0;;25;low;;0;;2026-04-22 02:35:05
7387621271;;;rabota_chaty1;;1;0;0;0;;10;low;skipped;0;2026-04-22 02:35:05;2026-04-22 02:35:05
7387623746;Устим;;laravel_pro;;1;0;1;0;;20;low;skipped;0;2026-04-22 02:35:05;2026-04-22 02:35:05
7387981122;Baba;;tproger_chat;;1;0;0;0;;10;low;skipped;0;2026-04-22 02:35:05;2026-04-22 02:35:05
7388882390;Brando ¹¹⁰+ rews🌮;notbyea;andrewgiftschat;ЧАКАПАААЙ;1;9;1;0;;60;medium;;0;;2026-04-22 02:35:05
7390046646;Фурри Император Фурривеч²⁵;oskolochek25;andrewgiftschat;Самый лучший флуд #Psht и крутой #NST;1;37;1;0;;60;medium;;0;;2026-04-22 02:35:05
7391998022;𝓐𝓻𝓶𝓮𝓷159;king151790yae;andrewgiftschat;🖕🖕🖕;1;3;1;0;;60;medium;;0;;2026-04-22 02:35:05
7393721236;ꮶ𝓸ṧ𝘵Ўά 𝑳𝒒;KoStyA_Lqqq;andrewgiftschat;Всем привет 👋;1;13;0;0;;50;medium;;0;;2026-04-22 02:35:05
7395383542;бибиай;RateMySwag;andrewgiftschat;WW;1;2;1;0;;60;medium;;0;;2026-04-22 02:35:05
7395833343;Stay^᪲᪲᪲•°•°•°;seunngin13;andrewgiftschat;Анон:http://t.me/anonaskbot?start=uatufjn;1;41;0;0;;55;medium;;0;;2026-04-22 02:35:05
7396072347;;;python_ru;;1;0;0;0;;10;low;skipped;0;2026-04-22 02:35:05;2026-04-22 02:35:05
7396753794;;;rabota_chaty1;;1;0;0;0;;10;low;skipped;0;2026-04-22 02:35:05;2026-04-22 02:35:05
7396787946;Михаил;mikegredev;laravel_pro;;1;0;0;0;;25;low;;0;;2026-04-22 02:35:05
7397861638;;;rabota_chaty1;;1;0;0;0;;10;low;skipped;0;2026-04-22 02:35:05;2026-04-22 02:35:05
7398320086;;;python_ru;;1;0;0;0;;10;low;skipped;0;2026-04-22 02:35:05;2026-04-22 02:35:05
7398460764;𝙱𝚎𝚜𝚔𝚘𝚗𝚎𝚌𝚑𝚗𝚘𝚎 𝚕𝚎𝚝𝚘;Ssssssssakura;andrewgiftschat;— 𝐼 𝑤𝑎𝑠 𝑠𝑐𝑎𝑟𝑒𝑑 𝑡𝑜 𝑡𝑎𝑘𝑒 𝑎 𝑏𝑟𝑒𝑎𝑡ℎ... @preser6 🫂❤️ || - 𝑻𝒐 𝒅𝒊𝒆.;1;60;1;0;;65;high;;0;;2026-04-22 02:35:05
7398535697;Владимир Соколов;gravellinessSnakemouths;laravel_pro;;1;0;1;0;;35;low;;0;;2026-04-22 02:35:05
7399012785;Billy;Billy_Ii;rabota_chaty1;;1;0;0;0;;25;low;;0;;2026-04-22 02:35:05
7403640071;❤️‍🔥;qqlagyshka;andrewgiftschat;;1;0;1;0;;35;low;;0;;2026-04-22 02:35:05
7403948305;dimaxcore🇲🇩;Andiewg;andrewgiftschat;;1;0;1;0;;35;low;;0;;2026-04-22 02:35:05
7404387261;ViTALIX $$$;;andrewgiftschat;;1;0;0;0;;10;low;skipped;0;2026-04-22 02:35:05;2026-04-22 02:35:05
7404803724;nnya69;;andrewgiftschat;стану популярным в интернете, заработаю себе кучу бабла;1;55;1;0;;50;medium;skipped;0;2026-04-22 02:35:05;2026-04-22 02:35:05
7405456425;𝑆𝑙𝑎𝑦_𝑘𝑖;slay_kii;andrewgiftschat;I'm Slay and you're fucked;1;26;1;0;;60;medium;;0;;2026-04-22 02:35:05
7405866985;Егор;respect_movements;laravel_pro;;1;0;1;0;;35;low;;0;;2026-04-22 02:35:05
7407084410;L I A N A 🪽;lianagtr;rabota_chaty1;;1;0;1;0;;35;low;;0;;2026-04-22 02:35:05
7407595929;Sunny;sunny73945j1kj;andrewgiftschat;Аватарки стоят с 2016 года, не введитесь на фейки.;1;50;1;0;;65;high;;0;;2026-04-22 02:35:05
7408188101;Danil;danilgerman2024;laravel_pro;;1;0;0;0;;25;low;;0;;2026-04-22 02:35:05
7408923259;Алиса;Alidsq;rabota_chaty1;;1;0;1;0;;35;low;;0;;2026-04-22 02:35:05
7411102396;Steve;;python_ru;;1;0;1;0;;20;low;skipped;0;2026-04-22 02:35:05;2026-04-22 02:35:05
7413598950;hyxxúii.;hyxxuii;andrewgiftschat;«сойдем с ума вместе» | @zumchizz сиссськи;1;42;1;0;;65;high;;0;;2026-04-22 02:35:05
7417147072;Аксинья;rffxdhbgd;laravel_pro;;1;0;1;0;;35;low;;0;;2026-04-22 02:35:05
7417238541;KLEND☣️;ckIend;andrewgiftschat;;1;0;1;0;;35;low;;0;;2026-04-22 02:35:05
7419839535;Inzo Dev;InzoDev;laravel_pro;Your Global Dev Partner, Just One Click Away;1;44;0;0;;55;medium;;0;;2026-04-22 02:35:05
7424581864;𝔏𝔦𝔣𝔢 𝔦𝔰 𝔩𝔦𝔨𝔢 𝔞 𝔡𝔯𝔲𝔤 #⩇⩇:⩇⩇ #🇰🇬;myloveisfall;andrewgiftschat;— ??? | † — йоу, я ламинат | I love you @Bibi12vivi;1;51;1;0;;65;high;;0;;2026-04-22 02:35:05
7424866294;Джени;;rabota_chaty1;https://t.me/+oJMKb4BS7ORmMTk6;1;30;1;0;;45;medium;skipped;0;2026-04-22 02:35:05;2026-04-22 02:35:05
7426881490;минетова;m3tadonovay;andrewgiftschat;— ᴛʀᴜꜱᴛ ᴍᴇ ɪ ɢᴏᴛ ɴᴏᴛʜɪɴɢ ꜰᴏʀ ʏᴏᴜ ᴏᴛʜᴇʀ ᴛʜᴀɴ ʟᴏᴠᴇ @Chelovikii;1;60;1;0;;65;high;;0;;2026-04-22 02:35:05
7427735623;ℳℴℴ𝓃;Itsitipp;andrewgiftschat;— Ꭲы ɜʙучиɯь ᴋᴀᴋ ᴋᴧᴀᴄᴄиᴋᴀ – ᴄᴩᴇди ᴄᴏʙᴩᴇʍᴇннᴏй ʍᴀᴄᴄы! 💋🎻 @Hikkwor;1;64;1;0;;65;high;;0;;2026-04-22 02:35:05
7427909168;Master kot;O60fps;andrewgiftschat;Super master kot;1;16;1;0;;60;medium;;0;;2026-04-22 02:35:05
7428347998;хохля;bodyanqkcg4;andrewgiftschat;@mywife || Member of TON Elite ||| Member of TG Elite || Adm @chatmeta;1;70;1;0;;65;high;;0;;2026-04-22 02:35:05
7430691839;C1trus;C1trus1;rabota_chaty1;Сатану на бутылку;1;17;1;0;;60;medium;;0;;2026-04-22 02:35:05
7430869319;Adelya;;tproger_chat;;1;0;0;0;;10;low;skipped;0;2026-04-22 02:35:05;2026-04-22 02:35:05
7431805961;// // /// /;marleypad;andrewgiftschat;http://t.me/anonaskbot?start=pm8obha vv;1;39;1;0;;60;medium;;0;;2026-04-22 02:35:05
7432949689;Cblp;gwertky;andrewgiftschat;;1;0;1;0;;35;low;;0;;2026-04-22 02:35:05
7433962167;Afk. #creepy;pidrMe;andrewgiftschat;Связь по бизнесу — через личные.;1;32;1;0;;60;medium;;0;;2026-04-22 02:35:05
7439804358;I M 12;inmayns;rabota_chaty1;;1;0;0;0;;25;low;;0;;2026-04-22 02:35:05
7442689441;ᅠ;BEST_VITE;andrewgiftschat;;1;0;1;0;;35;low;;0;;2026-04-22 02:35:05
7446060963;Ши;Meli_nall;andrewgiftschat;;1;0;1;0;;35;low;;0;;2026-04-22 02:35:05
7447418565;🙂;killerapalatov;andrewgiftschat;@ffamelistt;1;11;1;0;;60;medium;;0;;2026-04-22 02:35:05
7447857353;Dessirgon;Dessirgon;andrewgiftschat;Жизнь не Дубай, тралалело тралалай;1;34;1;0;;60;medium;;0;;2026-04-22 02:35:05
7449088800;Ігор;malfurios1;laravel_pro;;1;0;0;0;;25;low;;0;;2026-04-22 02:35:05
7450964228;Ashley;;rabota_chaty1;;1;0;0;0;;10;low;skipped;0;2026-04-22 02:35:05;2026-04-22 02:35:05
7452279643;ᥴᥣ᧐ᥕᥒᥣᥙɗ ⁷⁰⁰⁺;;andrewgiftschat;[ Clownlud_Stars_bot.t.me ] × [ Clownlud_VPN_bot.t.me ] × [ all_reviews_clownlud.t.me ] × [ nepozorsebya.t.me ] × [ clownlud_ban_bot.t.me ];1;139;1;0;;55;medium;skipped;0;2026-04-22 02:35:05;2026-04-22 02:35:05
7452526519;Лед;gadpel;andrewgiftschat;;1;0;1;0;;35;low;;0;;2026-04-22 02:35:05
7453378293;🍎PLUPIR🍎;Outlast67;andrewgiftschat;30/100;1;6;1;0;;60;medium;;0;;2026-04-22 02:35:05
7453796010;༒†✞病た-|Snecky病た†✞ ᅠ ᅠ ᅠ ᅠ ᅠ ᅠ @ SpikeTelegram ᅠ ᅠ ᅠ;Astrallordes;andrewgiftschat;;1;0;1;0;;35;low;;0;;2026-04-22 02:35:05
7454349054;ne;nesnimiblyat7h5y;andrewgiftschat;https://t.me/+NT6b4gmMjKJkM2My;1;30;1;0;;60;medium;;0;;2026-04-22 02:35:05
7454698547;ᅠ ￴￴￴￴;gelechkasexs;andrewgiftschat;https://t.me/patrickstarsrobot?start=7454698547;1;47;1;0;;65;high;;0;;2026-04-22 02:35:05
7456088025;.doshikopol;keywerty6tq;andrewgiftschat;мне бы только хихоньки да хахоньки;1;34;1;0;;60;medium;;0;;2026-04-22 02:35:05
7457076380;magl;Maglyq;andrewgiftschat;;1;0;1;0;;35;low;;0;;2026-04-22 02:35:05
7457716620;SAMIR;malikov_717;andrewgiftschat;سورة آل عمران;1;13;0;0;;50;medium;;0;;2026-04-22 02:35:05
7459777519;ຣuꮮꮠꮶ;Maximumlevels;andrewgiftschat;@kanal_331;1;10;1;0;;60;medium;;0;;2026-04-22 02:35:05
7459890013;¡𝐤𝟏𝐥𝐥𝐞𝐫♱;bloody_k1ller;andrewgiftschat;fuck rest of them. fuck em all- @KY0T0BY https://t.me/patrickstarsrobot?start=7459890013;1;88;0;0;;55;medium;;0;;2026-04-22 02:35:05
7459902213;;;rabota_chaty1;;1;0;0;0;;10;low;skipped;0;2026-04-22 02:35:05;2026-04-22 02:35:05
7460564936;Саша;gQhQOPi;andrewgiftschat;;1;0;1;0;;35;low;;0;;2026-04-22 02:35:05
7462465903;leymik;leymik52;andrewgiftschat;Если вы хотите купить мой нфт то говорю сразу стоит на плеероке 950₽;1;68;1;0;;65;high;;0;;2026-04-22 02:35:05
7463266812;𝑽𝒊𝒏𝒄𝒆𝒔;ak1mane;andrewgiftschat;-vibe @maximbobik789;1;20;1;0;;60;medium;;0;;2026-04-22 02:35:05
7464374767;;;rabota_chaty1;;1;0;0;0;;10;low;skipped;0;2026-04-22 02:35:05;2026-04-22 02:35:05
7467266137;АДМИН АКУЛА🦈;Masha2010a;andrewgiftschat;https://t.me/+7yuJsuMPY4UzODcy;1;30;1;0;;60;medium;;0;;2026-04-22 02:35:05
7467419333;Лола;;rabota_chaty1;https://t.me/+MT2Ggos0wFU4ZDcy Подавайте заявку, Отвечу сразу !;1;63;1;0;;50;medium;skipped;0;2026-04-22 02:35:05;2026-04-22 02:35:05
7467441606;Василиса;petrov_vasilisa;rabota_chaty1;Новосибирск. Фотограф, люблю природу 📸 @loves5mona;1;50;1;0;;65;high;;0;;2026-04-22 02:35:05
7468474457;.;REMPAL1;andrewgiftschat;Под защитой — @cislog. Кентяра-@sallyseng @ketchup_edit;1;55;1;0;;65;high;;0;;2026-04-22 02:35:05
7468819863;Олечка;;rabota_chaty1;;1;0;1;0;;20;low;skipped;0;2026-04-22 02:35:05;2026-04-22 02:35:05
7469668029;Dangerous stromik;GORDblY_Mens1kor;andrewgiftschat;;1;0;0;0;;25;low;;0;;2026-04-22 02:35:05
7470117274;Werment 🍸;Werment0;andrewgiftschat;;1;0;1;0;;35;low;;0;;2026-04-22 02:35:05
7470183170;Иван;vanya0704;tproger_chat;;1;0;0;0;;25;low;;0;;2026-04-22 02:35:05
7472185995;;;tproger_chat;;1;0;0;0;;10;low;skipped;0;2026-04-22 02:35:05;2026-04-22 02:35:05
7472346786;wwwwwwwwwwwwwww;werqqpkxdhjw;andrewgiftschat;;1;0;1;0;;35;low;;0;;2026-04-22 02:35:05
7472392832;Яна ❤️;;rabota_chaty1;;1;0;1;0;;20;low;skipped;0;2026-04-22 02:35:05;2026-04-22 02:35:05
7472682835;Neyn;BroNeyn;andrewgiftschat;Prime ⏳ @paketachat;1;19;1;0;;60;medium;;0;;2026-04-22 02:35:05
7473329671;parishkaa;pariishkk;andrewgiftschat;все без слов , по глазам понимает @aleksandrvayana 💘;1;52;1;0;;65;high;;0;;2026-04-22 02:35:05
7474732369;CodSheng;;python_ru;ⓘ Данный аккаунт находится в федеральном розыске Российской Федерации;1;69;1;0;;50;medium;skipped;0;2026-04-22 02:35:05;2026-04-22 02:35:05
7483257796;( -_•) animalov † ℚ𝕏𝕍𝔼𝕃𝕃? ▄︻デ══━一;QXVELL;andrewgiftschat;@Animalovlist @wuniixvn 頭の中の声とホワイトノイズが混ざっている;1;44;1;0;;65;high;;0;;2026-04-22 02:35:05
7485268328;Терлан;nitto_kumar_65bwue;andrewgiftschat;@Jackw - это место для заработка. не даю в долг;1;47;1;0;;65;high;;0;;2026-04-22 02:35:05
7485941123;Sol;Fledjikey;andrewgiftschat;Тут ничего нет;1;14;1;0;;60;medium;;0;;2026-04-22 02:35:05
7489141585;BanZo #xvk #zxw #komaru #745;Banzo_edit;andrewgiftschat;https://t.me/banzo_op подписывайся на мой тгк;1;45;1;0;;65;high;;0;;2026-04-22 02:35:05
7490141025;𝐅𝐥𝐚𝐦𝐞 𝐄𝐱𝐭𝐞𝐜𝐭 | 𝐎𝐛𝐦𝐞𝐧𝐧𝐢𝐤 $ | 𝟖𝟎+ 𝐫𝐞𝐯𝐢𝐞𝐰𝐬;fIame_extect;andrewgiftschat;@otzivflame - 𝐑𝐞𝐯𝐢𝐞𝐰𝐬 @ruchenyas - 𝐑𝐮𝐜𝐡;1;39;0;0;;50;medium;;0;;2026-04-22 02:35:05
7490272913;Nekinsy;nekinsy;laravel_pro;;1;0;1;0;;35;low;;0;;2026-04-22 02:35:05
7490312819;Миржалол;rakhmatjonovm;laravel_pro;PHP | Back-end Developer;1;24;1;0;;60;medium;;0;;2026-04-22 02:35:05
7490793669;Диана;Shabashkina1;python_ru;Все самое интересное тут https://t.me/+VcIdKE4CTGY3NDEy;1;55;1;0;;65;high;;0;;2026-04-22 02:35:05
7490895990;𝙏𝙤𝙧𝙖𝙭.𝙭𝙭𝙭;toraxxx;andrewgiftschat;"—ᴋᴀждый дᴇнь дᴩуᴦ дᴩуᴦу ᴨиɯᴇʍ ""зᴀя я ᴧюбᴧю ᴛᴇбя"" @Yr44ik";1;56;1;0;;65;high;;0;;2026-04-22 02:35:05
7494542329;Самуил;;rabota_chaty1;;1;0;0;0;;10;low;skipped;0;2026-04-22 02:35:05;2026-04-22 02:35:05
7495540306;G;DurovDolbayeb;andrewgiftschat;;1;0;1;0;;35;low;;0;;2026-04-22 02:35:05
7495811314;Жопа;Nazarep_111;andrewgiftschat;;1;0;1;0;;35;low;;0;;2026-04-22 02:35:05
7495962029;Ден;den56565;laravel_pro;;1;0;1;0;;35;low;;0;;2026-04-22 02:35:05
7499890416;Тимофей;t1gord;laravel_pro;;1;0;0;0;;25;low;;0;;2026-04-22 02:35:05
7502629818;;;tproger_chat;;1;0;0;0;;10;low;skipped;0;2026-04-22 02:35:05;2026-04-22 02:35:05
7502860206;Kavey;NarzzvlloQtb;python_ru;;1;0;0;0;;25;low;;0;;2026-04-22 02:35:05
7502934641;Софья;Goty778;python_ru;встань на колени и приляг, прислушайся к себе, — сказала она. — Подума;1;70;1;0;;65;high;;0;;2026-04-22 02:35:05
7505531518;Ариана;;rabota_chaty1;;1;0;0;0;;10;low;skipped;0;2026-04-22 02:35:05;2026-04-22 02:35:05
7506082536;𝒃𝒄𝒌𝒚🦾👀;sgtbb;andrewgiftschat;;1;0;1;0;;35;low;;0;;2026-04-22 02:35:05
7506869754;­;sddvinv;andrewgiftschat;;1;0;0;0;;25;low;;0;;2026-04-22 02:35:05
7507642880;гав;GAWW_GAWW;andrewgiftschat;- первый напишу тебе в этот вечер @DYRANEMAIL 🩷;1;47;1;0;;65;high;;0;;2026-04-22 02:35:05
7507896686;Модест Веркулич;Ruuji31;laravel_pro;ალექსანდრ;1;9;0;0;;50;medium;;0;;2026-04-22 02:35:05
7508127464;Ggdfhu;;rabota_chaty1;;1;0;0;0;;10;low;skipped;0;2026-04-22 02:35:05;2026-04-22 02:35:05
7508361367;gairik;gairikindia;laravel_pro;;1;0;1;0;;35;low;;0;;2026-04-22 02:35:05
7510183419;Имя;Agusha_agusha1;andrewgiftschat;грнрнрг @Love_Agusha;1;20;1;0;;60;medium;;0;;2026-04-22 02:35:05
7510310805;Armen;mRaSZHStgSx;rabota_chaty1;BUY and SELL CHILD PORN @MngGrand4 @Moskva721593bot;1;51;0;0;;55;medium;;0;;2026-04-22 02:35:05
7512856553;𐙚𝕊𝕟𝕖𝕫𝕙𝕠𝕜;Sneg68;andrewgiftschat;;1;0;1;0;;35;low;;0;;2026-04-22 02:35:05
7512973577;Василий;VasilijTitov77;rabota_chaty1;;1;0;1;0;;35;low;;0;;2026-04-22 02:35:05
7513680290;leo;leo_leopold_kkk;andrewgiftschat;L’œil gauche sert à t’oublier, l’œil droit sert à se souvenir de toi.;1;69;1;0;;65;high;;0;;2026-04-22 02:35:05
7516721787;;;rabota_chaty1;;1;0;0;0;;10;low;skipped;0;2026-04-22 02:35:05;2026-04-22 02:35:05
7518305348;;;rabota_chaty1;;1;0;0;0;;10;low;skipped;0;2026-04-22 02:35:05;2026-04-22 02:35:05
7518733257;Апфия;AmphithuronGorgoniaceous;rabota_chaty1;;1;0;0;0;;25;low;;0;;2026-04-22 02:35:05
7519085456;;;rabota_chaty1;;1;0;0;0;;10;low;skipped;0;2026-04-22 02:35:05;2026-04-22 02:35:05
7520250353;⋆˖⁺‧₊☽ᴦρᥱчκᥲ 🐈‍⬛|| #сатоши ム₊‧⁺˖⋆;ssqweix;andrewgiftschat;яяя блять люблю тебя, ты скажешь мудак и будешь права @Alisaii9x ❤️‍🔥;1;69;1;0;;65;high;;0;;2026-04-22 02:35:05
7520430321;Qwerty;;laravel_pro;;1;0;0;0;;10;low;skipped;0;2026-04-22 02:35:05;2026-04-22 02:35:05
7520682684;#𝐖𝐄𝐗𝐂 | @???;sexWexfo;andrewgiftschat;;1;0;1;0;;35;low;;0;;2026-04-22 02:35:05
7520885205;Oleg;olegfreddhjv;laravel_pro;Менеджер по работе со стартапами Российского венчурного форума;1;62;1;0;;65;high;;0;;2026-04-22 02:35:05
7521928179;Dmitriy;;laravel_pro;;1;0;1;0;;20;low;skipped;0;2026-04-22 02:35:05;2026-04-22 02:35:05
7523205063;Александра;Alexadkfn;rabota_chaty1;;1;0;1;0;;35;low;;0;;2026-04-22 02:35:05
7524194399;Julioo_Sousaa;JulioSousa2026;python_ru;;1;0;0;0;;25;low;;0;;2026-04-22 02:35:05
7525537886;;;rabota_chaty1;;1;0;0;0;;10;low;skipped;0;2026-04-22 02:35:05;2026-04-22 02:35:05
7527126480;Chord;Chord_c_gitaroy;laravel_pro;Не будь как все! Борись с системой! Купи WinRAR!;1;48;1;0;;65;high;;0;;2026-04-22 02:35:05
7528023575;Жирдяй;popka_ogurchika1;andrewgiftschat;-I have a Melodie, always in Harmony @popka_ogyrchikaa;1;54;1;0;;65;high;;0;;2026-04-22 02:35:05
7530736191;👨‍🦽;zerl0ziz;andrewgiftschat;;1;0;1;0;;35;low;;0;;2026-04-22 02:35:05
7533658924;𓏲ּ𝄢⃟Ᏸɼσσɱ;well1kk;andrewgiftschat;—у меня на тебя есть особые планы @W3XXXD/ @Kotuk_123007 слобода;1;64;1;0;;65;high;;0;;2026-04-22 02:35:05
7533827292;Алеся;;tproger_chat;;1;0;1;0;;20;low;skipped;0;2026-04-22 02:35:05;2026-04-22 02:35:05
7536588262;F1nhi [раздаю подарки в био];F1nhi;andrewgiftschat;рекламный manager | игнор = неинтересно | @F1nh1Starsbot - ⭐️ 1.4₽ |;1;68;1;0;;65;high;;0;;2026-04-22 02:35:05
7536932264;Kelarra;;rabota_chaty1;;1;0;0;0;;10;low;skipped;0;2026-04-22 02:35:05;2026-04-22 02:35:05
7537521713;Diana Sidorova;vwwa333;laravel_pro;;1;0;1;0;;35;low;;0;;2026-04-22 02:35:05
7540358817;✧𝙀𝙚𝙣𝙞𝙭𝙞𝙟;Eenixij;andrewgiftschat;Wait, what?;1;11;1;0;;60;medium;;0;;2026-04-22 02:35:05
7540526239;баскет крыльев кфс #tonkiper;BIack9770;andrewgiftschat;!!! ВНИМАНИЕ!!! ОСНОВА;1;22;1;0;;60;medium;;0;;2026-04-22 02:35:05
7540776437;Vita;;rabota_chaty1;https://t.me/+uBegBXEBHkcxOTNi;1;30;1;0;;45;medium;skipped;0;2026-04-22 02:35:05;2026-04-22 02:35:05
7540920246;🎄TIKTOMAG🎄;Tiktomag321;andrewgiftschat;;1;0;1;0;;35;low;;0;;2026-04-22 02:35:05
7541049639;линькалала;nnl_ff;andrewgiftschat;, https://t.me/+DHB6x8uxVe1mYzMy ,;1;34;0;0;;50;medium;;0;;2026-04-22 02:35:05
7541124637;Ле;Catik_bas;andrewgiftschat;🏔️🗻 живу на Аппалачах;1;21;1;0;;60;medium;;0;;2026-04-22 02:35:05
7541216373;Mᴀriuᴩᴏl;;andrewgiftschat;km no | мои фанаты: @Boprosbikal @mashaaaaaaaaa0 @xuwoa @nwasneIIi @Bakinskiy_979 @sexbroshka @camoybicew @Penissss223 @youbegoingcrazy;1;135;1;0;;55;medium;skipped;0;2026-04-22 02:35:05;2026-04-22 02:35:05
7544493632;Johnson;jonmkhf;tproger_chat;;1;0;1;0;;35;low;;0;;2026-04-22 02:35:05
7545429137;Anton;;laravel_pro;;1;0;0;0;;10;low;skipped;0;2026-04-22 02:35:05;2026-04-22 02:35:05
7546339334;Savage;savagebussinesxii6;andrewgiftschat;@winpaco — твоя любимая игровая зона!;1;37;1;0;;60;medium;;0;;2026-04-22 02:35:05
7547168174;;;rabota_chaty1;;1;0;0;0;;10;low;skipped;0;2026-04-22 02:35:05;2026-04-22 02:35:05
7547213249;Смолик;Smolaska;andrewgiftschat;06.10.2025❤️‍🩹;1;14;1;0;;60;medium;;0;;2026-04-22 02:35:05
7547464919;Ариадна;Ariadna_62dad;rabota_chaty1;;1;0;1;0;;35;low;;0;;2026-04-22 02:35:05
7548499403;);;laravel_pro;;1;0;0;0;;10;low;skipped;0;2026-04-22 02:35:05;2026-04-22 02:35:05
7548640725;;;rabota_chaty1;;1;0;0;0;;10;low;skipped;0;2026-04-22 02:35:05;2026-04-22 02:35:05
7549986981;"Позывной „Илюшенция"" #мирный";;andrewgiftschat;Свобода или смерть. @deuifv_bot;1;31;1;0;;45;medium;skipped;0;2026-04-22 02:35:05;2026-04-22 02:35:05
7550463439;Варвара;ehkxfmhm_56zpxesbydd;rabota_chaty1;;1;0;0;0;;25;low;;0;;2026-04-22 02:35:05
7551692087;CINFORTECH;cinfortech;laravel_pro;Serviços de TI;1;14;1;0;;60;medium;;0;;2026-04-22 02:35:05
7552052868;эмилия;emiliasyi;andrewgiftschat;и я снова в хлам, но только с тобой я счастлив по-настоящему;1;60;1;0;;65;high;;0;;2026-04-22 02:35:05
7552199366;Орион;zillaHR;rabota_chaty1;;1;0;1;0;;35;low;;0;;2026-04-22 02:35:05
7553113904;°•Неизвестно •°;Angelikaffff;andrewgiftschat;𝑪𝒂𝒏'𝒕 𝒘𝒂𝒊𝒕 𝒕𝒐 𝒔𝒆𝒆 𝒉𝒊𝒎, 𝒉𝒆 𝒍𝒐𝒐𝒌𝒔 𝒍𝒊𝒌𝒆 𝒔𝒐𝒎𝒆𝒕𝒉𝒊𝒏𝒈 𝒕𝒉𝒂𝒕 𝑰'𝒅 𝒔𝒆𝒆 𝒂𝒕 𝒂 𝒎𝒖𝒔𝒆𝒖𝒎 🚬 @yeddokk;1;82;1;0;;65;high;;0;;2026-04-22 02:35:05
7553373094;Ксения;;rabota_chaty1;https://t.me/+xiUPiKUU2jVhMGIy;1;30;1;0;;45;medium;skipped;0;2026-04-22 02:35:05;2026-04-22 02:35:05
7556304824;Cylian;;rabota_chaty1;;1;0;0;0;;10;low;skipped;0;2026-04-22 02:35:05;2026-04-22 02:35:05
7556364904;Пашка 75;Bretsds;andrewgiftschat;#dsk #свтя;1;10;0;0;;50;medium;;0;;2026-04-22 02:35:05
7558259415;~●○•°GuHyN°•○●~;sheepgoa;andrewgiftschat;🐷🐖🐽;1;3;1;0;;60;medium;;0;;2026-04-22 02:35:05
7558369366;Rasvet #Ghost killers;Rasvet_Ghostik;andrewgiftschat;;1;0;1;0;;35;low;;0;;2026-04-22 02:35:05
7559261445;mossab;i08yg;python_ru;;1;0;0;0;;25;low;;0;;2026-04-22 02:35:05
7560075498;Mr;;laravel_pro;;1;0;0;0;;10;low;skipped;0;2026-04-22 02:35:05;2026-04-22 02:35:05
7560522103;dishaаа🛐;Disha4ka_disha;andrewgiftschat;Занята@D1vestar https://t.me/duckearnbot?start=ref_7560522103;1;61;0;0;;55;medium;;0;;2026-04-22 02:35:05
7560617726;𝓘𝓬𝓱 𝓵𝓲𝓮𝓫𝓮 𝓚𝓼𝔂𝓾𝓼𝓱;lovelyNilpferd;andrewgiftschat;Ужᴇ ʍнᴏᴦᴏ ᴧᴇᴛ ᴛᴇбя ᴩядᴏʍ нᴇᴛ@L12XD;1;34;1;0;;60;medium;;0;;2026-04-22 02:35:05
7561105297;Andriy;Andrew7054;andrewgiftschat;;1;0;0;0;;25;low;;0;;2026-04-22 02:35:05
7561857193;artymos 💯 | турбо вибратор @AdvanceStars_Bot;Artqwwr;andrewgiftschat;@AdvanceStars_Bot - первый игровой бот на телеграм звезды 🌟;1;59;1;0;;65;high;;0;;2026-04-22 02:35:05
7562236322;Яна;pepsinateJujube;rabota_chaty1;124188;1;6;1;0;;60;medium;;0;;2026-04-22 02:35:05
7562275848;;;rabota_chaty1;;1;0;0;0;;10;low;skipped;0;2026-04-22 02:35:05;2026-04-22 02:35:05
7563940025;Анька🐾;anchik24;rabota_chaty1;Отдохнем?😇;1;10;1;0;;60;medium;;0;;2026-04-22 02:35:05
7565192849;Pavel;HappySlucker;laravel_pro;Ты сделал ход в пользу жизни, но истина ярче и искренность чище.;1;64;1;0;;65;high;;0;;2026-04-22 02:35:05
7565211851;Василий Тинькофф;kaitomeiko;andrewgiftschat;хонкай импакт топ;1;17;1;0;;60;medium;;0;;2026-04-22 02:35:05
7566549675;аri.eхe;ariexe18;andrewgiftschat;-i think i'll miss you forever @Virt_w 💕/ tt: ari_exe1;1;54;1;0;;65;high;;0;;2026-04-22 02:35:05
7567476680;;;rabota_chaty1;;1;0;0;0;;10;low;skipped;0;2026-04-22 02:35:05;2026-04-22 02:35:05
7567758942;ҩнᾧ;weilqxQ;andrewgiftschat;ты мне снишься часто и поэтому я сплю;1;37;1;0;;60;medium;;0;;2026-04-22 02:35:05
7569297556;Назира;;rabota_chaty1;;1;0;0;0;;10;low;skipped;0;2026-04-22 02:35:05;2026-04-22 02:35:05
7570387178;milhua;kiviesha;andrewgiftschat;my girl @Sofa_tatgren;1;21;1;0;;60;medium;;0;;2026-04-22 02:35:05
7570751183;Konstantin;;laravel_pro;;1;0;1;0;;20;low;skipped;0;2026-04-22 02:35:05;2026-04-22 02:35:05
7571276308;koshmar;q812o;andrewgiftschat;[м,м,с,а];1;9;1;0;;60;medium;;0;;2026-04-22 02:35:05
7571495411;𝓙𝓮𝓷𝓲𝓮;evgenixpr;andrewgiftschat;;1;0;1;0;;35;low;;0;;2026-04-22 02:35:05
7571502842;Леночка;Soulwork1;rabota_chaty1;🪬Work🪬;1;6;1;0;;60;medium;;0;;2026-04-22 02:35:05
7573480031;Оо;Poologc;python_ru;;1;0;1;0;;35;low;;0;;2026-04-22 02:35:05
7573807667;*•̩̩͙•̩̩͙*˚Чуя ˚*•̩̩͙•̩̩͙*˚;Lizka6_6;andrewgiftschat;;1;0;1;0;;35;low;;0;;2026-04-22 02:35:05
7573992448;ᅠ xrist jesus;;andrewgiftschat;;1;0;1;0;;20;low;skipped;0;2026-04-22 02:35:05;2026-04-22 02:35:05
7574950896;ᴀᴅᴇʟʟ ᴅ'ᴍɪʀʀᴏᴡ;whelix;andrewgiftschat;𝑦𝑜𝑢'𝑟𝑒 𝑚𝑦 𝑏𝑒𝑠𝑡 𝑓𝑟𝑖𝑒𝑛𝑑, 𝐼'𝑙𝑙 𝑙𝑜𝑣𝑒 𝑦𝑜𝑢 𝑓𝑜𝑟𝑒𝑣𝑒𝑟 @janjing_forever ! ᴱˢᶜ ! ᵈ‘ˢ ! ᴇ'ᴡʟ ! HELL ! avt;1;93;1;0;;65;high;;0;;2026-04-22 02:35:05
7576498047;🐚🫧🪽💨;Kit_3939;andrewgiftschat;;1;0;1;0;;35;low;;0;;2026-04-22 02:35:05
7577610103;Кристина;;rabota_chaty1;;1;0;1;0;;20;low;skipped;0;2026-04-22 02:35:05;2026-04-22 02:35:05
7579100872;Weeessol;Weeessol;andrewgiftschat;;1;0;1;0;;35;low;;0;;2026-04-22 02:35:05
7579108502;vleshh;vlewo;andrewgiftschat;—все религии мира безумно пиздят. жизнь одна и жить нужно интересно;1;67;1;0;;65;high;;0;;2026-04-22 02:35:05
7579666971;♱#𝒗𝒂𝒎𝒑#♱;vamp_67;andrewgiftschat;.;1;1;1;0;;60;medium;;0;;2026-04-22 02:35:05
7580890955;рина крутая;ssqeri;andrewgiftschat;https://t.me/ssqerit я и Яна канон;1;34;1;0;;60;medium;;0;;2026-04-22 02:35:05
7581272953;Toby;Toby_777777;andrewgiftschat;;1;0;1;0;;35;low;;0;;2026-04-22 02:35:05
7581721590;НН;CAXAPOK_Io;andrewgiftschat;;1;0;0;0;;25;low;;0;;2026-04-22 02:35:05
7584467544;Коробка;Mysterious_Package;andrewgiftschat;Настоящая коробка;1;17;1;0;;60;medium;;0;;2026-04-22 02:35:05
7584651165;Веня;;rabota_chaty1;;1;0;0;0;;10;low;skipped;0;2026-04-22 02:35:05;2026-04-22 02:35:05
7584791899;Мирон;bxlbreosrBO;rabota_chaty1;;1;0;0;0;;25;low;;0;;2026-04-22 02:35:05
7586309866;ᅠ;nasilp;andrewgiftschat;;1;0;1;0;;35;low;;0;;2026-04-22 02:35:05
7587294302;Masha;Dustin_Lucas_Will_Mike_Me_Hawkin;andrewgiftschat;;1;0;0;0;;25;low;;0;;2026-04-22 02:35:05
7587538502;;;rabota_chaty1;;1;0;0;0;;10;low;skipped;0;2026-04-22 02:35:05;2026-04-22 02:35:05
7589711881;Руслан;;rabota_chaty1;;1;0;0;0;;10;low;skipped;0;2026-04-22 02:35:05;2026-04-22 02:35:05
7589720747;Pepe;oxxzzy;laravel_pro;I'm Pepe;1;8;1;0;;60;medium;;0;;2026-04-22 02:35:05
7590129037;Владимир;VladimirLebedev_c;rabota_chaty1;;1;0;1;0;;35;low;;0;;2026-04-22 02:35:05
7590231164;Dzianis;asmodeyby;laravel_pro;;1;0;0;0;;25;low;;0;;2026-04-22 02:35:05
7594218444;Смородина/;vikksmrr;andrewgiftschat;-𝐓𝐡𝐞 𝐩𝐫𝐞𝐭𝐭𝐢𝐞𝐬𝐭 𝗯𝐨𝐲 𝐈𝐯𝐞 𝐞𝐯𝐞𝐫 𝐬𝐞𝐞𝐧 @sapph1ra_v;1;44;1;0;;65;high;;0;;2026-04-22 02:35:05
7595140361;🪽;kiisylecka;andrewgiftschat;;1;0;0;0;;25;low;;0;;2026-04-22 02:35:05
7595386062;saa🌿;Nopa00;andrewgiftschat;;1;0;0;0;;25;low;;0;;2026-04-22 02:35:05
7595498310;;;rabota_chaty1;;1;0;0;0;;10;low;skipped;0;2026-04-22 02:35:05;2026-04-22 02:35:05
7595910612;HA;;laravel_pro;;1;0;0;0;;10;low;skipped;0;2026-04-22 02:35:05;2026-04-22 02:35:05
7596564006;Руслан;;rabota_chaty1;;1;0;0;0;;10;low;skipped;0;2026-04-22 02:35:05;2026-04-22 02:35:05
7598335853;djjjeeeuu;daswertytg;andrewgiftschat;.;1;1;0;0;;50;medium;;0;;2026-04-22 02:35:05
7598471727;Txxbture;;rabota_chaty1;;1;0;0;0;;10;low;skipped;0;2026-04-22 02:35:05;2026-04-22 02:35:05
7598540177;ᅠ;;andrewgiftschat;;1;0;0;0;;10;low;skipped;0;2026-04-22 02:35:05;2026-04-22 02:35:05
7599461302;;;rabota_chaty1;;1;0;0;0;;10;low;skipped;0;2026-04-22 02:35:05;2026-04-22 02:35:05
7600733781;Клоун Маньяков;gonacev;andrewgiftschat;я папочка всех сучек 𝄞. discuss the $workings user ton !;1;56;1;0;;65;high;;0;;2026-04-22 02:35:05
7601187221;шпион #GOD;Lykazz1;andrewgiftschat;;1;0;1;0;;35;low;;0;;2026-04-22 02:35:05
7601549813;....;Slava677667;andrewgiftschat;...;1;3;1;0;;60;medium;;0;;2026-04-22 02:35:05
7602323249;морфий;morfiygarant;andrewgiftschat;morfiy garant 2% | rep: @belgianft | скупаю ваши подарки | сверяй тег;1;69;1;0;;65;high;;0;;2026-04-22 02:35:05
7605155550;;;rabota_chaty1;;1;0;0;0;;10;low;skipped;0;2026-04-22 02:35:05;2026-04-22 02:35:05
7606473109;qweuts;qweuts7;andrewgiftschat;.;1;1;1;0;;60;medium;;0;;2026-04-22 02:35:05
7607516314;Angell;llzaenkall;andrewgiftschat;;1;0;1;0;;35;low;;0;;2026-04-22 02:35:05
7607547895;🧑🏻‍🦲;skittelsc;andrewgiftschat;;1;0;1;0;;35;low;;0;;2026-04-22 02:35:05
7608275213;𓆩𝕶𝖗𝖎𝖘𝖙𝖎𝖓𝖆𓆪;nrr1xxxi;andrewgiftschat;;1;0;0;0;;25;low;;0;;2026-04-22 02:35:05
7608501891;𝐄𝐑𝐙𝐎𝐎𝐍;erzoon;andrewgiftschat;Infidelity is one of the worst sins of humanity | SpamBlock - @Erz00n_bot;1;73;1;0;;65;high;;0;;2026-04-22 02:35:05
7609100184;•;liyer_kus;andrewgiftschat;🦧;1;1;1;0;;60;medium;;0;;2026-04-22 02:35:05
7609349276;;;rabota_chaty1;;1;0;0;0;;10;low;skipped;0;2026-04-22 02:35:05;2026-04-22 02:35:05
7609814720;;;rabota_chaty1;;1;0;0;0;;10;low;skipped;0;2026-04-22 02:35:05;2026-04-22 02:35:05
7610211457;Юлия;diiu13;rabota_chaty1;;1;0;1;0;;35;low;;0;;2026-04-22 02:35:05
7610308397;Татьяна 🎨 28;;rabota_chaty1;;1;0;1;0;;20;low;skipped;0;2026-04-22 02:35:05;2026-04-22 02:35:05
7614645248;Formula 1;mirrors_house_speed;andrewgiftschat;;1;0;1;0;;35;low;;0;;2026-04-22 02:35:05
7615017020;Ирина;;rabota_chaty1;https://t.me/+rYCeDWKtExU4ZDYy;1;30;1;0;;45;medium;skipped;0;2026-04-22 02:35:05;2026-04-22 02:35:05
7615065019;Koreshok;tg_user_tg_user;andrewgiftschat;;1;0;1;0;;35;low;;0;;2026-04-22 02:35:05
7615736963;Павел Тонов;PaulTonov;andrewgiftschat;;1;0;1;0;;35;low;;0;;2026-04-22 02:35:05
7616863231;wrk;ebanushkin;andrewgiftschat;✔️;1;2;1;0;;60;medium;;0;;2026-04-22 02:35:05
7617070996;Артур;kvbkjhbjhb;rabota_chaty1;;1;0;0;0;;25;low;;0;;2026-04-22 02:35:05
7617701291;タカタ 🌷;Yaponiiyaa;andrewgiftschat;Сеул;1;4;1;0;;60;medium;;0;;2026-04-22 02:35:05
7618226838;任 | ш1пy4kа.! .;Moon_lezzy;andrewgiftschat;"ᴇᴄᴧи чᴛᴏ, бᴇɜ ʍᴏнᴇᴛᴏчᴋи нᴇ жиᴛь, и бᴇɜ "" ᴇ "" ᴛᴏжн 🍥💞 (⁠^⁠^⁠)";1;60;1;0;;65;high;;0;;2026-04-22 02:35:05
7619037511;zxcvbnm;;rabota_chaty1;;1;0;0;0;;10;low;skipped;0;2026-04-22 02:35:05;2026-04-22 02:35:05
7619077423;Закон Мёрфи;Dotaro_kudo2;andrewgiftschat;Если что-то должно пойти не так, оно пойдет не так;1;50;1;0;;65;high;;0;;2026-04-22 02:35:05
7619695072;𝒊;ivannka_chess;andrewgiftschat;dreams don't work unless you do;1;31;1;0;;60;medium;;0;;2026-04-22 02:35:05
7620343843;𝐅𝐫𝐚𝐳𝐞;Frazzze;andrewgiftschat;𝑺𝑻𝑨𝒀 𝑯𝑨𝑹𝑫! 🍀 - @KittyMars;1;25;1;0;;60;medium;;0;;2026-04-22 02:35:05
7621948666;992;retah_k;andrewgiftschat;мы навсекда;1;11;1;0;;60;medium;;0;;2026-04-22 02:35:05
7621986953;𝕲𝖍𝖔𝖘𝖙;Diablaxxb;andrewgiftschat;"""Hard work doesn't always guarantee success""";1;44;1;0;;65;high;;0;;2026-04-22 02:35:05
7622024996;frosty_072;frosty_072;andrewgiftschat;тгк: https://t.me/hatafrosty_072;1;32;1;0;;60;medium;;0;;2026-04-22 02:35:05
7623226599;¯\_(ツ)_/¯AZER¯\_(ツ)_/¯;NeyAzer;andrewgiftschat;Visca el barça;1;14;1;0;;60;medium;;0;;2026-04-22 02:35:05
7624700585;Артур;Artop_21;andrewgiftschat;;1;0;0;0;;25;low;;0;;2026-04-22 02:35:05
7628847862;Bur;filpipp;rabota_chaty1;Стримы и розыгрыши @mihuliotg;1;29;1;0;;60;medium;;0;;2026-04-22 02:35:05
7630252798;;;rabota_chaty1;;1;0;0;0;;10;low;skipped;0;2026-04-22 02:35:05;2026-04-22 02:35:05
7630491249;Manager;manager_1313;andrewgiftschat;всё потихонечку;1;15;0;0;;50;medium;;0;;2026-04-22 02:35:05
7630706739;Жора;;rabota_chaty1;;1;0;1;0;;20;low;skipped;0;2026-04-22 02:35:05;2026-04-22 02:35:05
7630977284;;;rabota_chaty1;;1;0;0;0;;10;low;skipped;0;2026-04-22 02:35:05;2026-04-22 02:35:05
7631920907;𝙵𝚛𝟷𝚣𝚣𝚈𝚔𝚜;Fr1zzyks;andrewgiftschat;勇気を持つ者は決して無力ではない;1;16;1;0;;60;medium;;0;;2026-04-22 02:35:05
7632237431;Владимир;D1as_02;rabota_chaty1;;1;0;0;0;;25;low;;0;;2026-04-22 02:35:05
7633158474;𝙇𝙤𝙖𝙙𝙞𝙣𝙜...;FeykXD;andrewgiftschat;#БезНфтОтИндиго;1;15;1;0;;60;medium;;0;;2026-04-22 02:35:05
7633946547;⋆𝓜𝓸𝓸𝓷⋆🍀;Tiger_rarr;andrewgiftschat;;1;0;0;0;;25;low;;0;;2026-04-22 02:35:05
7635412027;Софья;nazsoni;rabota_chaty1;;1;0;1;0;;35;low;;0;;2026-04-22 02:35:05
7638666526;Jahongir;;andrewgiftschat;@AdvanceStars_Bot - первый игровой бот на телеграм звезды 🌟;1;59;1;0;;50;medium;skipped;0;2026-04-22 02:35:05;2026-04-22 02:35:05
7639756180;Николай;M4gnetic;laravel_pro;;1;0;1;0;;35;low;;0;;2026-04-22 02:35:05
7642710613;#Pin.0к;SadP1geon;andrewgiftschat;Ѧⴼⵤⵟⴷ ᗐⵟगⵖⵟⵜ ᗑⵔЁ ⵍᗑⴳ, ⴼⵔⵖѣⵚ ⴳ ⵜⵟᎮⴳⵚ ⵎⵜᎮѦⵋ. @Kilka5115;1;53;1;0;;65;high;;0;;2026-04-22 02:35:05
7643396557;KAYF;Tezz_Borzov;andrewgiftschat;Писать по делу;1;14;1;0;;60;medium;;0;;2026-04-22 02:35:05
7643548683;Ибрагим;;rabota_chaty1;;1;0;0;0;;10;low;skipped;0;2026-04-22 02:35:05;2026-04-22 02:35:05
7647553363;Полинко🫦🫰🏻;polinkaxxn;andrewgiftschat;;1;0;1;0;;35;low;;0;;2026-04-22 02:35:05
7648462354;#tvoypovelitel;tvoypovelitell;andrewgiftschat;;1;0;0;0;;25;low;;0;;2026-04-22 02:35:05
7648993176;🤩Иришка🪽;irana696;rabota_chaty1;;1;0;1;0;;35;low;;0;;2026-04-22 02:35:05
7650399329;Aiden;lifechatadmin;python_ru;ИИ-психолог из @lifechattalk Слушаю, поддерживаю, не осуждаю;1;60;1;0;;65;high;;0;;2026-04-22 02:35:05
7651761979;;;rabota_chaty1;;1;0;0;0;;10;low;skipped;0;2026-04-22 02:35:05;2026-04-22 02:35:05
7652544565;𝐬𝐜𝐤𝐢𝐭𝐥𝐞𝐬;sckitles;andrewgiftschat;игнор 2 часа и более - дублируй;1;31;1;0;;60;medium;;0;;2026-04-22 02:35:05
7653897651;♥️?;Kpuc228;andrewgiftschat;Последний медленный танец @raccoonsww @evk_11_shalavk @Dyrkadibilka44;1;69;1;0;;65;high;;0;;2026-04-22 02:35:05
7655714959;<3;Nionzert;andrewgiftschat;;1;0;1;0;;35;low;;0;;2026-04-22 02:35:05
7656516499;Baby Tory;izabella55;rabota_chaty1;;1;0;1;0;;35;low;;0;;2026-04-22 02:35:05
7657563279;Даниил;frolinii;python_ru;Co-founder & CEO | Riki Freelance;1;33;1;0;;60;medium;;0;;2026-04-22 02:35:05
7657725031;аааа;cupsize1233;andrewgiftschat;ⲇⲉⲧⲕⲁ ⲡⲉⲣⲉⲥⲧⲁⲏь υⲅⲣⲁⲧь ⲥ ⲙⲟⲉύ ⳝⲟⲗьⲏⲟύ ⲅⲟⲗⲟⲃⲟύ-ⲟύ @madkid111///Под защитой — @cislog;1;83;1;0;;65;high;;0;;2026-04-22 02:35:05
7658037732;виталик;ma_rs185;andrewgiftschat;@UGSGAME;1;8;1;0;;60;medium;;0;;2026-04-22 02:35:05
7659025626;.;yebok49;andrewgiftschat;;1;0;0;0;;25;low;;0;;2026-04-22 02:35:05
7660045737;Лёнчик;;rabota_chaty1;;1;0;0;0;;10;low;skipped;0;2026-04-22 02:35:05;2026-04-22 02:35:05
7660324089;çYmrå³;cymra3;andrewgiftschat;𓁈𓁉𓀀𓀁 𓀃𓀄𓀅𓀆𓀇𓀈𓀉𓀊𓀋𓀌𓀍𓀎𓀏𓀐𓀑𓀒𓀓𓀔𓀕𓀖𓀗𓀘𓀙𓀚𓀛𓀜𓀝𓀞𓀟;1;34;1;0;;60;medium;;0;;2026-04-22 02:35:05
7661453221;Пальмуг бэбэ#KTN #s1k #гений #миллиардер #филантроп;Niggergei;andrewgiftschat;Ыыыы цитата с шрифтом необычным типо ыыыы отметка ыыыы;1;54;1;0;;65;high;;0;;2026-04-22 02:35:05
7661647051;Миха;;rabota_chaty1;;1;0;0;0;;10;low;skipped;0;2026-04-22 02:35:05;2026-04-22 02:35:05
7662047556;;;tproger_chat;;1;0;0;0;;10;low;skipped;0;2026-04-22 02:35:05;2026-04-22 02:35:05
7662912038;Вика;SSSVIKATSSS;andrewgiftschat;-зелёные глаза, так смотришь на меня @D444IMA;1;45;1;0;;65;high;;0;;2026-04-22 02:35:05
7663147048;🍀Віктор🍀🐍;ViktorKVP;andrewgiftschat;;1;0;1;0;;35;low;;0;;2026-04-22 02:35:05
7663378953;;;rabota_chaty1;;1;0;0;0;;10;low;skipped;0;2026-04-22 02:35:05;2026-04-22 02:35:05
7663515462;ACE-CODM-WEST @GiftStarsin;BEPXOBHblu_nPABuTEJb;andrewgiftschat;@UGSGAME @gminesbot;1;19;1;0;;60;medium;;0;;2026-04-22 02:35:05
7664714181;Ёжик СИБИРЯК;DRaGmurs;andrewgiftschat;;1;0;1;0;;35;low;;0;;2026-04-22 02:35:05
7664948396;;;rabota_chaty1;;1;0;0;0;;10;low;skipped;0;2026-04-22 02:35:05;2026-04-22 02:35:05
7666103834;.#mlo;;andrewgiftschat;✨;1;1;0;0;;35;low;skipped;0;2026-04-22 02:35:05;2026-04-22 02:35:05
7666866280;Djkevoo;Anhell30j;laravel_pro;;1;0;0;0;;25;low;;0;;2026-04-22 02:35:05
7667346694;.;oy_ragem;andrewgiftschat;;1;0;1;0;;35;low;;0;;2026-04-22 02:35:05
7667638812;Пётр;pitrohuitro2922;laravel_pro;Нaчинaй зaрaбатывaть вместе c нaми: @QuotexW_bot;1;48;1;0;;65;high;;0;;2026-04-22 02:35:05
7668497046;A1777;;rabota_chaty1;;1;0;0;0;;10;low;skipped;0;2026-04-22 02:35:05;2026-04-22 02:35:05
7668499904;WorkiSs;Floriksis;andrewgiftschat;;1;0;1;0;;35;low;;0;;2026-04-22 02:35:05
7668590363;Ваня;VanyaAntonov74;rabota_chaty1;;1;0;1;0;;35;low;;0;;2026-04-22 02:35:05
7668987455;𝚕𝚎𝚛𝚖𝚘𝚗𝚝𝚘𝚟;lermnot;andrewgiftschat;;1;0;1;0;;35;low;;0;;2026-04-22 02:35:05
7669861174;Машкинс;xxmashaxanax;rabota_chaty1;цены здесь https://t.me/mashaesxe;1;33;1;0;;60;medium;;0;;2026-04-22 02:35:05
7671499194;фрукис;genomov;andrewgiftschat;;1;0;1;0;;35;low;;0;;2026-04-22 02:35:05
7671809334;;;rabota_chaty1;;1;0;0;0;;10;low;skipped;0;2026-04-22 02:35:05;2026-04-22 02:35:05
7672865866;Retttrerss;bonehead_Baetuli;rabota_chaty1;;1;0;1;0;;35;low;;0;;2026-04-22 02:35:05
7673174144;Crow;DioCrow;andrewgiftschat;;1;0;1;0;;35;low;;0;;2026-04-22 02:35:05
7673691213;;;rabota_chaty1;;1;0;0;0;;10;low;skipped;0;2026-04-22 02:35:05;2026-04-22 02:35:05
7673917257;່;Medinixk;andrewgiftschat;;1;0;1;0;;35;low;;0;;2026-04-22 02:35:05
7675175932;Roman;Y010_1;laravel_pro;;1;0;0;0;;25;low;;0;;2026-04-22 02:35:05
7675197202;Несс;swatvay;andrewgiftschat;;1;0;1;0;;35;low;;0;;2026-04-22 02:35:05
7677703920;Олеся;;rabota_chaty1;;1;0;1;0;;20;low;skipped;0;2026-04-22 02:35:05;2026-04-22 02:35:05
7677955812;;;rabota_chaty1;;1;0;0;0;;10;low;skipped;0;2026-04-22 02:35:05;2026-04-22 02:35:05
7677981424;@𝗝𝗲𝗻𝘀𝗲𝘁𝘁𝗲𝗿🪽;nightmares_qwq;andrewgiftschat;;1;0;1;0;;35;low;;0;;2026-04-22 02:35:05
7678915063;Аня;;andrewgiftschat;;1;0;1;0;;20;low;skipped;0;2026-04-22 02:35:05;2026-04-22 02:35:05
7680411756;Юлия;jquy1;rabota_chaty1;;1;0;1;0;;35;low;;0;;2026-04-22 02:35:05
7681669756;𝓒𝓻𝓮𝓹𝓹𝔂𝓚𝓪𝓽 #CreppyGifts;PcKat;andrewgiftschat;Просто Кот;1;10;1;0;;60;medium;;0;;2026-04-22 02:35:05
7682237274;Tonchik;BYBIT000000;andrewgiftschat;https://t.me/patrickstarsrobot?start=7682237274;1;47;0;0;;55;medium;;0;;2026-04-22 02:35:05
7682463533;Нелли;;rabota_chaty1;;1;0;1;0;;20;low;skipped;0;2026-04-22 02:35:05;2026-04-22 02:35:05
7686229055;JUTER;Cteret;andrewgiftschat;Stand ready for my arrival worm.;1;32;1;0;;60;medium;;0;;2026-04-22 02:35:05
7687310612;кисаин;kisaiiinzD;andrewgiftschat;любовь одна а грамма два 🌿;1;26;0;0;;50;medium;;0;;2026-04-22 02:35:05
7687622994;ane4ka🎭;sab11ch;andrewgiftschat;☝🏻☝🏻;1;4;1;0;;60;medium;;0;;2026-04-22 02:35:05
7687937095;𝗦𝗦𝗖 𝗧𝗨𝗔𝗧𝗔𝗥𝗔.;VioletSongJatShariff;andrewgiftschat;even if you're not with me, i'm with you|ОБО МНЕ @bioendresultlife.;1;67;1;0;;65;high;;0;;2026-04-22 02:35:05
7687972026;;;rabota_chaty1;;1;0;0;0;;10;low;skipped;0;2026-04-22 02:35:05;2026-04-22 02:35:05
7689819778;Ваша мать;Im_core;andrewgiftschat;;1;0;1;0;;35;low;;0;;2026-04-22 02:35:05
7692272208;⚜️Журавлик🃏;Rehonya;andrewgiftschat;Headshot baby! @me_avelon;1;25;0;0;;50;medium;;0;;2026-04-22 02:35:05
7693107166;СОФА;RAEWDD;andrewgiftschat;ℰ𝓃𝓉𝓇𝑒 𝓂𝒾𝓁, 𝓉𝑒 𝑒𝓃𝒾𝒿𝑜 𝒶 𝓉𝒾;1;24;1;0;;60;medium;;0;;2026-04-22 02:35:05
7693530736;Просто я❤️‍🔥;highfrequencies1;andrewgiftschat;;1;0;1;0;;35;low;;0;;2026-04-22 02:35:05
7694222607;Игорь;sslg222;python_ru;;1;0;1;0;;35;low;;0;;2026-04-22 02:35:05
7694461553;Бана нет;;rabota_chaty1;@BG28shop_bot - то самый магазин;1;32;0;0;;35;low;skipped;0;2026-04-22 02:35:05;2026-04-22 02:35:05
7695669545;11:11 gang;for8ver_youngg;andrewgiftschat;http://t.me/anonaskbot?start=mef7mva анон смс;1;45;1;0;;65;high;;0;;2026-04-22 02:35:05
7696166507;🪽|𐔖ццᴧυᴧьᴋ𐔖⁴⁴#ᴛы•ɯ𐔤ᴇɯь;wiwiwi2121;andrewgiftschat;—ᴍᴇᴍᴏʀɪᴇs ɴᴇᴠᴇʀ ᴅᴀʏ|—ᴨᴩᴇдᴀᴛᴇᴧь однᴀжды - ᴨᴩᴇдᴀᴛᴇᴧь до ᴄᴀʍоᴦо ᴋонцᴀ;1;66;1;0;;65;high;;0;;2026-04-22 02:35:05
7696954002;Вор в законі 🇲🇽✊;thug_swag;andrewgiftschat;;1;0;1;0;;35;low;;0;;2026-04-22 02:35:05
7697662103;🇬🇧𝕯𝖊𝖕 𝕺𝖋𝖋𝖎𝖈𝖎𝖆𝖑 (TESCO GUARD)🇨🇵;dep_oficial_228;andrewgiftschat;tg://settings что тут такого интересного нашёл?;1;47;1;0;;65;high;;0;;2026-04-22 02:35:05
7697953494;#GDS kanae;GDS_kanae;andrewgiftschat;( @kanaebio • 𝗔𝗱𝗮𝗽𝘁𝗲𝗿📰). ( @kanaegarant • 𝗥𝗲𝘃𝗶𝗲𝘄𝘀 📰). ( @kanaeruchenia • 𝗥𝘂𝗰𝗵𝗲𝗻𝗶𝗲📰 ). ( https://t.me/NftPurchasesSales • 𝗠𝗮𝗿𝗸𝗲𝘁📰).;1;130;1;0;;70;high;;0;;2026-04-22 02:35:05
7698882768;;;rabota_chaty1;;1;0;0;0;;10;low;skipped;0;2026-04-22 02:35:05;2026-04-22 02:35:05
7699222265;child;;andrewgiftschat;;1;0;1;0;;20;low;skipped;0;2026-04-22 02:35:05;2026-04-22 02:35:05
7700157147;Катюша ❤️;;rabota_chaty1;;1;0;1;0;;20;low;skipped;0;2026-04-22 02:35:05;2026-04-22 02:35:05
7700439570;Лєра;;laravel_pro;;1;0;0;0;;10;low;skipped;0;2026-04-22 02:35:05;2026-04-22 02:35:05
7700840656;𝐒𝐡𝟏𝐳𝐮𝐤𝐢𝐢;Sh1zukii;andrewgiftschat;В потопе;1;8;1;0;;60;medium;;0;;2026-04-22 02:35:05
7701241653;;;rabota_chaty1;;1;0;0;0;;10;low;skipped;0;2026-04-22 02:35:05;2026-04-22 02:35:05
7701455445;;;rabota_chaty1;;1;0;0;0;;10;low;skipped;0;2026-04-22 02:35:05;2026-04-22 02:35:05
7702923450;..;Vaness_na_Bloko;andrewgiftschat;@AdvanceStars_Bot - первый игровой бот на телеграм звезды 🌟;1;59;1;0;;65;high;;0;;2026-04-22 02:35:05
7703768753;;;rabota_chaty1;;1;0;0;0;;10;low;skipped;0;2026-04-22 02:35:05;2026-04-22 02:35:05
7704315458;Саша;Sasha_Carber;andrewgiftschat;;1;0;0;0;;25;low;;0;;2026-04-22 02:35:05
7704875149;;;rabota_chaty1;;1;0;0;0;;10;low;skipped;0;2026-04-22 02:35:05;2026-04-22 02:35:05
7705703129;Arabjon;arabjon_n;laravel_pro;never give up on the goal;1;25;1;0;;60;medium;;0;;2026-04-22 02:35:05
7711098980;Peter;;laravel_pro;;1;0;0;0;;10;low;skipped;0;2026-04-22 02:35:05;2026-04-22 02:35:05
7711717200;;;rabota_chaty1;;1;0;0;0;;10;low;skipped;0;2026-04-22 02:35:05;2026-04-22 02:35:05
7711913527;Фудкорд кид;Dmitrie_228;andrewgiftschat;Ищу друзей.Всё время на приколе;1;31;1;0;;60;medium;;0;;2026-04-22 02:35:05
7713176044;;;rabota_chaty1;;1;0;0;0;;10;low;skipped;0;2026-04-22 02:35:05;2026-04-22 02:35:05
7714019304;Eric;nBetdMUmwa;rabota_chaty1;;1;0;0;0;;25;low;;0;;2026-04-22 02:35:05
7714254960;Мими;Kolomls;andrewgiftschat;;1;0;1;0;;35;low;;0;;2026-04-22 02:35:05
7714531204;Lin🎀;amiam2026;andrewgiftschat;;1;0;1;0;;35;low;;0;;2026-04-22 02:35:05
7715358488;ㅤㅤ;ilovemeafteru;andrewgiftschat;six seven - gazan;1;17;1;0;;60;medium;;0;;2026-04-22 02:35:05
7715487037;✝️;ragdolovsk;andrewgiftschat;;1;0;0;0;;25;low;;0;;2026-04-22 02:35:05
7716114798;sohhr;Locaky;andrewgiftschat;;1;0;0;0;;25;low;;0;;2026-04-22 02:35:05
7716207663;🦅;fruivxvj;andrewgiftschat;ⓘДанный аккаунт находится в федеральном розыске Российской Федерации.;1;69;1;0;;65;high;;0;;2026-04-22 02:35:05
7718307867;лирика;drynixaa;andrewgiftschat;;1;0;1;0;;35;low;;0;;2026-04-22 02:35:05
7719284898;Gag;GagJaan;andrewgiftschat;Ա Կորնթացիներին 13:8;1;20;1;0;;60;medium;;0;;2026-04-22 02:35:05
7721811458;ᵇᵃⁿˢʰᵉᵉ;b1nsheex;andrewgiftschat;;1;0;1;0;;35;low;;0;;2026-04-22 02:35:05
7723781316;марганцовка;ritaaaRik;andrewgiftschat;мотяун лох http://t.me/voprosy?start=hf46h;1;42;0;0;;55;medium;;0;;2026-04-22 02:35:05
7724974372;Стас;stasrobaus;andrewgiftschat;;1;0;1;0;;35;low;;0;;2026-04-22 02:35:05
7726250405;@calizeu СКУП NFT;calizeu;andrewgiftschat;репа https://t.me/calizeu2, топ доверие-5000₽;1;45;1;0;;65;high;;0;;2026-04-22 02:35:05
7727042625;Moder;moder_08;andrewgiftschat;Живой игровой чатик https://t.me/Gambling_XC @AdvanceStars_Bot - первый игровой бот на телеграм звезды 🌟;1;104;1;0;;65;high;;0;;2026-04-22 02:35:05
7727166365;Smith Anthony SUI🐦🍅| Drops💧| Drops💧;smithanthonycu540;rabota_chaty1;;1;0;0;0;;25;low;;0;;2026-04-22 02:35:05
7728326477;#анри<3⁬⁯⁬ #cла6осtь;camobylling;andrewgiftschat;;1;0;1;0;;35;low;;0;;2026-04-22 02:35:05
7728556585;𝕯𝖆𝖗𝖐 𝕬𝖓𝖌𝖊𝖑;Round_In;andrewgiftschat;My life my rules;1;16;1;0;;60;medium;;0;;2026-04-22 02:35:05
7729475824;Менеджер по рекламе;errr_52;rabota_chaty1;;1;0;1;0;;35;low;;0;;2026-04-22 02:35:05
7730734683;;;rabota_chaty1;;1;0;0;0;;10;low;skipped;0;2026-04-22 02:35:05;2026-04-22 02:35:05
7731181739;ꜱʜᴀᴅᴏᴡʟᴏʀᴅ || 10.24.25…;Shadiklord;andrewgiftschat;Penelope, why? You know, I'm too embarrassed and scared. @PenelopeLady;1;70;1;0;;65;high;;0;;2026-04-22 02:35:05
7731985927;Sq1zik;Lellols;andrewgiftschat;+7 (977) 788-88-22;1;18;1;0;;60;medium;;0;;2026-04-22 02:35:05
7735816970;Andrew;sirandrewgotham;laravel_pro;https://t.me/FotoEsperanta | https://t.me/RetejoEsperanta;1;57;1;0;;65;high;;0;;2026-04-22 02:35:05
7736174925;Wort3x 艾艾;wort3xs;andrewgiftschat;смотрю в твои глаза я готов в них утонуть;1;41;0;0;;55;medium;;0;;2026-04-22 02:35:05
7737987710;Sant1zzy;;andrewgiftschat;;1;0;0;0;;10;low;skipped;0;2026-04-22 02:35:05;2026-04-22 02:35:05
7738640554;Егор;;laravel_pro;;1;0;0;0;;10;low;skipped;0;2026-04-22 02:35:05;2026-04-22 02:35:05
7740634181;Федот;JlBLHk;rabota_chaty1;;1;0;1;0;;35;low;;0;;2026-04-22 02:35:05
7741280536;⎯ ﹫.˚ · .𝙖𝙡𝙚𝙭𝙭𝙣𝙦𝙬.✧˚ · . #русастая;alexxnqw;andrewgiftschat;;1;0;1;0;;35;low;;0;;2026-04-22 02:35:05
7741283825;Андрей;;rabota_chaty1;Скоро новый год Заработай с нами - https://t.me/+nwDNnyA9q5gyNGMy;1;65;1;0;;50;medium;skipped;0;2026-04-22 02:35:05;2026-04-22 02:35:05
7742047819;ʀ૯੮κɑ[she/her];Molly_437durr;andrewgiftschat;—мне давно был нужен покой @BBrya1oX_7768<3| @infomolly1 durr✌🏻✌🏻;1;65;1;0;;65;high;;0;;2026-04-22 02:35:05
7746617431;Relouds;freakRelouds;andrewgiftschat;;1;0;1;0;;35;low;;0;;2026-04-22 02:35:05
7748191876;Артём;NFTnodarok2805;andrewgiftschat;Пиши сразу в чëм твой вопрос, бот по покупке звëзд @TemkaDarit_bot;1;66;1;0;;65;high;;0;;2026-04-22 02:35:05
7749141054;雨;KPYTA9I_DEBO4KA;tproger_chat;executed;1;8;1;0;;60;medium;;0;;2026-04-22 02:35:05
7750002016;Ангелина;;rabota_chaty1;https://t.me/+ZeaDIx9GKxlhOTAy;1;30;1;0;;45;medium;skipped;0;2026-04-22 02:35:05;2026-04-22 02:35:05
7751620429;Elitist.bakers.;;laravel_pro;;1;0;0;0;;10;low;skipped;0;2026-04-22 02:35:05;2026-04-22 02:35:05
7751689631;DEF OZON;weterok_45;rabota_chaty1;;1;0;1;0;;35;low;;0;;2026-04-22 02:35:05
7753663853;alalya;alalya777;andrewgiftschat;;1;0;0;0;;25;low;;0;;2026-04-22 02:35:05
7753987487;Алексей;TheFreakingturkey;tproger_chat;;1;0;0;0;;25;low;;0;;2026-04-22 02:35:05
7754116757;дашуля 🖤;dashylya001234;rabota_chaty1;"Отвечаю на ""Скинь прайс"" ❤️ 16";1;30;1;0;;60;medium;;0;;2026-04-22 02:35:05
7755024752;Равиля;;rabota_chaty1;;1;0;0;0;;10;low;skipped;0;2026-04-22 02:35:05;2026-04-22 02:35:05
7758601947;𝗫𝗣𝗔𝗠𝗢𝗕🇷🇺𓆩†𓆪𝗦𝗢𝗭𝗗𝗔𝗡𝗘𓆩†𓆪ᴩᴀдиоᴀᴋᴛиʙный🇷🇺𓄀𝘋𝘌𝘈𝘕𝘖𝘕𓄀🇷🇺;terroristt_com;andrewgiftschat;;1;0;1;0;;35;low;;0;;2026-04-22 02:35:05
7760157469;Ярослав;yarops;laravel_pro;;1;0;1;0;;35;low;;0;;2026-04-22 02:35:05
7760284589;ллилья;;andrewgiftschat;;1;0;0;0;;10;low;skipped;0;2026-04-22 02:35:05;2026-04-22 02:35:05
7761244360;;;tproger_chat;;1;0;0;0;;10;low;skipped;0;2026-04-22 02:35:05;2026-04-22 02:35:05
7762241345;Диана;Dikwii0;andrewgiftschat;Тгк https://t.me/+QM0ZHxlaAF85ZjRi;1;34;1;0;;60;medium;;0;;2026-04-22 02:35:05
7762757607;Exlent;ocoul;andrewgiftschat;;1;0;0;0;;25;low;;0;;2026-04-22 02:35:05
7767288217;𓍼♯𝘯𝘪𝘳𝘢𝘨𝘪𝘺𝘰𝘢†|’ (eggorkkswi);rujiwerw;andrewgiftschat;𝘪𝘧 𝘺𝘰𝘶 𝘥𝘪𝘦, 𝘪 𝘥𝘪𝘦. тт - @pomidkjthg9 , @wewsml02;1;48;1;0;;65;high;;0;;2026-04-22 02:35:05
7767794664;Ксения;uth21z;rabota_chaty1;;1;0;1;0;;35;low;;0;;2026-04-22 02:35:05
7769937301;Cynthia;;tproger_chat;;1;0;0;0;;10;low;skipped;0;2026-04-22 02:35:05;2026-04-22 02:35:05
7770308821;;;rabota_chaty1;;1;0;0;0;;10;low;skipped;0;2026-04-22 02:35:05;2026-04-22 02:35:05
7770808680;Сергей;chijkr;rabota_chaty1;;1;0;0;0;;25;low;;0;;2026-04-22 02:35:05
7771234944;;;rabota_chaty1;;1;0;0;0;;10;low;skipped;0;2026-04-22 02:35:05;2026-04-22 02:35:05
7772072474;𝘾𝙝𝙩𝙤𝙩𝙊;fifosood;andrewgiftschat;𝘋𝘰 𝘵𝘩𝘦𝘺 𝘬𝘯𝘰𝘸 𝘐’𝘮 𝘵𝘪𝘳𝘦𝘥 𝘰𝘧 𝘵𝘩𝘦 𝘯𝘦𝘨𝘢𝘵𝘪𝘷𝘪𝘵𝘺 𝘢𝘯𝘥 𝘯𝘰𝘪𝘴𝘦? @IFF_FM1@akilovee🔆;1;70;1;0;;65;high;;0;;2026-04-22 02:35:05
7772164458;Bytcooooo;BytcoOrig;rabota_chaty1;Чел с авой утки @geskode;1;24;1;0;;60;medium;;0;;2026-04-22 02:35:05
7773013270;;;rabota_chaty1;;1;0;0;0;;10;low;skipped;0;2026-04-22 02:35:05;2026-04-22 02:35:05
7777182801;까지 𓏺 Iwan [𖤓] ⌗𝘪𝘯𝘵𝘫 이반틸라 𖹭;Asahik3;andrewgiftschat;;1;0;1;0;;35;low;;0;;2026-04-22 02:35:05
7777209366;Rorarin;xAZhWx;rabota_chaty1;;1;0;0;0;;25;low;;0;;2026-04-22 02:35:05
7777595671;Tobi;tobiorrlandoo;rabota_chaty1;;1;0;0;0;;25;low;;0;;2026-04-22 02:35:05
7778681114;;;rabota_chaty1;;1;0;0;0;;10;low;skipped;0;2026-04-22 02:35:05;2026-04-22 02:35:05
7779454588;Алёна;pYfFju3BKB;rabota_chaty1;Нижний Новгород. Фотограф Канал @loves5mona;1;43;1;0;;65;high;;0;;2026-04-22 02:35:05
7779558033;Илья;ilia_bazhenov25;laravel_pro;Спокойствие — тоже сила;1;23;1;0;;60;medium;;0;;2026-04-22 02:35:05
7779691464;СМОТРИ ПРОФИЛЬ;;rabota_chaty1;Водительские права за 10 дней!;1;30;1;0;;45;medium;skipped;0;2026-04-22 02:35:05;2026-04-22 02:35:05
7780127133;;;rabota_chaty1;;1;0;0;0;;10;low;skipped;0;2026-04-22 02:35:05;2026-04-22 02:35:05
7780880615;Luana;Applesdesolates;rabota_chaty1;852523;1;6;0;0;;50;medium;;0;;2026-04-22 02:35:05
7781406925;Диана;;rabota_chaty1;;1;0;1;0;;20;low;skipped;0;2026-04-22 02:35:05;2026-04-22 02:35:05
7782226723;ᴍᴀsʜᴋs✧;maynomy;andrewgiftschat;я ты 2 судьбы, что одной стать не смогли;1;40;0;0;;55;medium;;0;;2026-04-22 02:35:05
7783706614;Sasha M;;tproger_chat;;1;0;0;0;;10;low;skipped;0;2026-04-22 02:35:05;2026-04-22 02:35:05
7784145180;ㅤㅤ ㅤㅤ ㅤ ㅤㅤ ㅤㅤ ㅤ ㅤ ㅤㅤ ㅤㅤ ㅤㅤㅤㅤ ㅤ;KREST_len;andrewgiftschat;sʜᴇ ᴋᴇᴇᴘs ᴏɴ ᴛᴇxᴛɪɴ' ᴍᴇ, ᴅᴏ ɪ ʟɪᴋᴇ ʜᴇʀ? ɴᴏ, ᴅᴇ;1;46;0;0;;55;medium;;0;;2026-04-22 02:35:05
7785697721;;;rabota_chaty1;;1;0;0;0;;10;low;skipped;0;2026-04-22 02:35:05;2026-04-22 02:35:05
7787993364;;;rabota_chaty1;;1;0;0;0;;10;low;skipped;0;2026-04-22 02:35:05;2026-04-22 02:35:05
7789080281;67 iq;Lekwq1lill;andrewgiftschat;Моя главная лп @dontalkatme♥️;1;29;1;0;;60;medium;;0;;2026-04-22 02:35:05
7791225720;Юля;You_LL1;rabota_chaty1;;1;0;1;0;;35;low;;0;;2026-04-22 02:35:05
7791831471;Dmitriy;semantist_mic;laravel_pro;;1;0;1;0;;35;low;;0;;2026-04-22 02:35:05
7792056988;;;rabota_chaty1;;1;0;0;0;;10;low;skipped;0;2026-04-22 02:35:05;2026-04-22 02:35:05
7793984619;Ch4nce. #Well;ChaNc3_L;andrewgiftschat;— дᴀ, ʍы ᴩᴀзныᴇ ᴨиздᴇц, но до чᴇᴦо жᴇ ᴄ ᴛобой ᴋᴩуᴛо - @imcrucifiedd !!;1;70;1;0;;65;high;;0;;2026-04-22 02:35:05
7795029377;.;unlased;andrewgiftschat;гуччи флип флап;1;15;1;0;;60;medium;;0;;2026-04-22 02:35:05
7795600190;🥷;PuYiwNp;andrewgiftschat;;1;0;1;0;;35;low;;0;;2026-04-22 02:35:05
7796629104;;;rabota_chaty1;;1;0;0;0;;10;low;skipped;0;2026-04-22 02:35:05;2026-04-22 02:35:05
7797974634;Виталий;vitaliefrem;rabota_chaty1;;1;0;1;0;;35;low;;0;;2026-04-22 02:35:05
7801828956;ʙᴄᴇʍоᴦущий ᴀɴɢᴇʟ;AngelokDeath;andrewgiftschat;;1;0;1;0;;35;low;;0;;2026-04-22 02:35:05
7803373723;Anthony;AnthonyRivera_h;rabota_chaty1;;1;0;0;0;;25;low;;0;;2026-04-22 02:35:05
7803747544;Вероника;;rabota_chaty1;https://t.me/+7ZF3eL1ICwk1ODJi;1;30;0;0;;35;low;skipped;0;2026-04-22 02:35:05;2026-04-22 02:35:05
7803897163;*;UoD21;laravel_pro;;1;0;1;0;;35;low;;0;;2026-04-22 02:35:05
7806165177;ㅤturelka;Turelka_rus;andrewgiftschat;;1;0;1;0;;35;low;;0;;2026-04-22 02:35:05
7808048383;Пиписька 🍀;Geroun_top4ik;andrewgiftschat;;1;0;1;0;;35;low;;0;;2026-04-22 02:35:05
7808162159;arseniykyzz;arskkkkkk;andrewgiftschat;;1;0;1;0;;35;low;;0;;2026-04-22 02:35:05
7809151501;Александр;;rabota_chaty1;;1;0;1;0;;20;low;skipped;0;2026-04-22 02:35:05;2026-04-22 02:35:05
7810554040;Фадей;sorriness2043;rabota_chaty1;;1;0;0;0;;25;low;;0;;2026-04-22 02:35:05
7810758396;ⲏⲁⲕⲩⲣⲉⲏⲏыύ ⲏⲉⳝⲉⲥⲏыύ @nanebesax;vladiknakuren;andrewgiftschat;тусуюсь на крестах.;1;19;1;0;;60;medium;;0;;2026-04-22 02:35:05
7811363085;woercat_джигга;woercat_gucci;andrewgiftschat;люблю _ @zaklepak;1;17;1;0;;60;medium;;0;;2026-04-22 02:35:05
7811394894;tatsumi | холод и апатия;exclus1veeg;andrewgiftschat;-I found your vibe, and I found my night, yeah @zxccazi 14 апреля на службу;1;75;1;0;;65;high;;0;;2026-04-22 02:35:05
7812319013;Ququboi;jujubol;laravel_pro;;1;0;0;0;;25;low;;0;;2026-04-22 02:35:05
7812479721;;;rabota_chaty1;;1;0;0;0;;10;low;skipped;0;2026-04-22 02:35:05;2026-04-22 02:35:05
7812536053;А;Balenclaga_partner;andrewgiftschat;;1;0;0;0;;25;low;;0;;2026-04-22 02:35:05
7813768449;meracleee;;andrewgiftschat;;1;0;0;0;;10;low;skipped;0;2026-04-22 02:35:05;2026-04-22 02:35:05
7814025388;Пип #пчела;Dfertil;andrewgiftschat;Куплю/продам нфт подарки по адекватным ценам!;1;45;1;0;;65;high;;0;;2026-04-22 02:35:05
7814402733;Ника;veraivanovna85;laravel_pro;;1;0;1;0;;35;low;;0;;2026-04-22 02:35:05
7815061902;;;rabota_chaty1;;1;0;0;0;;10;low;skipped;0;2026-04-22 02:35:05;2026-04-22 02:35:05
7815276668;Гелечка;;rabota_chaty1;;1;0;1;0;;20;low;skipped;0;2026-04-22 02:35:05;2026-04-22 02:35:05
7815511397;;;rabota_chaty1;;1;0;0;0;;10;low;skipped;0;2026-04-22 02:35:05;2026-04-22 02:35:05
7816307956;L͟o͟l͟i͟m͟ [ONIC]°•.[√]™ #[Legion];Jlayc;andrewgiftschat;BIO @Jlasv 🎭 my chat @Gift_lolimov ✉️ ├ 🔗 Ссылка: @Train_Games_Bot;1;66;1;0;;65;high;;0;;2026-04-22 02:35:05
7816471307;ᅠakyna_me;akyname;andrewgiftschat;— не хочу быть один, я хочу быть вдвоём @llisicshka ❤️‍🩹;1;56;1;0;;65;high;;0;;2026-04-22 02:35:05
7817128692;Михаил;;laravel_pro;;1;0;1;0;;20;low;skipped;0;2026-04-22 02:35:05;2026-04-22 02:35:05
7817561433;Алексей;alexey_marinin9;laravel_pro;QA ENGINEER | NSK +4 |10:00 - 16:00 MSK. 29 y.o. from Novosibirsk.;1;66;1;0;;65;high;;0;;2026-04-22 02:35:05
7818581185;;;rabota_chaty1;;1;0;0;0;;10;low;skipped;0;2026-04-22 02:35:05;2026-04-22 02:35:05
7821344768;Prince;Vicky_rajput8;rabota_chaty1;;1;0;0;0;;25;low;;0;;2026-04-22 02:35:05
7823062945;ПРАЙМ;GUFIK67;andrewgiftschat;от правды как от ломки, выворачивает плечи, вызов брошенный судьбе остался не отвеченым;1;87;0;0;;55;medium;;0;;2026-04-22 02:35:05
7823324683;𐔌՞ ܸ.ˬ.ܸ ՞𐦯;Ksy_spit3;andrewgiftschat;- It's so sweet, knowing that you love me @BARCELOHAA;1;53;1;0;;65;high;;0;;2026-04-22 02:35:05
7824481409;;;rabota_chaty1;;1;0;0;0;;10;low;skipped;0;2026-04-22 02:35:05;2026-04-22 02:35:05
7825191389;Ыыы;Ds_jif;andrewgiftschat;;1;0;1;0;;35;low;;0;;2026-04-22 02:35:05
7825630192;VENOME (скупаю каналы);uservenom3;andrewgiftschat;;1;0;1;0;;35;low;;0;;2026-04-22 02:35:05
7826252765;||チーズ||⊹˙✧;popka_kirieshka;andrewgiftschat;https://t.me/patrickstarsrobot?start=7826252765;1;47;1;0;;65;high;;0;;2026-04-22 02:35:05
7826620624;;;rabota_chaty1;;1;0;0;0;;10;low;skipped;0;2026-04-22 02:35:05;2026-04-22 02:35:05
7826662475;Дарина;sdfsfgdhfrj;rabota_chaty1;;1;0;1;0;;35;low;;0;;2026-04-22 02:35:05
7827197307;мишя🤠;abobusBpalto;andrewgiftschat;папино🦧;1;7;1;0;;60;medium;;0;;2026-04-22 02:35:05
7828035586;sg;sigaretnitsa;andrewgiftschat;ты поймешь мою ценность только тогда, когда меня уже не будет.;1;62;1;0;;65;high;;0;;2026-04-22 02:35:05
7828037728;romaluo;romaluo;andrewgiftschat;Опыт это имя, которое каждый даёт своим ошибкам;1;47;1;0;;65;high;;0;;2026-04-22 02:35:05
7828915581;даня;danchik052;andrewgiftschat;;1;0;1;0;;35;low;;0;;2026-04-22 02:35:05
7829158393;Jonnn;;laravel_pro;;1;0;0;0;;10;low;skipped;0;2026-04-22 02:35:05;2026-04-22 02:35:05
7829984569;Никита💎;nikitozz77wkkb;andrewgiftschat;🔸 Targeted ads, partnerships, and channel promotions.;1;53;1;0;;65;high;;0;;2026-04-22 02:35:05
7830057594;sv.2018;sv_Error;andrewgiftschat;2018;1;4;1;0;;60;medium;;0;;2026-04-22 02:35:05
7830693636;SAAD;haj_poldar;andrewgiftschat;;1;0;1;0;;35;low;;0;;2026-04-22 02:35:05
7830805631;ᖴᑕᗩᑌᖇᑌᗰXD ☻︎;NxstarFC;andrewgiftschat;୭̥⋆* ミ•𝙸𝚝'𝚜 𝚙𝚞𝚛𝚎 𝚕𝚘𝚟𝚎.‧⋆* ˚⋆*;1;29;1;0;;60;medium;;0;;2026-04-22 02:35:05
7834007341;Gucery;;rabota_chaty1;;1;0;0;0;;10;low;skipped;0;2026-04-22 02:35:05;2026-04-22 02:35:05
7834174096;Vikysuk;Vikysass;andrewgiftschat;https://t.me/patrickstarsrobot?start=7834174096;1;47;1;0;;65;high;;0;;2026-04-22 02:35:05
7834847746;Соня;son9sh;rabota_chaty1;;1;0;1;0;;35;low;;0;;2026-04-22 02:35:05
7835200507;Linda;;rabota_chaty1;https://t.me/+oJMKb4BS7ORmMTk6;1;30;1;0;;45;medium;skipped;0;2026-04-22 02:35:05;2026-04-22 02:35:05
7836180766;Дмитрий;profi_universe;laravel_pro;;1;0;1;0;;35;low;;0;;2026-04-22 02:35:05
7837996115;nasi;el1ky;andrewgiftschat;;1;0;1;0;;35;low;;0;;2026-04-22 02:35:05
7840392494;.;roma01111;laravel_pro;;1;0;1;0;;35;low;;0;;2026-04-22 02:35:05
7842130622;Disha666#MOMO♱;MYXA_OESS;andrewgiftschat;;1;0;1;0;;35;low;;0;;2026-04-22 02:35:05
7844205165;Alex;blackceilings;laravel_pro;;1;0;1;0;;35;low;;0;;2026-04-22 02:35:05
7847011811;Девочка;;rabota_chaty1;;1;0;1;0;;20;low;skipped;0;2026-04-22 02:35:05;2026-04-22 02:35:05
7847365316;Самоха;samohatolochev;rabota_chaty1;;1;0;1;0;;35;low;;0;;2026-04-22 02:35:05
7847504289;не мамонт.;paavo_durov;andrewgiftschat;инвестор тон с 2017;1;19;1;0;;60;medium;;0;;2026-04-22 02:35:05
7847684413;🎱;maska0301;andrewgiftschat;;1;0;0;0;;25;low;;0;;2026-04-22 02:35:05
7848167988;Divija;;rabota_chaty1;;1;0;0;0;;10;low;skipped;0;2026-04-22 02:35:05;2026-04-22 02:35:05
7849053800;Диана;dusikdina;rabota_chaty1;;1;0;0;0;;25;low;;0;;2026-04-22 02:35:05
7850098929;R;akidev1;laravel_pro;;1;0;0;0;;25;low;;0;;2026-04-22 02:35:05
7851372878;"Марк;) ⁶²+𝑟𝑒𝑣𝑖𝑒𝑤𝑠";markwwqw;andrewgiftschat;@AdvanceStars_Bot - первый игровой бот на телеграм звезды 🌟 @UGSGAME;1;68;1;0;;65;high;;0;;2026-04-22 02:35:05
7852248358;💗;alina_pppl;andrewgiftschat;;1;0;0;0;;25;low;;0;;2026-04-22 02:35:05
7853182228;JD;jdgarcia82;tproger_chat;;1;0;0;0;;25;low;;0;;2026-04-22 02:35:05
7853555759;pivozavr 🍺🦖#boo;cavicha;andrewgiftschat;;1;0;1;0;;35;low;;0;;2026-04-22 02:35:05
7855081922;Cwy;cwydopper;laravel_pro;;1;0;0;0;;25;low;;0;;2026-04-22 02:35:05
7855459893;смурф;smurf_garant;andrewgiftschat;топ дова 14700₽ | тока бока is sinay • роблокс удалила мне мама 💔 поздно ремень достал папа может донатить не надо по сто тыщ с кредитки;1;136;1;0;;70;high;;0;;2026-04-22 02:35:05
7855927628;;;rabota_chaty1;;1;0;0;0;;10;low;skipped;0;2026-04-22 02:35:05;2026-04-22 02:35:05
7856156187;Maks;Maksifa;python_ru;;1;0;0;0;;25;low;;0;;2026-04-22 02:35:05
7857003258;ftden4ik<3;ftden4ik;andrewgiftschat;;1;0;1;0;;35;low;;0;;2026-04-22 02:35:05
7858134380;~N°-°N~;NKaasr;andrewgiftschat;;1;0;1;0;;35;low;;0;;2026-04-22 02:35:05
7859163288;Анисия;Anisia_56anni;rabota_chaty1;;1;0;1;0;;35;low;;0;;2026-04-22 02:35:05
7859902421;Дамир;damirtvorochok;andrewgiftschat;;1;0;0;0;;25;low;;0;;2026-04-22 02:35:05
7860269568;;;rabota_chaty1;;1;0;0;0;;10;low;skipped;0;2026-04-22 02:35:05;2026-04-22 02:35:05
7861308469;;;rabota_chaty1;;1;0;0;0;;10;low;skipped;0;2026-04-22 02:35:05;2026-04-22 02:35:05
7864018995;Triman;;andrewgiftschat;Все когда-то заканчивается;1;26;1;0;;45;medium;skipped;0;2026-04-22 02:35:05;2026-04-22 02:35:05
7866203678;𝐕𝐥𝐚𝐝𝐞𝐤;VIad5;andrewgiftschat;;1;0;1;0;;35;low;;0;;2026-04-22 02:35:05
7866870801;;;rabota_chaty1;;1;0;0;0;;10;low;skipped;0;2026-04-22 02:35:05;2026-04-22 02:35:05
7867036556;L;GGchouu;laravel_pro;;1;0;0;0;;25;low;;0;;2026-04-22 02:35:05
7868929846;Mazepin;jioHrEDbz;tproger_chat;;1;0;0;0;;25;low;;0;;2026-04-22 02:35:05
7869368398;♡𝑴𝒖𝒓𝒌𝒂ฅ;Murka62F;andrewgiftschat;нфт продаю ТОЛЬКО ЧЕРЕЗ МАРКЕТ!звёзды верну если по делу));1;58;1;0;;65;high;;0;;2026-04-22 02:35:05
7869569182;Героиня;culinary_bedlamic;andrewgiftschat;;1;0;1;0;;35;low;;0;;2026-04-22 02:35:05
7869598408;☝️^Pavel^☝️;PAVEL_BMX_BOY;andrewgiftschat;Ну да;1;5;1;0;;60;medium;;0;;2026-04-22 02:35:05
7871232803;rick│diamond;rick_diamond;andrewgiftschat;;1;0;1;0;;35;low;;0;;2026-04-22 02:35:05
7871614718;🍄adecvArea17🍄;Durovtelegraph;andrewgiftschat;- What doesn’t kill you makes you stronger. @monk;1;49;0;0;;55;medium;;0;;2026-04-22 02:35:05
7871784056;azazel;Azazelyx;andrewgiftschat;;1;0;1;0;;35;low;;0;;2026-04-22 02:35:05
7874621189;Лера❤️;valeriia20_03;andrewgiftschat;;1;0;0;0;;25;low;;0;;2026-04-22 02:35:05
7874708903;ahahha;ahahha_ahahha;andrewgiftschat;не чёто не хочу пока;1;20;1;0;;60;medium;;0;;2026-04-22 02:35:05
7875040956;Тимур;;andrewgiftschat;Катюха слышь, алё-алё, поехали курить гашиш @cekscrime;1;54;1;0;;50;medium;skipped;0;2026-04-22 02:35:05;2026-04-22 02:35:05
7875740628;𝙈𝙖𝙩𝙮𝙪𝙠𝙝𝙖⌨︎︎;Lolipop0739;andrewgiftschat;;1;0;1;0;;35;low;;0;;2026-04-22 02:35:05
7876293730;Вероника;;rabota_chaty1;https://t.me/+r2cF3pxQpVs4MGNi;1;30;1;0;;45;medium;skipped;0;2026-04-22 02:35:05;2026-04-22 02:35:05
7876389259;Minaev;minaevboss;laravel_pro;;1;0;1;0;;35;low;;0;;2026-04-22 02:35:05
7876966586;Хᥙн᧐κᥙ;sParan0i1kk;andrewgiftschat;;1;0;1;0;;35;low;;0;;2026-04-22 02:35:05
7879310536;;;rabota_chaty1;;1;0;0;0;;10;low;skipped;0;2026-04-22 02:35:05;2026-04-22 02:35:05
7880276337;.;;laravel_pro;;1;0;0;0;;10;low;skipped;0;2026-04-22 02:35:05;2026-04-22 02:35:05
7880627441;Zᥱr᧐;bogzero;andrewgiftschat;;1;0;1;0;;35;low;;0;;2026-04-22 02:35:05
7882677633;Ррроо;;rabota_chaty1;;1;0;0;0;;10;low;skipped;0;2026-04-22 02:35:05;2026-04-22 02:35:05
7883098326;FLARENYX;FLARENYX;andrewgiftschat;;1;0;1;0;;35;low;;0;;2026-04-22 02:35:05
7884197552;Гриша;grishaa86;python_ru;Продаж мебели , сортировка;1;26;1;0;;60;medium;;0;;2026-04-22 02:35:05
7885011596;Michell;;rabota_chaty1;;1;0;1;0;;20;low;skipped;0;2026-04-22 02:35:05;2026-04-22 02:35:05
7885422515;Аня;eyelashesUnderreader;laravel_pro;;1;0;1;0;;35;low;;0;;2026-04-22 02:35:05
7885690110;♱ 🫪 𝕨𝕖𝕩𝕒𝕚 🫪 ♱;WeXsA14;andrewgiftschat;Я дединсайд, птичий остров рулит;1;32;1;0;;60;medium;;0;;2026-04-22 02:35:05
7886548282;Амперия𓍼🎀;holengt;andrewgiftschat;Трейд нфт не первой;1;19;1;0;;60;medium;;0;;2026-04-22 02:35:05
7887701850;;;tproger_chat;;1;0;0;0;;10;low;skipped;0;2026-04-22 02:35:05;2026-04-22 02:35:05
7887895883;Алина;Alinao_23;rabota_chaty1;;1;0;1;0;;35;low;;0;;2026-04-22 02:35:05
7888175798;.;msm_fawns;andrewgiftschat;;1;0;0;0;;25;low;;0;;2026-04-22 02:35:05
7889129575;𓏵 тян золофт;Loliharm;andrewgiftschat;Komm drück mich @sterka_sabrinyi #blyacrew . #lovemygf;1;54;1;0;;65;high;;0;;2026-04-22 02:35:05
7889146143;𝘝𝘦𝘳𝘰𝘯;lee_norka;andrewgiftschat;Н,Ш,Д,А>>🌍/самый любимый @hannibalsh;1;36;1;0;;60;medium;;0;;2026-04-22 02:35:05
7891782430;~•Red•~;Red_SomeCuteWords;andrewgiftschat;второй сосет | @MipysiaIsMyWaifu @Author2IsMyWaifu ★•~ (коплю на прем);1;70;1;0;;65;high;;0;;2026-04-22 02:35:05
7893034710;🌔†🌖;Svinkapeps;andrewgiftschat;;1;0;1;0;;35;low;;0;;2026-04-22 02:35:05
7893763540;;;rabota_chaty1;;1;0;0;0;;10;low;skipped;0;2026-04-22 02:35:05;2026-04-22 02:35:05
7895310031;ㅤcold;figvhoi;andrewgiftschat;только сильно не нервничай еще давать концерты @pimalxqw;1;56;1;0;;65;high;;0;;2026-04-22 02:35:05
7896018754;🥱;mafv90;andrewgiftschat;;1;0;1;0;;35;low;;0;;2026-04-22 02:35:05
7896778732;Алексей;;rabota_chaty1;Paб0ᴛa бeɜ ʙᴧoжeний и oᴨыᴛa. ᴨoдpoбнocᴛи ᴛyᴛ: https://t.me/+U1E7_mOu1o;1;70;1;0;;50;medium;skipped;0;2026-04-22 02:35:05;2026-04-22 02:35:05
7899534962;Oc;ocoodo;python_ru;;1;0;0;0;;25;low;;0;;2026-04-22 02:35:05
7900509174;Sitranjan;;python_ru;;1;0;0;0;;10;low;skipped;0;2026-04-22 02:35:05;2026-04-22 02:35:05
7901196344;Чепуха;marinad145;andrewgiftschat;;1;0;0;0;;25;low;;0;;2026-04-22 02:35:05
7901271150;Катюха;;rabota_chaty1;;1;0;1;0;;20;low;skipped;0;2026-04-22 02:35:05;2026-04-22 02:35:05
7901913759;𝙱𝚘𝚕𝚘𝚝𝚗𝚒𝚢𝚈𝚣𝚑𝚊𝚜 папина сладость #scar;;andrewgiftschat;;1;0;1;0;;20;low;skipped;0;2026-04-22 02:35:05;2026-04-22 02:35:05
7901947242;Маша;Mashka3432;rabota_chaty1;;1;0;1;0;;35;low;;0;;2026-04-22 02:35:05
7902394368;Nedoclayze @AdvanceStars_Bot;fffrpe;andrewgiftschat;@AdvanceStars_Bot - первый игровой бот на телеграм звезды 🌟;1;59;1;0;;65;high;;0;;2026-04-22 02:35:05
7902618395;🙈🙉🙊;Raathavv;python_ru;;1;0;1;0;;35;low;;0;;2026-04-22 02:35:05
7902861324;DАВИD;Davidddddddddddddddddddddddddddo;andrewgiftschat;;1;0;0;0;;25;low;;0;;2026-04-22 02:35:05
7903434145;STEN💨;Sixseven22848;rabota_chaty1;FOREVER YOUNG💨;1;14;1;0;;60;medium;;0;;2026-04-22 02:35:05
7903965417;Формоза;discusjewish;laravel_pro;Дизайнер;1;8;1;0;;60;medium;;0;;2026-04-22 02:35:05
7907141101;SSt;StiStott;andrewgiftschat;я под защитой @karma_nastignet_vsex18 | @hiworldsi;1;50;1;0;;65;high;;0;;2026-04-22 02:35:05
7908219441;Никита;;andrewgiftschat;;1;0;0;0;;10;low;skipped;0;2026-04-22 02:35:05;2026-04-22 02:35:05
7908388992;;;rabota_chaty1;;1;0;0;0;;10;low;skipped;0;2026-04-22 02:35:05;2026-04-22 02:35:05
7909033101;BET;BET_TEAAM;rabota_chaty1;;1;0;0;0;;25;low;;0;;2026-04-22 02:35:05
7910297083;youngfear21;youngfear21;andrewgiftschat;;1;0;1;0;;35;low;;0;;2026-04-22 02:35:05
7910878519;;;rabota_chaty1;;1;0;0;0;;10;low;skipped;0;2026-04-22 02:35:05;2026-04-22 02:35:05
7910968555;Давид;;rabota_chaty1;;1;0;0;0;;10;low;skipped;0;2026-04-22 02:35:05;2026-04-22 02:35:05
7913969334;algorm;;andrewgiftschat;;1;0;1;0;;20;low;skipped;0;2026-04-22 02:35:05;2026-04-22 02:35:05
7915001118;;;python_ru;;1;0;0;0;;10;low;skipped;0;2026-04-22 02:35:05;2026-04-22 02:35:05
7916290506;.7;azxfff0;andrewgiftschat;;1;0;0;0;;25;low;;0;;2026-04-22 02:35:05
7916622862;Артём;Shiver_ok_ok;andrewgiftschat;@smellyundead. @chainarmor. @combatskills. @samurailoser. @toiletfamily. @cryobase. @creatingsparks. @minornuisance. @goodwerwolf;1;129;1;0;;70;high;;0;;2026-04-22 02:35:05
7917038733;O61808;;tproger_chat;;1;0;0;0;;10;low;skipped;0;2026-04-22 02:35:05;2026-04-22 02:35:05
7917206854;новый абрикос;pin1284;andrewgiftschat;;1;0;1;0;;35;low;;0;;2026-04-22 02:35:05
7917232836;Dukhi;;tproger_chat;;1;0;1;0;;20;low;skipped;0;2026-04-22 02:35:05;2026-04-22 02:35:05
7917944615;𝖅𝖍𝖉𝖎 𝕯𝖔𝖐𝖘;Fagertyk;andrewgiftschat;Самые дешёвые stars, preview, ton только тут @Zbezdafostefbot;1;61;1;0;;65;high;;0;;2026-04-22 02:35:05
7920537433;UWU;tymofii01042016;andrewgiftschat;;1;0;0;0;;25;low;;0;;2026-04-22 02:35:05
7921013845;ㅤ;;andrewgiftschat;;1;0;1;0;;20;low;skipped;0;2026-04-22 02:35:05;2026-04-22 02:35:05
7921036831;;;rabota_chaty1;;1;0;0;0;;10;low;skipped;0;2026-04-22 02:35:05;2026-04-22 02:35:05
7921113726;даночка;Ddanoshkka;andrewgiftschat;;1;0;1;0;;35;low;;0;;2026-04-22 02:35:05
7921339883;вика;vikyletk;andrewgiftschat;понятненько;1;11;1;0;;60;medium;;0;;2026-04-22 02:35:05
7922238487;ᎢËᎻᎪ🐈‍⬛️;qwerrisaf;andrewgiftschat;;1;0;1;0;;35;low;;0;;2026-04-22 02:35:05
7924467698;ūrie:stexas;YCT4L0CTb;andrewgiftschat;долбоебы хотят на меня поставить штамп. def: @monk, @desolator, @ekaterina_mizulina.;1;84;1;0;;65;high;;0;;2026-04-22 02:35:05
7925306835;𝒑𝒓𝒂𝒔𝒌𝒐𝒗𝒚𝒂;;andrewgiftschat;;1;0;1;0;;20;low;skipped;0;2026-04-22 02:35:05;2026-04-22 02:35:05
7925561190;;;rabota_chaty1;;1;0;0;0;;10;low;skipped;0;2026-04-22 02:35:05;2026-04-22 02:35:05
7925944020;😄Hauwb;Hsksk01;andrewgiftschat;https://t.me/patrickstarsrobot?start=7925944020;1;47;1;0;;65;high;;0;;2026-04-22 02:35:05
7926934832;Олег;;rabota_chaty1;;1;0;1;0;;20;low;skipped;0;2026-04-22 02:35:05;2026-04-22 02:35:05
7927239471;Need;ggggfhjvvu;laravel_pro;;1;0;0;0;;25;low;;0;;2026-04-22 02:35:05
7927440472;ㅤ;Alessia_y;andrewgiftschat;Фанаты @Ve_ronika_V @Adarina @Ay7iya @Lilit328 @Wind_winter_s @fr4tz;1;68;1;0;;65;high;;0;;2026-04-22 02:35:05
7929174690;Максим;;laravel_pro;;1;0;1;0;;20;low;skipped;0;2026-04-22 02:35:05;2026-04-22 02:35:05
7929787868;;;rabota_chaty1;;1;0;0;0;;10;low;skipped;0;2026-04-22 02:35:05;2026-04-22 02:35:05
7929836988;Otabek Saitmurotov;Otabekdasturchi;laravel_pro;Middle Full-Stack Developer;1;27;0;0;;50;medium;;0;;2026-04-22 02:35:05
7930074625;;;python_ru;;1;0;0;0;;10;low;skipped;0;2026-04-22 02:35:05;2026-04-22 02:35:05
7930774924;ЛЮДМИЛА;p0vsemV0pr0samVlc204;rabota_chaty1;;1;0;0;0;;25;low;;0;;2026-04-22 02:35:05
7930839365;сеня сварка;;andrewgiftschat;молоко и печеньки;1;17;1;0;;45;medium;skipped;0;2026-04-22 02:35:05;2026-04-22 02:35:05
7931079122;Андрей;andriy1999_13;rabota_chaty1;;1;0;0;0;;25;low;;0;;2026-04-22 02:35:05
7931164853;Ярослава;;rabota_chaty1;;1;0;1;0;;20;low;skipped;0;2026-04-22 02:35:05;2026-04-22 02:35:05
7931389515;Knukles;;andrewgiftschat;Бесплатные мишки раз в 24 часа и за рефов - @knuklesgifts_bot;1;61;1;0;;50;medium;skipped;0;2026-04-22 02:35:05;2026-04-22 02:35:05
7933225234;Членометр;themetrbot;andrewgiftschat;"Игровой бот линейка для чатов

🍌 Помощь — @upbotshelpbot";1;56;1;0;;65;high;;0;;2026-04-22 02:35:05
7933333629;.;twwikis;andrewgiftschat;;1;0;1;0;;35;low;;0;;2026-04-22 02:35:05
7935821071;;;rabota_chaty1;;1;0;0;0;;10;low;skipped;0;2026-04-22 02:35:05;2026-04-22 02:35:05
7937279054;фантек;suckthetime;andrewgiftschat;Ния зе бест;1;11;1;0;;60;medium;;0;;2026-04-22 02:35:05
7937784587;😶‍🌫bantik😶‍🌫;DEF_DUROVA_1;andrewgiftschat;;1;0;1;0;;35;low;;0;;2026-04-22 02:35:05
7937878633;Валерия;;rabota_chaty1;;1;0;1;0;;20;low;skipped;0;2026-04-22 02:35:05;2026-04-22 02:35:05
7938133025;;;rabota_chaty1;;1;0;0;0;;10;low;skipped;0;2026-04-22 02:35:05;2026-04-22 02:35:05
7938372848;Стас;stasooons;laravel_pro;;1;0;1;0;;35;low;;0;;2026-04-22 02:35:05
7940045979;Irmin;MzyzR58;andrewgiftschat;;1;0;0;0;;25;low;;0;;2026-04-22 02:35:05
7940382656;;;rabota_chaty1;;1;0;0;0;;10;low;skipped;0;2026-04-22 02:35:05;2026-04-22 02:35:05
7940759441;Яна;Yyensi;laravel_pro;;1;0;1;0;;35;low;;0;;2026-04-22 02:35:05
7940960286;Finik;Finiks777;laravel_pro;Выкупаю трафик(пишите в лс);1;27;1;0;;60;medium;;0;;2026-04-22 02:35:05
7941140436;🔥_B-M-W_🔥;akselix_100;andrewgiftschat;;1;0;1;0;;35;low;;0;;2026-04-22 02:35:05
7941696249;сеньор педрилос #неразвиваймый;attackhardmef;rabota_chaty1;:деф от меня - 5 робаксов;1;25;1;0;;60;medium;;0;;2026-04-22 02:35:05
7942584969;Сергей;Sergei83812;laravel_pro;;1;0;0;0;;25;low;;0;;2026-04-22 02:35:05
7943997083;ブロックされたアカウント;tipa_top_565;andrewgiftschat;;1;0;0;0;;25;low;;0;;2026-04-22 02:35:05
7944028509;ᴄᴀᴇsᴀʀ sᴇʀɢᴇᴇᴠ;CezaRoux666;andrewgiftschat;-Ты говорила, то что любишь, ха, real? Do u? @nastiqqq_ww;1;57;1;0;;65;high;;0;;2026-04-22 02:35:05
7944264466;.....;self_tdev;laravel_pro;;1;0;0;0;;25;low;;0;;2026-04-22 02:35:05
7945729709;Квест;Kvestchto1;rabota_chaty1;;1;0;1;0;;35;low;;0;;2026-04-22 02:35:05
7946987900;m;memorysoso;andrewgiftschat;;1;0;0;0;;25;low;;0;;2026-04-22 02:35:05
7947287732;Игорек;igrintvi;rabota_chaty1;;1;0;1;0;;35;low;;0;;2026-04-22 02:35:05
7947596402;ubitiyvtishine;ubitvtishine;andrewgiftschat;;1;0;1;0;;35;low;;0;;2026-04-22 02:35:05
7948247529;Виталик;vitalikk3478;python_ru;;1;0;0;0;;25;low;;0;;2026-04-22 02:35:05
7948725111;картошка фри;linushk2;andrewgiftschat;фрик фром дизайна;1;17;1;0;;60;medium;;0;;2026-04-22 02:35:05
7949018947;;;rabota_chaty1;;1;0;0;0;;10;low;skipped;0;2026-04-22 02:35:05;2026-04-22 02:35:05
7949590093;Георгий;base_91f_wss;rabota_chaty1;Не скипай — может, судьба;1;25;1;0;;60;medium;;0;;2026-04-22 02:35:05
7951189210;Ігор;gorHR_u;rabota_chaty1;;1;0;1;0;;35;low;;0;;2026-04-22 02:35:05
7951293297;Миша шиша;skullllllllls;andrewgiftschat;23;1;2;1;0;;60;medium;;0;;2026-04-22 02:35:05
7952130750;руки ноутбуки;razdeest;andrewgiftschat;rzzd;1;4;1;0;;60;medium;;0;;2026-04-22 02:35:05
7952773228;Антон;ilhm_344_2;laravel_pro;В школе;1;7;1;0;;60;medium;;0;;2026-04-22 02:35:05
7954503354;;;rabota_chaty1;;1;0;0;0;;10;low;skipped;0;2026-04-22 02:35:05;2026-04-22 02:35:05
7954661241;Лида;;rabota_chaty1;;1;0;1;0;;20;low;skipped;0;2026-04-22 02:35:05;2026-04-22 02:35:05
7954786896;Ulugbek;kholmirzaevubek;laravel_pro;;1;0;1;0;;35;low;;0;;2026-04-22 02:35:05
7954886871;Mm cheeseburger;Blutus_lol;andrewgiftschat;;1;0;1;0;;35;low;;0;;2026-04-22 02:35:05
7956749029;Дмитрий;dim_vk_vzlomm;rabota_chaty1;;1;0;0;0;;25;low;;0;;2026-04-22 02:35:05
7956784627;v0id /;kxr_v0id;andrewgiftschat;;1;0;1;0;;35;low;;0;;2026-04-22 02:35:05
7958178797;Lyeacinshann;;rabota_chaty1;;1;0;0;0;;10;low;skipped;0;2026-04-22 02:35:05;2026-04-22 02:35:05
7958745694;белый #fso;White_Fso;andrewgiftschat;;1;0;1;0;;35;low;;0;;2026-04-22 02:35:05
7958948104;TokenCracker;BestyShopTool;python_ru;@tokensshop | @tokenmarket_robot | SpamBlock - @TokenCrackerbot;1;63;1;0;;65;high;;0;;2026-04-22 02:35:05
7959259761;i;;andrewgiftschat;;1;0;1;0;;20;low;skipped;0;2026-04-22 02:35:05;2026-04-22 02:35:05
7959642328;$;friidd5;andrewgiftschat;;1;0;1;0;;35;low;;0;;2026-04-22 02:35:05
7960311142;Леонид;soiacxvx;andrewgiftschat;;1;0;1;0;;35;low;;0;;2026-04-22 02:35:05
7960493226;⛧BERSERK⛧;CHERNIY_MECHIK_BERSERK;andrewgiftschat;;1;0;0;0;;25;low;;0;;2026-04-22 02:35:05
7961402459;София;;rabota_chaty1;;1;0;1;0;;20;low;skipped;0;2026-04-22 02:35:05;2026-04-22 02:35:05
7964065916;Тая;taitaitai34;rabota_chaty1;;1;0;1;0;;35;low;;0;;2026-04-22 02:35:05
7964439852;Ревенант;mx1614;rabota_chaty1;;1;0;1;0;;35;low;;0;;2026-04-22 02:35:05
7964543613;Bobojon;Bobojon_00_01;andrewgiftschat;;1;0;1;0;;35;low;;0;;2026-04-22 02:35:05
7964800476;Андрей;andrej_andree;laravel_pro;;1;0;0;0;;25;low;;0;;2026-04-22 02:35:05
7965859640;;;rabota_chaty1;;1;0;0;0;;10;low;skipped;0;2026-04-22 02:35:05;2026-04-22 02:35:05
7965892759;Clayton;Almida_papain;rabota_chaty1;;1;0;0;0;;25;low;;0;;2026-04-22 02:35:05
7967636145;foreverster арабов;manager_drimsov;andrewgiftschat;мой;1;3;0;0;;50;medium;;0;;2026-04-22 02:35:05
7968623328;GEHий Мишаня я❤️и;geniyshah;andrewgiftschat;У меня нету ресов я их потерял @Kr1sd/люблю @PIPIDIX/ @Law_Kinney авы;1;69;1;0;;65;high;;0;;2026-04-22 02:35:05
7968874933;;;rabota_chaty1;;1;0;0;0;;10;low;skipped;0;2026-04-22 02:35:05;2026-04-22 02:35:05
7968905804;art_alb_ertov;art_alb_ertov;python_ru;;1;0;0;0;;25;low;;0;;2026-04-22 02:35:05
7969533315;;;rabota_chaty1;;1;0;0;0;;10;low;skipped;0;2026-04-22 02:35:05;2026-04-22 02:35:05
7972792891;Виктория;;rabota_chaty1;;1;0;1;0;;20;low;skipped;0;2026-04-22 02:35:05;2026-04-22 02:35:05
7974431818;︎ ︎ ︎︎ ︎ ︎ ︎ ︎︎ ︎ ︎︎︎ ︎ ︎ ︎ ︎ ︎ ︎︎ ︎ ︎ ︎ ︎︎ ︎ ︎ ︎ ︎︎ ︎ ︎︎︎;tonwallet_team;andrewgiftschat;;1;0;1;0;;35;low;;0;;2026-04-22 02:35:05
7974626878;Wexkk | NFT;Wexkk;andrewgiftschat;UQCCvM_ACBIzMeYrNKnWoXXY4E6I-8mS7Dj9yapGcMdCzS0E;1;48;1;0;;65;high;;0;;2026-04-22 02:35:05
7977218581;.;;andrewgiftschat;;1;0;0;0;;10;low;skipped;0;2026-04-22 02:35:05;2026-04-22 02:35:05
7977515254;Дмитрий;;rabota_chaty1;;1;0;0;0;;10;low;skipped;0;2026-04-22 02:35:05;2026-04-22 02:35:05
7977550995;Ксюшка;;rabota_chaty1;;1;0;1;0;;20;low;skipped;0;2026-04-22 02:35:05;2026-04-22 02:35:05
7978937946;ㅤ егорка67 долг 2к$;;andrewgiftschat;Project:@egorko67 купить звезды по лоу @egortoosstars_bot отзывы: @otzivi_egortoos,;1;83;1;0;;50;medium;skipped;0;2026-04-22 02:35:05;2026-04-22 02:35:05
7980731840;♥☁Ɖ𝔢𝓷ᵢ𝔰☁♥;DENISIKPON;andrewgiftschat;И мы его не забудем @Joyboy7312;1;31;1;0;;60;medium;;0;;2026-04-22 02:35:05
7982359354;№moreauзилkа;Vvpqt;andrewgiftschat;;1;0;0;0;;25;low;;0;;2026-04-22 02:35:05
7983415006;Афанасий;martinezwilliam0z584;rabota_chaty1;;1;0;0;0;;25;low;;0;;2026-04-22 02:35:05
7983450912;pesherka_strongs;pesherka_strong;andrewgiftschat;;1;0;1;0;;35;low;;0;;2026-04-22 02:35:05
7983723587;;;rabota_chaty1;;1;0;0;0;;10;low;skipped;0;2026-04-22 02:35:05;2026-04-22 02:35:05
7983960413;#уставший hellonty;hellonty_talent;andrewgiftschat;Suck my dick CJ;1;15;1;0;;60;medium;;0;;2026-04-22 02:35:05
7983973518;blessed;;andrewgiftschat;selling stars,tons,tags,verification fragments: https://t.me/portals/market?startapp=mph3yy;1;91;1;0;;50;medium;skipped;0;2026-04-22 02:35:05;2026-04-22 02:35:05
7984648409;Saki;Sitiful;andrewgiftschat;Кмс по бравл старс;1;18;1;0;;60;medium;;0;;2026-04-22 02:35:05
7984707467;loxyzxcs;loxyszxc;andrewgiftschat;- thought we don’t need to say it to each other, sweet @weearxm;1;63;1;0;;65;high;;0;;2026-04-22 02:35:05
7985678220;Eluesiv;Ruefultent;andrewgiftschat;☭️ moneymakingrize;1;18;1;0;;60;medium;;0;;2026-04-22 02:35:05
7986141704;Foden;legend228888;andrewgiftschat;в личном канале если не жалко поставте звезд;1;44;1;0;;65;high;;0;;2026-04-22 02:35:05
7986267587;°апельсинка°;Neizvestno4043;andrewgiftschat;;1;0;1;0;;35;low;;0;;2026-04-22 02:35:05
7986355083;...;Hskbdkb;andrewgiftschat;It's @vkordes Chanel's bitch💝;1;29;1;0;;60;medium;;0;;2026-04-22 02:35:05
7987042269;сок;soch0c;andrewgiftschat;;1;0;1;0;;35;low;;0;;2026-04-22 02:35:05
7987247752;нянянянянняня;nbayramova19;andrewgiftschat;;1;0;1;0;;35;low;;0;;2026-04-22 02:35:05
7987553305;Xahewi;Tiffany_34nyyf;rabota_chaty1;;1;0;0;0;;25;low;;0;;2026-04-22 02:35:05
7987963358;Kilua;kiluakiske;laravel_pro;;1;0;1;0;;35;low;;0;;2026-04-22 02:35:05
7988545365;ℳℐ𝒮𝒮𝒴;M3SYY;andrewgiftschat;𝑚𝑒𝑜𝑤;1;4;1;0;;60;medium;;0;;2026-04-22 02:35:05
7989322307;Дмитрий;TLbestCIS;rabota_chaty1;HR-менеджер. Веду набор на различные вакансии;1;45;1;0;;65;high;;0;;2026-04-22 02:35:05
7990450378;Соня 18 лет;sonya_os_ipoveva129;rabota_chaty1;;1;0;1;0;;35;low;;0;;2026-04-22 02:35:05
7990843133;Наталия;nfeid_48wzlgmfloyvv;rabota_chaty1;17 09.1975;1;10;0;0;;50;medium;;0;;2026-04-22 02:35:05
7991783722;🌚;Tamandayi;andrewgiftschat;ⲙыⲥⲗυ ⳅⲇⲉⲥь ⲏⲉ ⲡⲣυⲅⲟⲇяⲧⲥя,ⲃⲣⲉⲙя ⲥⲏⲟⲃⲁ 20:20 @Rail_Ray;1;53;1;0;;65;high;;0;;2026-04-22 02:35:05
7992019911;𝑫𝒆𝒆𝒑𝒊𝒏𝒔;Deepiinss03;andrewgiftschat;Эй дипинс в 16 ряду хай дую ду 🧩;1;32;1;0;;60;medium;;0;;2026-04-22 02:35:05
7992231653;;;rabota_chaty1;;1;0;0;0;;10;low;skipped;0;2026-04-22 02:35:05;2026-04-22 02:35:05
7992687310;;;rabota_chaty1;;1;0;0;0;;10;low;skipped;0;2026-04-22 02:35:05;2026-04-22 02:35:05
7992891103;Милана;;rabota_chaty1;;1;0;0;0;;10;low;skipped;0;2026-04-22 02:35:05;2026-04-22 02:35:05
7993791935;Mark;MaRk_PobEzHimoV;andrewgiftschat;;1;0;1;0;;35;low;;0;;2026-04-22 02:35:05
7994242040;Валерия;;rabota_chaty1;;1;0;1;0;;20;low;skipped;0;2026-04-22 02:35:05;2026-04-22 02:35:05
7994514495;° 𝗫𝗮𝗰𝗸𝗲𝗿_𝟬𝟬𝟵༺;;andrewgiftschat;дешевые звезды - @xackerstars2_bot;1;34;1;0;;45;medium;skipped;0;2026-04-22 02:35:05;2026-04-22 02:35:05
7994859408;ǝɯɐNoN;llanarchyll;andrewgiftschat;Rock stars never die!🤘;1;22;1;0;;60;medium;;0;;2026-04-22 02:35:05
7994999914;maidenless;maidenls;andrewgiftschat;.;1;1;1;0;;60;medium;;0;;2026-04-22 02:35:05
7995381294;;;rabota_chaty1;;1;0;0;0;;10;low;skipped;0;2026-04-22 02:35:05;2026-04-22 02:35:05
7996198374;A_01;tainstvennayneznakomka_01;andrewgiftschat;;1;0;0;0;;25;low;;0;;2026-04-22 02:35:05
7997511060;;;rabota_chaty1;;1;0;0;0;;10;low;skipped;0;2026-04-22 02:35:05;2026-04-22 02:35:05
7997790086;h;sssaaqsj;rabota_chaty1;;1;0;0;0;;25;low;;0;;2026-04-22 02:35:05
7997893133;;;rabota_chaty1;;1;0;0;0;;10;low;skipped;0;2026-04-22 02:35:05;2026-04-22 02:35:05
7998101884;НЕ БАТЯ#Solnik;ZLOGO_PANDY_BIEBALI;andrewgiftschat;-Я ЛОВЛЮ СОН, ЛОВЛЮ СОЛНЦЕ Я-САЙКО САМУРАЙ @Ami_0932;1;52;1;0;;65;high;;0;;2026-04-22 02:35:05
7999032298;29.xayrullayev;nnus1ih;andrewgiftschat;;1;0;0;0;;25;low;;0;;2026-04-22 02:35:05
7999760203;Delay dobro;babibilon;andrewgiftschat;;1;0;0;0;;25;low;;0;;2026-04-22 02:35:05
7999887029;🂡;simpsan00;andrewgiftschat;♤;1;1;0;0;;50;medium;;0;;2026-04-22 02:35:05
8000339037;w;linmxw;andrewgiftschat;;1;0;1;0;;35;low;;0;;2026-04-22 02:35:05
8000580716;Алексей;pskovkaLeh61;laravel_pro;;1;0;1;0;;35;low;;0;;2026-04-22 02:35:05
8000957923;analizator;;laravel_pro;;1;0;0;0;;10;low;skipped;0;2026-04-22 02:35:05;2026-04-22 02:35:05
8001027603;Коля;KolyaNazarov_9B;andrewgiftschat;;1;0;1;0;;35;low;;0;;2026-04-22 02:35:05
8004401931;танюша 💋;qwdastr;rabota_chaty1;"Отвечаю на ""Скинь прайс"" ❤️ 16";1;30;1;0;;60;medium;;0;;2026-04-22 02:35:05
8004498182;;;rabota_chaty1;;1;0;0;0;;10;low;skipped;0;2026-04-22 02:35:05;2026-04-22 02:35:05
8005412620;Qcold;Thifay;andrewgiftschat;;1;0;1;0;;35;low;;0;;2026-04-22 02:35:05
8007198206;hyoka;;andrewgiftschat;;1;0;1;0;;20;low;skipped;0;2026-04-22 02:35:05;2026-04-22 02:35:05
8009226658;NeuroFortOfficial;Energy_ecology_international;python_ru;Автономная AI-платформа ,автоматизация и self-healing, AI/ML, backend.;1;70;1;0;;65;high;;0;;2026-04-22 02:35:05
8009523004;Лёша;LyoshaGolubev66;rabota_chaty1;;1;0;1;0;;35;low;;0;;2026-04-22 02:35:05
8010023309;;;rabota_chaty1;;1;0;0;0;;10;low;skipped;0;2026-04-22 02:35:05;2026-04-22 02:35:05
8011065843;а #scw #sociow #sociowna;sainet225;andrewgiftschat;Защищен - @WhiteZilan;1;21;1;0;;60;medium;;0;;2026-04-22 02:35:05
8011232189;.;Bosstonn;andrewgiftschat;https://t.me/cs_shot_bot/app?startapp=ref_8011232189;1;52;1;0;;65;high;;0;;2026-04-22 02:35:05
8012044226;Тихон;Tixxon1;rabota_chaty1;Наш канал - https://t.me/work2zona;1;34;1;0;;60;medium;;0;;2026-04-22 02:35:05
8012988492;;;rabota_chaty1;;1;0;0;0;;10;low;skipped;0;2026-04-22 02:35:05;2026-04-22 02:35:05
8013863693;𝙵𝙸𝙱;FIB_FEDERATION;andrewgiftschat;;1;0;1;0;;35;low;;0;;2026-04-22 02:35:05
8014591293;;;rabota_chaty1;;1;0;0;0;;10;low;skipped;0;2026-04-22 02:35:05;2026-04-22 02:35:05
8015727482;Трофимова🚬🕊️;klever_q2;andrewgiftschat;;1;0;1;0;;35;low;;0;;2026-04-22 02:35:05
8017098976;#Epilepsy 🇬🇧;send61;andrewgiftschat;Лучший канал с раздачей звезд - @epilepsy_sport;1;47;1;0;;65;high;;0;;2026-04-22 02:35:05
8017284874;Наталья;neglectingly_accompanimental;rabota_chaty1;https://t.me/+0KSfyZC61htkNzdi ❤️;1;33;1;0;;60;medium;;0;;2026-04-22 02:35:05
8017564025;lusffe;lysffe;andrewgiftschat;hello there!;1;12;1;0;;60;medium;;0;;2026-04-22 02:35:05
8017934670;монеси прайм?;faryxxsy;andrewgiftschat;@UGSGAME;1;8;1;0;;60;medium;;0;;2026-04-22 02:35:05
8018338322;Gizzy;KazGizzy;andrewgiftschat;;1;0;1;0;;35;low;;0;;2026-04-22 02:35:05
8018495665;Лёлька;qwerty09Add;andrewgiftschat;;1;0;1;0;;35;low;;0;;2026-04-22 02:35:05
8020296577;леруша;weonko;andrewgiftschat;-she looks like something. what I would see in the museum @chemeryyss;1;69;1;0;;65;high;;0;;2026-04-22 02:35:05
8020524858;ℕ𝕒𝕤𝕚𝕓𝕒;NasibaTuta;andrewgiftschat;;1;0;1;0;;35;low;;0;;2026-04-22 02:35:05
8021031673;#𝑎𝑔𝑟𝑜𝐶ℎ𝑒𝑙𝑜𝑣𝑒𝑘;Im_c0re;andrewgiftschat;~ Мне не нужны оправдания, просто оставь в покое меня☆;1;54;1;0;;65;high;;0;;2026-04-22 02:35:05
8021524428;Bek;Yyuuuuoo;laravel_pro;;1;0;0;0;;25;low;;0;;2026-04-22 02:35:05
8022124965;UKIJ ᴹᴹ▭꯭▬;Bahilatop;andrewgiftschat;;1;0;1;0;;35;low;;0;;2026-04-22 02:35:05
8022597768;;;rabota_chaty1;;1;0;0;0;;10;low;skipped;0;2026-04-22 02:35:05;2026-04-22 02:35:05
8023443711;Арсен;qbokq;andrewgiftschat;I'm Topachev, I'm following you @Leopoldik_wer I'm going to beat your face in like a weak bitch «оффер отменяю за 15 звезд»;1;123;0;0;;60;medium;;0;;2026-04-22 02:35:05
8023899882;Даша;;rabota_chaty1;;1;0;1;0;;20;low;skipped;0;2026-04-22 02:35:05;2026-04-22 02:35:05
8026451559;;;rabota_chaty1;;1;0;0;0;;10;low;skipped;0;2026-04-22 02:35:05;2026-04-22 02:35:05
8027449625;Эдуард;;rabota_chaty1;;1;0;0;0;;10;low;skipped;0;2026-04-22 02:35:05;2026-04-22 02:35:05
8027757528;;;rabota_chaty1;;1;0;0;0;;10;low;skipped;0;2026-04-22 02:35:05;2026-04-22 02:35:05
8028624586;;;rabota_chaty1;;1;0;0;0;;10;low;skipped;0;2026-04-22 02:35:05;2026-04-22 02:35:05
8028942553;Наташа;Natalia_Aniskina56;andrewgiftschat;;1;0;0;0;;25;low;;0;;2026-04-22 02:35:05
8029126528;Phillip Plein;cvvvod;andrewgiftschat;;1;0;1;0;;35;low;;0;;2026-04-22 02:35:05
8032708972;Ⳝⲉⲗыύ;npoctoname;andrewgiftschat;Хз что писать;1;13;1;0;;60;medium;;0;;2026-04-22 02:35:05
8034313448;AlienPizza1;AlienPizza1;andrewgiftschat;;1;0;1;0;;35;low;;0;;2026-04-22 02:35:05
8034618850;Александра;;tproger_chat;;1;0;0;0;;10;low;skipped;0;2026-04-22 02:35:05;2026-04-22 02:35:05
8034696080;;;rabota_chaty1;;1;0;0;0;;10;low;skipped;0;2026-04-22 02:35:05;2026-04-22 02:35:05
8034984967;Ираида;Anfisa_21ias;rabota_chaty1;;1;0;0;0;;25;low;;0;;2026-04-22 02:35:05
8035287187;;;rabota_chaty1;;1;0;0;0;;10;low;skipped;0;2026-04-22 02:35:05;2026-04-22 02:35:05
8035399618;hendream.;ilysoooooibro;andrewgiftschat;;1;0;1;0;;35;low;;0;;2026-04-22 02:35:05
8035932741;;;rabota_chaty1;;1;0;0;0;;10;low;skipped;0;2026-04-22 02:35:05;2026-04-22 02:35:05
8036281964;;;rabota_chaty1;;1;0;0;0;;10;low;skipped;0;2026-04-22 02:35:05;2026-04-22 02:35:05
8036705136;4ml #;Nezadanolpo;andrewgiftschat;;1;0;1;0;;35;low;;0;;2026-04-22 02:35:05
8036830048;Миша;inoveral;laravel_pro;;1;0;0;0;;25;low;;0;;2026-04-22 02:35:05
8039067541;;;rabota_chaty1;;1;0;0;0;;10;low;skipped;0;2026-04-22 02:35:05;2026-04-22 02:35:05
8039569596;Daniel;;rabota_chaty1;;1;0;0;0;;10;low;skipped;0;2026-04-22 02:35:05;2026-04-22 02:35:05
8039717723;Dallas;;andrewgiftschat;;1;0;0;0;;10;low;skipped;0;2026-04-22 02:35:05;2026-04-22 02:35:05
8042663835;💤;;andrewgiftschat;;1;0;0;0;;10;low;skipped;0;2026-04-22 02:35:05;2026-04-22 02:35:05
8043102570;Милана;milkasupergapenko;rabota_chaty1;;1;0;1;0;;35;low;;0;;2026-04-22 02:35:05
8044235223;Áďříáñà;;andrewgiftschat;теперь я твой джонни кэйдж, а ты моя соня блэйд @zizimegi;1;57;1;0;;50;medium;skipped;0;2026-04-22 02:35:05;2026-04-22 02:35:05
8044617829;Дарья;daria33218;andrewgiftschat;❤️‍🔥;1;4;0;0;;50;medium;;0;;2026-04-22 02:35:05
8045058703;;;rabota_chaty1;;1;0;0;0;;10;low;skipped;0;2026-04-22 02:35:05;2026-04-22 02:35:05
8047028971;Маргарита;Margosha_dh;rabota_chaty1;;1;0;1;0;;35;low;;0;;2026-04-22 02:35:05
8048165944;аноним падарки;dasha1237901;andrewgiftschat;;1;0;1;0;;35;low;;0;;2026-04-22 02:35:05
8048354731;Захар;;python_ru;"БУЗ УР ""ГКБ № 9 МЗ УР""";1;22;1;0;;45;medium;skipped;0;2026-04-22 02:35:05;2026-04-22 02:35:05
8049462426;Giceny;;rabota_chaty1;;1;0;0;0;;10;low;skipped;0;2026-04-22 02:35:05;2026-04-22 02:35:05
8049511379;Simka;MiMiMi_shnaya;rabota_chaty1;;1;0;1;0;;35;low;;0;;2026-04-22 02:35:05
8050325244;Тимофей;Tumoxu_HET;andrewgiftschat;Над кайфом;1;10;1;0;;60;medium;;0;;2026-04-22 02:35:05
8051037727;;;rabota_chaty1;;1;0;0;0;;10;low;skipped;0;2026-04-22 02:35:05;2026-04-22 02:35:05
8051134890;;;rabota_chaty1;;1;0;0;0;;10;low;skipped;0;2026-04-22 02:35:05;2026-04-22 02:35:05
8051259504;;;rabota_chaty1;;1;0;0;0;;10;low;skipped;0;2026-04-22 02:35:05;2026-04-22 02:35:05
8051986949;فاضل عامر الشامی;;laravel_pro;;1;0;0;0;;10;low;skipped;0;2026-04-22 02:35:05;2026-04-22 02:35:05
8052254110;Lizunch1k🤍;Lizunch1k_com;andrewgiftschat;ρ𑄜ᤋ𑄜ϐыꫀ ϐ𑄜᧘𑄜ᥴы — ᴛы 𑀝ᥲκყρᥲ 𐌗ᥲρყн𑄜 @nutugiksks;1;45;1;0;;65;high;;0;;2026-04-22 02:35:05
8052355292;;;python_ru;;1;0;0;0;;10;low;skipped;0;2026-04-22 02:35:05;2026-04-22 02:35:05
8052796475;Аря;;rabota_chaty1;;1;0;1;0;;20;low;skipped;0;2026-04-22 02:35:05;2026-04-22 02:35:05
8053452949;;;rabota_chaty1;;1;0;0;0;;10;low;skipped;0;2026-04-22 02:35:05;2026-04-22 02:35:05
8053627606;🇬🇧🎭 #пропавший;Durovjoo;andrewgiftschat;Жди меня в мае;1;14;1;0;;60;medium;;0;;2026-04-22 02:35:05
8054866235;Котовый;kotoviymiay;python_ru;;1;0;0;0;;25;low;;0;;2026-04-22 02:35:05
8055588145;Savicma;;rabota_chaty1;;1;0;0;0;;10;low;skipped;0;2026-04-22 02:35:05;2026-04-22 02:35:05
8055654235;mololi#s6x;ke0szwa_666;andrewgiftschat;- Скажи ты счастлива что всё не сложилось? @MyStarsX @StarsxEarnBot;1;67;1;0;;65;high;;0;;2026-04-22 02:35:05
8056358522;kiss 🌬️;svvei;andrewgiftschat;;1;0;1;0;;35;low;;0;;2026-04-22 02:35:05
8057762309;;;rabota_chaty1;;1;0;0;0;;10;low;skipped;0;2026-04-22 02:35:05;2026-04-22 02:35:05
8058465616;;;rabota_chaty1;;1;0;0;0;;10;low;skipped;0;2026-04-22 02:35:05;2026-04-22 02:35:05
8059062091;дашуля ❤️;qetlas;rabota_chaty1;"Отвечаю на ""скинь прайс"". 16 ❤️";1;31;1;0;;60;medium;;0;;2026-04-22 02:35:05
8061548517;Дима;Diman123q;laravel_pro;;1;0;0;0;;25;low;;0;;2026-04-22 02:35:05
8061926982;Пошленькая;KIsKia12;rabota_chaty1;;1;0;1;0;;35;low;;0;;2026-04-22 02:35:05
8062535487;;;rabota_chaty1;;1;0;0;0;;10;low;skipped;0;2026-04-22 02:35:05;2026-04-22 02:35:05
8063400771;Соня;sonaindi;rabota_chaty1;;1;0;1;0;;35;low;;0;;2026-04-22 02:35:05
8064363977;Ирма;irmysha;rabota_chaty1;;1;0;1;0;;35;low;;0;;2026-04-22 02:35:05
8065585036;Софія;;andrewgiftschat;https://t.me/patrickstarsrobot?start=8065585036;1;47;1;0;;50;medium;skipped;0;2026-04-22 02:35:05;2026-04-22 02:35:05
8065945947;Lola;;andrewgiftschat;знᴀᴇᴛᴇ, дᴧя ᴄчᴀᴄᴛья нᴇ нужны боᴧьɯиᴇ ᴋоʍᴨᴀнии, доᴄᴛᴀᴛочно ᴧиɯь одноᴦо чᴇᴧоʙᴇᴋᴀ, ᴋоᴛоᴩый будᴇᴛ ᴄᴨоᴄобᴇн ᴨоняᴛь ʙᴀᴄ.;1;114;1;0;;50;medium;skipped;0;2026-04-22 02:35:05;2026-04-22 02:35:05
8066863140;Катя;;rabota_chaty1;https://t.me/+Hs5C50167v4wOTRi;1;30;1;0;;45;medium;skipped;0;2026-04-22 02:35:05;2026-04-22 02:35:05
8067099348;𝕬𝖓𝖛𝖎𝖐;Wjosz;andrewgiftschat;;1;0;1;0;;35;low;;0;;2026-04-22 02:35:05
8067804231;ʟᴏʀɢʏʏʏ 💸 💤;Lorgyyy;andrewgiftschat;Сплю;1;4;1;0;;60;medium;;0;;2026-04-22 02:35:05
8068670159;.;Vasap121;andrewgiftschat;;1;0;1;0;;35;low;;0;;2026-04-22 02:35:05
8068931434;Ксения;;rabota_chaty1;;1;0;1;0;;20;low;skipped;0;2026-04-22 02:35:05;2026-04-22 02:35:05
8069485517;викуля 💋;kswads;rabota_chaty1;"16. Отвечаю на ""скинь прайс""";1;28;1;0;;60;medium;;0;;2026-04-22 02:35:05
8070080634;;;rabota_chaty1;;1;0;0;0;;10;low;skipped;0;2026-04-22 02:35:05;2026-04-22 02:35:05
8071529794;арсений;wwllzz22;andrewgiftschat;;1;0;0;0;;25;low;;0;;2026-04-22 02:35:05
8071627139;Федор;;rabota_chaty1;;1;0;0;0;;10;low;skipped;0;2026-04-22 02:35:05;2026-04-22 02:35:05
8073006207;özüɱü ѕєνιю̸əɱ⁠⁠⁠⁠⁠.!.✞︎#шаболдище🗡;Free52j;andrewgiftschat;;1;0;1;0;;35;low;;0;;2026-04-22 02:35:05
8073012736;тенская;xtxtxt1;andrewgiftschat;ㅤㅤㅤㅤㅤ;1;5;1;0;;60;medium;;0;;2026-04-22 02:35:05
8073164556;Sylpharion;Sylpharion;andrewgiftschat;;1;0;0;0;;25;low;;0;;2026-04-22 02:35:05
8073200666;Станислав Аукционер 👑;forchanen;rabota_chaty1;Убей пенсионера - @flc_crew.;1;28;1;0;;60;medium;;0;;2026-04-22 02:35:05
8073976867;Мирный житель;BO3H1KHOBEH1E;andrewgiftschat;;1;0;1;0;;35;low;;0;;2026-04-22 02:35:05
8075019287;Даня;copy_prop;python_ru;;1;0;1;0;;35;low;;0;;2026-04-22 02:35:05
8075342658;Yukiko;LorentzYukiko4595;rabota_chaty1;Сладость🤑 https://t.me/+qOpWTboaoS1kYWIy;1;40;1;0;;65;high;;0;;2026-04-22 02:35:05
8075496760;;;python_ru;;1;0;0;0;;10;low;skipped;0;2026-04-22 02:35:05;2026-04-22 02:35:05
8076329281;Валерия;;rabota_chaty1;❄️🎁 Заработок без вложений 17+ https://t.me/+GgIaq56xeOk4MGIy;1;61;1;0;;50;medium;skipped;0;2026-04-22 02:35:05;2026-04-22 02:35:05
8076459578;;;rabota_chaty1;;1;0;0;0;;10;low;skipped;0;2026-04-22 02:35:05;2026-04-22 02:35:05
8077395393;OXO;Swaglost;andrewgiftschat;;1;0;1;0;;35;low;;0;;2026-04-22 02:35:05
8077939784;Euiual;;rabota_chaty1;;1;0;0;0;;10;low;skipped;0;2026-04-22 02:35:05;2026-04-22 02:35:05
8080046374;Александр HR;alexxxxxhrrr;rabota_chaty1;;1;0;1;0;;35;low;;0;;2026-04-22 02:35:05
8080409008;inflorenscience | wedou;inflorenscience;andrewgiftschat;keep riding bro, life gets better // обо мне — @bioofthewedou;1;61;1;0;;65;high;;0;;2026-04-22 02:35:05
8080565691;me0n1ss_a ۫‌ #str#krt#ts;meoniss_a;andrewgiftschat;;1;0;1;0;;35;low;;0;;2026-04-22 02:35:05
8082560215;младшая𓆪;BSJDICOSB;andrewgiftschat;stop clinging to everything and just give up.;1;45;1;0;;65;high;;0;;2026-04-22 02:35:05
8082854009;;;rabota_chaty1;;1;0;0;0;;10;low;skipped;0;2026-04-22 02:35:05;2026-04-22 02:35:05
8083076879;Лерка;Lerka_24_12;andrewgiftschat;;1;0;0;0;;25;low;;0;;2026-04-22 02:35:05
8083105300;Валинька;;rabota_chaty1;https://t.me/+n-1S3LGjdpQxZWZi;1;30;1;0;;45;medium;skipped;0;2026-04-22 02:35:05;2026-04-22 02:35:05
8085454698;Виктория;;rabota_chaty1;https://t.me/+A4I5taIqH883ZmUy;1;30;1;0;;45;medium;skipped;0;2026-04-22 02:35:05;2026-04-22 02:35:05
8085785805;нивенс RO|freak;niveenss;andrewgiftschat;@AdvanceStars_Bot - первый игровой бот на телеграм звезды 🌟;1;59;1;0;;65;high;;0;;2026-04-22 02:35:05
8085819103;;;rabota_chaty1;;1;0;0;0;;10;low;skipped;0;2026-04-22 02:35:05;2026-04-22 02:35:05
8086410355;Alcaras🇪🇸🙈;platon_ghrozniy;andrewgiftschat;;1;0;1;0;;35;low;;0;;2026-04-22 02:35:05
8086692662;Фульк;XUKWmlJ;laravel_pro;;1;0;0;0;;25;low;;0;;2026-04-22 02:35:05
8086895382;дарик;darik_ebash;andrewgiftschat;;1;0;1;0;;35;low;;0;;2026-04-22 02:35:05
8087966496;;;rabota_chaty1;;1;0;0;0;;10;low;skipped;0;2026-04-22 02:35:05;2026-04-22 02:35:05
8089751353;Алиса;;rabota_chaty1;;1;0;1;0;;20;low;skipped;0;2026-04-22 02:35:05;2026-04-22 02:35:05
8089769347;Галина;;rabota_chaty1;;1;0;1;0;;20;low;skipped;0;2026-04-22 02:35:05;2026-04-22 02:35:05
8089951733;Михаил;;rabota_chaty1;;1;0;0;0;;10;low;skipped;0;2026-04-22 02:35:05;2026-04-22 02:35:05
8090686534;Fozol.;sobakin_stream;laravel_pro;;1;0;1;0;;35;low;;0;;2026-04-22 02:35:05
8092661803;︎ ︎;realkw;andrewgiftschat;;1;0;0;0;;25;low;;0;;2026-04-22 02:35:05
8093376548;🤠;Frog_tt197;andrewgiftschat;;1;0;1;0;;35;low;;0;;2026-04-22 02:35:05
8095389997;.;;andrewgiftschat;;1;0;0;0;;10;low;skipped;0;2026-04-22 02:35:05;2026-04-22 02:35:05
8096745400;Екатерина;SavitskayaKa;rabota_chaty1;;1;0;1;0;;35;low;;0;;2026-04-22 02:35:05
8098813873;Ирина;irinakuznetsova676;rabota_chaty1;;1;0;0;0;;25;low;;0;;2026-04-22 02:35:05
8099216600;Карина;;rabota_chaty1;;1;0;0;0;;10;low;skipped;0;2026-04-22 02:35:05;2026-04-22 02:35:05
8099916511;;;tproger_chat;;1;0;0;0;;10;low;skipped;0;2026-04-22 02:35:05;2026-04-22 02:35:05
8100413528;;;rabota_chaty1;;1;0;0;0;;10;low;skipped;0;2026-04-22 02:35:05;2026-04-22 02:35:05
8101942313;$$$$¢π€¶;;tproger_chat;;1;0;1;0;;20;low;skipped;0;2026-04-22 02:35:05;2026-04-22 02:35:05
8102131952;Алберт;;python_ru;;1;0;0;0;;10;low;skipped;0;2026-04-22 02:35:05;2026-04-22 02:35:05
8102422410;Настасия;nastasia_ivanchenko;rabota_chaty1;;1;0;1;0;;35;low;;0;;2026-04-22 02:35:05
8102612303;NA;;laravel_pro;;1;0;1;0;;20;low;skipped;0;2026-04-22 02:35:05;2026-04-22 02:35:05
8106261301;Larisagubanov;;rabota_chaty1;;1;0;0;0;;10;low;skipped;0;2026-04-22 02:35:05;2026-04-22 02:35:05
8107374367;m;;andrewgiftschat;;1;0;1;0;;20;low;skipped;0;2026-04-22 02:35:05;2026-04-22 02:35:05
8108003602;;;rabota_chaty1;;1;0;0;0;;10;low;skipped;0;2026-04-22 02:35:05;2026-04-22 02:35:05
8108217124;💥🎲 FANTOM°°7🧊;Anonimxt;andrewgiftschat;https://t.me/patrickstarsrobot?start=8108217124;1;47;0;0;;55;medium;;0;;2026-04-22 02:35:05
8108305971;clensy;clensy1;andrewgiftschat;;1;0;1;0;;35;low;;0;;2026-04-22 02:35:05
8108486083;Eva;;rabota_chaty1;;1;0;0;0;;10;low;skipped;0;2026-04-22 02:35:05;2026-04-22 02:35:05
8108883720;Старый жмых #samuraipro;Jmih123;andrewgiftschat;;1;0;1;0;;35;low;;0;;2026-04-22 02:35:05
8108904043;;;rabota_chaty1;;1;0;0;0;;10;low;skipped;0;2026-04-22 02:35:05;2026-04-22 02:35:05
8110332627;Дмитрий;;rabota_chaty1;;1;0;0;0;;10;low;skipped;0;2026-04-22 02:35:05;2026-04-22 02:35:05
8110665396;Людмила;;rabota_chaty1;;1;0;1;0;;20;low;skipped;0;2026-04-22 02:35:05;2026-04-22 02:35:05
8112001104;Покровитель Ветров Кошачьих;MrBozdyxan;andrewgiftschat;;1;0;1;0;;35;low;;0;;2026-04-22 02:35:05
8113166641;Ганстер;acc4rate;andrewgiftschat;;1;0;0;0;;25;low;;0;;2026-04-22 02:35:05
8114077811;Алла;AlllA_03;rabota_chaty1;;1;0;1;0;;35;low;;0;;2026-04-22 02:35:05
8115071515;B;superdev101;laravel_pro;;1;0;1;0;;35;low;;0;;2026-04-22 02:35:05
8117006739;.;Vikysih;andrewgiftschat;.;1;1;0;0;;50;medium;;0;;2026-04-22 02:35:05
8117585017;;;rabota_chaty1;;1;0;0;0;;10;low;skipped;0;2026-04-22 02:35:05;2026-04-22 02:35:05
8119122791;sunshine✨;nassuwu;andrewgiftschat;;1;0;1;0;;35;low;;0;;2026-04-22 02:35:05
8120692359;Олеся;Olesa_51esee;rabota_chaty1;;1;0;0;0;;25;low;;0;;2026-04-22 02:35:05
8120750064;chm0🇺🇸;spider_men777;andrewgiftschat;;1;0;0;0;;25;low;;0;;2026-04-22 02:35:05
8121824844;Алина @WelpCasino;Alink000012;andrewgiftschat;;1;0;1;0;;35;low;;0;;2026-04-22 02:35:05
8122241296;Светлана;;rabota_chaty1;https://t.me/+nwDNnyA9q5gyNGMy;1;30;0;0;;35;low;skipped;0;2026-04-22 02:35:05;2026-04-22 02:35:05
8122965867;Exlusivgip;Goodfrinds3;andrewgiftschat;;1;0;1;0;;35;low;;0;;2026-04-22 02:35:05
8123251976;;;rabota_chaty1;;1;0;0;0;;10;low;skipped;0;2026-04-22 02:35:05;2026-04-22 02:35:05
8124765197;алоникс;alon1xx_bot;andrewgiftschat;;1;0;0;0;;25;low;;0;;2026-04-22 02:35:05
8126801483;iso;TomOfTampere;laravel_pro;;1;0;1;0;;35;low;;0;;2026-04-22 02:35:05
8126819544;аряш;sss_kisss;andrewgiftschat;;1;0;0;0;;25;low;;0;;2026-04-22 02:35:05
8126873525;Мирдавлат;LionTigerWolf;andrewgiftschat;Всегда люди честные и иногда не честные, это Аллах знает и видит всё;1;68;0;0;;55;medium;;0;;2026-04-22 02:35:05
8127149139;;;rabota_chaty1;;1;0;0;0;;10;low;skipped;0;2026-04-22 02:35:05;2026-04-22 02:35:05
8127947911;Steams-cl;SteamsclGrrkezp;laravel_pro;;1;0;0;0;;25;low;;0;;2026-04-22 02:35:05
8130130435;丹れ刀尺モㄚ️️️;metkuj;andrewgiftschat;;1;0;1;0;;35;low;;0;;2026-04-22 02:35:05
8130461271;Charles;;andrewgiftschat;;1;0;0;0;;10;low;skipped;0;2026-04-22 02:35:05;2026-04-22 02:35:05
8130691295;Paramonyu;;rabota_chaty1;;1;0;0;0;;10;low;skipped;0;2026-04-22 02:35:05;2026-04-22 02:35:05
8131239936;Ayush;;rabota_chaty1;;1;0;0;0;;10;low;skipped;0;2026-04-22 02:35:05;2026-04-22 02:35:05
8131882052;Davis Mark SUI 🐾| Drops💧| Drops💧;davismarkjz224;rabota_chaty1;;1;0;0;0;;25;low;;0;;2026-04-22 02:35:05
8132605407;︎︎ ︎︎ ︎ ︎;sf1wq;andrewgiftschat;я умираю ради твоей любви @dreykw;1;33;0;0;;50;medium;;0;;2026-04-22 02:35:05
8134085670;Сибни;sebne;andrewgiftschat;Когда-то людям тоже нужен отдых...;1;34;1;0;;60;medium;;0;;2026-04-22 02:35:05
8138248870;Елизавета;cffdfhgjhj;rabota_chaty1;;1;0;1;0;;35;low;;0;;2026-04-22 02:35:05
8138270888;;;rabota_chaty1;;1;0;0;0;;10;low;skipped;0;2026-04-22 02:35:05;2026-04-22 02:35:05
8138890504;;;rabota_chaty1;;1;0;0;0;;10;low;skipped;0;2026-04-22 02:35:05;2026-04-22 02:35:05
8139487535;Аrs;;andrewgiftschat;;1;0;1;0;;20;low;skipped;0;2026-04-22 02:35:05;2026-04-22 02:35:05
8139518263;Катя;Katya_Kimova;rabota_chaty1;;1;0;1;0;;35;low;;0;;2026-04-22 02:35:05
8140294374;;;rabota_chaty1;;1;0;0;0;;10;low;skipped;0;2026-04-22 02:35:05;2026-04-22 02:35:05
8142913318;Ольга;kckc_54c_wss;rabota_chaty1;Она возвышает других, потому что знает, каково это, когда тебя рушат;1;68;1;0;;65;high;;0;;2026-04-22 02:35:05
8143472831;amir1379;amirnar79aq;rabota_chaty1;;1;0;0;0;;25;low;;0;;2026-04-22 02:35:05
8145167253;Диана;;rabota_chaty1;;1;0;1;0;;20;low;skipped;0;2026-04-22 02:35:05;2026-04-22 02:35:05
8146349649;︎ ︎ ᅠ ︎ ︎ ︎ ︎ ᅠ ︎ ︎;shekotal;andrewgiftschat;︎ ︎ ᅠ ︎ ︎ ︎ ︎ ᅠ ︎ ︎;1;19;1;0;;60;medium;;0;;2026-04-22 02:35:05
8146835574;xdxai;xdxai;andrewgiftschat;;1;0;1;0;;35;low;;0;;2026-04-22 02:35:05
8146931698;;;python_ru;;1;0;0;0;;10;low;skipped;0;2026-04-22 02:35:05;2026-04-22 02:35:05
8147777605;𝑨𝒍𝒊𝒄𝒆;alicewheel1;python_ru;Mom would kill me:3 https://t.me/+66bC6vz6H9g3ZDAy;1;50;1;0;;65;high;;0;;2026-04-22 02:35:05
8148674140;Евграфова Ольга;JLKJSIJ2ILEW;rabota_chaty1;Приветик;1;8;1;0;;60;medium;;0;;2026-04-22 02:35:05
8149273645;Tina;tinaaaaaaaas;rabota_chaty1;;1;0;0;0;;25;low;;0;;2026-04-22 02:35:05
8152254908;Руслан;;rabota_chaty1;;1;0;1;0;;20;low;skipped;0;2026-04-22 02:35:05;2026-04-22 02:35:05
8153216344;Анастасия;BNDZLT;rabota_chaty1;;1;0;1;0;;35;low;;0;;2026-04-22 02:35:05
8153279043;Руслан;Rphoenixkgn;laravel_pro;;1;0;1;0;;35;low;;0;;2026-04-22 02:35:05
8153790284;генерал;;andrewgiftschat;;1;0;0;0;;10;low;skipped;0;2026-04-22 02:35:05;2026-04-22 02:35:05
8153938153;Da;;rabota_chaty1;;1;0;0;0;;10;low;skipped;0;2026-04-22 02:35:05;2026-04-22 02:35:05
8154017175;;;rabota_chaty1;;1;0;0;0;;10;low;skipped;0;2026-04-22 02:35:05;2026-04-22 02:35:05
8155656812;Cadrasidrurlpe;;rabota_chaty1;;1;0;0;0;;10;low;skipped;0;2026-04-22 02:35:05;2026-04-22 02:35:05
8156450596;JJoin;;laravel_pro;;1;0;0;0;;10;low;skipped;0;2026-04-22 02:35:05;2026-04-22 02:35:05
8156477616;;;rabota_chaty1;;1;0;0;0;;10;low;skipped;0;2026-04-22 02:35:05;2026-04-22 02:35:05
8157026924;Rakesh;graphicsrakesh0lox;andrewgiftschat;🏆;1;1;1;0;;60;medium;;0;;2026-04-22 02:35:05
8158314931;Аслам;;andrewgiftschat;🦿🦵💪;1;3;0;0;;35;low;skipped;0;2026-04-22 02:35:05;2026-04-22 02:35:05
8158563576;埃布蘭克🪄;Dreli66;andrewgiftschat;🫰🏿;1;2;1;0;;60;medium;;0;;2026-04-22 02:35:05
8158725764;•【Cолевая】•;anjikii;andrewgiftschat;-эй @meetelkaa ,я знаю чем мы сегодня займемся , ты купишь мне сигорет;1;70;1;0;;65;high;;0;;2026-04-22 02:35:05
8158792279;°•𝑳𝑬𝑹𝑶𝒁𝑨𝑹𝑻/Pandora•° OneState/𓆩ᴵᴬᴹ.𝑳𝑬𝑹𝑶𝒁𝑨𝑹𝑻𓆪;Lider_Moonlightpony;andrewgiftschat;;1;0;0;0;;25;low;;0;;2026-04-22 02:35:05
8159065599;𝐬𝐧𝐞𝐳𝐱.𝐪𝐱𝐰;Sleeeeeepeee;andrewgiftschat;😝;1;1;0;0;;50;medium;;0;;2026-04-22 02:35:05
8161505001;Милана;;tproger_chat;;1;0;0;0;;10;low;skipped;0;2026-04-22 02:35:05;2026-04-22 02:35:05
8162529103;𖤍;Xuligan_tag;andrewgiftschat;За фейков не ручаюсь || писать по делу | по ссылкам в каналы не захожу;1;70;1;0;;65;high;;0;;2026-04-22 02:35:05
8162742963;️;hahehahehae;andrewgiftschat;;1;0;1;0;;35;low;;0;;2026-04-22 02:35:05
8163521233;некультурная ехидна;wexxesm;andrewgiftschat;Весь этот город сегодня наш с тобой;1;35;1;0;;60;medium;;0;;2026-04-22 02:35:05
8163992761;Инна;inna45v;rabota_chaty1;;1;0;1;0;;35;low;;0;;2026-04-22 02:35:05
8166307940;Друг;;rabota_chaty1;Looking for content partner;1;27;1;0;;45;medium;skipped;0;2026-04-22 02:35:05;2026-04-22 02:35:05
8167319922;;;rabota_chaty1;;1;0;0;0;;10;low;skipped;0;2026-04-22 02:35:05;2026-04-22 02:35:05
8167597455;˗ˏˋ ıllı Кᴇнджи ៶៸ ˏ´⟢´ˎ˗;NightSeaO;andrewgiftschat;Я счастлив за тех людей,которых ты обнимаешь @NightBloodO;1;57;1;0;;65;high;;0;;2026-04-22 02:35:05
8168544709;;;rabota_chaty1;;1;0;0;0;;10;low;skipped;0;2026-04-22 02:35:05;2026-04-22 02:35:05
8169149164;;;rabota_chaty1;;1;0;0;0;;10;low;skipped;0;2026-04-22 02:35:05;2026-04-22 02:35:05
8169308686;леха ц;lexayc;andrewgiftschat;;1;0;1;0;;35;low;;0;;2026-04-22 02:35:05
8170227198;I'm Solo🗽;G0RD0STb;andrewgiftschat;Не мы такие, жизнь такова. Деф/def - @iliyakx;1;45;1;0;;65;high;;0;;2026-04-22 02:35:05
8172535612;Ваня;NancyAnderson051;rabota_chaty1;;1;0;1;0;;35;low;;0;;2026-04-22 02:35:05
8173293061;멋진 작은 것들.88 🌈 #цийхито_пузатряс #🇧🇾<<<;Lana_kicek;andrewgiftschat;- ⲙы ƿɑਡⲏы૯ ๑ ( @Kripivrach_meow ) || если будешь плакать то я буду плакать тоже @dusya_lol;1;91;1;0;;65;high;;0;;2026-04-22 02:35:05
8173885862;Je veux parler�⁠⁠⁠⁠⁠⁠𑲭𑲭�de mes problèmes;KlemcioO_O;andrewgiftschat;он смотрить без глаз х_х http://t.me/anonaskbot?start=6nad а ok)))))))))(my sito --- @s3xpartyl 🥹✌🏻✌🏻);1;102;1;0;;65;high;;0;;2026-04-22 02:35:05
8174139272;Лилит;afsfstertg;rabota_chaty1;;1;0;1;0;;35;low;;0;;2026-04-22 02:35:05
8175274974;⁸James_Franko_Skz⁸ #s14v #MNS #krt #s1k #mys @afttek лучший #ts;yda_cha8;andrewgiftschat;°I don't even like to sleep — I feel like there's too much to do°<3;1;67;1;0;;65;high;;0;;2026-04-22 02:35:05
8175490292;👨🏼‍🦽;Imtt0v;andrewgiftschat;;1;0;1;0;;35;low;;0;;2026-04-22 02:35:05
8175684842;;;rabota_chaty1;;1;0;0;0;;10;low;skipped;0;2026-04-22 02:35:05;2026-04-22 02:35:05
8175878306;nn#forevernngr;forevernngr;andrewgiftschat;-нᴇᴛ, боᴧьɯᴇ ᴛы ʍᴇня нᴇ ʙᴄᴛᴩᴇᴛиɯь, ϶ᴛᴀ ночь ᴨоᴋᴀжᴇᴛ чᴛо ниᴋᴛо нᴇ ʙᴇчᴇн;1;70;1;0;;65;high;;0;;2026-04-22 02:35:05
8176959244;;;rabota_chaty1;;1;0;0;0;;10;low;skipped;0;2026-04-22 02:35:05;2026-04-22 02:35:05
8177413183;Калыван;KOLblBAH67;andrewgiftschat;;1;0;1;0;;35;low;;0;;2026-04-22 02:35:05
8179170555;;;rabota_chaty1;;1;0;0;0;;10;low;skipped;0;2026-04-22 02:35:05;2026-04-22 02:35:05
8179220037;Никита;ProstoNikita678;andrewgiftschat;;1;0;1;0;;35;low;;0;;2026-04-22 02:35:05
8179512467;ㅤㅤㅤㅤㅤㅤㅤㅤㅤㅤㅤㅤㅤㅤㅤㅤㅤㅤㅤㅤㅤㅤㅤㅤㅤㅤㅤㅤㅤㅤㅤㅤㅤㅤㅤㅤㅤㅤㅤㅤㅤㅤㅤㅤㅤㅤㅤㅤㅤㅤㅤㅤㅤㅤㅤㅤㅤㅤㅤㅤㅤㅤㅤㅤ;IlIllXllIlI;andrewgiftschat;ㅤㅤㅤㅤㅤㅤㅤㅤㅤㅤㅤㅤㅤㅤㅤㅤㅤㅤㅤㅤㅤㅤㅤㅤㅤㅤㅤㅤㅤㅤㅤㅤㅤㅤㅤㅤㅤㅤㅤㅤㅤㅤㅤㅤㅤㅤㅤㅤㅤㅤㅤㅤㅤㅤㅤㅤㅤㅤㅤㅤㅤㅤㅤㅤㅤㅤㅤㅤㅤㅤ;1;70;0;0;;55;medium;;0;;2026-04-22 02:35:05
8179875693;;;rabota_chaty1;;1;0;0;0;;10;low;skipped;0;2026-04-22 02:35:05;2026-04-22 02:35:05
8180152690;;;rabota_chaty1;;1;0;0;0;;10;low;skipped;0;2026-04-22 02:35:05;2026-04-22 02:35:05
8180988415;25;allelard9;laravel_pro;;1;0;0;0;;25;low;;0;;2026-04-22 02:35:05
8181186585;Кобяков;Wavilont;andrewgiftschat;;1;0;1;0;;35;low;;0;;2026-04-22 02:35:05
8181234744;Крылья;Krlblbshk1;andrewgiftschat;@AdvanceStars_Bot - первый игровой бот на телеграм звезды 🌟;1;59;1;0;;65;high;;0;;2026-04-22 02:35:05
8182468391;Веста;;rabota_chaty1;;1;0;0;0;;10;low;skipped;0;2026-04-22 02:35:05;2026-04-22 02:35:05
8184232449;Василида;dodpfdpf;rabota_chaty1;;1;0;1;0;;35;low;;0;;2026-04-22 02:35:05
8184259403;;;rabota_chaty1;;1;0;0;0;;10;low;skipped;0;2026-04-22 02:35:05;2026-04-22 02:35:05
8185099140;Peter;zhilyae;laravel_pro;;1;0;0;0;;25;low;;0;;2026-04-22 02:35:05
8185175966;;;rabota_chaty1;;1;0;0;0;;10;low;skipped;0;2026-04-22 02:35:05;2026-04-22 02:35:05
8185193212;;;rabota_chaty1;;1;0;0;0;;10;low;skipped;0;2026-04-22 02:35:05;2026-04-22 02:35:05
8185708587;Vern;;rabota_chaty1;;1;0;0;0;;10;low;skipped;0;2026-04-22 02:35:05;2026-04-22 02:35:05
8186474685;Cкрепка;Trenballons;andrewgiftschat;;1;0;1;0;;35;low;;0;;2026-04-22 02:35:05
8186817072;Kimi HR;RomanHR_911;rabota_chaty1;@Staffium_bot - HR-бот;1;22;1;0;;60;medium;;0;;2026-04-22 02:35:05
8187781219;🥷Alinkiss🥷;Alinka070011;andrewgiftschat;-а знаешь бабки будут я чувствую вот тут вот @Ny_tipa_xz_lol_kek;1;64;0;0;;55;medium;;0;;2026-04-22 02:35:05
8188010480;Temecke;;andrewgiftschat;;1;0;0;0;;10;low;skipped;0;2026-04-22 02:35:05;2026-04-22 02:35:05
8189988519;86;alayamest;andrewgiftschat;;1;0;1;0;;35;low;;0;;2026-04-22 02:35:05
8190349967;6 севен;Pigarasiky;andrewgiftschat;;1;0;1;0;;35;low;;0;;2026-04-22 02:35:05
8192153777;;;rabota_chaty1;;1;0;0;0;;10;low;skipped;0;2026-04-22 02:35:05;2026-04-22 02:35:05
8193596836;Jostonn;;rabota_chaty1;;1;0;0;0;;10;low;skipped;0;2026-04-22 02:35:05;2026-04-22 02:35:05
8194584151;;;rabota_chaty1;;1;0;0;0;;10;low;skipped;0;2026-04-22 02:35:05;2026-04-22 02:35:05
8195157356;Александр;alexandrevvfa;laravel_pro;;1;0;0;0;;25;low;;0;;2026-04-22 02:35:05
8195742163;Ч Шнюхич;afkShnyxx;andrewgiftschat;| Писать сразу по делу| @plsbio | def by @aftter, @oexec;1;56;1;0;;65;high;;0;;2026-04-22 02:35:05
8196644549;Эмиль;;rabota_chaty1;;1;0;0;0;;10;low;skipped;0;2026-04-22 02:35:05;2026-04-22 02:35:05
8197194070;ᴀнᴦᴇᴧ ʙᴏ ᴨᴧᴏᴛи ISFJ;angel_vo_plotiXD;andrewgiftschat;я разорву твое сердце в клочья,мне будет пох;1;44;1;0;;65;high;;0;;2026-04-22 02:35:05
8198706857;ִֶ;Felix_python;laravel_pro;Python backend developer;1;24;1;0;;60;medium;;0;;2026-04-22 02:35:05
8198909029;Gairik;;laravel_pro;;1;0;0;0;;10;low;skipped;0;2026-04-22 02:35:05;2026-04-22 02:35:05
8200117267;𝕬𝖎𝖉𝖊𝖓 𝕳𝔞𝔨𝔦𝖒𝔬𝔣𝔣;almst_awake;andrewgiftschat;Если не можешь изменить обстановку, измени свое отношение к ней.;1;64;1;0;;65;high;;0;;2026-04-22 02:35:05
8200389124;;;rabota_chaty1;;1;0;0;0;;10;low;skipped;0;2026-04-22 02:35:05;2026-04-22 02:35:05
8200389991;Oleg;leadbox_manager1;laravel_pro;Senior UX/UI Designer;1;21;1;0;;60;medium;;0;;2026-04-22 02:35:05
8200861558;;;rabota_chaty1;;1;0;0;0;;10;low;skipped;0;2026-04-22 02:35:05;2026-04-22 02:35:05
8201790783;;;rabota_chaty1;;1;0;0;0;;10;low;skipped;0;2026-04-22 02:35:05;2026-04-22 02:35:05
8202218681;.;pyskaq;andrewgiftschat;;1;0;1;0;;35;low;;0;;2026-04-22 02:35:05
8203347430;;;rabota_chaty1;;1;0;0;0;;10;low;skipped;0;2026-04-22 02:35:05;2026-04-22 02:35:05
8203575862;Алексей;alex23839;python_ru;https://t.me/podrabotkaaa9035_bot;1;33;0;0;;50;medium;;0;;2026-04-22 02:35:05
8203851657;;;rabota_chaty1;;1;0;0;0;;10;low;skipped;0;2026-04-22 02:35:05;2026-04-22 02:35:05
8204168641;Виктор цой;wjjsjdmdm;andrewgiftschat;@UGSGAME Хороший чат https://t.me/twixchat_G;1;44;0;0;;55;medium;;0;;2026-04-22 02:35:05
8204678761;Buzaeva;dlverrs;andrewgiftschat;;1;0;1;0;;35;low;;0;;2026-04-22 02:35:05
8204845366;fugly((;sonyezx;andrewgiftschat;fugly, я наглый, притупляю боль таблой;1;38;1;0;;60;medium;;0;;2026-04-22 02:35:05
8204984486;Максим пидорас++;;andrewgiftschat;в продаже юз @C4lenosos;1;23;1;0;;45;medium;skipped;0;2026-04-22 02:35:05;2026-04-22 02:35:05
8206035665;† 𝓭𝓸𝓵𝓵𝓪𝓻 †ᵍᵒˡᵈᵉⁿ;qqll17;andrewgiftschat;Я люблю только Катю💋❤️ @Golden_Gram_chat;1;40;1;0;;65;high;;0;;2026-04-22 02:35:05
8206377453;@.s0n~Ur1;sanurrr_i;andrewgiftschat;Är jag inte vacker？;1;19;1;0;;60;medium;;0;;2026-04-22 02:35:05
8207744016;I love you Бравл старс;I_EBAHIN_GENIUS;andrewgiftschat;Короче Я ЁБАНЫЙ ГЕНИЙ ТЫ ПРОСТО УРОД... Дальше забыла;1;53;1;0;;65;high;;0;;2026-04-22 02:35:05
8209252566;Андрей;andreykozlov139;rabota_chaty1;;1;0;0;0;;25;low;;0;;2026-04-22 02:35:05
8211246259;HeMakz8m;sexMakz8m;andrewgiftschat;Дарю подарки за пересылку канала Досика. За выплатой лс. @neprivet;1;66;1;0;;65;high;;0;;2026-04-22 02:35:05
8211806330;;;rabota_chaty1;;1;0;0;0;;10;low;skipped;0;2026-04-22 02:35:05;2026-04-22 02:35:05
8214342411;Soska||dd^^gyla__фууу/делии;fimcas04;andrewgiftschat;;1;0;0;0;;25;low;;0;;2026-04-22 02:35:05
8214491826;;;rabota_chaty1;;1;0;0;0;;10;low;skipped;0;2026-04-22 02:35:05;2026-04-22 02:35:05
8215142266;;;tproger_chat;;1;0;0;0;;10;low;skipped;0;2026-04-22 02:35:05;2026-04-22 02:35:05
8215949249;Ясина;;andrewgiftschat;;1;0;1;0;;20;low;skipped;0;2026-04-22 02:35:05;2026-04-22 02:35:05
8216885677;クルー;kryteknaw;andrewgiftschat;+rep;1;4;1;0;;60;medium;;0;;2026-04-22 02:35:05
8217587518;Delviod;PUxYqT;rabota_chaty1;;1;0;0;0;;25;low;;0;;2026-04-22 02:35:05
8218173385;Jay;JAY10199;andrewgiftschat;;1;0;0;0;;25;low;;0;;2026-04-22 02:35:05
8221476910;Викентий;;rabota_chaty1;;1;0;0;0;;10;low;skipped;0;2026-04-22 02:35:05;2026-04-22 02:35:05
8223488846;юрчка;YuriIchXDD;andrewgiftschat;;1;0;1;0;;35;low;;0;;2026-04-22 02:35:05
8224781701;;;rabota_chaty1;;1;0;0;0;;10;low;skipped;0;2026-04-22 02:35:05;2026-04-22 02:35:05
8224913894;;;rabota_chaty1;;1;0;0;0;;10;low;skipped;0;2026-04-22 02:35:05;2026-04-22 02:35:05
8225060389;;;rabota_chaty1;;1;0;0;0;;10;low;skipped;0;2026-04-22 02:35:05;2026-04-22 02:35:05
8225447750;ᅠ ︎ ︎ ︎ ︎ ᅠ ︎ ︎ ︎ ︎..;Wwwwrrttttyy;andrewgiftschat;;1;0;0;0;;25;low;;0;;2026-04-22 02:35:05
8226073226;Сафина;;rabota_chaty1;;1;0;1;0;;20;low;skipped;0;2026-04-22 02:35:05;2026-04-22 02:35:05
8226849693;Светлана;SvetlanaMironova39;rabota_chaty1;;1;0;1;0;;35;low;;0;;2026-04-22 02:35:05
8227782642;;;rabota_chaty1;;1;0;0;0;;10;low;skipped;0;2026-04-22 02:35:05;2026-04-22 02:35:05
8227789244;;;rabota_chaty1;;1;0;0;0;;10;low;skipped;0;2026-04-22 02:35:05;2026-04-22 02:35:05
8228980618;;;rabota_chaty1;;1;0;0;0;;10;low;skipped;0;2026-04-22 02:35:05;2026-04-22 02:35:05
8229083752;Maria Cole;;rabota_chaty1;;1;0;0;0;;10;low;skipped;0;2026-04-22 02:35:05;2026-04-22 02:35:05
8229105590;Виталий;dhsjjsk89;python_ru;https://t.me/+KlicZrogVtU3MzYy;1;30;0;0;;50;medium;;0;;2026-04-22 02:35:05
8231819455;Денис;denissmirnov930;rabota_chaty1;;1;0;0;0;;25;low;;0;;2026-04-22 02:35:05
8232378364;;;rabota_chaty1;;1;0;0;0;;10;low;skipped;0;2026-04-22 02:35:05;2026-04-22 02:35:05
8233533879;beweted;beweted;andrewgiftschat;;1;0;0;0;;25;low;;0;;2026-04-22 02:35:05
8233678742;;;rabota_chaty1;;1;0;0;0;;10;low;skipped;0;2026-04-22 02:35:05;2026-04-22 02:35:05
8233841537;;;rabota_chaty1;;1;0;0;0;;10;low;skipped;0;2026-04-22 02:35:05;2026-04-22 02:35:05
8234112699;;;rabota_chaty1;;1;0;0;0;;10;low;skipped;0;2026-04-22 02:35:05;2026-04-22 02:35:05
8235107775;;;rabota_chaty1;;1;0;0;0;;10;low;skipped;0;2026-04-22 02:35:05;2026-04-22 02:35:05
8235436674;;;rabota_chaty1;;1;0;0;0;;10;low;skipped;0;2026-04-22 02:35:05;2026-04-22 02:35:05
8235677301;;;rabota_chaty1;;1;0;0;0;;10;low;skipped;0;2026-04-22 02:35:05;2026-04-22 02:35:05
8237760758;;;rabota_chaty1;;1;0;0;0;;10;low;skipped;0;2026-04-22 02:35:05;2026-04-22 02:35:05
8239057500;Вика;vikkawp;andrewgiftschat;;1;0;0;0;;25;low;;0;;2026-04-22 02:35:05
8240932321;;;rabota_chaty1;;1;0;0;0;;10;low;skipped;0;2026-04-22 02:35:05;2026-04-22 02:35:05
8240997503;кислова🖤ᡕᠵ᠊ᡃ⁠⁠⁠⁠⸝່ࠡ᠊߯ᡁࠣ࠘᠊᠊ࠢ࠘气亠//менеджер;;andrewgiftschat;ᡕᠵ᠊ᡃ⁠⁠⁠⁠⸝່ࠡ᠊߯ᡁࠣ࠘᠊᠊ࠢ࠘气亠 есть любимый @ebuloxoww 🩶 [писать по делу];1;65;1;0;;50;medium;skipped;0;2026-04-22 02:35:05;2026-04-22 02:35:05
8241006045;Андрей;andreykozlov329;rabota_chaty1;;1;0;0;0;;25;low;;0;;2026-04-22 02:35:05
8241081607;Евгения;Evvv3435;rabota_chaty1;;1;0;1;0;;35;low;;0;;2026-04-22 02:35:05
8241432873;Денис HR;;rabota_chaty1;;1;0;0;0;;10;low;skipped;0;2026-04-22 02:35:05;2026-04-22 02:35:05
8243006964;;;python_ru;;1;0;0;0;;10;low;skipped;0;2026-04-22 02:35:05;2026-04-22 02:35:05
8243996889;ᅟ;JUSTIN_GATHJE;andrewgiftschat;Is it worth it?...;1;18;1;0;;60;medium;;0;;2026-04-22 02:35:05
8244131058;;;rabota_chaty1;;1;0;0;0;;10;low;skipped;0;2026-04-22 02:35:05;2026-04-22 02:35:05
8245786834;;;rabota_chaty1;;1;0;0;0;;10;low;skipped;0;2026-04-22 02:35:05;2026-04-22 02:35:05
8245927144;Brother;uydro;andrewgiftschat;;1;0;1;0;;35;low;;0;;2026-04-22 02:35:05
8245966600;sea;;laravel_pro;;1;0;0;0;;10;low;skipped;0;2026-04-22 02:35:05;2026-04-22 02:35:05
8246006234;Dima;Ladno_aia;laravel_pro;;1;0;1;0;;35;low;;0;;2026-04-22 02:35:05
8246087008;;;rabota_chaty1;;1;0;0;0;;10;low;skipped;0;2026-04-22 02:35:05;2026-04-22 02:35:05
8246245871;;;rabota_chaty1;;1;0;0;0;;10;low;skipped;0;2026-04-22 02:35:05;2026-04-22 02:35:05
8246961372;skip.;skipfw;andrewgiftschat;-нᴏ ʍы ᴄʙяɜᴀны.;1;15;1;0;;60;medium;;0;;2026-04-22 02:35:05
8246985274;DEMOH;DESKKDJD;andrewgiftschat;найду покупателя или продавца (нфт звезды грамы голда) за грамы;1;63;1;0;;65;high;;0;;2026-04-22 02:35:05
8247027429;МАРИНА 💋 Ищу смелого… Готов рискнуть? 🌶 Жду в лс ✨ M_A_R_I_N_A;ifRwFMlxZL;rabota_chaty1;😈 Скучаю тут 👉 t.me/+ZKYYsiAOPVdhOWI6 🔥 Жду твоего сообщения 💋;1;62;1;0;;65;high;;0;;2026-04-22 02:35:05
8247296386;Vit;paranoromalius;laravel_pro;˚ ✦ . . ˚ . . ✦ ˚ . ★ . . ˚ * ✦;1;31;1;0;;60;medium;;0;;2026-04-22 02:35:05
8247435972;;;rabota_chaty1;;1;0;0;0;;10;low;skipped;0;2026-04-22 02:35:05;2026-04-22 02:35:05
8247486955;𝐳𝐞𝐫𝐯𝐢𝐱 🇮🇸 #error #киса #well #gav#s1k#𝒜#KTN;x3xent;andrewgiftschat;;1;0;1;0;;35;low;;0;;2026-04-22 02:35:05
8247741350;;;rabota_chaty1;;1;0;0;0;;10;low;skipped;0;2026-04-22 02:35:05;2026-04-22 02:35:05
8247868352;;;rabota_chaty1;;1;0;0;0;;10;low;skipped;0;2026-04-22 02:35:05;2026-04-22 02:35:05
8247973565;Анюта;alexwinstonai;python_ru;;1;0;1;0;;35;low;;0;;2026-04-22 02:35:05
8250663651;;;rabota_chaty1;;1;0;0;0;;10;low;skipped;0;2026-04-22 02:35:05;2026-04-22 02:35:05
8250857624;ира.;Ira1426;andrewgiftschat;тгк| https://t.me/+-jtn6sS-MDA0YmUy;1;35;0;0;;50;medium;;0;;2026-04-22 02:35:05
8251153388;;;rabota_chaty1;;1;0;0;0;;10;low;skipped;0;2026-04-22 02:35:05;2026-04-22 02:35:05
8251989281;;;rabota_chaty1;;1;0;0;0;;10;low;skipped;0;2026-04-22 02:35:05;2026-04-22 02:35:05
8252393003;Демян;Amnufa;rabota_chaty1;;1;0;1;0;;35;low;;0;;2026-04-22 02:35:05
8252580471;Акира Крутая вумен;foroyuy;andrewgiftschat;Но ты снова и снова наносил ему удары @BLYAEEEEE;1;48;0;0;;55;medium;;0;;2026-04-22 02:35:05
8253602027;;;rabota_chaty1;;1;0;0;0;;10;low;skipped;0;2026-04-22 02:35:05;2026-04-22 02:35:05
8253689825;"^^^𝔲𝔫 𝔞𝔪𝔦 𝔱𝔢𝔯𝔯𝔦𝔟𝔩𝔢;;";itspizdecc;andrewgiftschat;;1;0;1;0;;35;low;;0;;2026-04-22 02:35:05
8254415158;Елена;elenakozlova986;rabota_chaty1;;1;0;0;0;;25;low;;0;;2026-04-22 02:35:05
8255584959;daffm.!!ᛝ#LE#s1k#киса#roxy#scw#00Y#KTN#Марикс#Twix;DFFX6;andrewgiftschat;;1;0;1;0;;35;low;;0;;2026-04-22 02:35:05
8255623417;Надежда;;rabota_chaty1;;1;0;1;0;;20;low;skipped;0;2026-04-22 02:35:05;2026-04-22 02:35:05
8255907546;Я барашек ♡;linaidass457;andrewgiftschat;Василий Петрович, обожаю МиЛару 😘и Егора Крида 🥺🥺🥺;1;50;1;0;;65;high;;0;;2026-04-22 02:35:05
8256046277;Яна;UvX2WN7b;rabota_chaty1;;1;0;1;0;;35;low;;0;;2026-04-22 02:35:05
8256421812;Екатерина;ekaterinakuznetsova719;rabota_chaty1;;1;0;0;0;;25;low;;0;;2026-04-22 02:35:05
8256641297;woodman;wwoodman;andrewgiftschat;R ➰ SH / def: https://t.me/oazova;1;33;1;0;;60;medium;;0;;2026-04-22 02:35:05
8256941982;Sftfii;;rabota_chaty1;;1;0;0;0;;10;low;skipped;0;2026-04-22 02:35:05;2026-04-22 02:35:05
8257873636;Руслан;;rabota_chaty1;;1;0;1;0;;20;low;skipped;0;2026-04-22 02:35:05;2026-04-22 02:35:05
8258910167;;;rabota_chaty1;;1;0;0;0;;10;low;skipped;0;2026-04-22 02:35:05;2026-04-22 02:35:05
8259239746;Вячеслав;rodionov_vyach;laravel_pro;;1;0;1;0;;35;low;;0;;2026-04-22 02:35:05
8259452192;зая / #well;ANGEL666016;andrewgiftschat;-𝒉𝒆 𝒍𝒐𝒐𝒌𝒔 𝒍𝒊𝒌𝒆 𝒔𝒐𝒎𝒆𝒕𝒉𝒊𝒏𝒈𝒕𝒉𝒂𝒕 𝑰'𝒅 𝒔𝒆𝒆 𝒂𝒕 𝒂 𝒎𝒖𝒔𝒆𝒖𝒎 @s1implle;1;58;1;0;;65;high;;0;;2026-04-22 02:35:05
8259617863;.;killi_011;andrewgiftschat;;1;0;0;0;;25;low;;0;;2026-04-22 02:35:05
8260513083;Хан тао;Xan_Tao1;andrewgiftschat;;1;0;1;0;;35;low;;0;;2026-04-22 02:35:05
8261506549;Julio;;rabota_chaty1;;1;0;0;0;;10;low;skipped;0;2026-04-22 02:35:05;2026-04-22 02:35:05
8262494172;;;rabota_chaty1;;1;0;0;0;;10;low;skipped;0;2026-04-22 02:35:05;2026-04-22 02:35:05
8262726457;カティア;Katttno;andrewgiftschat;-あなたは永遠に私と一緒にいます。;1;17;1;0;;60;medium;;0;;2026-04-22 02:35:05
8264151759;;;rabota_chaty1;;1;0;0;0;;10;low;skipped;0;2026-04-22 02:35:05;2026-04-22 02:35:05
8264905980;;;rabota_chaty1;;1;0;0;0;;10;low;skipped;0;2026-04-22 02:35:05;2026-04-22 02:35:05
8265586541;;;rabota_chaty1;;1;0;0;0;;10;low;skipped;0;2026-04-22 02:35:05;2026-04-22 02:35:05
8267007524;;;rabota_chaty1;;1;0;0;0;;10;low;skipped;0;2026-04-22 02:35:05;2026-04-22 02:35:05
8267030642;dz'r;dzgvaaa;rabota_chaty1;;1;0;1;0;;35;low;;0;;2026-04-22 02:35:05
8267220204;;;rabota_chaty1;;1;0;0;0;;10;low;skipped;0;2026-04-22 02:35:05;2026-04-22 02:35:05
8268782502;ALNAV;alnaval;andrewgiftschat;@ebanatpoddozoi;1;15;1;0;;60;medium;;0;;2026-04-22 02:35:05
8269938236;;;rabota_chaty1;;1;0;0;0;;10;low;skipped;0;2026-04-22 02:35:05;2026-04-22 02:35:05
8270010865;шавти;;andrewgiftschat;;1;0;1;0;;20;low;skipped;0;2026-04-22 02:35:05;2026-04-22 02:35:05
8270531795;𔔁︎ ︎ ︎ ︎ ︎ ︎ ︎𓍼𝂅ׄ . ︎࣪˖𝑾𝑬𝑯𝑹𝑴𝑨𝑪𝑯𝑻 ֪ // 𔘘#𝟎𝟎𝟐/𝒀𝒐𝒕𝒐.;Sonja_Noch_Einmal;andrewgiftschat;𔘘Ⲥⲏⲟⲃⲁ ⲟⲇυⲏⲟⲕ. Ⲙⲟⲯⲉⲧ, я ⲏⲉ ⲧⲟⲧ? Ⳅⲗыⲉ ⲙыⲥⲗυ, ⲕⲧⲟ ⳝы ⲙⲏⲉ ⲡⲟⲙⲟⲅ. . .(?);1;68;1;0;;65;high;;0;;2026-04-22 02:35:05
8271656450;обкуренная;;andrewgiftschat;;1;0;1;0;;20;low;skipped;0;2026-04-22 02:35:05;2026-04-22 02:35:05
8271686251;Олейник;Shadow_Milk_Cookie33;andrewgiftschat;Картина. Она обычная и пустая.;1;30;1;0;;60;medium;;0;;2026-04-22 02:35:05
8272527432;Александра;;rabota_chaty1;От 100.000 рублей в неделю ? Запросто !!! Строго 14+ https://t.me/+MSg;1;70;1;0;;50;medium;skipped;0;2026-04-22 02:35:05;2026-04-22 02:35:05
8273224616;;;rabota_chaty1;;1;0;0;0;;10;low;skipped;0;2026-04-22 02:35:05;2026-04-22 02:35:05
8274069515;пр я;chyroda;andrewgiftschat;;1;0;1;0;;35;low;;0;;2026-04-22 02:35:05
8276059607;;;rabota_chaty1;;1;0;0;0;;10;low;skipped;0;2026-04-22 02:35:05;2026-04-22 02:35:05
8276166326;;;rabota_chaty1;;1;0;0;0;;10;low;skipped;0;2026-04-22 02:35:05;2026-04-22 02:35:05
8276384777;Вова;uihihl;python_ru;мы тут не работаем а ЗАРАБАТЫВАЕМ https://t.me/+hO4xzybeyiRmMDJi;1;64;1;0;;65;high;;0;;2026-04-22 02:35:05
8276415715;;;rabota_chaty1;;1;0;0;0;;10;low;skipped;0;2026-04-22 02:35:05;2026-04-22 02:35:05
8276631490;;;rabota_chaty1;;1;0;0;0;;10;low;skipped;0;2026-04-22 02:35:05;2026-04-22 02:35:05
8277056318;;;rabota_chaty1;;1;0;0;0;;10;low;skipped;0;2026-04-22 02:35:05;2026-04-22 02:35:05
8277840958;YORFIZZIS | HELPER-RW;Maximus_netu;andrewgiftschat;;1;0;1;0;;35;low;;0;;2026-04-22 02:35:05
8278159523;#𝕟𝕖𝕣𝕧𝕟𝕪𝕪 | @headshunt;Xddddd0_0;andrewgiftschat;4k | face;1;9;1;0;;60;medium;;0;;2026-04-22 02:35:05
8278806980;;;rabota_chaty1;;1;0;0;0;;10;low;skipped;0;2026-04-22 02:35:05;2026-04-22 02:35:05
8279823350;;;rabota_chaty1;;1;0;0;0;;10;low;skipped;0;2026-04-22 02:35:05;2026-04-22 02:35:05
8280225760;;;rabota_chaty1;;1;0;0;0;;10;low;skipped;0;2026-04-22 02:35:05;2026-04-22 02:35:05
8280313660;yokkaa;yokkaa;andrewgiftschat;-мам,я хочу быть как газан,такой же хулиган @mmewop6;1;52;1;0;;65;high;;0;;2026-04-22 02:35:05
8280711166;@Am_niam;Amn_iam;andrewgiftschat;;1;0;1;0;;35;low;;0;;2026-04-22 02:35:05
8281335303;;;rabota_chaty1;;1;0;0;0;;10;low;skipped;0;2026-04-22 02:35:05;2026-04-22 02:35:05
8282234633;chuvaaak;tmchks;andrewgiftschat;-Навечно молодой,forever young @Bratuhas;1;40;1;0;;65;high;;0;;2026-04-22 02:35:05
8282713731;Машуня;maruusiyaa;andrewgiftschat;;1;0;1;0;;35;low;;0;;2026-04-22 02:35:05
8283013724;;;rabota_chaty1;;1;0;0;0;;10;low;skipped;0;2026-04-22 02:35:05;2026-04-22 02:35:05
8283320367;;;rabota_chaty1;;1;0;0;0;;10;low;skipped;0;2026-04-22 02:35:05;2026-04-22 02:35:05
8283571354;Дима;;laravel_pro;;1;0;0;0;;10;low;skipped;0;2026-04-22 02:35:05;2026-04-22 02:35:05
8283896603;;;tproger_chat;;1;0;0;0;;10;low;skipped;0;2026-04-22 02:35:05;2026-04-22 02:35:05
8284825747;;;rabota_chaty1;;1;0;0;0;;10;low;skipped;0;2026-04-22 02:35:05;2026-04-22 02:35:05
8285331331;ap;q1use;andrewgiftschat;;1;0;0;0;;25;low;;0;;2026-04-22 02:35:05
8286580442;Денис;denispetrov427;rabota_chaty1;;1;0;0;0;;25;low;;0;;2026-04-22 02:35:05
8287760725;;;rabota_chaty1;;1;0;0;0;;10;low;skipped;0;2026-04-22 02:35:05;2026-04-22 02:35:05
8288469747;Бегемот;Cudll;andrewgiftschat;🇺🇲;1;2;1;0;;60;medium;;0;;2026-04-22 02:35:05
8288832980;;;rabota_chaty1;;1;0;0;0;;10;low;skipped;0;2026-04-22 02:35:05;2026-04-22 02:35:05
8289124273;;;rabota_chaty1;;1;0;0;0;;10;low;skipped;0;2026-04-22 02:35:05;2026-04-22 02:35:05
8290457008;;;rabota_chaty1;;1;0;0;0;;10;low;skipped;0;2026-04-22 02:35:05;2026-04-22 02:35:05
8291026377;Викуся;vikusya_lady;rabota_chaty1;;1;0;1;0;;35;low;;0;;2026-04-22 02:35:05
8291580001;;;rabota_chaty1;;1;0;0;0;;10;low;skipped;0;2026-04-22 02:35:05;2026-04-22 02:35:05
8291669585;Тигран the bmv;;andrewgiftschat;;1;0;0;0;;10;low;skipped;0;2026-04-22 02:35:05;2026-04-22 02:35:05
8291799182;;;rabota_chaty1;;1;0;0;0;;10;low;skipped;0;2026-04-22 02:35:05;2026-04-22 02:35:05
8292087899;кримик хапаев 🏴‍☠️;crimewox;andrewgiftschat;CEO | crimick_app.t.me |;1;24;1;0;;60;medium;;0;;2026-04-22 02:35:05
8292125582;𝓶𝔁𝔁𝔂𝓽𝓻𝓷<3;n123_steel;andrewgiftschat;𝑊ℎ𝑒𝑟𝑒 𝑎𝑟𝑒 𝑖𝑠 𝑚𝑦 𝑀𝑎𝑛𝑑𝑦? @awanttobebeautiful;1;42;1;0;;65;high;;0;;2026-04-22 02:35:05
8292166543;☬•𝐸𝓁𝒾𝓏𝒶𝒷𝑒𝓉𝒽•☬;Luna_900;andrewgiftschat;;1;0;1;0;;35;low;;0;;2026-04-22 02:35:05
8292392272;инна;inna0469;rabota_chaty1;;1;0;1;0;;35;low;;0;;2026-04-22 02:35:05
8292875267;пропал;SwastonTyT;andrewgiftschat;;1;0;1;0;;35;low;;0;;2026-04-22 02:35:05
8293450095;Света;Sveta24sss;rabota_chaty1;By feel month heart new week rather.;1;36;1;0;;60;medium;;0;;2026-04-22 02:35:05
8293732376;𝑊𝑒𝑙𝑙..;aelioris;andrewgiftschat;;1;0;1;0;;35;low;;0;;2026-04-22 02:35:05
8294158667;;;rabota_chaty1;;1;0;0;0;;10;low;skipped;0;2026-04-22 02:35:05;2026-04-22 02:35:05
8294386118;хiвя мiкразайм;HivikkTon;andrewgiftschat;UQCVJ9M5bU-g58YFGJcLaB_ARTHmZ1lnWfwVseayMl0QVTdn;1;48;1;0;;65;high;;0;;2026-04-22 02:35:05
8295528998;.;darkcassandra;andrewgiftschat;;1;0;1;0;;35;low;;0;;2026-04-22 02:35:05
8295571395;Игорь;;rabota_chaty1;;1;0;0;0;;10;low;skipped;0;2026-04-22 02:35:05;2026-04-22 02:35:05
8295870553;;;rabota_chaty1;;1;0;0;0;;10;low;skipped;0;2026-04-22 02:35:05;2026-04-22 02:35:05
8297121046;𝓜𝓪𝓻𝓲𝓷𝓪;rasadsaw4;rabota_chaty1;;1;0;1;0;;35;low;;0;;2026-04-22 02:35:05
8297288248;︎ ︎ ︎ ︎ ︎ ︎ ︎ ︎ ︎ ︎ ‍ ‍ ‍ ‍ ‍ ‍ ‍𝚂𝙿𝙸𝙺𝙴;By_fe1ix;andrewgiftschat;@UGSGAME;1;8;0;0;;50;medium;;0;;2026-04-22 02:35:05
8297842974;Fiksik #кул;Wwwwwwwww_98;andrewgiftschat;Сливаю промо только тут @fiksikchanel;1;37;1;0;;60;medium;;0;;2026-04-22 02:35:05
8298155788;He1ssi;Sstiwi_au;andrewgiftschat;϶й, ʙᴄᴇᴦдᴀ буду один, у ʍᴇня ᴛᴀᴋ ʍноᴦо дᴇнᴇᴦ, но ʍои ʍозᴦи нᴀ ʍᴇᴄᴛᴇ;1;67;1;0;;65;high;;0;;2026-04-22 02:35:05
8300614543;Олеся;timyrzjajsj;rabota_chaty1;…;1;1;0;0;;50;medium;;0;;2026-04-22 02:35:05
8300660468;Техподдержка;Nagints6374;andrewgiftschat;;1;0;1;0;;35;low;;0;;2026-04-22 02:35:05
8301280970;;;rabota_chaty1;;1;0;0;0;;10;low;skipped;0;2026-04-22 02:35:05;2026-04-22 02:35:05
8301340443;;;rabota_chaty1;;1;0;0;0;;10;low;skipped;0;2026-04-22 02:35:05;2026-04-22 02:35:05
8301362971;N;mmaxxxrr;andrewgiftschat;;1;0;1;0;;35;low;;0;;2026-04-22 02:35:05
8301773891;;;rabota_chaty1;;1;0;0;0;;10;low;skipped;0;2026-04-22 02:35:05;2026-04-22 02:35:05
8304117206;Leymisa;Leymisa;andrewgiftschat;l It's me;1;9;1;0;;60;medium;;0;;2026-04-22 02:35:05
8305377654;Марина;marina_28_0;rabota_chaty1;;1;0;1;0;;35;low;;0;;2026-04-22 02:35:05
8305491745;;;rabota_chaty1;;1;0;0;0;;10;low;skipped;0;2026-04-22 02:35:05;2026-04-22 02:35:05
8307147208;Riaа;;rabota_chaty1;;1;0;1;0;;20;low;skipped;0;2026-04-22 02:35:05;2026-04-22 02:35:05
8307396178;;;rabota_chaty1;;1;0;0;0;;10;low;skipped;0;2026-04-22 02:35:05;2026-04-22 02:35:05
8308365224;ev;;laravel_pro;;1;0;0;0;;10;low;skipped;0;2026-04-22 02:35:05;2026-04-22 02:35:05
8308574805;Альбина;albina_sueta;rabota_chaty1;https://t.me/+4XrR5HetmA8zMzUy жду тебя! @WORK_BABLO_MONEY ЛАВЭ;1;63;1;0;;65;high;;0;;2026-04-22 02:35:05
8308848338;;;rabota_chaty1;;1;0;0;0;;10;low;skipped;0;2026-04-22 02:35:05;2026-04-22 02:35:05
8309568626;Kenzo @AdvanceStars_Bot;ocekill;andrewgiftschat;@AdvanceStars_Bot - первый игровой бот на телеграм звезды 🌟;1;59;1;0;;65;high;;0;;2026-04-22 02:35:05
8309925513;Іллюха;Illa14589;andrewgiftschat;;1;0;0;0;;25;low;;0;;2026-04-22 02:35:05
8310322059;;;rabota_chaty1;;1;0;0;0;;10;low;skipped;0;2026-04-22 02:35:05;2026-04-22 02:35:05
8310735367;🤍;wisqeez;andrewgiftschat;;1;0;0;0;;25;low;;0;;2026-04-22 02:35:05
8311880964;;;rabota_chaty1;;1;0;0;0;;10;low;skipped;0;2026-04-22 02:35:05;2026-04-22 02:35:05
8312036207;Heliciar;Paidleadmonisher;rabota_chaty1;;1;0;0;0;;25;low;;0;;2026-04-22 02:35:05
8312369880;;;rabota_chaty1;;1;0;0;0;;10;low;skipped;0;2026-04-22 02:35:05;2026-04-22 02:35:05
8312808649;Opyqpz;r_6630gm;rabota_chaty1;;1;0;0;0;;25;low;;0;;2026-04-22 02:35:05
8313520696;wasdevis;wasdevis_01;andrewgiftschat;;1;0;1;0;;35;low;;0;;2026-04-22 02:35:05
8313655748;🌿;ferpl8;andrewgiftschat;;1;0;1;0;;35;low;;0;;2026-04-22 02:35:05
8314684428;▪️;inquictor_money;andrewgiftschat;Ehren Craig is my mentor who does better than me;1;48;1;0;;65;high;;0;;2026-04-22 02:35:05
8315069083;;;rabota_chaty1;;1;0;0;0;;10;low;skipped;0;2026-04-22 02:35:05;2026-04-22 02:35:05
8316997376;;;rabota_chaty1;;1;0;0;0;;10;low;skipped;0;2026-04-22 02:35:05;2026-04-22 02:35:05
8317307023;;;rabota_chaty1;;1;0;0;0;;10;low;skipped;0;2026-04-22 02:35:05;2026-04-22 02:35:05
8317738191;Иванна;ivanka09v;rabota_chaty1;;1;0;1;0;;35;low;;0;;2026-04-22 02:35:05
8317968020;фригидная нимфоманка;f0r3v3r_s1ngl3;andrewgiftschat;тгк: https://t.me/+KPeVrjPi3x45ZTEy менеджер @mifilogiya;1;56;1;0;;65;high;;0;;2026-04-22 02:35:05
8319439705;Вика;Vikaa17v;rabota_chaty1;;1;0;1;0;;35;low;;0;;2026-04-22 02:35:05
8319705715;;;rabota_chaty1;;1;0;0;0;;10;low;skipped;0;2026-04-22 02:35:05;2026-04-22 02:35:05
8319759686;yapi 🍀;yapii;andrewgiftschat;;1;0;1;0;;35;low;;0;;2026-04-22 02:35:05
8320014293;Амелька;Amelishirka;andrewgiftschat;;1;0;0;0;;25;low;;0;;2026-04-22 02:35:05
8320063160;Назар;Vasapnegga;andrewgiftschat;Чем гуще лес- шкибиди доп ЕС ЕС;1;31;0;0;;50;medium;;0;;2026-04-22 02:35:05
8320148099;Милена;;rabota_chaty1;https://t.me/+nTX0Y2oq1lgzYzAy;1;30;1;0;;45;medium;skipped;0;2026-04-22 02:35:05;2026-04-22 02:35:05
8320277733;Милана;;rabota_chaty1;По аренде, подавайте заявку в групп https://t.me/+lAyMASsusWs4MTcy;1;66;1;0;;50;medium;skipped;0;2026-04-22 02:35:05;2026-04-22 02:35:05
8320472926;ꨄ︎ $𝗄1е͜͡ꪀ𝖽𝗂ꫀ𝗅;FreeDdur0v;andrewgiftschat;— #ВернитеТг @CR4_YY / люблю пав пав люблю пых пых 😢 сквозьбабуля;1;65;0;0;;55;medium;;0;;2026-04-22 02:35:05
8320597144;.;Koko124kk;andrewgiftschat;;1;0;0;0;;25;low;;0;;2026-04-22 02:35:05
8321130836;Администратор;Hangerlol;rabota_chaty1;https://wilder.black/XStDoTrGb Промо ORBJDKUVDMA;1;48;1;0;;65;high;;0;;2026-04-22 02:35:05
8322160642;!fantastic;kiryhagg;rabota_chaty1;...;1;3;1;0;;60;medium;;0;;2026-04-22 02:35:05
8323110793;Марина;MarinaKalinina17;rabota_chaty1;;1;0;1;0;;35;low;;0;;2026-04-22 02:35:05
8323255554;;;rabota_chaty1;;1;0;0;0;;10;low;skipped;0;2026-04-22 02:35:05;2026-04-22 02:35:05
8323698093;Siptop6363;Siptopmini;andrewgiftschat;Popoan;1;6;1;0;;60;medium;;0;;2026-04-22 02:35:05
8324240101;;;rabota_chaty1;;1;0;0;0;;10;low;skipped;0;2026-04-22 02:35:05;2026-04-22 02:35:05
8324481446;NFT777 @andrusho;ggmox;andrewgiftschat;Fan @andrusho;1;13;1;0;;60;medium;;0;;2026-04-22 02:35:05
8324900990;;;rabota_chaty1;;1;0;0;0;;10;low;skipped;0;2026-04-22 02:35:05;2026-04-22 02:35:05
8324985366;;;rabota_chaty1;;1;0;0;0;;10;low;skipped;0;2026-04-22 02:35:05;2026-04-22 02:35:05
8325317174;;;rabota_chaty1;;1;0;0;0;;10;low;skipped;0;2026-04-22 02:35:05;2026-04-22 02:35:05
8326806949;Владислав;EgorSnow;andrewgiftschat;Impossible... Or Possible?;1;26;1;0;;60;medium;;0;;2026-04-22 02:35:05
8326905756;Logan #ꪋટƿ᥆ꪉƿ᥆ #500 #SHDW #s1k #skmbr;loganfat;andrewgiftschat;;1;0;0;0;;25;low;;0;;2026-04-22 02:35:05
8328182870;;;rabota_chaty1;;1;0;0;0;;10;low;skipped;0;2026-04-22 02:35:05;2026-04-22 02:35:05
8328527525; ᅠ ︎ ︎;dixlake;andrewgiftschat;@Xeroxs1 легенда;1;16;1;0;;60;medium;;0;;2026-04-22 02:35:05
8328577812;.;Sanik28;andrewgiftschat;;1;0;0;0;;25;low;;0;;2026-04-22 02:35:05
8328646236;;;rabota_chaty1;;1;0;0;0;;10;low;skipped;0;2026-04-22 02:35:05;2026-04-22 02:35:05
8329753628;Соня;;rabota_chaty1;;1;0;1;0;;20;low;skipped;0;2026-04-22 02:35:05;2026-04-22 02:35:05
8329973603;;;rabota_chaty1;;1;0;0;0;;10;low;skipped;0;2026-04-22 02:35:05;2026-04-22 02:35:05
8330865491;Александра;;rabota_chaty1;Для открытия резюме писать https://t.me/assistant_kadry;1;55;1;0;;50;medium;skipped;0;2026-04-22 02:35:05;2026-04-22 02:35:05
8331322261;💕Fauna💕;FUNFAN_9;andrewgiftschat;;1;0;0;0;;25;low;;0;;2026-04-22 02:35:05
8331552149;Vegetable;djifoe;rabota_chaty1;;1;0;1;0;;35;low;;0;;2026-04-22 02:35:05
8331586774;Mid Night Nobokos;s105km;andrewgiftschat;Чего @bembesheva;1;16;1;0;;60;medium;;0;;2026-04-22 02:35:05
8332044187;Yarniz;Ygevk;andrewgiftschat;;1;0;1;0;;35;low;;0;;2026-04-22 02:35:05
8332347355;Emilya;EmilyaNa47;rabota_chaty1;;1;0;1;0;;35;low;;0;;2026-04-22 02:35:05
8332428155;🔪6bAtb и;httc_m;laravel_pro;;1;0;0;0;;25;low;;0;;2026-04-22 02:35:05
8332502923;ty_zahodi_esli_chto;VelkoXz;andrewgiftschat;ZX5404LAJFO00JFR https://t.me/questianonbot?start=8332502923;1;60;1;0;;65;high;;0;;2026-04-22 02:35:05
8332933684;;;rabota_chaty1;;1;0;0;0;;10;low;skipped;0;2026-04-22 02:35:05;2026-04-22 02:35:05
8333140236;;;rabota_chaty1;;1;0;0;0;;10;low;skipped;0;2026-04-22 02:35:05;2026-04-22 02:35:05
8334717436;Виктория;GameroBrittany9849;rabota_chaty1;;1;0;1;0;;35;low;;0;;2026-04-22 02:35:05
8335732125;АлиК;Allxr0;andrewgiftschat;- and if you die, I wanna die with you | @shimmering_watermelon;1;63;1;0;;65;high;;0;;2026-04-22 02:35:05
8336827626;Эля;;rabota_chaty1;https://t.me/+Qnpt60ztPdNlMjAy;1;30;1;0;;45;medium;skipped;0;2026-04-22 02:35:05;2026-04-22 02:35:05
8337154554;;;rabota_chaty1;;1;0;0;0;;10;low;skipped;0;2026-04-22 02:35:05;2026-04-22 02:35:05
8337521059;Артемчик;Sosochka68;andrewgiftschat;находится в федеральном розыске;1;31;1;0;;60;medium;;0;;2026-04-22 02:35:05
8339789747;;;rabota_chaty1;;1;0;0;0;;10;low;skipped;0;2026-04-22 02:35:05;2026-04-22 02:35:05
8340428084;Heather;;andrewgiftschat;;1;0;0;0;;10;low;skipped;0;2026-04-22 02:35:05;2026-04-22 02:35:05
8341433791;;;rabota_chaty1;;1;0;0;0;;10;low;skipped;0;2026-04-22 02:35:05;2026-04-22 02:35:05
8342572573;Xetrlj;;rabota_chaty1;;1;0;0;0;;10;low;skipped;0;2026-04-22 02:35:05;2026-04-22 02:35:05
8343211780;Елизавета;;rabota_chaty1;;1;0;0;0;;10;low;skipped;0;2026-04-22 02:35:05;2026-04-22 02:35:05
8343227196;Марьяна;;rabota_chaty1;;1;0;1;0;;20;low;skipped;0;2026-04-22 02:35:05;2026-04-22 02:35:05
8344061569;Minaldo;minaldo_15;andrewgiftschat;;1;0;1;0;;35;low;;0;;2026-04-22 02:35:05
8344459239;;;rabota_chaty1;;1;0;0;0;;10;low;skipped;0;2026-04-22 02:35:05;2026-04-22 02:35:05
8345498282;🥀#япи #fso #WG;wichthepack;andrewgiftschat;𝓿𝓸𝓵𝓿𝓮𝓻í𝓪 𝓪 𝓮𝓵𝓮𝓰𝓲𝓻𝓽𝓮.;1;20;1;0;;60;medium;;0;;2026-04-22 02:35:05
8345694223;;;rabota_chaty1;;1;0;0;0;;10;low;skipped;0;2026-04-22 02:35:05;2026-04-22 02:35:05
8345755691;Laittthodaylyn;;rabota_chaty1;;1;0;0;0;;10;low;skipped;0;2026-04-22 02:35:05;2026-04-22 02:35:05
8346383684;;;rabota_chaty1;;1;0;0;0;;10;low;skipped;0;2026-04-22 02:35:05;2026-04-22 02:35:05
8347032323;♾️;mushenie;andrewgiftschat;;1;0;0;0;;25;low;;0;;2026-04-22 02:35:05
8347382986;;;rabota_chaty1;;1;0;0;0;;10;low;skipped;0;2026-04-22 02:35:05;2026-04-22 02:35:05
8347491433;;;rabota_chaty1;;1;0;0;0;;10;low;skipped;0;2026-04-22 02:35:05;2026-04-22 02:35:05
8348233103;;;rabota_chaty1;;1;0;0;0;;10;low;skipped;0;2026-04-22 02:35:05;2026-04-22 02:35:05
8348310108;;;rabota_chaty1;;1;0;0;0;;10;low;skipped;0;2026-04-22 02:35:05;2026-04-22 02:35:05
8349073952;Кристина;;rabota_chaty1;https://t.me/+HW8Tkpln4oBmMmIy ИЩЕМ ДРОПА!!!;1;44;1;0;;50;medium;skipped;0;2026-04-22 02:35:05;2026-04-22 02:35:05
8350286372;mostervc#alinka;sdef3m;andrewgiftschat;-я ⲧⲟⲗьⲕⲟ ⲥ ⲧⲟⳝⲟύ ⲧⲉⲡⲉⲣь ⳝⲩⲇⲩ, υⲇυ, ⲟⳝⲏυⲙυ ⲙⲉⲏя @Yulia1828;1;58;1;0;;65;high;;0;;2026-04-22 02:35:05
8350634545;поглощаю грёзы;inscenary;andrewgiftschat;;1;0;1;0;;35;low;;0;;2026-04-22 02:35:05
8350710471;Дмитрий;HR_2609;rabota_chaty1;;1;0;1;0;;35;low;;0;;2026-04-22 02:35:05
8351103898;;;rabota_chaty1;;1;0;0;0;;10;low;skipped;0;2026-04-22 02:35:05;2026-04-22 02:35:05
8351250025;好̙̑͑的̓ ̥̻̭ / ἔłᾄi;mililllo;andrewgiftschat;:: በቀጭኑ በረዶ ላይ ከሄድክ መውደቅ አትችልም። 🥣;1;33;1;0;;60;medium;;0;;2026-04-22 02:35:05
8351581732;Максим;;python_ru;мы тут не работаем а ЗАРАБАТЫВАЕМ https://t.me/+2qnCGvj1DeIxYjMy;1;64;1;0;;50;medium;skipped;0;2026-04-22 02:35:05;2026-04-22 02:35:05
8351764089;ᴨᴏᴧинᴋᴀ;polikjaw;andrewgiftschat;;1;0;1;0;;35;low;;0;;2026-04-22 02:35:05
8352012585;🔪 ラブスター (⁠≧⁠▽⁠≦⁠) ᵏᵛᶦᶻᶫᶦᵏˢ;wtrynxx;andrewgiftschat;;1;0;1;0;;35;low;;0;;2026-04-22 02:35:05
8352093601;Uwu;Ondrey_nish;andrewgiftschat;;1;0;0;0;;25;low;;0;;2026-04-22 02:35:05
8353099527;Keeper;DU0R0V;andrewgiftschat;;1;0;0;0;;25;low;;0;;2026-04-22 02:35:05
8353175152;Илья;;rabota_chaty1;;1;0;1;0;;20;low;skipped;0;2026-04-22 02:35:05;2026-04-22 02:35:05
8353415905;𝗚𝗿𝗮𝗶𝗻𝗱𝗴𝘄𝗮𝗽;;andrewgiftschat;;1;0;1;0;;20;low;skipped;0;2026-04-22 02:35:05;2026-04-22 02:35:05
8353418470;『 𝗖h𝐢𝐢𝗄𝕒𝒘𝒶 』⋆˚𝜗𝜚˚⋆;Chiikawa_c;andrewgiftschat;𐋏ᥲⲙ ᥴ @Whore04 ρᥲᥴᥴʙᥱᴛ нᥱ ᥰ᧐ⲙᥱ᥊ᥲ ˗ˋˏ ♡ ˎˊ˗ / Лучший друг @TSUB_K 𐚁๋;1;67;1;0;;65;high;;0;;2026-04-22 02:35:05
8353568365;VanyaCapital💵;ManyFrank;rabota_chaty1;Я сказал — сделано. Пополнение и вывод на 1xbet. Время — деньги.😎https://t.me/ManyFrank24;1;89;1;0;;65;high;;0;;2026-04-22 02:35:05
8353865721;Ищи @jordan174_new;;andrewgiftschat;Оператор продаж @jordan174_new;1;30;0;0;;35;low;skipped;0;2026-04-22 02:35:05;2026-04-22 02:35:05
8355730172;;;rabota_chaty1;;1;0;0;0;;10;low;skipped;0;2026-04-22 02:35:05;2026-04-22 02:35:05
8356062571;;;rabota_chaty1;;1;0;0;0;;10;low;skipped;0;2026-04-22 02:35:05;2026-04-22 02:35:05
8356076780;Медина;grishkosity;rabota_chaty1;Several must international maybe threat activity.;1;49;1;0;;65;high;;0;;2026-04-22 02:35:05
8356260823;;;rabota_chaty1;;1;0;0;0;;10;low;skipped;0;2026-04-22 02:35:05;2026-04-22 02:35:05
8356362213;;;python_ru;;1;0;0;0;;10;low;skipped;0;2026-04-22 02:35:05;2026-04-22 02:35:05
8356381196;.;APECTOBAH_3A_CBAT_B_LLlKOLE;andrewgiftschat;;1;0;1;0;;35;low;;0;;2026-04-22 02:35:05
8356661097;Пелагея;;rabota_chaty1;;1;0;1;0;;20;low;skipped;0;2026-04-22 02:35:05;2026-04-22 02:35:05
8356910568;Карина💭😘;carine_l1;rabota_chaty1;4 часа и 15 тысяч в кармане! Пиши!🧩 https://t.me/+8gdKq2ta2UliMWFi;1;66;1;0;;65;high;;0;;2026-04-22 02:35:05
8357265967;Лордик;Lordik_keksik;andrewgiftschat;Пусто пусто пусто);1;18;0;0;;50;medium;;0;;2026-04-22 02:35:05
8357279535;Tyrew.xx;Vinagfs;andrewgiftschat;...;1;3;1;0;;60;medium;;0;;2026-04-22 02:35:05
8357605463;ровный пацан;nnnnaand;andrewgiftschat;Обмен валют;1;11;0;0;;50;medium;;0;;2026-04-22 02:35:05
8357849109;Таня;cranicShandies;rabota_chaty1;;1;0;1;0;;35;low;;0;;2026-04-22 02:35:05
8358521893;ᴋᴏдᴇинᴏʙ ᴅᴏᴘᴀᴍɪɴᴇ;kodeinmvp;andrewgiftschat;| чек адаптер | в сети 24/7 | спам, тролли - чс | лист | @rageswating;1;69;1;0;;65;high;;0;;2026-04-22 02:35:05
8358565231;ᅠᅠᅠ;Fiberal_098;andrewgiftschat;Она так мило спит и я иё не разбужу @mrrdererss11 ❤️;1;52;1;0;;65;high;;0;;2026-04-22 02:35:05
8359257305;;;rabota_chaty1;;1;0;0;0;;10;low;skipped;0;2026-04-22 02:35:05;2026-04-22 02:35:05
8359276119;Анна;annamorozova275;rabota_chaty1;;1;0;0;0;;25;low;;0;;2026-04-22 02:35:05
8359894431;Анатолий;AnatolijFilippov_PJ;andrewgiftschat;;1;0;1;0;;35;low;;0;;2026-04-22 02:35:05
8360480599;;;rabota_chaty1;;1;0;0;0;;10;low;skipped;0;2026-04-22 02:35:05;2026-04-22 02:35:05
8360553668;Билал;;rabota_chaty1;;1;0;1;0;;20;low;skipped;0;2026-04-22 02:35:05;2026-04-22 02:35:05
8361024637;ᴄинᴇᴦᴧᴀзᴋᴀ✈️;jeijeihs;andrewgiftschat;;1;0;1;0;;35;low;;0;;2026-04-22 02:35:05
8361519360;;;rabota_chaty1;;1;0;0;0;;10;low;skipped;0;2026-04-22 02:35:05;2026-04-22 02:35:05
8361545136;🫪 limitles็็็็็็็็็็็็็s็็็็็็็็็็็็็ 🫪;v1nc3masuka;andrewgiftschat;чюпеп https://t.me/starsy_zarabotox_bot?start=8361545136;1;56;1;0;;65;high;;0;;2026-04-22 02:35:05
8361709687;luong;;tproger_chat;;1;0;0;0;;10;low;skipped;0;2026-04-22 02:35:05;2026-04-22 02:35:05
8361825176;;;rabota_chaty1;;1;0;0;0;;10;low;skipped;0;2026-04-22 02:35:05;2026-04-22 02:35:05
8361905316;;;rabota_chaty1;;1;0;0;0;;10;low;skipped;0;2026-04-22 02:35:05;2026-04-22 02:35:05
8363124227;;;rabota_chaty1;;1;0;0;0;;10;low;skipped;0;2026-04-22 02:35:05;2026-04-22 02:35:05
8363401617;🥵Питер🏳️‍🌈;bratok234;andrewgiftschat;;1;0;1;0;;35;low;;0;;2026-04-22 02:35:05
8363626308;Влад;cojoter;rabota_chaty1;;1;0;1;0;;35;low;;0;;2026-04-22 02:35:05
8364778335;🫆;krtmil;andrewgiftschat;;1;0;0;0;;25;low;;0;;2026-04-22 02:35:05
8365408025;Сергей;;rabota_chaty1;1bb;1;3;1;0;;45;medium;skipped;0;2026-04-22 02:35:05;2026-04-22 02:35:05
8365726725;᭣֤ࣨ ♡月の幻想𖦹;forgets13;andrewgiftschat;;1;0;1;0;;35;low;;0;;2026-04-22 02:35:05
8365864190;Olvin;olvindontloveit01;laravel_pro;Ты, да я, да мы с тобой))));1;27;1;0;;60;medium;;0;;2026-04-22 02:35:05
8366094443;;;rabota_chaty1;;1;0;0;0;;10;low;skipped;0;2026-04-22 02:35:05;2026-04-22 02:35:05
8366323424;Дональд ТрАмп 🇺🇸;H_isisisir;andrewgiftschat;Сделаем Америку снова великой🇺🇸 / кому 50 звезд в лс;1;52;1;0;;65;high;;0;;2026-04-22 02:35:05
8366393995;Мила;milaaa670;rabota_chaty1;;1;0;1;0;;35;low;;0;;2026-04-22 02:35:05
8366579941;Alexander;fermaovets;rabota_chaty1;farm;1;4;0;0;;50;medium;;0;;2026-04-22 02:35:05
8368024014;;;rabota_chaty1;;1;0;0;0;;10;low;skipped;0;2026-04-22 02:35:05;2026-04-22 02:35:05
8370036553;𝒜𝓁𝑒𝑜𝓉𝓇𝑜𝓍 𝒟𝑒𝒶𝓁𝓈 𝟤%;;andrewgiftschat;@limeSafeHandling - Ручение обо мне. @new_aleotrox - Информация. @giftscope - Новостной канал.;1;94;1;0;;50;medium;skipped;0;2026-04-22 02:35:05;2026-04-22 02:35:05
8370236225;;;rabota_chaty1;;1;0;0;0;;10;low;skipped;0;2026-04-22 02:35:05;2026-04-22 02:35:05
8370355505;wolf;Lpoooh;andrewgiftschat;ыыы;1;3;0;0;;50;medium;;0;;2026-04-22 02:35:05
8370540445;Добрый;ZenFuss1;andrewgiftschat;;1;0;1;0;;35;low;;0;;2026-04-22 02:35:05
8370878065;;;rabota_chaty1;;1;0;0;0;;10;low;skipped;0;2026-04-22 02:35:05;2026-04-22 02:35:05
8371572029;;;rabota_chaty1;;1;0;0;0;;10;low;skipped;0;2026-04-22 02:35:05;2026-04-22 02:35:05
8372237558;Яна;yana_kozlov;rabota_chaty1;Сочи. Фотограф. Люблю природу и хорошие книги 📸 @loves5mona;1;59;1;0;;65;high;;0;;2026-04-22 02:35:05
8374585400;Катя;ewpd_40l_wss;rabota_chaty1;Люблю, когда пишут уверенные… ты из таких? 💋;1;44;1;0;;65;high;;0;;2026-04-22 02:35:05
8374901794;;;rabota_chaty1;;1;0;0;0;;10;low;skipped;0;2026-04-22 02:35:05;2026-04-22 02:35:05
8374949433;;;rabota_chaty1;;1;0;0;0;;10;low;skipped;0;2026-04-22 02:35:05;2026-04-22 02:35:05
8375038723;tafup | black;tafup;andrewgiftschat;Like the stars morning the sun tke morning skies ᅠᅠᅠᅠᅠᅠᅠ гномик🔥ᅠᅠᅠᅠᅠᅠᅠᅠᅠᅠᅠᅠᅠᅠᅠᅠᅠᅠᅠᅠᅠᅠᅠᅠᅠᅠᅠᅠᅠ;1;93;1;0;;65;high;;0;;2026-04-22 02:35:05
8375072771;Юля;Antivenom_1932;rabota_chaty1;;1;0;1;0;;35;low;;0;;2026-04-22 02:35:05
8376789339;╞ 死 ╡ 𝐹𝑒𝑒𝑙𝑖𝑛𝑔 𝐴𝑙𝑖𝑣𝑒 ⛧;feelingalivesok;andrewgiftschat;;1;0;1;0;;35;low;;0;;2026-04-22 02:35:05
8377187903;;;rabota_chaty1;;1;0;0;0;;10;low;skipped;0;2026-04-22 02:35:05;2026-04-22 02:35:05
8377994915;Spherum.pro;spherumpro;tproger_chat;;1;0;1;0;;35;low;;0;;2026-04-22 02:35:05
8378196956;AlwyLearning #msk #mk;Pohuyqy;andrewgiftschat;By...;1;5;1;0;;60;medium;;0;;2026-04-22 02:35:05
8378306041;Марина;Marina922;rabota_chaty1;;1;0;1;0;;35;low;;0;;2026-04-22 02:35:05
8378885542;Walter;Walter9821;andrewgiftschat;;1;0;1;0;;35;low;;0;;2026-04-22 02:35:05
8380081803;Сергей;;rabota_chaty1;;1;0;0;0;;10;low;skipped;0;2026-04-22 02:35:05;2026-04-22 02:35:05
8381335004;;;rabota_chaty1;;1;0;0;0;;10;low;skipped;0;2026-04-22 02:35:05;2026-04-22 02:35:05
8381449738;x;dasxas77;rabota_chaty1;;1;0;0;0;;25;low;;0;;2026-04-22 02:35:05
8381849150;Таня;B2P9wu8ANg;rabota_chaty1;;1;0;1;0;;35;low;;0;;2026-04-22 02:35:05
8381857668;;;rabota_chaty1;;1;0;0;0;;10;low;skipped;0;2026-04-22 02:35:05;2026-04-22 02:35:05
8381946853;;;rabota_chaty1;;1;0;0;0;;10;low;skipped;0;2026-04-22 02:35:05;2026-04-22 02:35:05
8382091255;Sasa;Sasavoldov;andrewgiftschat;@gminesbot 💎 @pdslnhshop_bot — Лучший выбор для депа! 💎;1;55;1;0;;65;high;;0;;2026-04-22 02:35:05
8382475235;;;rabota_chaty1;;1;0;0;0;;10;low;skipped;0;2026-04-22 02:35:05;2026-04-22 02:35:05
8383686941;🙈Andrey🌚* ҈҈҈҉҉҉҉҈҈҈҈҈҉҉҉҉҈҈҈҉҉҉҈҈҈҉҉҉҈҈҈;p1nkost;andrewgiftschat;пишешь по делу = чс;1;19;1;0;;60;medium;;0;;2026-04-22 02:35:05
8384654909;;;rabota_chaty1;;1;0;0;0;;10;low;skipped;0;2026-04-22 02:35:05;2026-04-22 02:35:05
8384849033;;;rabota_chaty1;;1;0;0;0;;10;low;skipped;0;2026-04-22 02:35:05;2026-04-22 02:35:05
8385411780;𝐄𝐯𝐚 𝐑𝐞𝐢;Puff1na;rabota_chaty1;Мечты сбываются - иногда даже на час 💋;1;38;1;0;;60;medium;;0;;2026-04-22 02:35:05
8386368914;;;rabota_chaty1;;1;0;0;0;;10;low;skipped;0;2026-04-22 02:35:05;2026-04-22 02:35:05
8386407422;;;rabota_chaty1;;1;0;0;0;;10;low;skipped;0;2026-04-22 02:35:05;2026-04-22 02:35:05
8386530933;Andrew32k;Andrew32k;andrewgiftschat;@HUBALL_OFFICIAL позорник всего кантриболса! Ху-балл уходи из чг!;1;65;1;0;;65;high;;0;;2026-04-22 02:35:05
8388289265;Overlord#fan;Nagibatorpabg4;andrewgiftschat;;1;0;1;0;;35;low;;0;;2026-04-22 02:35:05
8388352780;;;rabota_chaty1;;1;0;0;0;;10;low;skipped;0;2026-04-22 02:35:05;2026-04-22 02:35:05
8388971350;￶;cvitoy_palka;andrewgiftschat;Спасибо, хорошо;1;15;1;0;;60;medium;;0;;2026-04-22 02:35:05
8389283922;Марта;Martsaeva;rabota_chaty1;;1;0;1;0;;35;low;;0;;2026-04-22 02:35:05
8389821882;fty;poidan;andrewgiftschat;@jackw - продвинутая игровая платформа;1;38;1;0;;60;medium;;0;;2026-04-22 02:35:05
8390697845;;;rabota_chaty1;;1;0;0;0;;10;low;skipped;0;2026-04-22 02:35:05;2026-04-22 02:35:05
8390772623;︎ ︎ ︎ ︎ ︎ ︎ ︎ ︎;Vital_shark_42;andrewgiftschat;;1;0;1;0;;35;low;;0;;2026-04-22 02:35:05
8391193913;;;rabota_chaty1;;1;0;0;0;;10;low;skipped;0;2026-04-22 02:35:05;2026-04-22 02:35:05
8391411589;Карина;dwfergthyj;rabota_chaty1;;1;0;1;0;;35;low;;0;;2026-04-22 02:35:05
8391437096;Loki;hodl_till_they_tap;laravel_pro;HOLD THE LINE;1;13;1;0;;60;medium;;0;;2026-04-22 02:35:05
8394088053;"""FAKTER""";WERTYKAK;andrewgiftschat;t.me/undback https://t.me/c/2630159445/76187 🖤🤍 как-то так;1;58;1;0;;65;high;;0;;2026-04-22 02:35:05
8394168036;Данилл;;rabota_chaty1;;1;0;1;0;;20;low;skipped;0;2026-04-22 02:35:05;2026-04-22 02:35:05
8394690220;;;rabota_chaty1;;1;0;0;0;;10;low;skipped;0;2026-04-22 02:35:05;2026-04-22 02:35:05
8394789217;jurek;janymmm_a;andrewgiftschat;Лучший игровый чать @twixchat_G🤍🤍;1;33;1;0;;60;medium;;0;;2026-04-22 02:35:05
8396218906;🫀;Rruna_1;andrewgiftschat;love you love you love you love you love you love you love you.....;1;67;1;0;;65;high;;0;;2026-04-22 02:35:05
8396330465;WireZy;limehovskijlime;andrewgiftschat;уцацу.;1;6;1;0;;60;medium;;0;;2026-04-22 02:35:05
8396591038;.;Introooss;andrewgiftschat;;1;0;0;0;;25;low;;0;;2026-04-22 02:35:05
8397622664;solstice;Wirpf;laravel_pro;...;1;3;1;0;;60;medium;;0;;2026-04-22 02:35:05
8397877774;.;;rabota_chaty1;;1;0;0;0;;10;low;skipped;0;2026-04-22 02:35:05;2026-04-22 02:35:05
8398842256;;;rabota_chaty1;;1;0;0;0;;10;low;skipped;0;2026-04-22 02:35:05;2026-04-22 02:35:05
8399374617;Крокодильчик;morskoychert;andrewgiftschat;;1;0;1;0;;35;low;;0;;2026-04-22 02:35:05
8399528027;ᅠ ︎ ︎ ︎ ︎ ᅠ ︎ ︎ ︎ ︎ ᅠ;Artem908789;andrewgiftschat;;1;0;1;0;;35;low;;0;;2026-04-22 02:35:05
8399548676;—;No_Leeim;andrewgiftschat;;1;0;1;0;;35;low;;0;;2026-04-22 02:35:05
8400214466;Леонид;leon_onel;laravel_pro;;1;0;1;0;;35;low;;0;;2026-04-22 02:35:05
8400529672;Кристина;;rabota_chaty1;Перейти - https://t.me/+5JcqJMY40D41MjZi;1;40;1;0;;50;medium;skipped;0;2026-04-22 02:35:05;2026-04-22 02:35:05
8400730463;Andrey;Dpofjf;andrewgiftschat;;1;0;0;0;;25;low;;0;;2026-04-22 02:35:05
8401151299;Александра;ivanov_aleksandra;rabota_chaty1;Краснодар, фотограф 📸, люблю природу и уютные вечера. @loves5mona;1;65;1;0;;65;high;;0;;2026-04-22 02:35:05
8402999068;;;rabota_chaty1;;1;0;0;0;;10;low;skipped;0;2026-04-22 02:35:05;2026-04-22 02:35:05
8403558214;;;rabota_chaty1;;1;0;0;0;;10;low;skipped;0;2026-04-22 02:35:05;2026-04-22 02:35:05
8404319619;Vayhnsov;;rabota_chaty1;;1;0;0;0;;10;low;skipped;0;2026-04-22 02:35:05;2026-04-22 02:35:05
8404740220;.;;andrewgiftschat;;1;0;0;0;;10;low;skipped;0;2026-04-22 02:35:05;2026-04-22 02:35:05
8405380887;;;rabota_chaty1;;1;0;0;0;;10;low;skipped;0;2026-04-22 02:35:05;2026-04-22 02:35:05
8405632861;;;rabota_chaty1;;1;0;0;0;;10;low;skipped;0;2026-04-22 02:35:05;2026-04-22 02:35:05
8406658758;;;rabota_chaty1;;1;0;0;0;;10;low;skipped;0;2026-04-22 02:35:05;2026-04-22 02:35:05
8407247035;Lol;Evvhhxx;andrewgiftschat;;1;0;1;0;;35;low;;0;;2026-04-22 02:35:05
8407624841;;;rabota_chaty1;;1;0;0;0;;10;low;skipped;0;2026-04-22 02:35:05;2026-04-22 02:35:05
8407943922;adlet;;rabota_chaty1;;1;0;0;0;;10;low;skipped;0;2026-04-22 02:35:05;2026-04-22 02:35:05
8408493875;.;liontwq;andrewgiftschat;;1;0;0;0;;25;low;;0;;2026-04-22 02:35:05
8410117889;;;rabota_chaty1;;1;0;0;0;;10;low;skipped;0;2026-04-22 02:35:05;2026-04-22 02:35:05
8410861382;Starpter;Starptering;andrewgiftschat;https://t.me/KukiGiftBot?start=8410861382 деф: @Ownersvkm;1;57;0;0;;55;medium;;0;;2026-04-22 02:35:05
8411432037;Cwecex#дᴇᴀдᴄᴀйɜᴏʙ;Cwecex;andrewgiftschat;ceo - [ t.me/adapttere ] [ ⲙⲏᥱ ᥒ𐔖ⲭ𐔤ύ ⲏᥲ ⲃᥲɯυ 𐔤𐔏ρ𐔖ⳅы ];1;53;1;0;;65;high;;0;;2026-04-22 02:35:05
8411838277;;;tproger_chat;;1;0;0;0;;10;low;skipped;0;2026-04-22 02:35:05;2026-04-22 02:35:05
8411986006;Диана;;rabota_chaty1;Всё, что случалось, научило меня быть внимательнее к себе и миру.;1;65;0;0;;40;medium;skipped;0;2026-04-22 02:35:05;2026-04-22 02:35:05
8412582482;Артур;Whb0o;andrewgiftschat;Люблю фонк,подари подарок пожалуйста(нфт, премиум и подарок телеграм или в реальности);1;86;0;0;;55;medium;;0;;2026-04-22 02:35:05
8413017668;Екатерина;ekaterinapopova933;rabota_chaty1;;1;0;0;0;;25;low;;0;;2026-04-22 02:35:05
8413667774;peek;earlyypeek;andrewgiftschat;;1;0;1;0;;35;low;;0;;2026-04-22 02:35:05
8414025835;;;rabota_chaty1;;1;0;0;0;;10;low;skipped;0;2026-04-22 02:35:05;2026-04-22 02:35:05
8415080373;Степан;razor_gift;laravel_pro;;1;0;1;0;;35;low;;0;;2026-04-22 02:35:05
8415160583;Руслан;RuslanBorisov_E3;andrewgiftschat;;1;0;1;0;;35;low;;0;;2026-04-22 02:35:05
8415363694;Валентина;;rabota_chaty1;;1;0;1;0;;20;low;skipped;0;2026-04-22 02:35:05;2026-04-22 02:35:05
8415463741;Zubair Zubair;;andrewgiftschat;;1;0;0;0;;10;low;skipped;0;2026-04-22 02:35:05;2026-04-22 02:35:05
8416442139;иван;;andrewgiftschat;;1;0;0;0;;10;low;skipped;0;2026-04-22 02:35:05;2026-04-22 02:35:05
8416610481;халва!;halfmode;andrewgiftschat;ебаный даун;1;11;1;0;;60;medium;;0;;2026-04-22 02:35:05
8416727130;ʕ•ᴥ•ʔ;terebonika;andrewgiftschat;;1;0;1;0;;35;low;;0;;2026-04-22 02:35:05
8417376336;Матвей;wiS0XPEoz;rabota_chaty1;;1;0;1;0;;35;low;;0;;2026-04-22 02:35:05
8417677675;Софья;sofaindividualkaw;rabota_chaty1;Рост: 170 Вес: 60 Грудь: 2 https://t.me/+Epnve-oSUTozMWIy приватка);1;67;1;0;;65;high;;0;;2026-04-22 02:35:05
8417938245;mkk;misnyyyu;andrewgiftschat;;1;0;1;0;;35;low;;0;;2026-04-22 02:35:05
8418161179;ILYA;BMX159;rabota_chaty1;;1;0;0;0;;25;low;;0;;2026-04-22 02:35:05
8418744033;Алина;;rabota_chaty1;https://t.me/+1o2HlojvhmA4Yzg6;1;30;1;0;;45;medium;skipped;0;2026-04-22 02:35:05;2026-04-22 02:35:05
8419052232;;;rabota_chaty1;;1;0;0;0;;10;low;skipped;0;2026-04-22 02:35:05;2026-04-22 02:35:05
8420621715;ARIMA I solo;waulw;andrewgiftschat;https://t.me/ARIMAsolo ||| #скорейшаясмертьоттауринаикофеина;1;60;1;0;;65;high;;0;;2026-04-22 02:35:05
8421175481;Changed_mem;Changed_men;andrewgiftschat;Разраб игр changed mans и bowlie defense ( писать по необходимости);1;67;1;0;;65;high;;0;;2026-04-22 02:35:05
8421461818;Happy House.;Nyan1833;andrewgiftschat;．ּ ෫ ⎯۫ My savior, beautiful lady. Make me your god, I can give you everything. @kio5mir;1;88;1;0;;65;high;;0;;2026-04-22 02:35:05
8421750435;;;rabota_chaty1;;1;0;0;0;;10;low;skipped;0;2026-04-22 02:35:05;2026-04-22 02:35:05
8421992533;𝐹ØŘŢ~7⅙;;andrewgiftschat;Обо Мне Услышат;1;15;1;0;;45;medium;skipped;0;2026-04-22 02:35:05;2026-04-22 02:35:05
8422145186;;;rabota_chaty1;;1;0;0;0;;10;low;skipped;0;2026-04-22 02:35:05;2026-04-22 02:35:05
8422270578;;;rabota_chaty1;;1;0;0;0;;10;low;skipped;0;2026-04-22 02:35:05;2026-04-22 02:35:05
8422575913;𝙰𝚙𝟼𝚢𝟹 𝚌 яг𝚘д𝚘й;kampmu;andrewgiftschat;:!!𐌡ᥱᴛнᥙᥱ ʙᥱчᥱρᥲ д᧘я ᴛ᧐ᴦ᧐, чᴛ᧐ δы ᥙ᥊ ʙᥴᥰ᧐ⲙᥙнᥲᴛь ᤋᥙⲙ᧐ᥔ!!:;1;56;1;0;;65;high;;0;;2026-04-22 02:35:05
8422817900;;;rabota_chaty1;;1;0;0;0;;10;low;skipped;0;2026-04-22 02:35:05;2026-04-22 02:35:05
8422874146;Кэтэвэ;imnottixo;andrewgiftschat;;1;0;1;0;;35;low;;0;;2026-04-22 02:35:05
8422944289;;;rabota_chaty1;;1;0;0;0;;10;low;skipped;0;2026-04-22 02:35:05;2026-04-22 02:35:05
8423019120;тоуч;d1rts;andrewgiftschat;;1;0;1;0;;35;low;;0;;2026-04-22 02:35:05
8423316416;Tyler;;rabota_chaty1;;1;0;0;0;;10;low;skipped;0;2026-04-22 02:35:05;2026-04-22 02:35:05
8423433961;wane;sdwame;rabota_chaty1;;1;0;0;0;;25;low;;0;;2026-04-22 02:35:05
8423581247;;;rabota_chaty1;;1;0;0;0;;10;low;skipped;0;2026-04-22 02:35:05;2026-04-22 02:35:05
8423852998;Лилия;LiliyaMixajlova115;rabota_chaty1;;1;0;1;0;;35;low;;0;;2026-04-22 02:35:05
8423973916;;;rabota_chaty1;;1;0;0;0;;10;low;skipped;0;2026-04-22 02:35:05;2026-04-22 02:35:05
8424999458;Алина;;rabota_chaty1;https://t.me/+5BVJwkIDlS44Y2Ey;1;30;1;0;;45;medium;skipped;0;2026-04-22 02:35:05;2026-04-22 02:35:05
8425434287;Камиль;JFyzg0zxur;rabota_chaty1;;1;0;0;0;;25;low;;0;;2026-04-22 02:35:05
8425560317;Andrew;user_aandrew;laravel_pro;;1;0;0;0;;25;low;;0;;2026-04-22 02:35:05
8425752481;Sobolev;UtknTeam;tproger_chat;;1;0;0;0;;25;low;;0;;2026-04-22 02:35:05
8425963289;;;rabota_chaty1;;1;0;0;0;;10;low;skipped;0;2026-04-22 02:35:05;2026-04-22 02:35:05
8426117541;карино сакутова;kaaaaaraaa1;andrewgiftschat;;1;0;1;0;;35;low;;0;;2026-04-22 02:35:05
8428006389;نت ازاد | 𝑿°𝑴𝑻;cx_3xe;andrewgiftschat;;1;0;1;0;;35;low;;0;;2026-04-22 02:35:05
8428507383;;;rabota_chaty1;;1;0;0;0;;10;low;skipped;0;2026-04-22 02:35:05;2026-04-22 02:35:05
8428778184;Давид;sgdfgr31;rabota_chaty1;;1;0;1;0;;35;low;;0;;2026-04-22 02:35:05
8429293101;;;rabota_chaty1;;1;0;0;0;;10;low;skipped;0;2026-04-22 02:35:05;2026-04-22 02:35:05
8430886699;;;rabota_chaty1;;1;0;0;0;;10;low;skipped;0;2026-04-22 02:35:05;2026-04-22 02:35:05
8430947826;;;rabota_chaty1;;1;0;0;0;;10;low;skipped;0;2026-04-22 02:35:05;2026-04-22 02:35:05
8431628417;YoungEgoist;miivik1;andrewgiftschat;;1;0;1;0;;35;low;;0;;2026-04-22 02:35:05
8432465543;Vladixx;Lada_pikmi;andrewgiftschat;:one day you will found someone like her @Alisa_tiann;1;53;1;0;;65;high;;0;;2026-04-22 02:35:05
8432841527;Аглая;Aglaa_49lllA;rabota_chaty1;;1;0;0;0;;25;low;;0;;2026-04-22 02:35:05
8432963773;Ульяна;ulyana_04;rabota_chaty1;Фотограф из Новосибирска 📸 люблю ловить моменты жизни. @loves5mona;1;66;1;0;;65;high;;0;;2026-04-22 02:35:05
8433281715;Роберт;Robert4598;python_ru;;1;0;0;0;;25;low;;0;;2026-04-22 02:35:05
8433781930;Кира;kirushka_94;python_ru;мечты большие, будильник громкий | t.me/kira_dream_10;1;53;1;0;;65;high;;0;;2026-04-22 02:35:05
8434425792;marq12xx.;marqw12xx;andrewgiftschat;;1;0;0;0;;25;low;;0;;2026-04-22 02:35:05
8434858533;Марина;;rabota_chaty1;;1;0;1;0;;20;low;skipped;0;2026-04-22 02:35:05;2026-04-22 02:35:05
8435032239;♫⃠;iloveux2;andrewgiftschat;;1;0;1;0;;35;low;;0;;2026-04-22 02:35:05
8435363694;;;rabota_chaty1;;1;0;0;0;;10;low;skipped;0;2026-04-22 02:35:05;2026-04-22 02:35:05
8435436201;petrushka;poporus;andrewgiftschat;Лунная призма, дай мне похуизма;1;31;1;0;;60;medium;;0;;2026-04-22 02:35:05
8435683516;;;rabota_chaty1;;1;0;0;0;;10;low;skipped;0;2026-04-22 02:35:05;2026-04-22 02:35:05
8437345399;Angelic Whisper;;andrewgiftschat;#krt;1;4;1;0;;45;medium;skipped;0;2026-04-22 02:35:05;2026-04-22 02:35:05
8439805416;;;rabota_chaty1;;1;0;0;0;;10;low;skipped;0;2026-04-22 02:35:05;2026-04-22 02:35:05
8440062002;🖤🖤🖤;wx5qw65;andrewgiftschat;;1;0;1;0;;35;low;;0;;2026-04-22 02:35:05
8440404914;Арина;Arina_rcg;rabota_chaty1;;1;0;1;0;;35;low;;0;;2026-04-22 02:35:05
8441244906;❤️‍🔥❤️‍🔥;Ayi_9803;andrewgiftschat;❤️;1;2;1;0;;60;medium;;0;;2026-04-22 02:35:05
8441667052;lol;;andrewgiftschat;;1;0;0;0;;10;low;skipped;0;2026-04-22 02:35:05;2026-04-22 02:35:05
8441878907;;;rabota_chaty1;;1;0;0;0;;10;low;skipped;0;2026-04-22 02:35:05;2026-04-22 02:35:05
8444177221;Максюк;kudab_contact;laravel_pro;;1;0;1;0;;35;low;;0;;2026-04-22 02:35:05
8445040812;.;SIov_net;andrewgiftschat;.;1;1;0;0;;50;medium;;0;;2026-04-22 02:35:05
8445235376;;;rabota_chaty1;;1;0;0;0;;10;low;skipped;0;2026-04-22 02:35:05;2026-04-22 02:35:05
8445673281;Олег;;rabota_chaty1;;1;0;1;0;;20;low;skipped;0;2026-04-22 02:35:05;2026-04-22 02:35:05
8446578623;.;;laravel_pro;;1;0;1;0;;20;low;skipped;0;2026-04-22 02:35:05;2026-04-22 02:35:05
8446732603;;;rabota_chaty1;;1;0;0;0;;10;low;skipped;0;2026-04-22 02:35:05;2026-04-22 02:35:05
8448151786;;;rabota_chaty1;;1;0;0;0;;10;low;skipped;0;2026-04-22 02:35:05;2026-04-22 02:35:05
8449542694;;;rabota_chaty1;;1;0;0;0;;10;low;skipped;0;2026-04-22 02:35:05;2026-04-22 02:35:05
8450062806;;;rabota_chaty1;;1;0;0;0;;10;low;skipped;0;2026-04-22 02:35:05;2026-04-22 02:35:05
8450438051;;;rabota_chaty1;;1;0;0;0;;10;low;skipped;0;2026-04-22 02:35:05;2026-04-22 02:35:05
8450644485;𝑭𝒊𝒍𝒂𝒌⁷³²;Filak1337;andrewgiftschat;;1;0;1;0;;35;low;;0;;2026-04-22 02:35:05
8450863230;MuradYT;MuradYT10k;andrewgiftschat;;1;0;1;0;;35;low;;0;;2026-04-22 02:35:05
8450900722;Артем;fastik666;andrewgiftschat;;1;0;1;0;;35;low;;0;;2026-04-22 02:35:05
8451557762;Анастасия;;tproger_chat;;1;0;0;0;;10;low;skipped;0;2026-04-22 02:35:05;2026-04-22 02:35:05
8451831392;Epstein;;andrewgiftschat;;1;0;1;0;;20;low;skipped;0;2026-04-22 02:35:05;2026-04-22 02:35:05
8452131146;;;rabota_chaty1;;1;0;0;0;;10;low;skipped;0;2026-04-22 02:35:05;2026-04-22 02:35:05
8452294329;Zatic;;rabota_chaty1;;1;0;0;0;;10;low;skipped;0;2026-04-22 02:35:05;2026-04-22 02:35:05
8455007124;Артур;PSXXXxxz;laravel_pro;;1;0;1;0;;35;low;;0;;2026-04-22 02:35:05
8457369074;;;rabota_chaty1;;1;0;0;0;;10;low;skipped;0;2026-04-22 02:35:05;2026-04-22 02:35:05
8458132936;Glorka;GlorkaBANK;andrewgiftschat;;1;0;1;0;;35;low;;0;;2026-04-22 02:35:05
8458442067;;;rabota_chaty1;;1;0;0;0;;10;low;skipped;0;2026-04-22 02:35:05;2026-04-22 02:35:05
8459080416;Fedya;fazeF1;andrewgiftschat;;1;0;1;0;;35;low;;0;;2026-04-22 02:35:05
8459419059;Каlыvаn;luckyKalivan;andrewgiftschat;https://t.me/duckearnbot?start=ref_8459419059 не обращайте внимания;1;67;1;0;;65;high;;0;;2026-04-22 02:35:05
8459430796;;;rabota_chaty1;;1;0;0;0;;10;low;skipped;0;2026-04-22 02:35:05;2026-04-22 02:35:05
8459449333;Scott;;rabota_chaty1;;1;0;0;0;;10;low;skipped;0;2026-04-22 02:35:05;2026-04-22 02:35:05
8459609139;Сырные орешки;KPOME_MPAKA;laravel_pro;.;1;1;1;0;;60;medium;;0;;2026-04-22 02:35:05
8459941887;;;rabota_chaty1;;1;0;0;0;;10;low;skipped;0;2026-04-22 02:35:05;2026-04-22 02:35:05
8460697360;;;rabota_chaty1;;1;0;0;0;;10;low;skipped;0;2026-04-22 02:35:05;2026-04-22 02:35:05
8461263411;Эльза;;rabota_chaty1;;1;0;1;0;;20;low;skipped;0;2026-04-22 02:35:05;2026-04-22 02:35:05
8461899017;Миша;MishaMedvedev65;rabota_chaty1;;1;0;1;0;;35;low;;0;;2026-04-22 02:35:05
8462466032;Ищи @jordan74_new;;andrewgiftschat;ОПЕРАТОР @jordan74_new;1;22;0;0;;35;low;skipped;0;2026-04-22 02:35:05;2026-04-22 02:35:05
8462738569;;;rabota_chaty1;;1;0;0;0;;10;low;skipped;0;2026-04-22 02:35:05;2026-04-22 02:35:05
8463490918;;;rabota_chaty1;;1;0;0;0;;10;low;skipped;0;2026-04-22 02:35:05;2026-04-22 02:35:05
8464143209;Klerk;tony228gran;andrewgiftschat;;1;0;1;0;;35;low;;0;;2026-04-22 02:35:05
8464187845;Lmwwsfs;;rabota_chaty1;;1;0;0;0;;10;low;skipped;0;2026-04-22 02:35:05;2026-04-22 02:35:05
8464338752;Нина;NvhMukuj;rabota_chaty1;;1;0;1;0;;35;low;;0;;2026-04-22 02:35:05
8464904910;;;rabota_chaty1;;1;0;0;0;;10;low;skipped;0;2026-04-22 02:35:05;2026-04-22 02:35:05
8467577119;;;rabota_chaty1;;1;0;0;0;;10;low;skipped;0;2026-04-22 02:35:05;2026-04-22 02:35:05
8468161158;;;rabota_chaty1;;1;0;0;0;;10;low;skipped;0;2026-04-22 02:35:05;2026-04-22 02:35:05
8468411463;Андрей;andreykuznetsov503;rabota_chaty1;;1;0;0;0;;25;low;;0;;2026-04-22 02:35:05
8468762777;донбасовская;Qwaskapp;andrewgiftschat;;1;0;1;0;;35;low;;0;;2026-04-22 02:35:05
8469253541;#фараон;;andrewgiftschat;🏴‍☠️обо мне @tgpharaonchik $ рент-@pharaon_arenda_bot $ работаю 8:00-3:00 $ win 79.1 $ гифт от меня @pharaon_gift $ менеджер - @manager_phr;1;139;1;0;;55;medium;skipped;0;2026-04-22 02:35:05;2026-04-22 02:35:05
8469806464;;;rabota_chaty1;;1;0;0;0;;10;low;skipped;0;2026-04-22 02:35:05;2026-04-22 02:35:05
8469989289;Мифология JkW;;andrewgiftschat;1. менеджер - @vilvetovy 2. менеджер - @f0r3v3r_s1ngl3;1;54;1;0;;50;medium;skipped;0;2026-04-22 02:35:05;2026-04-22 02:35:05
8470240116;;;rabota_chaty1;;1;0;0;0;;10;low;skipped;0;2026-04-22 02:35:05;2026-04-22 02:35:05
8470406760;;;rabota_chaty1;;1;0;0;0;;10;low;skipped;0;2026-04-22 02:35:05;2026-04-22 02:35:05
8470663480;Тима;TimaRx1;andrewgiftschat;;1;0;0;0;;25;low;;0;;2026-04-22 02:35:05
8470853074;Deir_Forbes;Deir_Forbes;andrewgiftschat;@AdvanceStars_Bot - первый игровой бот на телеграм звезды 🌟;1;59;1;0;;65;high;;0;;2026-04-22 02:35:05
8471131154;🐾тюленчик🐾;set23331;andrewgiftschat;Тюленіііііііііііііііііііііііііі тюленчикии;1;42;1;0;;65;high;;0;;2026-04-22 02:35:05
8471280123;Mirzabek;MirzabekOrziyev;laravel_pro;;1;0;0;0;;25;low;;0;;2026-04-22 02:35:05
8471538367;Elizabethblack;;rabota_chaty1;;1;0;0;0;;10;low;skipped;0;2026-04-22 02:35:05;2026-04-22 02:35:05
8471735607;Антон;Anton_28nnA;rabota_chaty1;;1;0;1;0;;35;low;;0;;2026-04-22 02:35:05
8472036487;;;rabota_chaty1;;1;0;0;0;;10;low;skipped;0;2026-04-22 02:35:05;2026-04-22 02:35:05
8473040413;folk;livfolk;andrewgiftschat;@gminesbot;1;10;0;0;;50;medium;;0;;2026-04-22 02:35:05
8473124592;ᴡᴇᴘᴀʏᴇᴠ 𒉭;wepayev;andrewgiftschat;https://t.me/patrickstarsrobot?start=8473124592 бесплатные stars;1;64;1;0;;65;high;;0;;2026-04-22 02:35:05
8474095847;;;rabota_chaty1;;1;0;0;0;;10;low;skipped;0;2026-04-22 02:35:05;2026-04-22 02:35:05
8475328454;Изабелла;BellaEskort;rabota_chaty1;сочный зад и вкусные вишенки! хочу влажно пошалить, жду у себя 🫦;1;64;1;0;;65;high;;0;;2026-04-22 02:35:05
8475506853;Екатерина;ekaterinapopova396;rabota_chaty1;;1;0;0;0;;25;low;;0;;2026-04-22 02:35:05
8475815754;Владимир;vladimirivanov578;rabota_chaty1;;1;0;0;0;;25;low;;0;;2026-04-22 02:35:05
8476897378;Laim;;andrewgiftschat;;1;0;0;0;;10;low;skipped;0;2026-04-22 02:35:05;2026-04-22 02:35:05
8478778891;Elliotts;;rabota_chaty1;;1;0;0;0;;10;low;skipped;0;2026-04-22 02:35:05;2026-04-22 02:35:05
8481408692;;;rabota_chaty1;;1;0;0;0;;10;low;skipped;0;2026-04-22 02:35:05;2026-04-22 02:35:05
8481517789;㊝ 𝕯𝖊𝖆𝖗 𝖇𝖆𝖇𝖎𝖈𝖍;;andrewgiftschat;;1;0;1;0;;20;low;skipped;0;2026-04-22 02:35:05;2026-04-22 02:35:05
8482919232;Марсель;rerthnh;andrewgiftschat;55;1;2;1;0;;60;medium;;0;;2026-04-22 02:35:05
8482999656;Наталья;sokolov_natalya;rabota_chaty1;Сочи. Фотограф, люблю природу и море 📸 @loves5mona;1;50;1;0;;65;high;;0;;2026-04-22 02:35:05
8484683318;Циана;;rabota_chaty1;У девушки должно быть две вещи: кто-то и что-то, что она хочет;1;62;0;0;;40;medium;skipped;0;2026-04-22 02:35:05;2026-04-22 02:35:05
8486800802;хаотик;tg_haotic;andrewgiftschat;купить бы джип - бронированный;1;30;0;0;;50;medium;;0;;2026-04-22 02:35:05
8487046730;Элина;iHvThsFBlW;rabota_chaty1;НСК. Фотограф, люблю уличную съемку 📸 @loves5mona;1;49;1;0;;65;high;;0;;2026-04-22 02:35:05
8487129223;;;rabota_chaty1;;1;0;0;0;;10;low;skipped;0;2026-04-22 02:35:05;2026-04-22 02:35:05
8487247551;:3;ysocja;andrewgiftschat;;1;0;0;0;;25;low;;0;;2026-04-22 02:35:05
8487635669;Ольга;;rabota_chaty1;;1;0;1;0;;20;low;skipped;0;2026-04-22 02:35:05;2026-04-22 02:35:05
8489639509;каров Gifts 🐮 #LE;Tiigrrr1;andrewgiftschat;;1;0;1;0;;35;low;;0;;2026-04-22 02:35:05
8489641894;;;rabota_chaty1;;1;0;0;0;;10;low;skipped;0;2026-04-22 02:35:05;2026-04-22 02:35:05
8489665219;komaru;tiger_komaru;andrewgiftschat;;1;0;1;0;;35;low;;0;;2026-04-22 02:35:05
8489810622;;;rabota_chaty1;;1;0;0;0;;10;low;skipped;0;2026-04-22 02:35:05;2026-04-22 02:35:05
8489888804;;;rabota_chaty1;;1;0;0;0;;10;low;skipped;0;2026-04-22 02:35:05;2026-04-22 02:35:05
8491520903;ChikiPiki;chikipiki2282;andrewgiftschat;;1;0;1;0;;35;low;;0;;2026-04-22 02:35:05
8492297373;lisre💪;lisreu;andrewgiftschat;;1;0;1;0;;35;low;;0;;2026-04-22 02:35:05
8492329351;педтк. #Fᥒs;m1ltww;andrewgiftschat;мы будем врать друг другу, привязываться на чувство вины и плакать.;1;67;1;0;;65;high;;0;;2026-04-22 02:35:05
8492691609;;;rabota_chaty1;;1;0;0;0;;10;low;skipped;0;2026-04-22 02:35:05;2026-04-22 02:35:05
8492947795;.;EDSDV;andrewgiftschat;;1;0;0;0;;25;low;;0;;2026-04-22 02:35:05
8494354196;Кловер³⁸⁰;Clover380;andrewgiftschat;;1;0;1;0;;35;low;;0;;2026-04-22 02:35:05
8495586920;;;rabota_chaty1;;1;0;0;0;;10;low;skipped;0;2026-04-22 02:35:05;2026-04-22 02:35:05
8495980614;Андрей;Abdre95;rabota_chaty1;;1;0;1;0;;35;low;;0;;2026-04-22 02:35:05
8496602525;;;rabota_chaty1;;1;0;0;0;;10;low;skipped;0;2026-04-22 02:35:05;2026-04-22 02:35:05
8497119486;;;rabota_chaty1;;1;0;0;0;;10;low;skipped;0;2026-04-22 02:35:05;2026-04-22 02:35:05
8497555860;;;tproger_chat;;1;0;0;0;;10;low;skipped;0;2026-04-22 02:35:05;2026-04-22 02:35:05
8497683491;;;rabota_chaty1;;1;0;0;0;;10;low;skipped;0;2026-04-22 02:35:05;2026-04-22 02:35:05
8498702346;Диана;dlUAFhJ;rabota_chaty1;;1;0;1;0;;35;low;;0;;2026-04-22 02:35:05
8499520059;Niksiww;niksiww3;andrewgiftschat;-знᴀᴇɯь @kqqqyup нᴇ ᴨᴇᴩᴇдᴀᴛь ᴄᴧоʙᴀʍи ᴛо, ᴋᴀᴋ я ᴧюбᴧю ᴛᴇбя!;1;58;1;0;;65;high;;0;;2026-04-22 02:35:05
8499659589;˙⋆ Кpacнoвoлocaя #eжeвикa ⋆˙;Linamop;andrewgiftschat;подарки не дарю! писать по делу.;1;32;1;0;;60;medium;;0;;2026-04-22 02:35:05
8499965908;;;rabota_chaty1;;1;0;0;0;;10;low;skipped;0;2026-04-22 02:35:05;2026-04-22 02:35:05
8500048280;;;rabota_chaty1;;1;0;0;0;;10;low;skipped;0;2026-04-22 02:35:05;2026-04-22 02:35:05
8500379953;Ирина;irinanovikova556;rabota_chaty1;;1;0;0;0;;25;low;;0;;2026-04-22 02:35:05
8500603137;Алина;;rabota_chaty1;Максимум профита 💸 Твой инструмент для Easy Cash уже готов 🏦💵 Связь: @;1;70;1;0;;50;medium;skipped;0;2026-04-22 02:35:05;2026-04-22 02:35:05
8501098424;;;rabota_chaty1;;1;0;0;0;;10;low;skipped;0;2026-04-22 02:35:05;2026-04-22 02:35:05
8501284184;;;rabota_chaty1;;1;0;0;0;;10;low;skipped;0;2026-04-22 02:35:05;2026-04-22 02:35:05
8501456996;🥀;Cocnte_01;andrewgiftschat;Жду вас там https://t.me/+sdanhlVC329mODZi.#Calmy;1;49;1;0;;65;high;;0;;2026-04-22 02:35:05
8501592023;terilin manget🗡️;hin1dji;andrewgiftschat;;1;0;1;0;;35;low;;0;;2026-04-22 02:35:05
8502080765;allhailleloush;;andrewgiftschat;;1;0;1;0;;20;low;skipped;0;2026-04-22 02:35:05;2026-04-22 02:35:05
8502167380;;;rabota_chaty1;;1;0;0;0;;10;low;skipped;0;2026-04-22 02:35:05;2026-04-22 02:35:05
8502954170;Antilopa;tgantilopa;andrewgiftschat;бро @lmidav, лп @killi_011 ))));1;31;1;0;;60;medium;;0;;2026-04-22 02:35:05
8503022247;;;rabota_chaty1;;1;0;0;0;;10;low;skipped;0;2026-04-22 02:35:05;2026-04-22 02:35:05
8503616899;;;rabota_chaty1;;1;0;0;0;;10;low;skipped;0;2026-04-22 02:35:05;2026-04-22 02:35:05
8504110423;;;rabota_chaty1;;1;0;0;0;;10;low;skipped;0;2026-04-22 02:35:05;2026-04-22 02:35:05
8504245551;.;Evke9;andrewgiftschat;И забуду о тебе, перестану верить в чудо!;1;41;1;0;;65;high;;0;;2026-04-22 02:35:05
8504301482;;;rabota_chaty1;;1;0;0;0;;10;low;skipped;0;2026-04-22 02:35:05;2026-04-22 02:35:05
8504692321;;;rabota_chaty1;;1;0;0;0;;10;low;skipped;0;2026-04-22 02:35:05;2026-04-22 02:35:05
8504853331;;;rabota_chaty1;;1;0;0;0;;10;low;skipped;0;2026-04-22 02:35:05;2026-04-22 02:35:05
8505239600;Влад;ReneeHuffstickler012;rabota_chaty1;;1;0;1;0;;35;low;;0;;2026-04-22 02:35:05
8505494444;;;rabota_chaty1;;1;0;0;0;;10;low;skipped;0;2026-04-22 02:35:05;2026-04-22 02:35:05
8506448657;;;rabota_chaty1;;1;0;0;0;;10;low;skipped;0;2026-04-22 02:35:05;2026-04-22 02:35:05
8506872118;;;rabota_chaty1;;1;0;0;0;;10;low;skipped;0;2026-04-22 02:35:05;2026-04-22 02:35:05
8507129709;Sinful girl;;rabota_chaty1;I don’t seek attention. I notice who deserves it.;1;49;1;0;;50;medium;skipped;0;2026-04-22 02:35:05;2026-04-22 02:35:05
8507878680;Анна;annphska;python_ru;;1;0;0;0;;25;low;;0;;2026-04-22 02:35:05
8508228976;ŁΌađᎥℕᶃ...𓆝 𓆟 𓆞#𝐺𝑖𝑛𝑔𝑒𝑟#ноен#рэнн#mrs#кмр#маринмать#маньякмоймуж#;FuckYouBitc4;andrewgiftschat;—Слушай, выход один братан, мой гениальный план @kofychsss.;1;59;1;0;;65;high;;0;;2026-04-22 02:35:05
8508602318;;;rabota_chaty1;;1;0;0;0;;10;low;skipped;0;2026-04-22 02:35:05;2026-04-22 02:35:05
8508647116;Ivan_Filipov🇺🇲;Ivan_Filipovv;andrewgiftschat;;1;0;1;0;;35;low;;0;;2026-04-22 02:35:05
8508811901;Денис;;rabota_chaty1;;1;0;1;0;;20;low;skipped;0;2026-04-22 02:35:05;2026-04-22 02:35:05
8509066826;;;rabota_chaty1;;1;0;0;0;;10;low;skipped;0;2026-04-22 02:35:05;2026-04-22 02:35:05
8509569250;Bpyibkhk;;rabota_chaty1;;1;0;0;0;;10;low;skipped;0;2026-04-22 02:35:05;2026-04-22 02:35:05
8509880362;Princess🫧;;rabota_chaty1;I don’t seek attention. I notice who deserves it.;1;49;1;0;;50;medium;skipped;0;2026-04-22 02:35:05;2026-04-22 02:35:05
8511324685;.;;andrewgiftschat;;1;0;0;0;;10;low;skipped;0;2026-04-22 02:35:05;2026-04-22 02:35:05
8512425597;;;rabota_chaty1;;1;0;0;0;;10;low;skipped;0;2026-04-22 02:35:05;2026-04-22 02:35:05
8512874201;Antilopa;doxer456;andrewgiftschat;;1;0;1;0;;35;low;;0;;2026-04-22 02:35:05
8512948879;Ксю;R9uYYF7xyQ;rabota_chaty1;;1;0;0;0;;25;low;;0;;2026-04-22 02:35:05
8513046194;𝕯𝖊𝖓𝖎𝖘;Try_xard;andrewgiftschat;𐌿ᥙᥴᥲᴛь ᴛ᧐κᥲ ᥰ᧐ дᥱ᧘у,нᥱ ᥴᥰᥲⲙᥙᴛь,нɸᴛ нᥱ ᥰρ᧐дᥲю @techiqqe @missed💎💸🎰;1;65;1;0;;65;high;;0;;2026-04-22 02:35:05
8513272493;VJ;;laravel_pro;;1;0;1;0;;20;low;skipped;0;2026-04-22 02:35:05;2026-04-22 02:35:05
8513647712;;;rabota_chaty1;;1;0;0;0;;10;low;skipped;0;2026-04-22 02:35:05;2026-04-22 02:35:05
8513985230;Эдуард;;rabota_chaty1;Мой личный канал ☺️ https://t.me/tanyamyrr1;1;43;1;0;;50;medium;skipped;0;2026-04-22 02:35:05;2026-04-22 02:35:05
8514010217;Удалённый аккаунт;Kamilron;andrewgiftschat;my def @def_acsel;1;17;1;0;;60;medium;;0;;2026-04-22 02:35:05
8514215492;Олеся;OlesyaBelova_R;rabota_chaty1;;1;0;1;0;;35;low;;0;;2026-04-22 02:35:05
8515873934;;;rabota_chaty1;;1;0;0;0;;10;low;skipped;0;2026-04-22 02:35:05;2026-04-22 02:35:05
8516441444;PAБОТА;;rabota_chaty1;;1;0;0;0;;10;low;skipped;0;2026-04-22 02:35:05;2026-04-22 02:35:05
8516946761;#непослушная #s1k #krt #key #ная;rettyywwee;andrewgiftschat;I wanna be your lover, I don't wanna be your friend🤍;1;52;1;0;;65;high;;0;;2026-04-22 02:35:05
8517288808;;;rabota_chaty1;;1;0;0;0;;10;low;skipped;0;2026-04-22 02:35:05;2026-04-22 02:35:05
8517503467;Валерия;valeriya_331;rabota_chaty1;Санкт-Петербург, фотограф, обожаю улицы города 📸 @loves5mona;1;60;1;0;;65;high;;0;;2026-04-22 02:35:05
8518492458;Екатерина;;andrewgiftschat;;1;0;1;0;;20;low;skipped;0;2026-04-22 02:35:05;2026-04-22 02:35:05
8519403113;;;rabota_chaty1;;1;0;0;0;;10;low;skipped;0;2026-04-22 02:35:05;2026-04-22 02:35:05
8520236086;;;rabota_chaty1;;1;0;0;0;;10;low;skipped;0;2026-04-22 02:35:05;2026-04-22 02:35:05
8520651316;￶;lwiqs;andrewgiftschat;;1;0;1;0;;35;low;;0;;2026-04-22 02:35:05
8520734336;;;rabota_chaty1;;1;0;0;0;;10;low;skipped;0;2026-04-22 02:35:05;2026-04-22 02:35:05
8520891730;;;rabota_chaty1;;1;0;0;0;;10;low;skipped;0;2026-04-22 02:35:05;2026-04-22 02:35:05
8521908295;;;rabota_chaty1;;1;0;0;0;;10;low;skipped;0;2026-04-22 02:35:05;2026-04-22 02:35:05
8524168941;PRINTER;calmix4;andrewgiftschat;;1;0;1;0;;35;low;;0;;2026-04-22 02:35:05
8524389004;Синдром Туретта;Artyomm1337;andrewgiftschat;https://t.me/starsy_zarabotox_bot?start=8524389004;1;50;1;0;;65;high;;0;;2026-04-22 02:35:05
8524947990;Лучшая;;rabota_chaty1;;1;0;0;0;;10;low;skipped;0;2026-04-22 02:35:05;2026-04-22 02:35:05
8525259589;somoni;somoni69;andrewgiftschat;🇹🇯;1;2;1;0;;60;medium;;0;;2026-04-22 02:35:05
8525808608;;;rabota_chaty1;;1;0;0;0;;10;low;skipped;0;2026-04-22 02:35:05;2026-04-22 02:35:05
8525828695;¢;miseo3;andrewgiftschat;@bitegame_bot 💿 - Играйте там, где реально выиграть!;1;52;1;0;;65;high;;0;;2026-04-22 02:35:05
8526011388;Тимурчик;;rabota_chaty1;;1;0;0;0;;10;low;skipped;0;2026-04-22 02:35:05;2026-04-22 02:35:05
8526093428;𑁯ᰍ 𓂃 𝑳𝒚𝒓𝒊𝒌𝒂𝒔 日ぼ;Lyrikas0;andrewgiftschat;[🧣]— Твоя резинка для волос на моём запястье, ха-а-а-а;1;54;1;0;;65;high;;0;;2026-04-22 02:35:05
8527121604;;;rabota_chaty1;;1;0;0;0;;10;low;skipped;0;2026-04-22 02:35:05;2026-04-22 02:35:05
8527308845;;;rabota_chaty1;;1;0;0;0;;10;low;skipped;0;2026-04-22 02:35:05;2026-04-22 02:35:05
8527441199;Vox;I_FUCKIN_GOD;andrewgiftschat;Доверьте мне! свою душу!;1;24;1;0;;60;medium;;0;;2026-04-22 02:35:05
8527766667;;;rabota_chaty1;;1;0;0;0;;10;low;skipped;0;2026-04-22 02:35:05;2026-04-22 02:35:05
8528285677;;;rabota_chaty1;;1;0;0;0;;10;low;skipped;0;2026-04-22 02:35:05;2026-04-22 02:35:05
8529413333;;;rabota_chaty1;;1;0;0;0;;10;low;skipped;0;2026-04-22 02:35:05;2026-04-22 02:35:05
8529802547;;;rabota_chaty1;;1;0;0;0;;10;low;skipped;0;2026-04-22 02:35:05;2026-04-22 02:35:05
8529875325;Костя;Hhhjwyk;andrewgiftschat;;1;0;0;0;;25;low;;0;;2026-04-22 02:35:05
8529958444;;;rabota_chaty1;;1;0;0;0;;10;low;skipped;0;2026-04-22 02:35:05;2026-04-22 02:35:05
8529965917;.;;andrewgiftschat;;1;0;0;0;;10;low;skipped;0;2026-04-22 02:35:05;2026-04-22 02:35:05
8530510244;;;rabota_chaty1;;1;0;0;0;;10;low;skipped;0;2026-04-22 02:35:05;2026-04-22 02:35:05
8530556381;;;rabota_chaty1;;1;0;0;0;;10;low;skipped;0;2026-04-22 02:35:05;2026-04-22 02:35:05
8530616766;Emilya;EmilyaS456;rabota_chaty1;;1;0;1;0;;35;low;;0;;2026-04-22 02:35:05
8530978247;;;rabota_chaty1;;1;0;0;0;;10;low;skipped;0;2026-04-22 02:35:05;2026-04-22 02:35:05
8532295726;ᕼOᗰKᗩ;Homa4ars;andrewgiftschat;;1;0;0;0;;25;low;;0;;2026-04-22 02:35:05
8532473035;;;rabota_chaty1;;1;0;0;0;;10;low;skipped;0;2026-04-22 02:35:05;2026-04-22 02:35:05
8532586173;Элина;elina20032668;rabota_chaty1;Сочи, фотограф. Обожаю природу и хорошую музыку 📸 @loves5mona;1;61;1;0;;65;high;;0;;2026-04-22 02:35:05
8533850720;Милана;;rabota_chaty1;;1;0;0;0;;10;low;skipped;0;2026-04-22 02:35:05;2026-04-22 02:35:05
8535051484;;;rabota_chaty1;;1;0;0;0;;10;low;skipped;0;2026-04-22 02:35:05;2026-04-22 02:35:05
8535565333;;;rabota_chaty1;;1;0;0;0;;10;low;skipped;0;2026-04-22 02:35:05;2026-04-22 02:35:05
8536166413;🔵/🐙<~Mindflayer~>🐙\🔵;Mindswayer;andrewgiftschat;BEHOLD THE POWER OF THE ANGEL;1;29;1;0;;60;medium;;0;;2026-04-22 02:35:05
8537392532;;;rabota_chaty1;;1;0;0;0;;10;low;skipped;0;2026-04-22 02:35:05;2026-04-22 02:35:05
8537898695;Евгения;evgeniya_362;rabota_chaty1;Екатеринбург, фотограф. Ловлю моменты 📸 @loves5mona;1;51;1;0;;65;high;;0;;2026-04-22 02:35:05
8538116609;F;yhoxax;andrewgiftschat;https://t.me/patrickstarsrobot?start=8538116609;1;47;1;0;;65;high;;0;;2026-04-22 02:35:05
8538547813;Вика;Vikksi6742;andrewgiftschat;;1;0;1;0;;35;low;;0;;2026-04-22 02:35:05
8539336995;;;rabota_chaty1;;1;0;0;0;;10;low;skipped;0;2026-04-22 02:35:05;2026-04-22 02:35:05
8539390138;Виктория;lsfmoksmgoperpo;rabota_chaty1;;1;0;1;0;;35;low;;0;;2026-04-22 02:35:05
8539412552;;;rabota_chaty1;;1;0;0;0;;10;low;skipped;0;2026-04-22 02:35:05;2026-04-22 02:35:05
8539479571;;;rabota_chaty1;;1;0;0;0;;10;low;skipped;0;2026-04-22 02:35:05;2026-04-22 02:35:05
8540027956;;;rabota_chaty1;;1;0;0;0;;10;low;skipped;0;2026-04-22 02:35:05;2026-04-22 02:35:05
8540231052;;;rabota_chaty1;;1;0;0;0;;10;low;skipped;0;2026-04-22 02:35:05;2026-04-22 02:35:05
8540380478;чуchmeк|сеня🇧🇾;ulsk7310;andrewgiftschat;;1;0;0;0;;25;low;;0;;2026-04-22 02:35:05
8540460591;Влад;;rabota_chaty1;У девушки должно быть две вещи: кто-то и что-то, что она хочет;1;62;1;0;;50;medium;skipped;0;2026-04-22 02:35:05;2026-04-22 02:35:05
8540842980;;;rabota_chaty1;;1;0;0;0;;10;low;skipped;0;2026-04-22 02:35:05;2026-04-22 02:35:05
8541360743;ww;s1m0nix;andrewgiftschat;нет я не бандит просто проявляю заботу @Zil_2010 ૮꒰ྀི ៸៸ ꒱;1;58;0;0;;55;medium;;0;;2026-04-22 02:35:05
8541641138;;;tproger_chat;;1;0;0;0;;10;low;skipped;0;2026-04-22 02:35:05;2026-04-22 02:35:05
8541826248;Hairan #𝙻𝚘𝚕𝚘𝚕𝚘𝚠𝚔𝚊;imalways_come_back;andrewgiftschat;;1;0;1;0;;35;low;;0;;2026-04-22 02:35:05
8541987254;;;rabota_chaty1;;1;0;0;0;;10;low;skipped;0;2026-04-22 02:35:05;2026-04-22 02:35:05
8542266402;s👉🥹👈;QKAK67;andrewgiftschat;anreg;1;5;1;0;;60;medium;;0;;2026-04-22 02:35:05
8542492765;𝐄𝐯𝐚 ❣️;EvuEvaanna;rabota_chaty1;Мечты сбываются - иногда даже на час 💋;1;38;1;0;;60;medium;;0;;2026-04-22 02:35:05
8544663747;;;rabota_chaty1;;1;0;0;0;;10;low;skipped;0;2026-04-22 02:35:05;2026-04-22 02:35:05
8544834387;Псих.;Andy_Rohan;andrewgiftschat;но @sprite_ept так вкуснее, цветочек, не сопротивляйся. dst.;1;60;1;0;;65;high;;0;;2026-04-22 02:35:05
8546396830;;;rabota_chaty1;;1;0;0;0;;10;low;skipped;0;2026-04-22 02:35:05;2026-04-22 02:35:05
8546508265;𝐒 𝐇 𝐀 𝐑 𝐊;whiteshark0070;andrewgiftschat;;1;0;1;0;;35;low;;0;;2026-04-22 02:35:05
8548022969;︎ ︎ ︎ ︎exist;hqw1l;andrewgiftschat;;1;0;1;0;;35;low;;0;;2026-04-22 02:35:05
8548175993;;;rabota_chaty1;;1;0;0;0;;10;low;skipped;0;2026-04-22 02:35:05;2026-04-22 02:35:05
8548760827;endorphin;endorphxn;andrewgiftschat;;1;0;1;0;;35;low;;0;;2026-04-22 02:35:05
8549326167;😘;bayn_ti;rabota_chaty1;Я буду тебя любить даже когда я буду на небе...;1;47;1;0;;65;high;;0;;2026-04-22 02:35:05
8549369707;lerr.;mileryss;andrewgiftschat;https://t.me/+a6fmGUvEcithOWQy - эта я;1;38;1;0;;60;medium;;0;;2026-04-22 02:35:05
8549583892;;;rabota_chaty1;;1;0;0;0;;10;low;skipped;0;2026-04-22 02:35:05;2026-04-22 02:35:05
8550329084;Иван;VanyaGerasimov_TA;rabota_chaty1;;1;0;1;0;;35;low;;0;;2026-04-22 02:35:05
8550329342;Лорд;prinxy21;laravel_pro;;1;0;1;0;;35;low;;0;;2026-04-22 02:35:05
8550390861;;;rabota_chaty1;;1;0;0;0;;10;low;skipped;0;2026-04-22 02:35:05;2026-04-22 02:35:05
8550912775;Светлана;svetlana_novikov;rabota_chaty1;Екатеринбург. Фотограф 🎨 Обожаю ловить моменты жизни. @loves5mona;1;65;1;0;;65;high;;0;;2026-04-22 02:35:05
8550989837;;;rabota_chaty1;;1;0;0;0;;10;low;skipped;0;2026-04-22 02:35:05;2026-04-22 02:35:05
8551427385;Bertai;;laravel_pro;;1;0;0;0;;10;low;skipped;0;2026-04-22 02:35:05;2026-04-22 02:35:05
8552914744;;;rabota_chaty1;;1;0;0;0;;10;low;skipped;0;2026-04-22 02:35:05;2026-04-22 02:35:05
8552991030;;;rabota_chaty1;;1;0;0;0;;10;low;skipped;0;2026-04-22 02:35:05;2026-04-22 02:35:05
8553202282;;;rabota_chaty1;;1;0;0;0;;10;low;skipped;0;2026-04-22 02:35:05;2026-04-22 02:35:05
8553524925;;;rabota_chaty1;;1;0;0;0;;10;low;skipped;0;2026-04-22 02:35:05;2026-04-22 02:35:05
8553814066;Аня;anna_24532;rabota_chaty1;;1;0;1;0;;35;low;;0;;2026-04-22 02:35:05
8553864980;GHOST;kazumipiska;andrewgiftschat;Был бы водкой за одно и красоткой;1;33;1;0;;60;medium;;0;;2026-04-22 02:35:05
8554496610;;;rabota_chaty1;;1;0;0;0;;10;low;skipped;0;2026-04-22 02:35:05;2026-04-22 02:35:05
8554732608;𝓢𝔂𝓮𝓽𝓪;Namelesol;andrewgiftschat;;1;0;0;0;;25;low;;0;;2026-04-22 02:35:05
8555997106;;;rabota_chaty1;;1;0;0;0;;10;low;skipped;0;2026-04-22 02:35:05;2026-04-22 02:35:05
8556304828;;;rabota_chaty1;;1;0;0;0;;10;low;skipped;0;2026-04-22 02:35:05;2026-04-22 02:35:05
8556530499;Влада;RNGrWnxljZH;rabota_chaty1;;1;0;1;0;;35;low;;0;;2026-04-22 02:35:05
8556704059;;;rabota_chaty1;;1;0;0;0;;10;low;skipped;0;2026-04-22 02:35:05;2026-04-22 02:35:05
8556974651;;;rabota_chaty1;;1;0;0;0;;10;low;skipped;0;2026-04-22 02:35:05;2026-04-22 02:35:05
8557219130;;;rabota_chaty1;;1;0;0;0;;10;low;skipped;0;2026-04-22 02:35:05;2026-04-22 02:35:05
8557422976;chegerov | Florida.ds;wewof;andrewgiftschat;;1;0;1;0;;35;low;;0;;2026-04-22 02:35:05
8557891757;;;rabota_chaty1;;1;0;0;0;;10;low;skipped;0;2026-04-22 02:35:05;2026-04-22 02:35:05
8557915447;Ᏸᴍꪝ;BMW_nice1;andrewgiftschat;;1;0;1;0;;35;low;;0;;2026-04-22 02:35:05
8557938896;Hunter;;rabota_chaty1;;1;0;0;0;;10;low;skipped;0;2026-04-22 02:35:05;2026-04-22 02:35:05
8558780308;;;rabota_chaty1;;1;0;0;0;;10;low;skipped;0;2026-04-22 02:35:05;2026-04-22 02:35:05
8558844542;;;rabota_chaty1;;1;0;0;0;;10;low;skipped;0;2026-04-22 02:35:05;2026-04-22 02:35:05
8559029628;Evivs;;andrewgiftschat;what 🥱;1;6;1;0;;45;medium;skipped;0;2026-04-22 02:35:05;2026-04-22 02:35:05
8559271763;;;rabota_chaty1;;1;0;0;0;;10;low;skipped;0;2026-04-22 02:35:05;2026-04-22 02:35:05
8559495673;император;xdseeeer;andrewgiftschat;become the best of all;1;22;1;0;;60;medium;;0;;2026-04-22 02:35:05
8559598833;;;rabota_chaty1;;1;0;0;0;;10;low;skipped;0;2026-04-22 02:35:05;2026-04-22 02:35:05
8559798814;;;rabota_chaty1;;1;0;0;0;;10;low;skipped;0;2026-04-22 02:35:05;2026-04-22 02:35:05
8561319961;Степан;;rabota_chaty1;https://t.me/+tUGexufCUA80ZDky;1;30;0;0;;35;low;skipped;0;2026-04-22 02:35:05;2026-04-22 02:35:05
8561498058;;;rabota_chaty1;;1;0;0;0;;10;low;skipped;0;2026-04-22 02:35:05;2026-04-22 02:35:05
8561623160;;;tproger_chat;;1;0;0;0;;10;low;skipped;0;2026-04-22 02:35:05;2026-04-22 02:35:05
8561955863;ㅤ;Hhhjjjjjoh;andrewgiftschat;;1;0;0;0;;25;low;;0;;2026-04-22 02:35:05
8562573056;;;rabota_chaty1;;1;0;0;0;;10;low;skipped;0;2026-04-22 02:35:05;2026-04-22 02:35:05
8563054641;Арщ;arsch223;andrewgiftschat;бзезезеззезезез @kosoy_bee;1;26;1;0;;60;medium;;0;;2026-04-22 02:35:05
8563789256;алина кун;;andrewgiftschat;;1;0;1;0;;20;low;skipped;0;2026-04-22 02:35:05;2026-04-22 02:35:05
8563791712;𝚆𝟷𝚗𝚕𝟶𝚟𝚟𝚟𝚣𝚣;Wqwsz;andrewgiftschat;;1;0;1;0;;35;low;;0;;2026-04-22 02:35:05
8563971774;GG:ßαċนለนӥㅒ➤ ⫘⫘⫘⫘⫘⫘────────¶™@afttek лучший;Vasilli3460;andrewgiftschat;⫘⫘ ¦Мой спам блок отвечаю¶ : @WASILIPO_BOT ➤ПАН? @afttek лучший;1;63;1;0;;65;high;;0;;2026-04-22 02:35:05
8564025858;;;rabota_chaty1;;1;0;0;0;;10;low;skipped;0;2026-04-22 02:35:05;2026-04-22 02:35:05
8564103568;;;rabota_chaty1;;1;0;0;0;;10;low;skipped;0;2026-04-22 02:35:05;2026-04-22 02:35:05
8564520512;Любовь;;andrewgiftschat;;1;0;1;0;;20;low;skipped;0;2026-04-22 02:35:05;2026-04-22 02:35:05
8564787688;Андрей;;rabota_chaty1;;1;0;0;0;;10;low;skipped;0;2026-04-22 02:35:05;2026-04-22 02:35:05
8564974431;;;rabota_chaty1;;1;0;0;0;;10;low;skipped;0;2026-04-22 02:35:05;2026-04-22 02:35:05
8565588542;Герман Зузу;d67TSMbJKD;rabota_chaty1;;1;0;0;0;;25;low;;0;;2026-04-22 02:35:05
8565710570;Gpbughzucx;;rabota_chaty1;;1;0;0;0;;10;low;skipped;0;2026-04-22 02:35:05;2026-04-22 02:35:05
8567293788;;;rabota_chaty1;;1;0;0;0;;10;low;skipped;0;2026-04-22 02:35:05;2026-04-22 02:35:05
8567468200;;;rabota_chaty1;;1;0;0;0;;10;low;skipped;0;2026-04-22 02:35:05;2026-04-22 02:35:05
8567723770;⩉ 𖥻 ִ ۫ ּ 𝘦𝘶𝘳𝘪𝘢𒀭 🐄❕𓂃 ࣪;k9shn;andrewgiftschat;я ненавижу бояться, но страх мы передаем половым путём;1;54;1;0;;65;high;;0;;2026-04-22 02:35:05
8568462234;ByZenix;Pepeshneine22;andrewgiftschat;https://t.me/lucky777stars;1;26;1;0;;60;medium;;0;;2026-04-22 02:35:05
8568718203;fragger;infragger;andrewgiftschat;;1;0;1;0;;35;low;;0;;2026-04-22 02:35:05
8568734678;)𝓶𝓷𝓿;nuks8;andrewgiftschat;;1;0;1;0;;35;low;;0;;2026-04-22 02:35:05
8568900093;Игнат;ignat33e3;rabota_chaty1;;1;0;1;0;;35;low;;0;;2026-04-22 02:35:05
8569151377;;;rabota_chaty1;;1;0;0;0;;10;low;skipped;0;2026-04-22 02:35:05;2026-04-22 02:35:05
8569647032;;;rabota_chaty1;;1;0;0;0;;10;low;skipped;0;2026-04-22 02:35:05;2026-04-22 02:35:05
8570595637;;;rabota_chaty1;;1;0;0;0;;10;low;skipped;0;2026-04-22 02:35:05;2026-04-22 02:35:05
8571055673;Sinful girl;Delujuj;rabota_chaty1;I don’t seek attention. I notice who deserves it.;1;49;1;0;;65;high;;0;;2026-04-22 02:35:05
8571241243;Пахом;;rabota_chaty1;;1;0;1;0;;20;low;skipped;0;2026-04-22 02:35:05;2026-04-22 02:35:05
8571846091;Ника;;rabota_chaty1;;1;0;1;0;;20;low;skipped;0;2026-04-22 02:35:05;2026-04-22 02:35:05
8574058320;;;rabota_chaty1;;1;0;0;0;;10;low;skipped;0;2026-04-22 02:35:05;2026-04-22 02:35:05
8574395715;𝑫𝐢𝐚𝐧𝐚;DiaanaKotic;rabota_chaty1;ⲃⲉⲧⲉⲣ ⲃⲥⲉⲅⲇⲁ ⳝⲩⲇⲉⲧ ⲟⳝⲏυⲙⲁⲧь ⲏⲉⳝⲟ;1;32;1;0;;60;medium;;0;;2026-04-22 02:35:05
8575297493;Анюта;;rabota_chaty1;;1;0;1;0;;20;low;skipped;0;2026-04-22 02:35:05;2026-04-22 02:35:05
8575391769;;;rabota_chaty1;;1;0;0;0;;10;low;skipped;0;2026-04-22 02:35:05;2026-04-22 02:35:05
8575840827;¿?;JOE81KK;andrewgiftschat;be my how high;1;14;1;0;;60;medium;;0;;2026-04-22 02:35:05
8576413210;𝚕𝚎𝚘𝚗𝚒𝚍𝚘𝚟.𝚔𝚗𝚒𝚏𝚎;;andrewgiftschat;Project: @CursedTrollWork | @notprivet1;1;39;1;0;;45;medium;skipped;0;2026-04-22 02:35:05;2026-04-22 02:35:05
8576941420;Алексей;a_lexei1;andrewgiftschat;;1;0;1;0;;35;low;;0;;2026-04-22 02:35:05
8577548844;;;rabota_chaty1;;1;0;0;0;;10;low;skipped;0;2026-04-22 02:35:05;2026-04-22 02:35:05
8577624258;;;rabota_chaty1;;1;0;0;0;;10;low;skipped;0;2026-04-22 02:35:05;2026-04-22 02:35:05
8577764596;Григорий;;rabota_chaty1;https://t.me/+5-sG2Z3F2ixlMmZi;1;30;1;0;;45;medium;skipped;0;2026-04-22 02:35:05;2026-04-22 02:35:05
8579513753;;;rabota_chaty1;;1;0;0;0;;10;low;skipped;0;2026-04-22 02:35:05;2026-04-22 02:35:05
8579700527;;;rabota_chaty1;;1;0;0;0;;10;low;skipped;0;2026-04-22 02:35:05;2026-04-22 02:35:05
8580141001;;;rabota_chaty1;;1;0;0;0;;10;low;skipped;0;2026-04-22 02:35:05;2026-04-22 02:35:05
8580313033;Khushi ✨🦚;;andrewgiftschat;Sweet like honey , but watch out for the sting ⚘️;1;49;1;0;;50;medium;skipped;0;2026-04-22 02:35:05;2026-04-22 02:35:05
8580433907;;;rabota_chaty1;;1;0;0;0;;10;low;skipped;0;2026-04-22 02:35:05;2026-04-22 02:35:05
8580648651;;;rabota_chaty1;;1;0;0;0;;10;low;skipped;0;2026-04-22 02:35:05;2026-04-22 02:35:05
8581161568;Ivy;Chinook_footcandle;rabota_chaty1;;1;0;1;0;;35;low;;0;;2026-04-22 02:35:05
8581163265;〄 ғєαʀʟєss™;pasivework10;andrewgiftschat;Я под защитой @xronikov;1;23;1;0;;60;medium;;0;;2026-04-22 02:35:05
8582702585;;;rabota_chaty1;;1;0;0;0;;10;low;skipped;0;2026-04-22 02:35:05;2026-04-22 02:35:05
8583020585;;;rabota_chaty1;;1;0;0;0;;10;low;skipped;0;2026-04-22 02:35:05;2026-04-22 02:35:05
8583068077;;;rabota_chaty1;;1;0;0;0;;10;low;skipped;0;2026-04-22 02:35:05;2026-04-22 02:35:05
8585631274;;;rabota_chaty1;;1;0;0;0;;10;low;skipped;0;2026-04-22 02:35:05;2026-04-22 02:35:05
8585646823;;;rabota_chaty1;;1;0;0;0;;10;low;skipped;0;2026-04-22 02:35:05;2026-04-22 02:35:05
8585960581;Григорий;;rabota_chaty1;https://t.me/+5-sG2Z3F2ixlMmZi;1;30;0;0;;35;low;skipped;0;2026-04-22 02:35:05;2026-04-22 02:35:05
8586270463;F1ksik1 #VSPM;Fanaudi100;andrewgiftschat;;1;0;1;0;;35;low;;0;;2026-04-22 02:35:05
8587066540;толя;SexTolik1;andrewgiftschat;ꀤ ꀘꈤꂦꅏ ꅏꃅꍏ꓄ ꀤ'ᐯꍟ ꀸꂦꈤꍟ, ꌃꀎ꓄ ꓄ꃅꍟꋪꍟ'ꌗ ꈤꂦ꓄ꃅꀤꈤꁅ ꀤ ꉓꍏꈤ ꀸꂦ ꓄ꂦ ꎇꀤꊼ ꀤ꓄ ꍏꈤꌩꎭꂦꋪꍟ.;1;70;1;0;;65;high;;0;;2026-04-22 02:35:05
8587093121;Аня;weAtaLxKgo;rabota_chaty1;;1;0;1;0;;35;low;;0;;2026-04-22 02:35:05
8587249736;;;rabota_chaty1;;1;0;0;0;;10;low;skipped;0;2026-04-22 02:35:05;2026-04-22 02:35:05
8588278788;;;rabota_chaty1;;1;0;0;0;;10;low;skipped;0;2026-04-22 02:35:05;2026-04-22 02:35:05
8588295997;Егор;UGevJHqMsp;rabota_chaty1;;1;0;0;0;;25;low;;0;;2026-04-22 02:35:05
8588405565;;;tproger_chat;;1;0;0;0;;10;low;skipped;0;2026-04-22 02:35:05;2026-04-22 02:35:05
8589168117;;;rabota_chaty1;;1;0;0;0;;10;low;skipped;0;2026-04-22 02:35:05;2026-04-22 02:35:05
8589217185;⚜️~𝐅𝐀𝐑𝐃𝐑𝐀𝐆𝐎𝐍~⚜️;MrP3ncil;andrewgiftschat;𝐌𝐞𝐧𝐲𝐚 𝐧𝐞 𝐢𝐧𝐭𝐞𝐫𝐞𝐬𝐮𝐞𝐭 𝐧𝐢𝐤𝐭𝐨 𝐤𝐫𝐨𝐦𝐞 -_~К~_- ^^;1;42;1;0;;65;high;;0;;2026-04-22 02:35:05
8589249654;;;rabota_chaty1;;1;0;0;0;;10;low;skipped;0;2026-04-22 02:35:05;2026-04-22 02:35:05
8589289481;CMYPBNK;BEZSMERTNY67;andrewgiftschat;;1;0;1;0;;35;low;;0;;2026-04-22 02:35:05
8590811454;;;rabota_chaty1;;1;0;0;0;;10;low;skipped;0;2026-04-22 02:35:05;2026-04-22 02:35:05
8590972151;;;rabota_chaty1;;1;0;0;0;;10;low;skipped;0;2026-04-22 02:35:05;2026-04-22 02:35:05
8592069736;;;rabota_chaty1;;1;0;0;0;;10;low;skipped;0;2026-04-22 02:35:05;2026-04-22 02:35:05
8593195939;Sinful girl;SexyGieirl;rabota_chaty1;Индивидуалка 🔞 | Час - 7000₽ | Ночь - 59000₽ |;1;46;1;0;;65;high;;0;;2026-04-22 02:35:05
8593517474;;;rabota_chaty1;;1;0;0;0;;10;low;skipped;0;2026-04-22 02:35:05;2026-04-22 02:35:05
8594098762;Некрасов;;andrewgiftschat;;1;0;1;0;;20;low;skipped;0;2026-04-22 02:35:05;2026-04-22 02:35:05
8594760708;;;rabota_chaty1;;1;0;0;0;;10;low;skipped;0;2026-04-22 02:35:05;2026-04-22 02:35:05
8595248865;🔎Ищи @jordan74_new;;andrewgiftschat;Ищи @jordan74_new;1;17;0;0;;35;low;skipped;0;2026-04-22 02:35:05;2026-04-22 02:35:05
8595709821;;;rabota_chaty1;;1;0;0;0;;10;low;skipped;0;2026-04-22 02:35:05;2026-04-22 02:35:05
8595835940;𝘄𝗮𝗶𝗳𝘂𝗹𝗶𝗰𝗵𝗸𝗮;waifulichka;andrewgiftschat;໒꒰ྀིっ˕ -｡꒱ྀི১;1;13;1;0;;60;medium;;0;;2026-04-22 02:35:05
8596000965;Юрий;artalaxxx;laravel_pro;;1;0;1;0;;35;low;;0;;2026-04-22 02:35:05
8596600586;Пятнышко🫟;fI0wer_Msm;andrewgiftschat;;1;0;0;0;;25;low;;0;;2026-04-22 02:35:05
8596631588;;;rabota_chaty1;;1;0;0;0;;10;low;skipped;0;2026-04-22 02:35:05;2026-04-22 02:35:05
8596666864;;;rabota_chaty1;;1;0;0;0;;10;low;skipped;0;2026-04-22 02:35:05;2026-04-22 02:35:05
8596873723;Екатерина;;rabota_chaty1;;1;0;1;0;;20;low;skipped;0;2026-04-22 02:35:05;2026-04-22 02:35:05
8597724056;;;rabota_chaty1;;1;0;0;0;;10;low;skipped;0;2026-04-22 02:35:05;2026-04-22 02:35:05
8597870577;Степан;egOLYlkxgNW;rabota_chaty1;;1;0;1;0;;35;low;;0;;2026-04-22 02:35:05
8598859471;Вера;VeraSergeenko;rabota_chaty1;;1;0;1;0;;35;low;;0;;2026-04-22 02:35:05
8599384839;;;rabota_chaty1;;1;0;0;0;;10;low;skipped;0;2026-04-22 02:35:05;2026-04-22 02:35:05
8599710285;COSATIK;x_2306;andrewgiftschat;;1;0;1;0;;35;low;;0;;2026-04-22 02:35:05
8599893026;Фая;;rabota_chaty1;;1;0;1;0;;20;low;skipped;0;2026-04-22 02:35:05;2026-04-22 02:35:05
8601063405;;;rabota_chaty1;;1;0;0;0;;10;low;skipped;0;2026-04-22 02:35:05;2026-04-22 02:35:05
8602419710;flekccky;Mriiik_k;andrewgiftschat;;1;0;1;0;;35;low;;0;;2026-04-22 02:35:05
8603209956;;;rabota_chaty1;;1;0;0;0;;10;low;skipped;0;2026-04-22 02:35:05;2026-04-22 02:35:05
8603645877;;;rabota_chaty1;;1;0;0;0;;10;low;skipped;0;2026-04-22 02:35:05;2026-04-22 02:35:05
8603744150;BMW M5 E60;BMW_M_5_E6_0;andrewgiftschat;;1;0;1;0;;35;low;;0;;2026-04-22 02:35:05
8604915798;;;rabota_chaty1;;1;0;0;0;;10;low;skipped;0;2026-04-22 02:35:05;2026-04-22 02:35:05
8605433555;Гений;;andrewgiftschat;;1;0;1;0;;20;low;skipped;0;2026-04-22 02:35:05;2026-04-22 02:35:05
8607574801;;;rabota_chaty1;;1;0;0;0;;10;low;skipped;0;2026-04-22 02:35:05;2026-04-22 02:35:05
8612440989;Demetris;;laravel_pro;;1;0;0;0;;10;low;skipped;0;2026-04-22 02:35:05;2026-04-22 02:35:05
8612849857;รคllเ кгค๓รคlเ;SALOOIji;andrewgiftschat;- l giast Freks... @o_lll_Moon_lll_o @SallyandLarry03 | @KielseSis;1;66;1;0;;65;high;;0;;2026-04-22 02:35:05
8613299436;;;rabota_chaty1;;1;0;0;0;;10;low;skipped;0;2026-04-22 02:35:05;2026-04-22 02:35:05
8613974083;;;rabota_chaty1;;1;0;0;0;;10;low;skipped;0;2026-04-22 02:35:05;2026-04-22 02:35:05
8615568562;ТИМУРЧИК;tymurcka;andrewgiftschat;;1;0;1;0;;35;low;;0;;2026-04-22 02:35:05
8615991075;Глеб;;rabota_chaty1;;1;0;1;0;;20;low;skipped;0;2026-04-22 02:35:05;2026-04-22 02:35:05
8617102035;Леонид;portatip013;laravel_pro;;1;0;0;0;;25;low;;0;;2026-04-22 02:35:05
8620364775;;;rabota_chaty1;;1;0;0;0;;10;low;skipped;0;2026-04-22 02:35:05;2026-04-22 02:35:05
8622291063;;;rabota_chaty1;;1;0;0;0;;10;low;skipped;0;2026-04-22 02:35:05;2026-04-22 02:35:05
8622492331;soorrvi;soorrvi;andrewgiftschat;@afttek лучший;1;14;1;0;;60;medium;;0;;2026-04-22 02:35:05
8623196865;𝔉𝔢𝔯;ferMxx;andrewgiftschat;Telegra.ph/LEGAL-NOTICE-03-21;1;29;1;0;;60;medium;;0;;2026-04-22 02:35:05
8623653083;;;rabota_chaty1;;1;0;0;0;;10;low;skipped;0;2026-04-22 02:35:05;2026-04-22 02:35:05
8623690659;Тимофей;;andrewgiftschat;;1;0;0;0;;10;low;skipped;0;2026-04-22 02:35:05;2026-04-22 02:35:05
8624476395;Xsgmzih;;rabota_chaty1;;1;0;0;0;;10;low;skipped;0;2026-04-22 02:35:05;2026-04-22 02:35:05
8624862939;;;rabota_chaty1;;1;0;0;0;;10;low;skipped;0;2026-04-22 02:35:05;2026-04-22 02:35:05
8625062493;;;rabota_chaty1;;1;0;0;0;;10;low;skipped;0;2026-04-22 02:35:05;2026-04-22 02:35:05
8626258822;;;tproger_chat;;1;0;0;0;;10;low;skipped;0;2026-04-22 02:35:05;2026-04-22 02:35:05
8627457195;Все вышний;PRDDt4w;andrewgiftschat;;1;0;1;0;;35;low;;0;;2026-04-22 02:35:05
8628485159;KARATE;fdnfkl;andrewgiftschat;;1;0;1;0;;35;low;;0;;2026-04-22 02:35:05
8630167979;;;rabota_chaty1;;1;0;0;0;;10;low;skipped;0;2026-04-22 02:35:05;2026-04-22 02:35:05
8631932860;;;rabota_chaty1;;1;0;0;0;;10;low;skipped;0;2026-04-22 02:35:05;2026-04-22 02:35:05
8632213038;;;rabota_chaty1;;1;0;0;0;;10;low;skipped;0;2026-04-22 02:35:05;2026-04-22 02:35:05
8634623427;;;rabota_chaty1;;1;0;0;0;;10;low;skipped;0;2026-04-22 02:35:05;2026-04-22 02:35:05
8634653254;;;rabota_chaty1;;1;0;0;0;;10;low;skipped;0;2026-04-22 02:35:05;2026-04-22 02:35:05
8635068245;︎ ︎ ᅠ ︎ ︎ ︎ ︎ ᅠ ︎ ︎ ︎ ︎ ᅠ;TostikKostik;andrewgiftschat;#LE;1;3;1;0;;60;medium;;0;;2026-04-22 02:35:05
8635770794;;;rabota_chaty1;;1;0;0;0;;10;low;skipped;0;2026-04-22 02:35:05;2026-04-22 02:35:05
8635877099;;;rabota_chaty1;;1;0;0;0;;10;low;skipped;0;2026-04-22 02:35:05;2026-04-22 02:35:05
8636311679;Expdjbumr;;rabota_chaty1;;1;0;0;0;;10;low;skipped;0;2026-04-22 02:35:05;2026-04-22 02:35:05
8637426577;;;rabota_chaty1;;1;0;0;0;;10;low;skipped;0;2026-04-22 02:35:05;2026-04-22 02:35:05
8638154404;;;rabota_chaty1;;1;0;0;0;;10;low;skipped;0;2026-04-22 02:35:05;2026-04-22 02:35:05
8638501872;Marvin;;rabota_chaty1;;1;0;0;0;;10;low;skipped;0;2026-04-22 02:35:05;2026-04-22 02:35:05
8638947929;;;rabota_chaty1;;1;0;0;0;;10;low;skipped;0;2026-04-22 02:35:05;2026-04-22 02:35:05
8644434052;Wbohc;user_2738dw;rabota_chaty1;;1;0;0;0;;25;low;;0;;2026-04-22 02:35:05
8645547790;#tryВанечек 😎;FBRIK1234;andrewgiftschat;Неплохой человек 😎;1;18;1;0;;60;medium;;0;;2026-04-22 02:35:05
8645830153;Viltrumite;Mmrazzotax;andrewgiftschat;THE VILTRUM EMPIRE NEED YOU;1;27;1;0;;60;medium;;0;;2026-04-22 02:35:05
8647211011;sehh;wyziq;andrewgiftschat;;1;0;1;0;;35;low;;0;;2026-04-22 02:35:05
8649273146;;;rabota_chaty1;;1;0;0;0;;10;low;skipped;0;2026-04-22 02:35:05;2026-04-22 02:35:05
8649758586;⁠⁠⁠⁠ ⁠⁠⁠⁠⁠⁠⁠⁠⁠⁠⁠⁠⁠⁠⁠;Mememememeeeeeeeeeee;andrewgiftschat;;1;0;1;0;;35;low;;0;;2026-04-22 02:35:05
8650180745;𝔏𝔈ℜ𝔄;tttkilt;andrewgiftschat;;1;0;1;0;;35;low;;0;;2026-04-22 02:35:05
8652867023;;;rabota_chaty1;;1;0;0;0;;10;low;skipped;0;2026-04-22 02:35:05;2026-04-22 02:35:05
8654679190;;;rabota_chaty1;;1;0;0;0;;10;low;skipped;0;2026-04-22 02:35:05;2026-04-22 02:35:05
8656172372;denji;denjiofmia;laravel_pro;;1;0;1;0;;35;low;;0;;2026-04-22 02:35:05
8656424478;;;rabota_chaty1;;1;0;0;0;;10;low;skipped;0;2026-04-22 02:35:05;2026-04-22 02:35:05
8657157864;;;rabota_chaty1;;1;0;0;0;;10;low;skipped;0;2026-04-22 02:35:05;2026-04-22 02:35:05
8658787014;Kzeqhaf;;rabota_chaty1;;1;0;0;0;;10;low;skipped;0;2026-04-22 02:35:05;2026-04-22 02:35:05
8660098286;Удаленный аккаунт;zzzonixis;andrewgiftschat;да не бот блять;1;15;1;0;;60;medium;;0;;2026-04-22 02:35:05
8664595937;wjbsbzhs;;python_ru;;1;0;0;0;;10;low;skipped;0;2026-04-22 02:35:05;2026-04-22 02:35:05
8666403675;Sixkokut;;rabota_chaty1;;1;0;0;0;;10;low;skipped;0;2026-04-22 02:35:05;2026-04-22 02:35:05
8667612035;;;rabota_chaty1;;1;0;0;0;;10;low;skipped;0;2026-04-22 02:35:05;2026-04-22 02:35:05
8667992621;k;skcllod;andrewgiftschat;;1;0;1;0;;35;low;;0;;2026-04-22 02:35:05
8669836611;;;rabota_chaty1;;1;0;0;0;;10;low;skipped;0;2026-04-22 02:35:05;2026-04-22 02:35:05
8671707249;Vgxbo;inclussioner;andrewgiftschat;t.me/Azzinoth × t.me/KillerOfPiggs;1;34;1;0;;60;medium;;0;;2026-04-22 02:35:05
8674757981;Fly | love Work;astrod67;andrewgiftschat;;1;0;1;0;;35;low;;0;;2026-04-22 02:35:05
8675243772;;;rabota_chaty1;;1;0;0;0;;10;low;skipped;0;2026-04-22 02:35:05;2026-04-22 02:35:05
8675606818;Maksimka;Izymryduk;andrewgiftschat;;1;0;1;0;;35;low;;0;;2026-04-22 02:35:05
8675884589;;;rabota_chaty1;;1;0;0;0;;10;low;skipped;0;2026-04-22 02:35:05;2026-04-22 02:35:05
8676040630;#Альфабанк;MONSTER3909;andrewgiftschat;;1;0;1;0;;35;low;;0;;2026-04-22 02:35:05
8676160511;;;rabota_chaty1;;1;0;0;0;;10;low;skipped;0;2026-04-22 02:35:05;2026-04-22 02:35:05
8677635835;Антон;user_2525rm;rabota_chaty1;;1;0;0;0;;25;low;;0;;2026-04-22 02:35:05
8678200512;Noelia;;andrewgiftschat;;1;0;0;0;;10;low;skipped;0;2026-04-22 02:35:05;2026-04-22 02:35:05
8680398277;‼️ ищи jordan74_new;;andrewgiftschat;Пиши @jordan74_new;1;18;0;0;;35;low;skipped;0;2026-04-22 02:35:05;2026-04-22 02:35:05
8680669033;Sinful girl;;rabota_chaty1;I don’t seek attention. I notice who deserves it.;1;49;1;0;;50;medium;skipped;0;2026-04-22 02:35:05;2026-04-22 02:35:05
8682419894;siiilence;godddd7;andrewgiftschat;;1;0;1;0;;35;low;;0;;2026-04-22 02:35:05
8682504501;;;rabota_chaty1;;1;0;0;0;;10;low;skipped;0;2026-04-22 02:35:05;2026-04-22 02:35:05
8685614214;;;rabota_chaty1;;1;0;0;0;;10;low;skipped;0;2026-04-22 02:35:05;2026-04-22 02:35:05
8687465284;mizzerniy;mizzerniy;andrewgiftschat;;1;0;1;0;;35;low;;0;;2026-04-22 02:35:05
8688849698;Артём;ArtyomLoginov652;andrewgiftschat;;1;0;1;0;;35;low;;0;;2026-04-22 02:35:05
8691683942;;;rabota_chaty1;;1;0;0;0;;10;low;skipped;0;2026-04-22 02:35:05;2026-04-22 02:35:05
8691842810;wepa;tkm_Qw2;andrewgiftschat;@UGSGAME;1;8;1;0;;60;medium;;0;;2026-04-22 02:35:05
8692693306;Mnwkxwlx;;rabota_chaty1;;1;0;0;0;;10;low;skipped;0;2026-04-22 02:35:05;2026-04-22 02:35:05
8693217171;Rudy;;rabota_chaty1;;1;0;0;0;;10;low;skipped;0;2026-04-22 02:35:05;2026-04-22 02:35:05
8694461298;Karuseel;MyNameIsTheStrongest;andrewgiftschat;;1;0;0;0;;25;low;;0;;2026-04-22 02:35:05
8694633646;عربي;;andrewgiftschat;;1;0;1;0;;20;low;skipped;0;2026-04-22 02:35:05;2026-04-22 02:35:05
8694644101;Ищи @jordan74_new;;andrewgiftschat;Пиши @jordan74_new;1;18;0;0;;35;low;skipped;0;2026-04-22 02:35:05;2026-04-22 02:35:05
8696242083;;;rabota_chaty1;;1;0;0;0;;10;low;skipped;0;2026-04-22 02:35:05;2026-04-22 02:35:05
8698550960;;;rabota_chaty1;;1;0;0;0;;10;low;skipped;0;2026-04-22 02:35:05;2026-04-22 02:35:05
8698603215;Карина;a_k_kic;andrewgiftschat;;1;0;1;0;;35;low;;0;;2026-04-22 02:35:05
8698633391;;;rabota_chaty1;;1;0;0;0;;10;low;skipped;0;2026-04-22 02:35:05;2026-04-22 02:35:05
8699599834;Ирина;IrinaDavydova507;andrewgiftschat;;1;0;1;0;;35;low;;0;;2026-04-22 02:35:05
8702337253;SAW2YT;SAW2YT;andrewgiftschat;https://t.me/saw2ytsteal зайди в мой канал тебе не сложно мне приятно.;1;70;0;0;;55;medium;;0;;2026-04-22 02:35:05
8703164447;;;rabota_chaty1;;1;0;0;0;;10;low;skipped;0;2026-04-22 02:35:05;2026-04-22 02:35:05
8703549596;Rosie;;andrewgiftschat;;1;0;0;0;;10;low;skipped;0;2026-04-22 02:35:05;2026-04-22 02:35:05
8705092076;;;rabota_chaty1;;1;0;0;0;;10;low;skipped;0;2026-04-22 02:35:05;2026-04-22 02:35:05
8708434494;Brett;;rabota_chaty1;;1;0;0;0;;10;low;skipped;0;2026-04-22 02:35:05;2026-04-22 02:35:05
8708641139;;;rabota_chaty1;;1;0;0;0;;10;low;skipped;0;2026-04-22 02:35:05;2026-04-22 02:35:05
8710814699;;;rabota_chaty1;;1;0;0;0;;10;low;skipped;0;2026-04-22 02:35:05;2026-04-22 02:35:05
8714419795;;;rabota_chaty1;;1;0;0;0;;10;low;skipped;0;2026-04-22 02:35:05;2026-04-22 02:35:05
8717917020;Addie;;rabota_chaty1;;1;0;0;0;;10;low;skipped;0;2026-04-22 02:35:05;2026-04-22 02:35:05
8719021151;;;rabota_chaty1;;1;0;0;0;;10;low;skipped;0;2026-04-22 02:35:05;2026-04-22 02:35:05
8719080679;Major;;rabota_chaty1;;1;0;0;0;;10;low;skipped;0;2026-04-22 02:35:05;2026-04-22 02:35:05
8719622386;;;rabota_chaty1;;1;0;0;0;;10;low;skipped;0;2026-04-22 02:35:05;2026-04-22 02:35:05
8720747400;Николай;;python_ru;;1;0;0;0;;10;low;skipped;0;2026-04-22 02:35:05;2026-04-22 02:35:05
8720844955;Никита;;andrewgiftschat;;1;0;1;0;;20;low;skipped;0;2026-04-22 02:35:05;2026-04-22 02:35:05
8720988967;;;rabota_chaty1;;1;0;0;0;;10;low;skipped;0;2026-04-22 02:35:05;2026-04-22 02:35:05
8721094765;;;rabota_chaty1;;1;0;0;0;;10;low;skipped;0;2026-04-22 02:35:05;2026-04-22 02:35:05
8723095871;Серёжа;SeryozhaIlin592;andrewgiftschat;;1;0;1;0;;35;low;;0;;2026-04-22 02:35:05
8723237399;;;rabota_chaty1;;1;0;0;0;;10;low;skipped;0;2026-04-22 02:35:05;2026-04-22 02:35:05
8724831216;;;rabota_chaty1;;1;0;0;0;;10;low;skipped;0;2026-04-22 02:35:05;2026-04-22 02:35:05
8725362158;;;rabota_chaty1;;1;0;0;0;;10;low;skipped;0;2026-04-22 02:35:05;2026-04-22 02:35:05
8725994794;;;rabota_chaty1;;1;0;0;0;;10;low;skipped;0;2026-04-22 02:35:05;2026-04-22 02:35:05
8726376674;;;rabota_chaty1;;1;0;0;0;;10;low;skipped;0;2026-04-22 02:35:05;2026-04-22 02:35:05
8729142090;Слава;UmOQVkKXm60w6;andrewgiftschat;;1;0;1;0;;35;low;;0;;2026-04-22 02:35:05
8730016215;;;rabota_chaty1;;1;0;0;0;;10;low;skipped;0;2026-04-22 02:35:05;2026-04-22 02:35:05
8730156221;ا;;andrewgiftschat;;1;0;0;0;;10;low;skipped;0;2026-04-22 02:35:05;2026-04-22 02:35:05
8731433430;иsцеленnая;;andrewgiftschat;;1;0;1;0;;20;low;skipped;0;2026-04-22 02:35:05;2026-04-22 02:35:05
8731620172;;;rabota_chaty1;;1;0;0;0;;10;low;skipped;0;2026-04-22 02:35:05;2026-04-22 02:35:05
8732162712;;;rabota_chaty1;;1;0;0;0;;10;low;skipped;0;2026-04-22 02:35:05;2026-04-22 02:35:05
8732347444;Ricardo;;rabota_chaty1;;1;0;0;0;;10;low;skipped;0;2026-04-22 02:35:05;2026-04-22 02:35:05
8733264155;Эмилия;sneguronva;rabota_chaty1;;1;0;1;0;;35;low;;0;;2026-04-22 02:35:05
8733673676;Tiхше;T1xwe;andrewgiftschat;;1;0;1;0;;35;low;;0;;2026-04-22 02:35:05
8734071490;ýuapi || сквиртик;yuapichka;andrewgiftschat;и я знаю, что ты никогда не предашь;1;35;1;0;;60;medium;;0;;2026-04-22 02:35:05
8734474659;.;Masya567;andrewgiftschat;Оо;1;2;1;0;;60;medium;;0;;2026-04-22 02:35:05
8734932280;@afttek лучший;krutoywinner;andrewgiftschat;;1;0;1;0;;35;low;;0;;2026-04-22 02:35:05
8735179206;;;rabota_chaty1;;1;0;0;0;;10;low;skipped;0;2026-04-22 02:35:05;2026-04-22 02:35:05
8736033396;Абоба;;andrewgiftschat;;1;0;0;0;;10;low;skipped;0;2026-04-22 02:35:05;2026-04-22 02:35:05
8736949326;Софочка 🔞;;rabota_chaty1;;1;0;1;0;;20;low;skipped;0;2026-04-22 02:35:05;2026-04-22 02:35:05
8737040851;;;rabota_chaty1;;1;0;0;0;;10;low;skipped;0;2026-04-22 02:35:05;2026-04-22 02:35:05
8738668067;;;rabota_chaty1;;1;0;0;0;;10;low;skipped;0;2026-04-22 02:35:05;2026-04-22 02:35:05
8738848738;mka #chifetov #fanatflekccky;mkalove;andrewgiftschat;;1;0;1;0;;35;low;;0;;2026-04-22 02:35:05
8742351336;;;rabota_chaty1;;1;0;0;0;;10;low;skipped;0;2026-04-22 02:35:05;2026-04-22 02:35:05
8742501838;Гринс;grinsjghk;andrewgiftschat;я гей;1;5;1;0;;60;medium;;0;;2026-04-22 02:35:05
8743732658;Uncanny𓁹;TheBadTouch_0;andrewgiftschat;Я ᥰ᧘ᥲн᧐ʙ нᥲᥴᴛρ᧐ᥙ᧘, н᧐ ᴛуᴛ ʙдρуᴦ δ᧐ᴦу ᥴᴛᥲ᧘᧐ ᥴʍᥱɯн᧐ {01};1;54;1;0;;65;high;;0;;2026-04-22 02:35:05
8744045265;;;rabota_chaty1;;1;0;0;0;;10;low;skipped;0;2026-04-22 02:35:05;2026-04-22 02:35:05
8747192430;;;rabota_chaty1;;1;0;0;0;;10;low;skipped;0;2026-04-22 02:35:05;2026-04-22 02:35:05
8747239562;;;rabota_chaty1;;1;0;0;0;;10;low;skipped;0;2026-04-22 02:35:05;2026-04-22 02:35:05
8748419190;Wanda;;rabota_chaty1;;1;0;0;0;;10;low;skipped;0;2026-04-22 02:35:05;2026-04-22 02:35:05
8751242703;Jhvwgil;;rabota_chaty1;;1;0;0;0;;10;low;skipped;0;2026-04-22 02:35:05;2026-04-22 02:35:05
8751689538;добрый дядька;;andrewgiftschat;;1;0;1;0;;20;low;skipped;0;2026-04-22 02:35:05;2026-04-22 02:35:05
8755977284;XRTOW;XRTOWW;andrewgiftschat;#сердце @UGSGAME;1;16;1;0;;60;medium;;0;;2026-04-22 02:35:05
8759441882;lk;giftton67;andrewgiftschat;@afttek лучший;1;14;1;0;;60;medium;;0;;2026-04-22 02:35:05
8759916819;Harlan;;rabota_chaty1;;1;0;0;0;;10;low;skipped;0;2026-04-22 02:35:05;2026-04-22 02:35:05
8763231961;Xqescj;;rabota_chaty1;;1;0;0;0;;10;low;skipped;0;2026-04-22 02:35:05;2026-04-22 02:35:05
8763379481;Eldozh;;rabota_chaty1;;1;0;1;0;;20;low;skipped;0;2026-04-22 02:35:05;2026-04-22 02:35:05
8763811284;;;rabota_chaty1;;1;0;0;0;;10;low;skipped;0;2026-04-22 02:35:05;2026-04-22 02:35:05
8764989989;;;rabota_chaty1;;1;0;0;0;;10;low;skipped;0;2026-04-22 02:35:05;2026-04-22 02:35:05
8765496086;....;ogiskskso;andrewgiftschat;;1;0;0;0;;25;low;;0;;2026-04-22 02:35:05
8765955389;;;rabota_chaty1;;1;0;0;0;;10;low;skipped;0;2026-04-22 02:35:05;2026-04-22 02:35:05
8770337462;Владислав;Exs_pressive;andrewgiftschat;;1;0;1;0;;35;low;;0;;2026-04-22 02:35:05
8771024062;;;rabota_chaty1;;1;0;0;0;;10;low;skipped;0;2026-04-22 02:35:05;2026-04-22 02:35:05
8771196348;Lanarovv @bak;Lanarovv;andrewgiftschat;Garant / писать по делу / не трать своё и моё время / бесплатно ничего не делаю /пупс @waxues / больше в портале;1;112;1;0;;65;high;;0;;2026-04-22 02:35:05
8773612421;Rgkqovx;;rabota_chaty1;;1;0;0;0;;10;low;skipped;0;2026-04-22 02:35:05;2026-04-22 02:35:05
8774472420;;;rabota_chaty1;;1;0;0;0;;10;low;skipped;0;2026-04-22 02:35:05;2026-04-22 02:35:05
8775791415;;;rabota_chaty1;;1;0;0;0;;10;low;skipped;0;2026-04-22 02:35:05;2026-04-22 02:35:05
8776000443;`;;laravel_pro;;1;0;1;0;;20;low;skipped;0;2026-04-22 02:35:05;2026-04-22 02:35:05
8776253937;;;rabota_chaty1;;1;0;0;0;;10;low;skipped;0;2026-04-22 02:35:05;2026-04-22 02:35:05
8778278105;;;rabota_chaty1;;1;0;0;0;;10;low;skipped;0;2026-04-22 02:35:05;2026-04-22 02:35:05
8778468395;ЛУЧШИЙ ВПН В ОПИСАНИИ | 3 ДНЯ БЕСПЛАТНО;;andrewgiftschat;Самый быстрый впн - @LeadVPN_bot Первые 3 дня - абсолютно бесплатно;1;67;1;0;;50;medium;skipped;0;2026-04-22 02:35:05;2026-04-22 02:35:05
8778673797;Эмилия;emily_snegurovna;rabota_chaty1;;1;0;1;0;;35;low;;0;;2026-04-22 02:35:05
8780304448;;;rabota_chaty1;;1;0;0;0;;10;low;skipped;0;2026-04-22 02:35:05;2026-04-22 02:35:05
8783157697;Alina;alinagromova1991;rabota_chaty1;Если вы умеете задавать правильные вопросы — система ответит - АІ;1;65;1;0;;65;high;;0;;2026-04-22 02:35:05
8784825418;;;rabota_chaty1;;1;0;0;0;;10;low;skipped;0;2026-04-22 02:35:05;2026-04-22 02:35:05
8786806895;Crypto World;;rabota_chaty1;Тезер ↔ Cash С доплатой до 3.2% Без KYC проверок Обмен USDT (TRC20). +2.2% к сумме Без KYC Офис или через курьера;1;113;1;0;;50;medium;skipped;0;2026-04-22 02:35:05;2026-04-22 02:35:05
8789151017;;;rabota_chaty1;;1;0;0;0;;10;low;skipped;0;2026-04-22 02:35:05;2026-04-22 02:35:05
8789665549;Eakhhu;r_7444cm;rabota_chaty1;;1;0;0;0;;25;low;;0;;2026-04-22 02:35:05
8791895699;;;rabota_chaty1;;1;0;0;0;;10;low;skipped;0;2026-04-22 02:35:05;2026-04-22 02:35:05
8792528700;;;rabota_chaty1;;1;0;0;0;;10;low;skipped;0;2026-04-22 02:35:05;2026-04-22 02:35:05
8792835212;;;rabota_chaty1;;1;0;0;0;;10;low;skipped;0;2026-04-22 02:35:05;2026-04-22 02:35:05
8792976740;;;rabota_chaty1;;1;0;0;0;;10;low;skipped;0;2026-04-22 02:35:05;2026-04-22 02:35:05
8794376774;ㅤㅤＳＵＲＡＪ;;andrewgiftschat;ㅤㅤ;1;2;1;0;;45;medium;skipped;0;2026-04-22 02:35:05;2026-04-22 02:35:05
8794840576;Яя;;andrewgiftschat;Я ты две судьбы.. 💓;1;19;1;0;;45;medium;skipped;0;2026-04-22 02:35:05;2026-04-22 02:35:05
8795278111;Zimziy;user_2561hw;rabota_chaty1;;1;0;0;0;;25;low;;0;;2026-04-22 02:35:05
8795516073;Дмитрий • Crypto;Proznakin;andrewgiftschat;Гарант сделок, работаю 24/7 по поводу заказа писать сюда ,нету твинков;1;70;1;0;;65;high;;0;;2026-04-22 02:35:05
8795637024;;;rabota_chaty1;;1;0;0;0;;10;low;skipped;0;2026-04-22 02:35:05;2026-04-22 02:35:05
8795780110;💌;Lyrsiz;andrewgiftschat;;1;0;1;0;;35;low;;0;;2026-04-22 02:35:05
8799859272;;;rabota_chaty1;;1;0;0;0;;10;low;skipped;0;2026-04-22 02:35:05;2026-04-22 02:35:05
